actor/train/kl,_step,completions/train/mean_length,rewards/train/score/mean
,0,242.75,1.0
0.00026887134299613535,1,132.75,1.0
0.004764794372022152,2,441.75,-1.125
0.000945425359532237,3,142.0,0.25
0.006113915704190731,4,105.75,2.625
-0.0068031069822609425,5,86.75,-1.0
-0.0025346025358885527,6,550.0,-1.625
0.0027798842638731003,7,164.5,0.75
-0.00016190433234442025,8,114.5,0.625
-0.00463928421959281,9,126.0,1.0
-0.005665525794029236,10,168.0,0.25
0.0053064594976603985,11,768.0,-2.0
-0.0023446492850780487,12,233.25,-0.75
0.0019954137969762087,13,237.0,0.125
-0.0010345636401325464,14,99.25,1.0
0.001759694772772491,15,459.5,-0.75
0.002026424976065755,16,169.25,-0.125
0.0014905943535268307,17,368.0,1.0
0.002772585256025195,18,203.75,-0.375
0.003775066463276744,19,191.0,0.875
-0.010012219659984112,20,71.0,0.375
-0.014953372068703175,21,200.0,1.0
0.003506624838337302,22,335.5,0.625
-3.212930096196942e-05,23,401.75,0.125
-0.0013500005006790161,24,136.0,1.0
-0.0008509650360792875,25,230.5,1.0
-0.0019045392982661724,26,92.0,-0.75
0.0012042211601510644,27,222.75,-0.5
-0.0015487286727875471,28,768.0,-2.5
-0.0014214292168617249,29,685.0,-2.5
0.002134049544110894,30,293.0,-0.125
0.0001046031029545702,31,155.0,-1.0
-0.0017592677613720298,32,487.5,-1.125
-0.0026393127627670765,33,304.75,-1.0
0.0009313165792264044,34,353.5,-1.0
0.0009326800354756415,35,302.0,1.0
0.0004366565262898803,36,193.25,1.0
0.00038048275746405125,37,126.0,2.625
-0.0019519595662131906,38,395.75,-0.25
-1.5123840057640336e-05,39,160.5,1.5
0.0030761107336729765,40,615.75,-0.75
0.0026370021514594555,41,249.0,0.25
6.769363972125575e-05,42,195.0,-0.375
-0.0006557489396072924,43,768.0,-1.0
-0.00023324787616729736,44,449.0,-1.75
-0.0019962231162935495,45,159.5,-0.5
-0.0073420279659330845,46,227.25,1.0
0.00047892285510897636,47,226.5,-0.75
-0.0003532636910676956,48,161.75,5.25
0.01635221391916275,49,406.5,1.5
-0.0013901403872296214,50,190.0,0.625
-0.0024291365407407284,51,306.25,3.25
0.0021264771930873394,52,155.5,0.75
0.002168667735531926,53,131.5,0.5
-0.0020839343778789043,54,167.5,4.25
0.00037041850737296045,55,163.5,-0.5
-0.0008647493086755276,56,96.0,1.0
0.00998211931437254,57,106.75,1.0
0.024370351806282997,58,253.5,2.125
0.0007691693608649075,59,497.75,-1.5
0.0027280671056360006,60,301.5,-0.25
-0.001698788139037788,61,105.0,1.0
0.003581819124519825,62,136.0,1.0
-0.00014707271475344896,63,119.5,1.0
0.015972109511494637,64,108.0,1.0
0.008283738978207111,65,365.75,2.125
0.002233622595667839,66,450.0,-1.125
-0.00035308097722008824,67,105.5,-0.375
0.016840655356645584,68,167.0,0.25
-0.0030540877487510443,69,212.75,0.75
-0.0011286482913419604,70,423.0,1.375
0.0037841685116291046,71,768.0,-2.0
0.0006447111954912543,72,92.75,1.75
0.008269564248621464,73,186.25,8.625
0.007157253101468086,74,179.25,4.6875
0.002406531246379018,75,88.25,-1.25
0.0014227848732843995,76,255.0,-1.0
0.0035892582964152098,77,120.0,5.25
0.009072904475033283,78,149.75,5.25
0.013280398212373257,79,330.5,1.125
0.010338669642806053,80,280.5,4.5
0.023797592148184776,81,165.5,0.625
0.0015991533873602748,82,238.5,0.625
-0.005099704023450613,83,100.75,-0.25
0.0012556222500279546,84,410.75,0.875
0.00506226159632206,85,132.25,3.0
0.0030208725947886705,86,72.5,-0.75
0.0659988597035408,87,145.0,1.25
0.0015687154373154044,88,83.5,1.0
0.004067232832312584,89,219.25,3.5625
0.011703682132065296,90,148.75,1.0
0.006398375611752272,91,349.75,2.125
0.022140629589557648,92,155.75,10.0
0.040651872754096985,93,121.0,4.875
0.04164472967386246,94,201.5,3.5
0.013552885502576828,95,173.5,10.0
0.030948322266340256,96,612.75,0.0
0.00893418025225401,97,400.25,3.25
0.009821516461670399,98,390.75,2.5
0.009728867560625076,99,167.5,4.75
0.018937718123197556,100,175.75,4.5
0.01878329925239086,101,269.5,3.0
0.003027401166036725,102,186.25,3.5
0.03230617567896843,103,191.25,4.875
0.03299892321228981,104,146.0,10.0
0.035494912415742874,105,183.25,3.6875
0.007561434991657734,106,117.0,4.5
0.03425842896103859,107,228.75,8.25
0.022806385532021523,108,196.25,4.875
0.0397886298596859,109,220.25,3.5
0.016610825434327126,110,143.25,7.625
0.03786260262131691,111,214.25,2.75
0.021993666887283325,112,444.0,2.625
0.012510660104453564,113,90.25,9.0
0.11400968581438065,114,172.75,9.25
0.02865114063024521,115,148.5,8.25
0.011563918553292751,116,216.75,3.5
0.01029905118048191,117,341.25,3.0
0.009680506773293018,118,213.0,3.625
0.024768291041254997,119,170.75,4.375
0.01995163783431053,120,118.25,9.0
0.04622400179505348,121,154.0,9.0
0.049710724502801895,122,222.25,1.5
0.008489293977618217,123,165.0,3.8125
0.023931030184030533,124,298.25,4.625
0.022858258336782455,125,328.25,1.0
0.01333199255168438,126,84.75,2.875
0.022201426327228546,127,190.75,2.25
0.004486518912017345,128,180.5,6.125
0.03008166328072548,129,313.5,-0.75
0.004858999978750944,130,305.5,3.5
0.00211972463876009,131,200.0,1.625
0.027634410187602043,132,102.25,2.5
0.0392477810382843,133,231.0,4.875
0.018550515174865723,134,273.0,2.25
0.03531451150774956,135,311.25,3.9375
0.053803667426109314,136,304.75,1.5
0.032241325825452805,137,308.5,1.25
0.005928684491664171,138,212.5,4.5
0.022608835250139236,139,285.0,4.875
0.008713350631296635,140,137.5,9.0
0.03503132611513138,141,325.25,2.375
0.008978304453194141,142,200.25,4.75
0.01074243150651455,143,176.75,5.5
0.06382130831480026,144,134.25,10.0
0.04427434131503105,145,114.5,10.0
0.04223356395959854,146,133.25,10.0
0.05436411499977112,147,322.25,1.75
0.03300048038363457,148,161.75,5.625
0.029627136886119843,149,185.5,8.625
0.0743912011384964,150,128.75,4.5
0.057788629084825516,151,193.0,7.0
0.0035163084976375103,152,131.75,6.75
0.08685877174139023,153,279.0,6.625
0.0834277868270874,154,451.25,2.875
0.01981358788907528,155,250.5,1.75
0.024857107549905777,156,174.75,9.25
0.03431757539510727,157,500.0,1.75
0.027959508821368217,158,235.5,9.0
0.011787337251007557,159,128.75,10.0
0.10897734761238098,160,227.25,2.75
0.0273617971688509,161,180.75,4.625
0.04998046159744263,162,241.5,4.0625
0.0680839791893959,163,99.5,1.625
0.022724831476807594,164,126.5,4.5
0.045368824154138565,165,209.0,7.625
0.03125312924385071,166,172.0,7.625
0.027743391692638397,167,147.25,7.25
0.07147634774446487,168,217.5,7.875
0.0432683601975441,169,197.5,2.625
0.03144272044301033,170,206.5,5.125
0.037918638437986374,171,162.0,4.5
0.05377216264605522,172,117.75,10.0
0.12141863256692886,173,215.75,4.125
0.042445067316293716,174,217.25,4.5
0.06625311076641083,175,110.0,4.5
0.11856527626514435,176,199.25,8.25
0.04251573234796524,177,499.0,2.0
0.0075052413158118725,178,285.0,6.3125
0.037556469440460205,179,126.0,10.0
0.10952505469322205,180,312.75,6.375
0.05901295319199562,181,277.25,1.25
0.023528948426246643,182,384.0,3.625
0.006687262561172247,183,112.25,10.0
0.06509941816329956,184,129.5,-0.75
0.002989073283970356,185,115.0,10.0
0.0183340422809124,186,228.0,9.0
0.07317609339952469,187,261.25,3.625
0.0336800254881382,188,261.0,-0.25
0.006704948376864195,189,475.75,1.5
0.03526066616177559,190,223.0,-0.5
0.006851735524833202,191,168.5,8.625
0.07554811239242554,192,533.5,-1.125
3.202897642040625e-05,193,138.0,9.0
-0.005658910144120455,194,136.5,-0.5
0.001093043596483767,195,202.5,4.25
0.018889108672738075,196,145.25,0.375
0.052277058362960815,197,309.0,0.25
0.04113837704062462,198,91.25,4.125
0.06844621151685715,199,93.5,1.625
0.021802658215165138,200,266.5,4.75
0.008950548246502876,201,80.0,10.0
0.08244824409484863,202,474.0,1.0
0.007595751900225878,203,147.75,2.125
0.05963179096579552,204,199.25,6.5
0.03409823402762413,205,211.75,0.5
0.004955996293574572,206,492.75,3.5
0.019554853439331055,207,129.75,3.875
0.03260220214724541,208,173.5,10.0
0.04940539970993996,209,293.75,2.5
0.03370975703001022,210,133.5,7.25
0.08088864386081696,211,239.75,4.75
0.012272235006093979,212,174.25,10.0
0.03486746549606323,213,171.75,10.0
0.0417805016040802,214,133.25,9.0
0.07614599168300629,215,255.25,5.0
0.019473714753985405,216,148.25,3.5
0.05520350858569145,217,614.0,1.125
0.009933194145560265,218,359.25,4.125
0.019769450649619102,219,100.0,6.5
0.14228491485118866,220,145.75,3.5
0.12330300360918045,221,420.75,5.125
0.019675374031066895,222,196.5,5.75
0.06968943029642105,223,164.0,8.25
0.05480932071805,224,250.0,5.625
0.03794717788696289,225,345.5,2.3125
0.0456073097884655,226,169.5,5.0
0.04898403212428093,227,354.5,3.25
0.04703352972865105,228,196.5,8.625
0.05838191881775856,229,189.5,9.25
0.06363021582365036,230,553.5,2.5
0.023584619164466858,231,111.0,9.0
0.1375904232263565,232,202.5,4.5
0.04610013961791992,233,186.25,3.5
0.03523048013448715,234,226.25,4.5
0.013774730265140533,235,311.5,5.625
0.04100334644317627,236,239.75,6.875
0.05184384062886238,237,140.0,5.0
0.0863441750407219,238,165.5,8.625
0.0681513100862503,239,183.75,9.5
0.04674142226576805,240,128.0,4.0
0.07785261422395706,241,567.25,2.0
0.015398543328046799,242,179.5,4.5
0.04852871969342232,243,207.75,10.0
0.06845011562108994,244,221.75,10.0
0.041108522564172745,245,178.0,7.25
0.06467780470848083,246,158.5,8.625
0.048760585486888885,247,523.5,4.75
0.010085251182317734,248,200.0,-0.125
0.017442408949136734,249,172.0,5.625
0.08262652158737183,250,155.5,10.0
0.07814837992191315,251,237.0,4.5
0.07853419333696365,252,626.0,0.75
0.021454503759741783,253,137.0,10.0
0.12950798869132996,254,82.0,1.375
0.18723779916763306,255,516.0,0.5
0.010488111525774002,256,242.75,5.875
0.055147960782051086,257,179.0,-0.375
0.01618637703359127,258,151.75,2.5
0.053658369928598404,259,114.75,4.5
0.05677640810608864,260,162.75,4.5
0.06565485149621964,261,191.0,3.625
0.03391316160559654,262,92.75,5.875
0.03831637650728226,263,271.75,3.25
0.038667429238557816,264,152.5,1.5
0.03874283283948898,265,132.75,4.5
0.07107001543045044,266,589.75,-1.125
0.007699412759393454,267,349.25,3.25
0.009450585581362247,268,210.75,10.0
0.0783076211810112,269,180.75,5.875
0.041592247784137726,270,200.75,4.8125
0.04001845791935921,271,143.5,4.5
0.026540962979197502,272,124.5,2.0
0.021791530773043633,273,358.75,3.5625
0.02668777108192444,274,94.0,1.0
0.11997299641370773,275,309.0,1.5
0.012582347728312016,276,331.0,8.25
0.05665341764688492,277,141.5,-0.375
0.0680118203163147,278,485.25,4.625
0.015488828532397747,279,219.5,-0.375
0.05785491690039635,280,98.0,-0.5
0.005058595445007086,281,94.75,5.75
0.139540433883667,282,222.0,4.5
0.057770974934101105,283,138.5,5.875
0.08279735594987869,284,347.75,-1.25
0.006320717744529247,285,309.75,-0.125
0.0009929435327649117,286,768.0,-0.5
0.013249076902866364,287,635.25,-1.375
0.017027683556079865,288,80.0,2.0
0.11004748195409775,289,142.25,6.375
0.05390596762299538,290,176.25,10.0
0.07072644680738449,291,157.5,3.75
0.0500343032181263,292,225.25,4.625
0.05214544013142586,293,234.5,6.25
0.02641477808356285,294,188.25,5.5
0.08365029841661453,295,201.0,7.0
0.07886923104524612,296,280.25,3.5
0.03483274579048157,297,419.5,5.625
0.018557872623205185,298,207.0,6.625
0.056869883090257645,299,195.0,1.5
0.05811026319861412,300,498.75,2.0
0.024315163493156433,301,187.5,10.0
0.07922649383544922,302,170.75,5.875
0.11850601434707642,303,191.25,10.0
0.06353278458118439,304,108.0,10.0
0.15646421909332275,305,609.0,0.75
0.026727385818958282,306,217.0,3.75
0.09133820235729218,307,547.75,3.375
0.02869647927582264,308,394.0,3.875
0.026611343026161194,309,98.25,8.625
0.08229995518922806,310,487.0,1.625
0.022271830588579178,311,160.0,4.5
0.07431616634130478,312,480.0,2.0
0.027365872636437416,313,103.75,10.0
0.17225496470928192,314,266.0,8.625
0.05119537562131882,315,155.75,8.625
0.09972335398197174,316,184.0,6.125
0.1008601188659668,317,599.25,0.25
0.025320544838905334,318,293.0,4.5
0.059867966920137405,319,125.75,8.625
0.13939382135868073,320,340.5,6.0
0.04196339473128319,321,153.5,4.75
0.07526589184999466,322,129.75,6.0
0.08297194540500641,323,445.75,3.0
0.019528504461050034,324,322.75,6.375
0.03412752225995064,325,366.0,4.625
0.06558620929718018,326,375.5,5.5
0.02753547951579094,327,200.75,4.5
0.06725260615348816,328,377.25,3.25
0.046317826956510544,329,312.0,3.375
0.04237554594874382,330,590.25,3.5
0.0410226434469223,331,150.5,8.625
0.1663466989994049,332,147.75,6.5
0.06080052629113197,333,212.5,10.0
0.15803861618041992,334,280.25,3.25
0.06330370903015137,335,253.25,5.875
0.11390135437250137,336,344.0,8.625
0.047894276678562164,337,707.75,-0.25
0.011616437695920467,338,159.5,3.875
0.053002338856458664,339,212.25,4.5
0.08674156665802002,340,180.25,7.25
0.06922516226768494,341,264.25,6.8125
0.04993028938770294,342,166.75,9.0
0.11409596353769302,343,504.25,3.75
0.030917229130864143,344,164.5,10.0
0.09189535677433014,345,154.25,6.5
0.07938484102487564,346,161.75,9.0
0.05629197508096695,347,142.5,10.0
0.07811788469552994,348,355.5,3.875
0.04757588356733322,349,222.25,10.0
0.05489521101117134,350,551.0,2.0
0.035244185477495193,351,508.0,2.0
0.034997083246707916,352,182.75,5.8125
0.1007513478398323,353,121.5,5.875
0.2098059505224228,354,485.75,4.3125
0.038343645632267,355,269.75,4.5
0.06622513383626938,356,356.25,4.0
0.05167282000184059,357,408.5,6.0
0.07219057530164719,358,571.25,3.375
0.03160310164093971,359,193.75,7.25
0.11840790510177612,360,488.5,2.0
0.0393148735165596,361,147.0,8.625
0.10811608284711838,362,179.75,10.0
0.15931962430477142,363,209.0,7.25
0.12589071691036224,364,131.75,8.625
0.18001534044742584,365,167.75,4.5
0.16385376453399658,366,166.25,8.625
0.1026533767580986,367,388.75,4.5
0.07462862133979797,368,304.75,7.375
0.04616772010922432,369,209.75,10.0
0.04926365986466408,370,237.0,8.625
0.10323891043663025,371,342.0,6.625
0.05896906182169914,372,313.5,3.75
0.05688144639134407,373,148.25,7.875
0.20708397030830383,374,768.0,-0.5
0.01496155932545662,375,143.25,10.0
0.10849108546972275,376,84.5,8.25
0.23946981132030487,377,288.75,10.0
0.10940995812416077,378,257.0,7.25
0.13199999928474426,379,311.25,10.0
0.05197660252451897,380,206.5,5.125
0.1611776500940323,381,183.5,8.625
0.10582428425550461,382,136.0,10.0
0.13020868599414825,383,285.5,10.0
0.0536198653280735,384,267.25,10.0
0.051830608397722244,385,323.0,10.0
0.04347696155309677,386,478.0,5.625
0.04228920489549637,387,176.5,10.0
0.17523857951164246,388,391.25,4.25
0.08274424821138382,389,284.25,7.25
0.1292015016078949,390,576.75,1.625
0.03665470331907272,391,154.0,10.0
0.1352882832288742,392,401.25,3.25
0.04979583993554115,393,229.5,8.625
0.10893690586090088,394,354.0,7.375
0.06026611104607582,395,162.25,10.0
0.17066049575805664,396,644.75,2.4375
0.05183497816324234,397,211.0,4.5
0.13363519310951233,398,409.5,8.625
0.07989755272865295,399,768.0,-0.5
0.039706017822027206,400,492.75,3.375
0.06004149839282036,401,426.75,7.375
0.04660220444202423,402,92.25,10.0
0.19229577481746674,403,211.25,10.0
0.06882429122924805,404,629.25,0.75
0.026735780760645866,405,175.5,6.5625
0.15217623114585876,406,384.25,3.25
0.0938885360956192,407,768.0,-0.5
0.035547368228435516,408,235.75,10.0
0.051237694919109344,409,123.0,9.75
0.17367644608020782,410,332.5,7.375
0.05958699434995651,411,162.0,6.1875
0.10263843089342117,412,306.0,10.0
0.08833524584770203,413,188.25,8.0
0.13211758434772491,414,225.5,4.5
0.14812487363815308,415,185.0,10.0
0.11704925447702408,416,114.75,10.0
0.13389940559864044,417,305.5,5.4375
0.0698835477232933,418,178.75,7.625
0.1909378618001938,419,136.25,8.625
0.13007016479969025,420,220.0,10.0
0.08448339253664017,421,214.5,7.0
0.07056403905153275,422,131.0,10.0
0.04024633765220642,423,132.0,7.25
0.05726571008563042,424,607.5,2.0
0.06267896294593811,425,116.0,7.25
0.14224953949451447,426,264.25,8.9375
0.09914326667785645,427,181.5,5.875
0.172944575548172,428,413.5,7.375
0.06730774790048599,429,377.5,3.5625
0.05661044269800186,430,178.0,4.875
0.22415101528167725,431,336.25,3.25
0.06272055208683014,432,176.75,10.0
0.0840253010392189,433,144.0,8.625
0.22337140142917633,434,164.75,6.5
0.12775419652462006,435,175.0,4.5
0.14630404114723206,436,617.5,3.0
0.0435931570827961,437,156.75,10.0
0.10042168945074081,438,391.5,6.0
0.08341123908758163,439,399.25,10.0
0.07123139500617981,440,187.5,10.0
0.07856926321983337,441,679.75,0.75
0.048962272703647614,442,442.0,3.625
0.09069619327783585,443,294.75,4.5
0.11955578625202179,444,167.0,8.625
0.2289162427186966,445,289.75,8.625
0.14205026626586914,446,396.0,4.8125
0.09290990233421326,447,546.25,3.375
0.07190892100334167,448,262.0,8.625
0.1232682541012764,449,382.75,10.0
0.1268865168094635,450,159.0,4.5
0.19110698997974396,451,768.0,-0.5
0.045042648911476135,452,306.25,5.25
0.09324989467859268,453,382.0,7.375
0.07935258001089096,454,500.25,3.375
0.057618021965026855,455,161.75,10.0
0.22764921188354492,456,263.75,4.5
0.12918467819690704,457,119.75,10.0
0.14871884882450104,458,209.25,6.0
0.15332573652267456,459,179.0,6.5
0.1740408092737198,460,170.5,10.0
0.07313161343336105,461,385.0,3.25
0.09238746017217636,462,165.25,8.9375
0.13054914772510529,463,271.25,10.0
0.05625341460108757,464,292.5,5.0
0.1573871523141861,465,260.75,4.8125
0.10261917859315872,466,365.0,2.5
0.09679611772298813,467,296.5,4.5
0.09344188868999481,468,110.25,4.5
0.09711296111345291,469,768.0,-0.5
0.016927873715758324,470,161.0,8.375
0.10024996101856232,471,170.5,10.0
0.10961032658815384,472,463.75,2.0
0.08241771161556244,473,450.25,6.3125
0.08179091662168503,474,254.5,10.0
0.16415295004844666,475,90.5,5.875
0.1637549251317978,476,242.25,4.375
0.1147303506731987,477,370.0,3.25
0.11825606971979141,478,288.5,6.25
0.13785997033119202,479,222.25,10.0
0.1395345777273178,480,123.75,10.0
0.13159149885177612,481,170.5,7.25
0.1978180706501007,482,189.5,5.875
0.16396285593509674,483,187.75,7.25
0.12320291996002197,484,346.5,7.375
0.09080436080694199,485,184.75,4.8125
0.16026172041893005,486,158.75,4.375
0.1265973448753357,487,130.5,8.9375
0.1685623973608017,488,413.5,6.0
0.10857150703668594,489,226.5,4.625
0.1828668862581253,490,246.5,10.0
0.10401356220245361,491,141.25,6.5
0.14131829142570496,492,188.5,4.8125
0.13388875126838684,493,328.0,6.1875
0.12448395043611526,494,224.75,10.0
0.1626184582710266,495,157.25,4.5
0.21766263246536255,496,158.0,10.0
0.12721210718154907,497,186.75,8.0
0.16659767925739288,498,327.75,7.375
0.05825980380177498,499,188.5,9.0
0.10558078438043594,500,163.75,5.75
0.13136957585811615,501,138.5,10.0
0.10805823653936386,502,364.5,7.25
0.10374127328395844,503,270.25,10.0
0.14710694551467896,504,137.0,4.5
0.07835575193166733,505,164.5,10.0
0.15475326776504517,506,187.75,7.25
0.10741549730300903,507,386.0,4.5625
0.1302306056022644,508,125.75,10.0
0.130458265542984,509,228.5,8.75
0.11966167390346527,510,170.25,10.0
0.2972757816314697,511,113.75,10.0
0.0691598504781723,512,216.75,7.375
0.14040620625019073,513,239.0,6.0
0.1002211719751358,514,224.0,10.0
0.07815006375312805,515,144.25,10.0
0.14330123364925385,516,488.75,2.0
0.05563696101307869,517,768.0,-0.5
0.055159084498882294,518,263.75,8.625
0.06613746285438538,519,162.75,6.625
0.10637620091438293,520,367.25,3.25
0.07282178103923798,521,202.75,10.0
0.16230332851409912,522,169.75,10.0
0.1705143004655838,523,314.25,10.0
0.10819956660270691,524,194.25,10.0
0.10241330415010452,525,224.25,0.5
0.12895159423351288,526,190.75,10.0
0.12210523337125778,527,234.0,8.625
0.12397383898496628,528,412.0,10.0
0.07031355798244476,529,186.75,7.25
0.09864713996648788,530,151.0,4.5
0.13549433648586273,531,237.75,7.25
0.1370491236448288,532,267.5,5.875
0.11182510107755661,533,405.0,7.375
0.06822725385427475,534,197.0,5.125
0.12733320891857147,535,119.0,10.0
0.11768655478954315,536,389.75,4.625
0.09496628493070602,537,195.75,4.75
0.19730183482170105,538,485.0,1.375
0.052627015858888626,539,226.25,6.5625
0.15924115478992462,540,294.25,6.25
0.0718146562576294,541,181.75,10.0
0.21652647852897644,542,271.0,3.0
0.027920300140976906,543,287.75,6.375
0.06833736598491669,544,194.25,4.5
0.1595229059457779,545,251.25,3.0
0.11240002512931824,546,362.75,3.5625
0.15463365614414215,547,342.5,2.0
0.08160604536533356,548,243.0,8.25
0.08196832984685898,549,236.75,6.5
0.08187638968229294,550,627.25,2.625
0.058302123099565506,551,191.75,5.875
0.18277056515216827,552,208.25,6.5
0.17014001309871674,553,223.25,4.5
0.1277393400669098,554,132.0,8.25
0.1754806488752365,555,202.75,8.25
0.10614430159330368,556,238.5,5.5
0.15647996962070465,557,199.0,10.0
0.1619291454553604,558,134.0,10.0
0.150404155254364,559,218.75,7.25
0.15374653041362762,560,125.5,10.0
0.20208832621574402,561,162.0,8.9375
0.2055044025182724,562,216.0,5.875
0.1311061978340149,563,517.0,4.75
0.043873973190784454,564,295.25,10.0
0.14639905095100403,565,276.75,5.25
0.14404860138893127,566,181.75,10.0
0.17403648793697357,567,267.0,6.25
0.17062927782535553,568,221.5,4.5
0.10886329412460327,569,267.25,8.625
0.13641779124736786,570,180.0,7.25
0.10022834688425064,571,221.75,7.375
0.13035257160663605,572,434.5,4.625
0.10777096450328827,573,102.0,7.5
0.21995148062705994,574,141.75,10.0
0.1266077607870102,575,145.0,8.625
0.24138638377189636,576,130.5,10.0
0.17098776996135712,577,318.25,5.5625
0.13262416422367096,578,172.25,4.5
0.18568986654281616,579,140.5,7.25
0.17472033202648163,580,235.25,5.875
0.135220006108284,581,161.25,9.375
0.2126215547323227,582,297.5,4.5
0.12469099462032318,583,225.75,8.625
0.18438179790973663,584,453.25,4.625
0.10441870987415314,585,160.25,10.0
0.11404405534267426,586,388.75,6.0
0.12022041529417038,587,252.75,9.0
0.1418691873550415,588,143.25,7.875
0.13494889438152313,589,173.5,8.625
0.18037977814674377,590,196.0,7.25
0.1313391476869583,591,340.0,4.75
0.09388680756092072,592,194.75,4.5
0.13508747518062592,593,150.0,8.75
0.2302044779062271,594,189.75,4.5
0.14011314511299133,595,267.25,5.875
0.1858035773038864,596,189.0,5.875
0.1649142950773239,597,229.5,7.375
0.11612330377101898,598,221.0,1.0
0.09269828349351883,599,247.0,8.625
0.15624888241291046,600,95.5,6.0
0.194923996925354,601,410.75,4.9375
0.07283071428537369,602,140.25,9.0
0.21985994279384613,603,270.75,7.25
0.06638157367706299,604,315.5,5.875
0.1130465418100357,605,448.0,4.5
0.14709340035915375,606,171.75,10.0
0.15332014858722687,607,150.25,5.875
0.09405554831027985,608,205.75,10.0
0.11546771973371506,609,637.25,1.0625
0.05174592509865761,610,216.0,10.0
0.12860359251499176,611,254.75,7.25
0.12477286159992218,612,234.0,2.875
0.08999179303646088,613,233.25,7.25
0.1829826533794403,614,228.5,7.25
0.2098093032836914,615,162.5,10.0
0.10493626445531845,616,371.0,3.25
0.07498456537723541,617,157.25,5.875
0.17749108374118805,618,233.0,6.5
0.16606175899505615,619,307.0,5.5
0.11550604552030563,620,233.25,7.875
0.1874980628490448,621,557.0,2.0
0.04448780044913292,622,208.5,5.125
0.1352739781141281,623,190.25,7.25
0.16342638432979584,624,168.75,8.625
0.1037755087018013,625,187.75,8.25
0.233582004904747,626,253.25,4.5
0.16878993809223175,627,217.25,4.5
0.1735224574804306,628,321.25,6.625
0.12018754333257675,629,238.75,10.0
0.09296169131994247,630,331.75,4.5
0.08766841888427734,631,199.25,4.5
0.1315741091966629,632,576.5,2.0
0.09685950726270676,633,272.0,10.0
0.08633032441139221,634,467.0,3.625
0.08357271552085876,635,136.0,10.0
0.17148321866989136,636,212.75,8.625
0.20134809613227844,637,495.25,6.0
0.10148566961288452,638,352.25,4.5
0.11370410770177841,639,240.25,4.5
0.12678121030330658,640,156.75,10.0
0.14142735302448273,641,130.5,8.625
0.2012370377779007,642,126.25,6.25
0.13311289250850677,643,217.0,5.875
0.21188485622406006,644,224.5,10.0
0.20131967961788177,645,406.5,3.75
0.1253814548254013,646,269.0,7.25
0.13140812516212463,647,211.25,6.375
0.2138810157775879,648,214.5,8.625
0.1344393789768219,649,411.75,10.0
0.12684783339500427,650,338.75,4.5
0.13956016302108765,651,183.0,8.75
0.2116292417049408,652,148.75,10.0
0.15271322429180145,653,359.75,7.25
0.12324563413858414,654,256.0,4.625
0.2019474357366562,655,362.75,6.0
0.09944621473550797,656,204.0,5.875
0.1705159693956375,657,278.25,4.875
0.1520100235939026,658,258.75,6.5
0.10670846700668335,659,283.5,5.5625
0.19087344408035278,660,191.0,5.875
0.26190346479415894,661,339.5,8.625
0.08891686052083969,662,247.75,10.0
0.13959330320358276,663,570.0,1.25
0.08360645174980164,664,143.75,5.875
0.14978182315826416,665,423.5,3.25
0.10483691096305847,666,304.25,4.5
0.08538661152124405,667,172.25,10.0
0.2431018054485321,668,460.25,2.5
0.07647424936294556,669,173.75,10.0
0.2692777216434479,670,222.25,4.5
0.13679024577140808,671,247.0,5.8125
0.16161267459392548,672,424.0,6.25
0.1044551283121109,673,156.5,10.0
0.19031842052936554,674,232.75,5.875
0.12124206125736237,675,253.75,3.75
0.1459849327802658,676,280.75,8.625
0.21549026668071747,677,184.0,8.9375
0.16246317327022552,678,187.0,10.0
0.1477767676115036,679,300.0,4.5
0.1348225474357605,680,217.25,8.625
0.20007547736167908,681,268.0,8.625
0.11208838224411011,682,152.75,8.625
0.1528891921043396,683,224.5,8.625
0.16254141926765442,684,344.0,4.5
0.10716412961483002,685,124.25,10.0
0.26449620723724365,686,177.25,10.0
0.14091823995113373,687,210.25,0.625
0.2028050273656845,688,592.25,4.75
0.06663123518228531,689,253.0,6.625
0.16919352114200592,690,220.5,5.875
0.1991957426071167,691,147.25,10.0
0.21967428922653198,692,190.5,10.0
0.18890418112277985,693,158.5,1.625
0.20782513916492462,694,239.0,5.875
0.17684794962406158,695,144.5,4.0
0.19848796725273132,696,142.0,6.0
0.17655237019062042,697,507.75,3.625
0.11856312304735184,698,172.75,4.5
0.23951953649520874,699,180.0,5.875
0.21827000379562378,700,134.75,5.875
0.24334697425365448,701,280.75,10.0
0.1812858134508133,702,428.75,3.25
0.12218154966831207,703,153.5,10.0
0.22613635659217834,704,120.0,5.875
0.2136572003364563,705,172.75,8.625
0.11854606866836548,706,417.75,3.25
0.12493925541639328,707,377.0,3.5
0.15024922788143158,708,221.25,6.5
0.20659391582012177,709,227.5,10.0
0.10127061605453491,710,374.5,5.125
0.10915334522724152,711,203.0,6.0
0.22287409007549286,712,291.0,10.0
0.19646908342838287,713,211.0,10.0
0.1731462925672531,714,179.5,10.0
0.18270978331565857,715,498.75,3.375
0.07454816997051239,716,681.5,2.0
0.08996142446994781,717,320.25,7.375
0.15960299968719482,718,177.75,10.0
0.170944944024086,719,286.0,5.875
0.19398324191570282,720,480.75,4.5
0.17857269942760468,721,253.5,10.0
0.16561543941497803,722,116.0,8.625
0.2679626941680908,723,153.0,6.25
0.17292185127735138,724,196.5,10.0
0.1925230324268341,725,189.5,5.875
0.2091645896434784,726,209.5,6.0
0.16700005531311035,727,165.0,4.5
0.17825616896152496,728,398.75,3.25
0.1453477442264557,729,344.5,3.25
0.1779976785182953,730,204.25,4.5
0.26968783140182495,731,598.0,2.0
0.1372082382440567,732,295.5,5.875
0.1897127777338028,733,334.25,6.1875
0.18202264606952667,734,233.5,4.625
0.24311040341854095,735,265.25,7.25
0.22020623087882996,736,139.25,10.0
0.43322333693504333,737,157.0,5.25
0.28159037232398987,738,182.75,3.625
0.30038154125213623,739,320.0,8.625
0.16952572762966156,740,355.25,5.5
0.17060163617134094,741,190.25,3.375
0.2966526746749878,742,698.75,2.125
0.06066602095961571,743,163.25,5.75
0.3712334930896759,744,183.5,7.875
0.3550845682621002,745,132.75,1.5
0.39121052622795105,746,567.25,1.75
0.1788560152053833,747,204.75,7.875
0.22323590517044067,748,587.0,2.5
0.12398971617221832,749,160.25,10.0
0.2314894199371338,750,176.75,10.0
0.25977951288223267,751,157.75,2.25
0.3528057634830475,752,252.0,5.875
0.36975035071372986,753,262.5,10.0
0.2103315144777298,754,318.5,8.625
0.1797451674938202,755,530.25,3.25
0.13206596672534943,756,268.0,3.625
0.27469009160995483,757,156.5,10.0
0.3133210837841034,758,121.25,7.875
0.3463681638240814,759,270.5,8.625
0.15389569103717804,760,461.5,5.25
0.11929847300052643,761,215.5,9.0
0.179477259516716,762,269.0,5.25
0.20966091752052307,763,337.0,10.0
0.14681313931941986,764,394.0,10.0
0.17631737887859344,765,201.5,5.125
0.35227593779563904,766,596.75,2.0
0.10545526444911957,767,215.25,7.625
0.33861246705055237,768,295.5,8.625
0.17058126628398895,769,461.25,4.625
0.145383819937706,770,218.0,8.75
0.17776112258434296,771,301.0,6.625
0.15713582932949066,772,357.5,8.625
0.2086964249610901,773,297.5,5.875
0.22114330530166626,774,197.25,7.25
0.2203320413827896,775,419.0,3.75
0.2660585641860962,776,636.75,2.0
0.10112462192773819,777,299.0,7.25
0.17381133139133453,778,246.25,10.0
0.3126275837421417,779,407.0,4.625
0.15986348688602448,780,374.5,5.25
0.19248129427433014,781,647.5,2.0
0.11325809359550476,782,441.75,4.625
0.16300511360168457,783,229.5,4.5
0.2202916443347931,784,405.75,8.625
0.23282986879348755,785,497.0,3.375
0.11683277785778046,786,375.0,4.875
0.24002069234848022,787,354.0,8.9375
0.16555526852607727,788,189.0,8.625
0.20672659575939178,789,445.5,7.375
0.18700961768627167,790,136.0,10.0
0.2635103464126587,791,451.5,5.875
0.14132118225097656,792,564.0,4.75
0.09588175266981125,793,318.75,7.25
0.1562025398015976,794,276.75,5.75
0.129374161362648,795,282.75,7.25
0.1627936065196991,796,262.5,10.0
0.1604493111371994,797,453.25,3.25
0.16339580714702606,798,131.75,10.0
0.30500856041908264,799,368.5,4.625
0.24157468974590302,800,280.75,8.625
0.23088549077510834,801,298.25,6.625
0.19860859215259552,802,472.25,3.25
0.1696358323097229,803,679.0,2.125
0.1063585951924324,804,710.5,1.0625
0.11965922266244888,805,495.0,3.25
0.11599760502576828,806,367.5,3.75
0.20567481219768524,807,766.5,-0.25
0.12919804453849792,808,210.0,10.0
0.39912015199661255,809,347.5,8.625
0.18518823385238647,810,224.75,10.0
0.21192538738250732,811,680.25,0.75
0.0731283575296402,812,662.75,0.875
0.10754407197237015,813,170.0,6.5
0.2603655755519867,814,275.0,4.5
0.2679600715637207,815,470.25,3.25
0.17044058442115784,816,300.0,5.0
0.14981386065483093,817,479.0,3.25
0.13011208176612854,818,454.5,3.25
0.1964220404624939,819,224.75,8.625
0.22776950895786285,820,515.5,7.375
0.09828639030456543,821,164.75,4.5
0.2914859354496002,822,204.5,7.25
0.2894238829612732,823,381.75,4.625
0.19150249660015106,824,306.25,5.875
0.20047138631343842,825,495.5,6.0
0.17178954184055328,826,291.25,7.25
0.18468277156352997,827,209.5,10.0
0.28083038330078125,828,389.25,7.25
0.1685352921485901,829,727.0,1.25
0.11763827502727509,830,348.0,4.0
0.2628479301929474,831,465.0,3.25
0.16836820542812347,832,200.0,3.0
0.3217090964317322,833,543.75,4.0
0.1316777616739273,834,526.75,4.5
0.16582462191581726,835,411.25,3.875
0.14318768680095673,836,362.5,7.375
0.19361555576324463,837,234.5,8.625
0.31774717569351196,838,299.25,4.5
0.15655550360679626,839,354.5,5.875
0.19503706693649292,840,426.75,3.1875
0.1302361786365509,841,361.5,6.8125
0.28224170207977295,842,567.0,3.875
0.12295904010534286,843,452.5,7.625
0.18994875252246857,844,280.5,4.625
0.23043420910835266,845,358.25,10.0
0.25439339876174927,846,162.5,5.4375
0.35374391078948975,847,206.0,3.5
0.2257665991783142,848,319.75,5.875
0.22391630709171295,849,476.0,4.75
0.22528043389320374,850,218.0,8.625
0.2743055522441864,851,576.75,3.25
0.15607208013534546,852,337.25,4.875
0.18433327972888947,853,365.75,7.375
0.26491549611091614,854,233.0,5.875
0.3228493928909302,855,464.5,3.75
0.236924946308136,856,280.0,8.625
0.3783813714981079,857,390.5,6.875
0.23747427761554718,858,296.25,3.875
0.28450411558151245,859,488.25,3.375
0.1955806016921997,860,229.75,6.0
0.40326783061027527,861,655.5,2.25
0.13687101006507874,862,475.75,6.0
0.24601449072360992,863,367.5,8.625
0.2525137662887573,864,445.75,7.25
0.282828152179718,865,713.5,2.0
0.1357138603925705,866,491.25,4.125
0.14614015817642212,867,538.5,3.875
0.16054287552833557,868,465.5,7.875
0.208444744348526,869,567.5,3.25
0.13468357920646667,870,588.75,2.0
0.13977299630641937,871,340.5,5.0625
0.20810449123382568,872,423.25,6.125
0.31505587697029114,873,314.25,6.5
0.23533543944358826,874,460.0,4.5
0.21726763248443604,875,366.0,4.5
0.24889788031578064,876,222.75,5.0
0.292251855134964,877,330.25,4.5
0.3220883309841156,878,403.25,8.25
0.18838702142238617,879,255.25,10.0
0.19948790967464447,880,237.75,10.0
0.3515397012233734,881,737.5,2.5625
0.1338522583246231,882,576.0,3.25
0.14614541828632355,883,626.75,2.3125
0.12803596258163452,884,443.75,4.625
0.20151269435882568,885,565.25,6.0
0.22426606714725494,886,402.25,3.375
0.20664720237255096,887,330.25,4.75
0.26337793469429016,888,304.5,10.0
0.2189139425754547,889,286.75,6.125
0.15291890501976013,890,296.0,8.75
0.21741759777069092,891,282.5,6.25
0.2697256803512573,892,381.25,5.875
0.2514537274837494,893,318.5,5.875
0.2870306670665741,894,339.25,7.25
0.15976281464099884,895,272.0,4.625
0.234682098031044,896,254.5,5.875
0.1703653335571289,897,191.5,5.25
0.3455641269683838,898,447.75,5.875
0.18580518662929535,899,293.25,3.75
0.2740701735019684,900,521.25,4.5
0.19583776593208313,901,209.25,6.5
0.17785513401031494,902,338.75,8.75
0.20018990337848663,903,273.5,10.0
0.25635549426078796,904,468.5,4.625
0.153269425034523,905,339.5,5.875
0.17839209735393524,906,385.0,4.625
0.15982988476753235,907,178.5,4.5
0.29098063707351685,908,302.0,4.8125
0.2762111723423004,909,238.0,4.125
0.2351362109184265,910,256.5,10.0
0.2954263687133789,911,370.0,4.5
0.22738376259803772,912,277.25,8.625
0.31506839394569397,913,163.75,5.0
0.2223995327949524,914,488.25,4.25
0.12414686381816864,915,224.5,4.625
0.25308215618133545,916,204.25,10.0
0.43603643774986267,917,240.75,10.0
0.22347959876060486,918,546.0,4.5
0.22296489775180817,919,250.5,5.75
0.2993655800819397,920,291.75,4.5
0.22065375745296478,921,201.5,5.125
0.23639720678329468,922,247.25,8.75
0.388249009847641,923,190.5,8.625
0.3599761426448822,924,293.75,4.5
0.1751168966293335,925,205.5,5.5
0.3217918574810028,926,330.0,7.375
0.35694119334220886,927,209.5,8.75
0.3377077877521515,928,231.75,4.5
0.2370598167181015,929,487.5,4.4375
0.18894942104816437,930,273.25,5.125
0.21216116845607758,931,245.25,5.0
0.24912039935588837,932,445.75,7.375
0.16454966366291046,933,218.0,7.25
0.2717347741127014,934,161.5,4.625
0.3901553153991699,935,300.5,4.5
0.17620928585529327,936,232.75,8.125
0.30641475319862366,937,370.75,5.5
0.17820200324058533,938,297.0,8.625
0.267618328332901,939,285.5,10.0
0.29839932918548584,940,232.75,5.875
0.3171372711658478,941,303.25,7.25
0.24445223808288574,942,285.0,8.625
0.3361252248287201,943,586.5,1.25
0.1878761500120163,944,391.5,8.625
0.18017667531967163,945,563.0,4.625
0.21554291248321533,946,219.25,8.9375
0.281678706407547,947,500.25,2.0
0.14503487944602966,948,220.75,10.0
0.37038958072662354,949,448.75,3.25
0.21299512684345245,950,386.25,3.625
0.1848483383655548,951,294.75,3.75
0.38280433416366577,952,285.5,8.625
0.39074864983558655,953,350.5,6.25
0.2988014817237854,954,294.5,4.625
0.3063529133796692,955,552.5,3.6875
0.17722341418266296,956,408.5,3.75
0.23034927248954773,957,320.75,7.5625
0.2993836998939514,958,228.75,10.0
0.3106400668621063,959,418.75,6.0
0.2154761105775833,960,238.75,7.25
0.43835896253585815,961,455.25,3.25
0.22435402870178223,962,269.75,8.625
0.27597326040267944,963,441.25,4.625
0.2207915186882019,964,290.25,7.625
0.2808946669101715,965,570.75,1.5
0.14022482931613922,966,186.75,7.25
0.3100784420967102,967,419.5,4.5
0.17021477222442627,968,355.25,7.25
0.21826623380184174,969,173.0,5.875
0.2982739210128784,970,680.75,0.75
0.139439657330513,971,395.75,7.375
0.2901879847049713,972,231.75,5.875
0.40082475543022156,973,227.75,10.0
0.31501519680023193,974,351.5,6.1875
0.27668601274490356,975,332.0,4.5
0.20338059961795807,976,177.5,5.0
0.4145646095275879,977,243.5,8.625
0.3222026824951172,978,283.75,10.0
0.251848965883255,979,243.75,10.0
0.2181302011013031,980,200.5,10.0
0.2336166352033615,981,142.5,3.75
0.26281994581222534,982,340.5,5.375
0.3577139973640442,983,509.5,2.375
0.14800933003425598,984,192.25,9.25
0.35325393080711365,985,294.5,5.5
0.1381252557039261,986,279.0,6.0
0.2608616352081299,987,280.0,4.875
0.3060016334056854,988,415.75,3.75
0.15176862478256226,989,340.25,9.0
0.24793888628482819,990,269.5,5.0
0.3493390381336212,991,356.25,5.75
0.20246659219264984,992,504.5,6.0
0.12798023223876953,993,305.75,8.625
0.24874359369277954,994,413.5,6.75
0.220087930560112,995,241.0,8.6875
0.316319078207016,996,365.0,7.875
0.24794746935367584,997,259.75,7.5
0.31954115629196167,998,363.75,4.0
0.1573401689529419,999,366.0,7.25
0.18893283605575562,1000,319.0,8.625
0.2501838207244873,1001,221.25,10.0
0.3638019263744354,1002,391.0,6.375
0.17286202311515808,1003,269.5,3.0
0.23847177624702454,1004,215.5,6.625
0.31685033440589905,1005,271.75,3.75
0.15990106761455536,1006,304.25,7.375
0.2848915457725525,1007,392.25,1.125
0.1952962428331375,1008,290.0,10.0
0.29364123940467834,1009,616.0,1.9375
0.09590212255716324,1010,278.25,3.75
0.2132464200258255,1011,503.25,3.75
0.17288120090961456,1012,541.0,5.75
0.12974898517131805,1013,485.0,4.625
0.17530128359794617,1014,339.0,6.75
0.15940141677856445,1015,199.0,4.4375
0.41914427280426025,1016,293.25,4.9375
0.2975090444087982,1017,203.0,10.0
0.2955729365348816,1018,588.25,3.375
0.10734511911869049,1019,303.5,3.75
0.24443170428276062,1020,191.0,5.5625
0.33836629986763,1021,194.25,7.875
0.35098201036453247,1022,501.5,3.25
0.14765828847885132,1023,367.75,5.875
0.1570177525281906,1024,203.75,8.625
0.3387535810470581,1025,557.75,4.625
0.26134389638900757,1026,536.25,4.625
0.17272287607192993,1027,271.0,4.8125
0.3719542324542999,1028,297.5,10.0
0.20543769001960754,1029,383.5,8.75
0.2808152735233307,1030,236.75,5.125
0.3151581883430481,1031,276.0,5.875
0.30290600657463074,1032,266.75,9.125
0.30340003967285156,1033,220.0,8.625
0.4281294345855713,1034,348.75,7.375
0.23157937824726105,1035,306.25,7.25
0.32580921053886414,1036,737.75,0.0
0.13983522355556488,1037,198.75,7.5
0.3734362721443176,1038,233.75,5.125
0.3658965826034546,1039,341.5,7.25
0.2642005980014801,1040,250.75,8.625
0.37166017293930054,1041,307.0,5.125
0.25003424286842346,1042,357.75,8.625
0.2448384314775467,1043,156.25,3.75
0.4149799048900604,1044,244.75,10.0
0.3528873026371002,1045,488.0,7.375
0.1509161740541458,1046,646.25,2.375
0.13853803277015686,1047,156.25,5.875
0.31088459491729736,1048,246.5,8.625
0.3443716764450073,1049,509.25,2.0
0.18177489936351776,1050,280.25,4.8125
0.24858255684375763,1051,613.0,2.375
0.18663503229618073,1052,363.25,7.25
0.27667319774627686,1053,365.5,7.375
0.24515147507190704,1054,205.75,4.375
0.309584379196167,1055,353.0,10.0
0.261666476726532,1056,292.75,10.0
0.2977229058742523,1057,247.5,4.8125
0.25688257813453674,1058,633.25,2.5
0.1271442025899887,1059,163.25,6.1875
0.23974382877349854,1060,287.25,10.0
0.22673863172531128,1061,276.5,5.875
0.2614741623401642,1062,140.75,8.25
0.33988288044929504,1063,208.25,10.0
0.3089526891708374,1064,293.75,8.625
0.2636059820652008,1065,165.75,8.625
0.3166952431201935,1066,272.5,5.0
0.3632078766822815,1067,227.5,8.625
0.2780146896839142,1068,227.25,8.25
0.29149001836776733,1069,170.0,4.5
0.23465228080749512,1070,444.0,4.25
0.18697333335876465,1071,369.0,5.875
0.21968284249305725,1072,235.0,10.0
0.2062135487794876,1073,279.5,9.0
0.2348487228155136,1074,215.5,10.0
0.31906017661094666,1075,218.75,7.875
0.291847825050354,1076,428.0,5.875
0.20209193229675293,1077,259.25,8.75
0.2603926658630371,1078,159.75,10.0
0.3065885305404663,1079,279.25,8.625
0.2763184905052185,1080,241.5,10.0
0.3210453391075134,1081,151.25,8.625
0.29264742136001587,1082,280.75,5.875
0.24887403845787048,1083,357.5,6.0
0.2605464458465576,1084,282.5,10.0
0.20371785759925842,1085,478.25,3.25
0.1919407844543457,1086,159.25,5.125
0.38202226161956787,1087,161.25,10.0
0.2587527632713318,1088,314.75,8.625
0.16542905569076538,1089,642.25,2.125
0.16918739676475525,1090,291.75,8.625
0.25879397988319397,1091,307.0,3.75
0.25009602308273315,1092,352.0,7.25
0.2672736644744873,1093,480.5,5.875
0.21100489795207977,1094,183.25,5.8125
0.2851514220237732,1095,502.25,5.5
0.1930447220802307,1096,377.5,3.625
0.288339763879776,1097,198.0,4.5
0.3352099061012268,1098,353.0,10.0
0.24310298264026642,1099,294.75,7.25
0.280087411403656,1100,146.25,4.5
0.31725117564201355,1101,712.25,0.75
0.09659579396247864,1102,255.25,7.875
0.19745303690433502,1103,351.75,5.875
0.22291380167007446,1104,567.5,2.0
0.17235587537288666,1105,157.25,4.0625
0.19004034996032715,1106,219.5,10.0
0.2613992393016815,1107,203.75,7.25
0.2556818127632141,1108,198.0,10.0
0.3926028311252594,1109,189.75,3.6875
0.44158968329429626,1110,354.5,6.0
0.20333963632583618,1111,195.0,3.0
0.3186808228492737,1112,561.25,2.0
0.1590423732995987,1113,404.25,7.25
0.24101214110851288,1114,229.75,9.0
0.28014564514160156,1115,227.75,10.0
0.27479344606399536,1116,273.0,6.25
0.2494422048330307,1117,370.75,3.875
0.17430968582630157,1118,250.5,4.875
0.22722843289375305,1119,276.5,7.875
0.21704146265983582,1120,176.25,8.0
0.18772287666797638,1121,464.0,6.5
0.26510635018348694,1122,533.5,1.25
0.15835151076316833,1123,262.0,4.5
0.29656365513801575,1124,484.0,5.875
0.22512692213058472,1125,266.75,4.5
0.2708814740180969,1126,768.0,-0.5
0.06912793964147568,1127,188.0,4.75
0.37937143445014954,1128,244.5,5.875
0.30710741877555847,1129,200.25,7.625
0.23736794292926788,1130,184.25,5.5
0.38327693939208984,1131,184.25,5.875
0.29427745938301086,1132,243.75,10.0
0.2808471620082855,1133,419.0,3.625
0.3039611279964447,1134,192.75,3.75
0.38113781809806824,1135,241.25,3.75
0.2195117026567459,1136,134.25,6.125
0.4006778299808502,1137,252.5,3.0
0.28574973344802856,1138,191.25,7.875
0.3370527923107147,1139,427.75,7.25
0.28867271542549133,1140,393.25,4.75
0.20940656960010529,1141,230.75,6.5
0.2859135866165161,1142,201.25,3.75
0.3541979193687439,1143,244.5,8.625
0.23216180503368378,1144,330.75,3.75
0.23224477469921112,1145,358.5,4.125
0.19599908590316772,1146,214.0,8.25
0.23794512450695038,1147,530.5,5.125
0.16145838797092438,1148,190.0,6.5
0.3407570421695709,1149,243.25,3.0
0.39826568961143494,1150,768.0,-0.5
0.08709611743688583,1151,275.0,6.5
0.20120206475257874,1152,246.5,4.75
0.1922491490840912,1153,203.5,5.125
0.27700579166412354,1154,403.0,6.125
0.3174881935119629,1155,293.25,6.5
0.22637976706027985,1156,302.25,2.75
0.2926303744316101,1157,140.75,7.875
0.1876833140850067,1158,152.0,5.875
0.45965155959129333,1159,369.5,3.75
0.20559218525886536,1160,265.75,8.25
0.25708431005477905,1161,278.0,6.875
0.21623435616493225,1162,389.25,3.0
0.22016797959804535,1163,552.0,5.3125
0.13495005667209625,1164,169.75,7.25
0.3784451186656952,1165,267.0,10.0
0.24007396399974823,1166,260.5,8.625
0.31598228216171265,1167,177.5,7.25
0.25645148754119873,1168,245.5,10.0
0.21842265129089355,1169,267.25,4.5
0.28281891345977783,1170,138.5,8.625
0.2859373688697815,1171,558.5,2.875
0.14267811179161072,1172,194.75,10.0
0.24770164489746094,1173,557.25,3.5625
0.1479804962873459,1174,230.0,5.875
0.11429087817668915,1175,167.75,10.0
0.4152275323867798,1176,146.5,4.75
0.3082509934902191,1177,325.5,4.5
0.23077186942100525,1178,370.5,4.8125
0.23311711847782135,1179,185.5,5.875
0.30078718066215515,1180,199.75,5.125
0.3114246129989624,1181,262.75,5.875
0.22769081592559814,1182,280.0,8.625
0.2693341076374054,1183,236.5,10.0
0.27591121196746826,1184,251.5,7.625
0.2775248885154724,1185,153.25,4.5
0.2181396186351776,1186,440.5,3.75
0.1535092443227768,1187,423.75,6.0
0.16834543645381927,1188,190.25,10.0
0.23642072081565857,1189,283.25,7.625
0.2822194993495941,1190,492.25,2.0
0.16068588197231293,1191,611.0,3.375
0.12250853329896927,1192,206.75,5.875
0.2483631670475006,1193,209.5,5.5
0.23445537686347961,1194,141.25,6.1875
0.4212406873703003,1195,240.75,8.625
0.3196616768836975,1196,146.5,7.25
0.46140938997268677,1197,227.5,8.625
0.2946113049983978,1198,240.25,7.25
0.3355981707572937,1199,215.25,6.875
0.33830544352531433,1200,365.25,4.5
0.1946798712015152,1201,253.5,5.0
0.2508374750614166,1202,137.5,6.5
0.268284410238266,1203,215.0,6.5
0.3150827884674072,1204,187.0,8.625
0.4266638159751892,1205,258.25,10.0
0.27541303634643555,1206,289.25,8.625
0.23364058136940002,1207,349.0,2.5
0.2186325043439865,1208,194.25,7.375
0.3008135259151459,1209,566.0,2.0
0.15569919347763062,1210,207.75,7.625
0.28650882840156555,1211,249.75,6.1875
0.42073315382003784,1212,383.0,7.25
0.27435263991355896,1213,284.25,10.0
0.31141185760498047,1214,301.5,5.125
0.2640911340713501,1215,227.5,7.875
0.2610902786254883,1216,250.5,10.0
0.3608166575431824,1217,256.75,7.25
0.2904735803604126,1218,192.25,10.0
0.3802433907985687,1219,249.75,4.0
0.17989079654216766,1220,350.5,8.625
0.2821764051914215,1221,553.5,3.375
0.17636512219905853,1222,273.25,8.625
0.2754802405834198,1223,399.5,6.0
0.178867906332016,1224,243.5,6.875
0.23254738748073578,1225,190.75,8.9375
0.3633192479610443,1226,310.5,3.75
0.23244278132915497,1227,252.5,8.625
0.2505825459957123,1228,208.5,4.5
0.29705095291137695,1229,415.5,4.625
0.22999200224876404,1230,363.75,4.5
0.1733761429786682,1231,247.75,6.875
0.21954044699668884,1232,376.75,3.125
0.2456546127796173,1233,488.75,7.6875
0.1959437131881714,1234,251.5,8.625
0.3168644309043884,1235,205.25,10.0
0.2990962266921997,1236,268.5,10.0
0.32545313239097595,1237,140.25,7.0
0.26534852385520935,1238,234.25,10.0
0.1837901622056961,1239,369.75,5.875
0.20727112889289856,1240,245.0,4.5
0.18783366680145264,1241,154.25,10.0
0.37876972556114197,1242,127.0,8.25
0.24320268630981445,1243,399.75,4.125
0.18118004500865936,1244,232.75,6.8125
0.28103944659233093,1245,406.75,3.25
0.21214762330055237,1246,181.75,10.0
0.27300146222114563,1247,354.0,7.75
0.23422063887119293,1248,309.75,8.25
0.1797950267791748,1249,162.0,9.0
0.46470537781715393,1250,155.0,10.0
0.34306666254997253,1251,400.0,5.1875
0.21045181155204773,1252,120.75,6.5
0.4000720679759979,1253,133.5,5.875
0.42281317710876465,1254,275.0,6.25
0.29327937960624695,1255,192.5,4.5
0.2678315043449402,1256,164.5,10.0
0.37191787362098694,1257,428.75,5.875
0.22595055401325226,1258,171.75,4.5
0.24443809688091278,1259,151.75,8.9375
0.259712278842926,1260,467.25,5.625
0.14701232314109802,1261,596.25,2.625
0.1386072188615799,1262,520.5,2.625
0.11860956996679306,1263,279.0,10.0
0.19686372578144073,1264,178.25,8.625
0.257948637008667,1265,241.5,8.625
0.2370312213897705,1266,126.5,3.0
0.4528600871562958,1267,222.0,8.25
0.21648123860359192,1268,410.0,3.25
0.20933647453784943,1269,635.5,1.25
0.1490117311477661,1270,232.75,7.25
0.24932347238063812,1271,364.5,4.625
0.17193932831287384,1272,210.75,4.5
0.23875857889652252,1273,507.75,2.25
0.1635425090789795,1274,369.5,7.625
0.2082444727420807,1275,305.5,5.1875
0.2238030880689621,1276,118.25,10.0
0.12282440066337585,1277,178.25,3.75
0.2237272560596466,1278,116.75,7.875
0.3599996268749237,1279,541.0,2.625
0.2067451924085617,1280,312.25,8.625
0.2767835259437561,1281,254.25,6.1875
0.28385165333747864,1282,146.0,10.0
0.29083770513534546,1283,524.25,2.5
0.0911555364727974,1284,263.5,8.625
0.21808911859989166,1285,195.0,9.375
0.2535371482372284,1286,430.0,6.0
0.1434490829706192,1287,168.5,4.5
0.22390611469745636,1288,210.5,6.875
0.39228421449661255,1289,132.75,8.625
0.4101349711418152,1290,179.5,5.875
0.2611352801322937,1291,449.5,7.375
0.16986733675003052,1292,162.0,8.625
0.35526031255722046,1293,288.0,8.625
0.2635895013809204,1294,216.25,4.5
0.3564704656600952,1295,158.0,8.625
0.26542022824287415,1296,132.5,10.0
0.3216078579425812,1297,333.25,7.25
0.20120951533317566,1298,322.75,5.875
0.21330586075782776,1299,185.5,4.5
0.3441864252090454,1300,667.75,2.125
0.11111877858638763,1301,651.5,2.125
0.13914507627487183,1302,270.0,10.0
0.21628135442733765,1303,203.5,10.0
0.2656805217266083,1304,154.75,10.0
0.35653677582740784,1305,145.0,10.0
0.25978341698646545,1306,343.0,8.0
0.20245489478111267,1307,269.75,5.875
0.17329108715057373,1308,763.75,-0.25
0.0802370235323906,1309,278.5,8.625
0.19283843040466309,1310,202.75,10.0
0.2538726031780243,1311,338.5,5.125
0.24984517693519592,1312,259.5,6.5
0.272874116897583,1313,458.5,7.375
0.1380472034215927,1314,199.0,10.0
0.276521235704422,1315,408.5,4.9375
0.262866348028183,1316,224.75,10.0
0.29146015644073486,1317,317.75,8.625
0.21506647765636444,1318,144.0,10.0
0.1652434915304184,1319,180.75,5.875
0.301679790019989,1320,485.0,3.75
0.16041572391986847,1321,504.5,5.125
0.22215324640274048,1322,248.0,9.0
0.19133161008358002,1323,187.0,8.625
0.18792396783828735,1324,159.5,10.0
0.2234605997800827,1325,603.75,2.25
0.1492469757795334,1326,196.0,5.875
0.29399093985557556,1327,418.25,7.375
0.17667101323604584,1328,227.5,5.875
0.2501600384712219,1329,172.25,10.0
0.2628900408744812,1330,607.0,3.375
0.11769725382328033,1331,297.75,4.875
0.14781245589256287,1332,745.75,-0.25
0.09320267289876938,1333,477.0,4.125
0.21147513389587402,1334,211.75,8.625
0.23427848517894745,1335,178.75,10.0
0.4003812372684479,1336,234.75,7.25
0.23803341388702393,1337,253.0,7.875
0.3698238432407379,1338,458.5,3.25
0.16390028595924377,1339,190.25,6.125
0.29456427693367004,1340,161.75,7.875
0.4182461202144623,1341,768.0,-0.5
0.11004272103309631,1342,428.25,6.375
0.11929041147232056,1343,343.0,3.875
0.17846637964248657,1344,268.5,4.5
0.21630829572677612,1345,238.75,5.8125
0.2574062645435333,1346,209.75,10.0
0.257769912481308,1347,160.5,10.0
0.2870553433895111,1348,265.5,10.0
0.20650355517864227,1349,575.75,2.5
0.16310541331768036,1350,217.0,10.0
0.30873486399650574,1351,697.5,2.125
0.16126587986946106,1352,385.75,3.0
0.1368119716644287,1353,242.0,8.625
0.3490660488605499,1354,340.75,8.625
0.2216309756040573,1355,390.75,3.75
0.16371065378189087,1356,110.5,10.0
0.33864644169807434,1357,209.25,7.0
0.3352872133255005,1358,252.75,5.875
0.2666237950325012,1359,148.0,10.0
0.31661397218704224,1360,169.75,7.25
0.2650783956050873,1361,413.75,4.625
0.2194356620311737,1362,432.75,5.625
0.20836074650287628,1363,288.75,10.0
0.20863865315914154,1364,381.0,3.5
0.20686374604701996,1365,710.75,0.75
0.1096436083316803,1366,294.0,3.875
0.24661588668823242,1367,527.25,2.0
0.14471574127674103,1368,371.25,3.25
0.28778958320617676,1369,243.5,7.25
0.20402903854846954,1370,152.0,10.0
0.37819284200668335,1371,153.25,8.625
0.25628167390823364,1372,260.5,4.5
0.2658628225326538,1373,386.25,7.25
0.2146977335214615,1374,524.25,2.875
0.16109004616737366,1375,324.0,5.125
0.28993648290634155,1376,586.5,3.125
0.1357479989528656,1377,274.5,8.625
0.2448386400938034,1378,402.25,7.5625
0.20411185920238495,1379,443.25,4.8125
0.13406969606876373,1380,232.0,10.0
0.2804374396800995,1381,336.25,8.0
0.2195608764886856,1382,370.75,7.375
0.29155948758125305,1383,294.25,8.625
0.3055792450904846,1384,379.0,4.875
0.25966307520866394,1385,361.25,10.0
0.2024214118719101,1386,223.25,10.0
0.24672439694404602,1387,152.75,8.25
0.4338372051715851,1388,399.25,4.625
0.21498040854930878,1389,246.5,10.0
0.2606518268585205,1390,338.5,3.0
0.18640059232711792,1391,178.0,10.0
0.33445683121681213,1392,286.5,5.875
0.30224546790122986,1393,353.0,4.5
0.256791889667511,1394,219.5,5.125
0.3704412281513214,1395,184.0,10.0
0.2891271412372589,1396,447.75,7.375
0.16882972419261932,1397,394.5,8.625
0.2314479798078537,1398,206.25,5.0
0.29116499423980713,1399,244.0,10.0
0.16147591173648834,1400,288.25,10.0
0.23600956797599792,1401,326.5,7.25
0.2211805284023285,1402,316.5,10.0
0.282770037651062,1403,219.75,10.0
0.21577990055084229,1404,188.5,3.75
0.4184003472328186,1405,303.75,10.0
0.13357387483119965,1406,255.25,7.25
0.19236451387405396,1407,251.75,6.875
0.31585633754730225,1408,219.25,8.125
0.33737894892692566,1409,275.75,6.5
0.22711707651615143,1410,228.0,6.875
0.2286817729473114,1411,238.5,10.0
0.29771408438682556,1412,335.0,5.625
0.20852553844451904,1413,407.75,5.875
0.1392846405506134,1414,193.75,8.25
0.39271190762519836,1415,382.75,10.0
0.17049548029899597,1416,184.5,10.0
0.23649078607559204,1417,300.5,8.625
0.2934805154800415,1418,159.25,6.125
0.27759984135627747,1419,639.0,1.125
0.1713920384645462,1420,442.0,3.0
0.2510427236557007,1421,589.5,2.375
0.13006429374217987,1422,708.75,1.0625
0.13492029905319214,1423,282.5,10.0
0.2676128149032593,1424,281.25,5.5
0.287828654050827,1425,244.75,10.0
0.1964656561613083,1426,397.75,1.0
0.2452067881822586,1427,585.0,2.125
0.18087886273860931,1428,203.5,4.875
0.4007980227470398,1429,351.25,7.0
0.23167270421981812,1430,286.25,8.625
0.3272324204444885,1431,290.75,9.0
0.30882528424263,1432,579.5,2.0
0.19508838653564453,1433,349.25,5.875
0.2344108372926712,1434,294.25,10.0
0.23639696836471558,1435,497.5,5.5
0.24074459075927734,1436,441.5,2.75
0.23055027425289154,1437,288.0,10.0
0.15294715762138367,1438,478.25,1.25
0.21116910874843597,1439,431.0,2.5
0.21397845447063446,1440,158.0,10.0
0.3000667095184326,1441,219.75,7.25
0.3634151816368103,1442,348.0,5.5
0.3273186683654785,1443,390.5,10.0
0.13810981810092926,1444,419.75,2.625
0.214956134557724,1445,384.75,5.4375
0.32620781660079956,1446,713.75,0.375
0.14659619331359863,1447,633.75,1.8125
0.18139863014221191,1448,518.5,0.5
0.17485572397708893,1449,469.0,2.125
0.1889854371547699,1450,336.25,3.375
0.28632083535194397,1451,276.5,7.25
0.28846749663352966,1452,417.5,4.125
0.25988101959228516,1453,499.5,1.0
0.17909349501132965,1454,646.25,2.5
0.21632732450962067,1455,351.5,3.0
0.310837060213089,1456,303.25,4.875
0.25376999378204346,1457,493.5,2.25
0.18374808132648468,1458,178.25,3.75
0.415008544921875,1459,237.5,4.0
0.273622065782547,1460,234.25,3.75
0.28498002886772156,1461,385.5,4.625
0.15521925687789917,1462,438.25,7.5
0.2036706656217575,1463,175.25,3.5
0.34176579117774963,1464,162.5,4.75
0.33927905559539795,1465,768.0,-1.5
0.16186639666557312,1466,390.25,3.875
0.21378332376480103,1467,200.25,9.25
0.26089033484458923,1468,704.5,1.25
0.12476035207509995,1469,267.75,2.5
0.2691248655319214,1470,264.25,4.75
0.3357536494731903,1471,243.0,8.625
0.24049927294254303,1472,465.5,7.375
0.11160016059875488,1473,675.0,2.0
0.22330547869205475,1474,487.75,3.375
0.20645207166671753,1475,233.25,4.0
0.3636236786842346,1476,426.0,7.875
0.23496241867542267,1477,427.5,3.75
0.21903742849826813,1478,342.5,5.875
0.28482821583747864,1479,417.25,2.375
0.2205350250005722,1480,382.0,4.625
0.27959421277046204,1481,157.75,8.625
0.3417372405529022,1482,625.25,2.0
0.160633385181427,1483,295.0,4.5
0.260066956281662,1484,343.5,4.5
0.3316785395145416,1485,162.0,10.0
0.2798590064048767,1486,317.25,9.0
0.2209526002407074,1487,183.75,10.0
0.31344735622406006,1488,276.5,5.875
0.30722832679748535,1489,192.25,8.625
0.3948288857936859,1490,141.75,8.625
0.38034722208976746,1491,171.75,8.25
0.388999342918396,1492,226.25,8.9375
0.36308348178863525,1493,361.25,4.5625
0.1749129742383957,1494,219.75,8.625
0.33340978622436523,1495,422.0,3.0
0.2296615093946457,1496,397.5,7.375
0.18938857316970825,1497,199.5,6.875
0.3862598240375519,1498,236.0,4.5
0.3626974821090698,1499,284.5,10.0
0.3011786639690399,1500,231.75,4.75
0.19552911818027496,1501,403.25,4.625
0.2567017674446106,1502,374.0,3.3125
0.20455174148082733,1503,445.5,6.0
0.19089017808437347,1504,195.75,10.0
0.25562840700149536,1505,424.75,3.375
0.19960258901119232,1506,366.5,7.875
0.2185223549604416,1507,227.5,10.0
0.24211928248405457,1508,276.0,9.0
0.314441442489624,1509,127.25,10.0
0.27391666173934937,1510,424.5,5.25
0.20719106495380402,1511,296.0,4.875
0.17257541418075562,1512,570.5,3.375
0.1429000347852707,1513,288.0,4.5
0.3123791813850403,1514,353.25,6.5
0.26025596261024475,1515,579.0,2.0
0.11782445013523102,1516,355.5,5.5
0.35079360008239746,1517,186.25,7.875
0.3458557724952698,1518,407.0,4.625
0.19989822804927826,1519,287.0,8.625
0.3051072657108307,1520,340.5,10.0
0.24687734246253967,1521,368.75,10.0
0.19439803063869476,1522,195.5,8.625
0.24219338595867157,1523,241.5,10.0
0.3413258194923401,1524,215.25,7.5625
0.26060089468955994,1525,508.75,4.125
0.20074927806854248,1526,224.25,8.625
0.3645564913749695,1527,727.0,0.75
0.12803591787815094,1528,375.75,5.875
0.2540310025215149,1529,217.5,7.875
0.3189040720462799,1530,141.0,10.0
0.32112178206443787,1531,245.0,7.875
0.28701281547546387,1532,183.25,6.0
0.38588348031044006,1533,360.25,4.625
0.3140728175640106,1534,387.5,7.625
0.22127783298492432,1535,235.0,8.625
0.31260332465171814,1536,179.0,5.4375
0.44161900877952576,1537,238.0,4.5
0.34116512537002563,1538,279.0,10.0
0.30804550647735596,1539,350.25,3.0
0.27158668637275696,1540,392.5,6.625
0.2533171772956848,1541,473.0,5.0
0.19831199944019318,1542,475.5,4.5
0.24320776760578156,1543,588.75,4.625
0.1815299689769745,1544,277.25,4.5
0.35731953382492065,1545,308.75,8.75
0.2005387544631958,1546,213.0,8.625
0.26454704999923706,1547,183.75,6.9375
0.2763480842113495,1548,184.25,8.75
0.2536655366420746,1549,304.5,3.25
0.1736571341753006,1550,299.5,4.9375
0.2077748328447342,1551,374.75,7.25
0.2385653555393219,1552,268.25,10.0
0.24713753163814545,1553,585.0,1.5
0.18871565163135529,1554,167.5,6.5
0.4796588122844696,1555,186.75,4.5
0.3615852892398834,1556,173.5,7.125
0.4919731914997101,1557,171.0,7.25
0.27961376309394836,1558,425.25,5.5
0.15135498344898224,1559,310.5,4.0
0.2123788744211197,1560,302.75,8.25
0.2509639859199524,1561,210.5,9.5
0.4073620140552521,1562,151.0,9.5
0.470002681016922,1563,240.75,3.875
0.2991601824760437,1564,259.0,6.0
0.23278167843818665,1565,166.75,8.1875
0.20301364362239838,1566,190.0,9.75
0.39347466826438904,1567,215.75,7.875
0.3892989158630371,1568,474.75,2.75
0.25799405574798584,1569,206.5,10.0
0.20358511805534363,1570,583.75,3.25
0.2204948365688324,1571,464.5,4.0
0.24113579094409943,1572,732.25,0.75
0.16680333018302917,1573,375.25,10.0
0.1673937737941742,1574,445.75,4.875
0.230324849486351,1575,343.5,7.25
0.27745428681373596,1576,178.5,10.0
0.36188873648643494,1577,462.25,5.625
0.1588098406791687,1578,271.25,6.875
0.18166004121303558,1579,176.25,10.0
0.5803813338279724,1580,564.5,2.25
0.155853733420372,1581,273.5,4.5
0.26563820242881775,1582,354.75,8.625
0.267061710357666,1583,289.25,6.625
0.24789531528949738,1584,578.0,2.0
0.1665571630001068,1585,249.25,6.25
0.29089120030403137,1586,351.75,2.5625
0.22326871752738953,1587,343.75,8.625
0.2766387462615967,1588,210.75,6.875
0.2875063121318817,1589,259.0,4.5
0.3665982186794281,1590,359.0,6.875
0.207943394780159,1591,377.75,10.0
0.1958075314760208,1592,272.25,7.25
0.265160471200943,1593,438.25,4.5
0.17068837583065033,1594,703.75,0.875
0.1299508661031723,1595,426.25,7.375
0.19210094213485718,1596,686.0,0.75
0.14388541877269745,1597,298.75,4.5
0.2945917248725891,1598,191.5,8.625
0.3452008366584778,1599,342.25,8.625
0.2867290675640106,1600,220.25,5.875
0.3276729881763458,1601,533.75,6.625
0.15253397822380066,1602,172.75,6.25
0.34044909477233887,1603,262.25,7.25
0.3096056580543518,1604,341.75,10.0
0.19149357080459595,1605,129.0,10.0
0.3632742166519165,1606,441.5,3.875
0.22861690819263458,1607,368.75,8.625
0.3079591989517212,1608,344.25,7.375
0.1792568564414978,1609,177.0,5.875
0.30922237038612366,1610,186.75,7.5625
0.3573121130466461,1611,537.75,3.25
0.1759524941444397,1612,214.0,8.625
0.409286767244339,1613,333.25,7.25
0.25320690870285034,1614,171.5,8.625
0.33417949080467224,1615,449.25,6.0
0.17158499360084534,1616,302.0,8.625
0.27744585275650024,1617,224.25,5.875
0.38581758737564087,1618,501.75,3.375
0.20444302260875702,1619,289.75,10.0
0.2857806086540222,1620,212.75,10.0
0.2948833405971527,1621,490.0,3.25
0.15454252064228058,1622,235.25,7.25
0.32882747054100037,1623,513.75,2.0
0.15318676829338074,1624,162.0,7.5625
0.3819204866886139,1625,487.5,3.25
0.18305236101150513,1626,360.5,10.0
0.2021980732679367,1627,497.75,4.75
0.1184636577963829,1628,151.0,10.0
0.3348262310028076,1629,418.25,2.5
0.14610989391803741,1630,209.0,7.25
0.30407553911209106,1631,331.25,7.25
0.33101972937583923,1632,150.75,4.5
0.4209860861301422,1633,191.25,10.0
0.3039526045322418,1634,237.5,8.625
0.26492661237716675,1635,456.75,5.625
0.18982625007629395,1636,145.5,10.0
0.37225836515426636,1637,163.0,10.0
0.4309594929218292,1638,264.25,6.625
0.2637947201728821,1639,388.5,7.25
0.2113812118768692,1640,200.75,6.0
0.3736303150653839,1641,442.25,7.25
0.21415305137634277,1642,408.0,3.625
0.18128569424152374,1643,235.5,8.9375
0.1839502453804016,1644,227.75,7.25
0.3235948979854584,1645,328.0,6.25
0.24080710113048553,1646,263.25,4.8125
0.400333434343338,1647,325.75,3.75
0.2207372933626175,1648,352.25,4.5
0.25058528780937195,1649,728.0,2.625
0.09998862445354462,1650,203.25,10.0
0.3445581793785095,1651,475.0,6.1875
0.2117224782705307,1652,157.5,8.625
0.3734033405780792,1653,354.0,4.625
0.25088170170783997,1654,289.0,8.0
0.21210692822933197,1655,383.5,4.875
0.252410352230072,1656,172.75,8.625
0.3392033278942108,1657,319.25,4.625
0.253305584192276,1658,394.5,7.25
0.20964467525482178,1659,168.25,10.0
0.20669029653072357,1660,367.0,5.0
0.19943994283676147,1661,341.25,3.75
0.3468742370605469,1662,371.25,4.5
0.19409064948558807,1663,154.75,10.0
0.5018914937973022,1664,254.5,10.0
0.3104548156261444,1665,472.75,2.75
0.1680375039577484,1666,475.5,4.5
0.1679663062095642,1667,666.0,2.0
0.1251465082168579,1668,390.75,5.1875
0.2244032323360443,1669,435.0,3.8125
0.17107398808002472,1670,287.75,8.625
0.3604547083377838,1671,241.0,10.0
0.2949684262275696,1672,466.0,3.25
0.18036538362503052,1673,313.5,8.625
0.35401350259780884,1674,254.5,8.9375
0.34721940755844116,1675,541.25,6.0
0.22286969423294067,1676,682.75,2.875
0.17958341538906097,1677,253.75,8.625
0.24519407749176025,1678,474.75,2.5
0.15386636555194855,1679,207.0,8.625
0.1663743406534195,1680,496.75,5.375
0.1638960987329483,1681,342.25,4.875
0.24767902493476868,1682,272.75,5.875
0.24651871621608734,1683,118.0,8.625
0.3396962285041809,1684,180.25,2.625
0.4495672881603241,1685,465.5,3.25
0.16208921372890472,1686,219.75,7.5625
0.24218431115150452,1687,117.5,6.125
0.4367468059062958,1688,570.5,2.0
0.12949122488498688,1689,250.75,10.0
0.26144757866859436,1690,136.5,6.5
0.5850526690483093,1691,412.5,4.0
0.21098268032073975,1692,182.75,7.875
0.27226945757865906,1693,209.5,4.5
0.3090062737464905,1694,157.5,5.875
0.471549391746521,1695,157.75,7.875
0.4104020595550537,1696,234.75,5.875
0.37702298164367676,1697,296.0,7.9375
0.3193834125995636,1698,232.5,6.875
0.41439521312713623,1699,380.5,8.625
0.26382434368133545,1700,234.0,7.875
0.24860577285289764,1701,231.25,5.875
0.34341001510620117,1702,397.75,7.375
0.1734146922826767,1703,177.25,10.0
0.309193879365921,1704,200.75,8.625
0.3976985514163971,1705,293.75,5.125
0.3245620131492615,1706,221.75,4.5
0.37024515867233276,1707,236.75,7.25
0.29797273874282837,1708,218.0,10.0
0.32117387652397156,1709,292.5,7.25
0.2406197339296341,1710,171.25,8.25
0.33727115392684937,1711,202.75,8.625
0.35992398858070374,1712,180.5,5.875
0.30546849966049194,1713,194.5,10.0
0.41772210597991943,1714,296.0,5.0
0.2960977256298065,1715,308.0,7.875
0.3656037449836731,1716,250.75,4.875
0.3407927453517914,1717,525.25,2.0
0.19981493055820465,1718,241.25,10.0
0.312687486410141,1719,346.0,3.75
0.18529154360294342,1720,156.5,6.5
0.5037949681282043,1721,753.5,0.0
0.13628517091274261,1722,690.5,0.75
0.19802796840667725,1723,132.0,8.25
0.3453685939311981,1724,244.75,4.875
0.34116578102111816,1725,177.75,6.5
0.4397258460521698,1726,372.25,4.5
0.29322972893714905,1727,192.5,6.5
0.3690994679927826,1728,210.0,10.0
0.3548009395599365,1729,238.75,8.25
0.3718554973602295,1730,144.0,10.0
0.4267069697380066,1731,116.5,6.5
0.5891530513763428,1732,195.5,4.5
0.40716657042503357,1733,286.25,10.0
0.27602699398994446,1734,617.25,2.0
0.19727423787117004,1735,159.5,8.25
0.3179500997066498,1736,192.75,8.625
0.3482254445552826,1737,484.75,3.25
0.21376930177211761,1738,146.25,6.5
0.4286249279975891,1739,546.5,2.25
0.15654794871807098,1740,475.25,6.125
0.2361586093902588,1741,392.0,8.625
0.2451070249080658,1742,466.25,2.0625
0.2017524242401123,1743,218.25,7.25
0.5305717587471008,1744,458.25,6.625
0.17325887084007263,1745,144.75,10.0
0.3972020447254181,1746,219.25,8.625
0.37604910135269165,1747,225.0,8.625
0.42457664012908936,1748,552.5,3.25
0.1808684915304184,1749,282.5,4.8125
0.2850271165370941,1750,329.0,5.0
0.28158217668533325,1751,231.25,10.0
0.2586565911769867,1752,174.75,8.9375
0.33701851963996887,1753,765.5,0.75
0.08952569216489792,1754,221.0,10.0
0.3628927171230316,1755,724.5,1.125
0.06206613779067993,1756,201.0,6.25
0.4222184419631958,1757,385.25,8.75
0.25271543860435486,1758,187.75,10.0
0.4697549343109131,1759,481.75,7.25
0.2739267945289612,1760,143.5,10.0
0.5096275210380554,1761,605.5,2.25
0.14571881294250488,1762,323.25,6.5
0.29033392667770386,1763,323.75,4.5
0.3443664312362671,1764,234.0,8.625
0.4335213601589203,1765,179.75,10.0
0.3394559621810913,1766,566.25,3.25
0.19657553732395172,1767,299.25,6.25
0.26819878816604614,1768,306.0,8.625
0.2533113956451416,1769,299.25,10.0
0.32098835706710815,1770,273.75,7.5625
0.3623892068862915,1771,454.0,6.625
0.2018992155790329,1772,648.25,0.875
0.1565673053264618,1773,484.5,6.25
0.2095101773738861,1774,616.25,3.75
0.14594291150569916,1775,430.0,7.375
0.29808858036994934,1776,136.0,10.0
0.41403675079345703,1777,295.5,4.5
0.27865973114967346,1778,173.25,10.0
0.40510842204093933,1779,440.5,3.25
0.2048768848180771,1780,175.25,4.5
0.409616619348526,1781,278.5,4.5
0.3952031135559082,1782,142.5,6.875
0.374624103307724,1783,257.0,5.875
0.3636566996574402,1784,269.0,4.0625
0.3251490592956543,1785,585.5,2.0
0.1814967840909958,1786,353.75,5.1875
0.2608833909034729,1787,130.25,10.0
0.5209356546401978,1788,183.5,10.0
0.27432453632354736,1789,376.5,6.25
0.2533245086669922,1790,319.0,5.125
0.2377495914697647,1791,322.5,5.0
0.23247484862804413,1792,227.5,10.0
0.3187013566493988,1793,405.25,3.75
0.2571943700313568,1794,292.25,4.5
0.3048928678035736,1795,442.5,4.5
0.22337855398654938,1796,178.0,5.875
0.43235060572624207,1797,359.0,4.8125
0.25302696228027344,1798,192.75,5.875
0.3099275231361389,1799,387.0,4.5
0.25993356108665466,1800,297.25,5.875
0.3101547062397003,1801,241.25,4.5
0.3473297655582428,1802,194.0,8.625
0.22480826079845428,1803,159.75,10.0
0.3168577551841736,1804,404.0,4.0
0.2527172267436981,1805,126.0,10.0
0.25584566593170166,1806,579.75,5.375
0.09719230979681015,1807,164.5,8.9375
0.5392302870750427,1808,294.5,5.875
0.3416723310947418,1809,312.5,2.5
0.21859116852283478,1810,150.75,10.0
0.2817070484161377,1811,267.5,7.875
0.2975339889526367,1812,262.25,8.625
0.31432977318763733,1813,240.0,4.5
0.39147815108299255,1814,200.25,7.25
0.3676147758960724,1815,506.75,3.75
0.17889145016670227,1816,369.25,5.875
0.25305891036987305,1817,191.0,8.9375
0.44893962144851685,1818,274.5,6.1875
0.29266655445098877,1819,524.0,4.625
0.17898505926132202,1820,606.25,3.25
0.1304822415113449,1821,191.25,10.0
0.4167743921279907,1822,681.75,2.0
0.11714881658554077,1823,207.0,10.0
0.26391878724098206,1824,676.5,1.375
0.18339601159095764,1825,178.0,10.0
0.3960639536380768,1826,214.0,4.875
0.3286582827568054,1827,264.0,10.0
0.356952041387558,1828,394.5,4.875
0.2504023313522339,1829,394.5,5.875
0.2335435003042221,1830,185.75,10.0
0.5393131971359253,1831,462.75,3.25
0.15619556605815887,1832,301.75,8.625
0.4379810094833374,1833,167.25,8.9375
0.3609043061733246,1834,203.0,10.0
0.20743489265441895,1835,331.75,7.625
0.21506327390670776,1836,251.75,10.0
0.19646883010864258,1837,532.25,3.0
0.16573604941368103,1838,232.75,9.5
0.3021480143070221,1839,193.25,9.5
0.28487417101860046,1840,292.5,7.25
0.32767176628112793,1841,192.0,4.5
0.38791006803512573,1842,342.25,10.0
0.3198700547218323,1843,116.0,6.5
0.2819359302520752,1844,163.75,8.625
0.45343711972236633,1845,729.0,0.75
0.1366724967956543,1846,102.5,10.0
0.5048527717590332,1847,248.25,8.375
0.30596640706062317,1848,135.75,4.75
0.42663371562957764,1849,139.25,10.0
0.3722674250602722,1850,462.5,3.125
0.17114154994487762,1851,277.25,10.0
0.23881961405277252,1852,277.0,5.875
0.3689144551753998,1853,267.5,4.5
0.2877504229545593,1854,203.75,10.0
0.34108400344848633,1855,148.0,6.5
0.4022214710712433,1856,336.5,10.0
0.2013244330883026,1857,305.0,8.625
0.23608003556728363,1858,193.0,8.9375
0.3768494725227356,1859,253.25,7.25
0.3723454773426056,1860,165.25,4.8125
0.30119988322257996,1861,255.25,6.875
0.33644387125968933,1862,274.75,8.0
0.22880861163139343,1863,515.25,3.375
0.23874962329864502,1864,305.0,4.5
0.23803050816059113,1865,520.5,5.0
0.21996517479419708,1866,313.5,5.625
0.25619322061538696,1867,206.75,5.25
0.4473416209220886,1868,313.25,7.25
0.3279151916503906,1869,131.75,7.25
0.47308817505836487,1870,263.75,9.0
0.2668404281139374,1871,322.75,8.625
0.27245697379112244,1872,367.0,5.375
0.2494470477104187,1873,260.5,10.0
0.34206655621528625,1874,301.5,10.0
0.24863295257091522,1875,204.25,3.5
0.2804450988769531,1876,321.5,6.75
0.18134096264839172,1877,192.75,4.125
0.38609516620635986,1878,396.75,6.625
0.29899561405181885,1879,169.25,7.625
0.37618157267570496,1880,339.5,5.875
0.20153957605361938,1881,276.75,8.625
0.21452422440052032,1882,350.25,4.5
0.2985197603702545,1883,179.5,3.75
0.3523726463317871,1884,295.0,8.625
0.09577334672212601,1885,226.75,10.0
0.32658568024635315,1886,223.5,4.125
0.29939988255500793,1887,386.5,3.25
0.19818909466266632,1888,517.0,2.25
0.22071872651576996,1889,356.75,7.25
0.29134082794189453,1890,233.25,10.0
0.33695903420448303,1891,276.75,10.0
0.2591288983821869,1892,274.0,7.25
0.24882733821868896,1893,408.5,5.5
0.216901034116745,1894,355.0,5.875
0.2059451937675476,1895,406.0,4.5
0.2569965124130249,1896,250.75,8.625
0.2559188902378082,1897,649.75,2.375
0.17992933094501495,1898,236.0,10.0
0.2836489677429199,1899,249.25,5.875
0.23186364769935608,1900,157.25,9.5
0.4153824746608734,1901,285.5,5.875
0.27327412366867065,1902,214.5,6.875
0.3360551595687866,1903,538.5,4.3125
0.23353150486946106,1904,501.25,1.25
0.19980689883232117,1905,579.25,1.5625
0.23208776116371155,1906,359.5,4.5
0.29912930727005005,1907,210.25,8.9375
0.3112640380859375,1908,379.5,8.625
0.2632666528224945,1909,547.5,3.375
0.1773412972688675,1910,177.0,7.25
0.29947322607040405,1911,192.75,6.125
0.35118353366851807,1912,237.5,3.75
0.33504554629325867,1913,325.0,8.625
0.22284646332263947,1914,133.75,3.875
0.4027142822742462,1915,441.5,3.75
0.2731268107891083,1916,249.75,10.0
0.2863738536834717,1917,374.0,8.625
0.20215478539466858,1918,574.0,4.9375
0.171871617436409,1919,623.5,1.25
0.12697911262512207,1920,330.5,7.25
0.2206302136182785,1921,438.0,7.375
0.14390210807323456,1922,445.5,6.3125
0.18923725187778473,1923,414.25,6.25
0.12186592072248459,1924,148.5,10.0
0.3599379360675812,1925,168.25,8.25
0.27243345975875854,1926,478.25,7.375
0.2196589857339859,1927,603.25,3.375
0.11182274669408798,1928,421.0,3.875
0.16647247970104218,1929,419.75,6.0
0.14892929792404175,1930,416.0,4.5
0.2690889537334442,1931,401.5,7.25
0.16769659519195557,1932,482.75,7.375
0.16887050867080688,1933,237.0,7.25
0.3036085367202759,1934,494.75,4.625
0.2484470158815384,1935,308.5,6.875
0.23394101858139038,1936,330.25,3.75
0.2432086020708084,1937,531.25,3.25
0.1845591962337494,1938,293.25,3.75
0.33666345477104187,1939,525.0,3.375
0.13169538974761963,1940,631.25,2.5625
0.1539844274520874,1941,220.0,8.25
0.43483877182006836,1942,289.25,5.875
0.25778380036354065,1943,255.5,10.0
0.2548735439777374,1944,535.5,4.5
0.1802809238433838,1945,199.75,10.0
0.24456685781478882,1946,361.75,7.5
0.2833021581172943,1947,332.5,3.5
0.22142112255096436,1948,310.0,6.875
0.23333384096622467,1949,529.25,3.25
0.16656067967414856,1950,276.75,8.625
0.2914588749408722,1951,181.5,10.0
0.3365054130554199,1952,442.75,3.25
0.1603664606809616,1953,134.75,3.0
0.39748087525367737,1954,498.5,5.375
0.16273649036884308,1955,246.75,6.875
0.24168041348457336,1956,233.0,10.0
0.24677243828773499,1957,393.75,5.125
0.16746217012405396,1958,324.5,10.0
0.238888218998909,1959,444.25,2.625
0.18485553562641144,1960,313.25,10.0
0.23170727491378784,1961,319.0,5.625
0.25721752643585205,1962,491.75,3.5
0.19875936210155487,1963,156.0,7.75
0.23122073709964752,1964,179.5,4.75
0.25334423780441284,1965,354.5,5.875
0.2721519470214844,1966,194.75,10.0
0.2400045245885849,1967,184.5,6.5
0.32144129276275635,1968,235.0,10.0
0.3588394820690155,1969,301.5,10.0
0.21659013628959656,1970,207.25,3.75
0.3740130364894867,1971,393.5,7.375
0.17738455533981323,1972,308.75,4.5
0.2402253895998001,1973,419.5,4.625
0.17867009341716766,1974,323.0,2.25
0.18135200440883636,1975,579.5,1.0
0.15848353505134583,1976,208.75,10.0
0.30487707257270813,1977,257.5,5.875
0.4140128195285797,1978,724.75,0.75
0.1198137179017067,1979,240.0,9.0
0.21519766747951508,1980,279.75,10.0
0.2744298279285431,1981,474.0,7.375
0.11092550307512283,1982,143.0,10.0
0.39936110377311707,1983,477.25,3.25
0.17655575275421143,1984,393.25,4.5
0.32232290506362915,1985,332.75,10.0
0.16694915294647217,1986,198.75,10.0
0.3412681221961975,1987,346.75,4.5
0.30958959460258484,1988,347.5,10.0
0.21221326291561127,1989,202.0,8.25
0.22838996350765228,1990,623.75,2.0
0.17333902418613434,1991,582.0,4.75
0.1752959042787552,1992,594.0,5.875
0.15149512887001038,1993,241.75,10.0
0.24368420243263245,1994,234.0,5.4375
0.2933022677898407,1995,206.75,10.0
0.3252469003200531,1996,506.5,3.375
0.1371956616640091,1997,203.75,7.875
0.434943288564682,1998,331.25,7.25
0.22899529337882996,1999,390.5,7.9375
0.2118764966726303,2000,469.75,5.0
0.2681616544723511,2001,293.25,6.0
0.26285290718078613,2002,472.0,6.625
0.1969403773546219,2003,200.0,7.25
0.34932711720466614,2004,382.0,5.125
0.20265574753284454,2005,226.75,10.0
0.19501009583473206,2006,326.75,6.0
0.2861127257347107,2007,420.0,7.25
0.23659242689609528,2008,195.75,8.25
0.4206211566925049,2009,143.25,10.0
0.2700229287147522,2010,226.25,10.0
0.3348510265350342,2011,355.5,6.625
0.23851066827774048,2012,139.25,10.0
0.23717273771762848,2013,686.25,2.125
0.13925352692604065,2014,222.0,5.875
0.3002375662326813,2015,458.5,4.5
0.26236194372177124,2016,646.5,2.25
0.10564764589071274,2017,426.25,4.625
0.2437410056591034,2018,429.75,4.75
0.16901260614395142,2019,199.5,10.0
0.32975324988365173,2020,271.25,10.0
0.23001490533351898,2021,768.0,-1.0
0.15175633132457733,2022,768.0,-1.5
0.10405927151441574,2023,260.25,7.375
0.29144540429115295,2024,391.0,5.75
0.21748197078704834,2025,227.0,3.6875
0.3883434534072876,2026,202.25,10.0
0.2985635995864868,2027,172.0,2.625
0.3105006217956543,2028,291.5,9.75
0.19859850406646729,2029,230.75,8.25
0.30412405729293823,2030,284.75,6.875
0.36926648020744324,2031,417.0,7.5625
0.22139033675193787,2032,283.5,10.0
0.15080730617046356,2033,695.25,2.5
0.14877131581306458,2034,394.25,6.5
0.22298382222652435,2035,504.25,6.0
0.12114204466342926,2036,232.25,6.0
0.28231313824653625,2037,169.25,10.0
0.35914766788482666,2038,285.75,5.875
0.3343525230884552,2039,387.75,10.0
0.19022132456302643,2040,353.75,4.125
0.24919894337654114,2041,223.0,9.75
0.38817915320396423,2042,585.25,5.875
0.15740236639976501,2043,298.25,5.5
0.28600695729255676,2044,411.5,3.5
0.2090270072221756,2045,768.0,-0.5
0.11256437003612518,2046,227.0,4.875
0.37500354647636414,2047,277.5,4.8125
0.3571718633174896,2048,321.75,6.0
0.2459125965833664,2049,457.5,3.25
0.22539715468883514,2050,191.75,7.875
0.35232827067375183,2051,168.5,7.0
0.19894549250602722,2052,527.5,3.25
0.17759189009666443,2053,676.25,4.625
0.08797776699066162,2054,284.75,8.4375
0.2682024836540222,2055,397.75,3.75
0.27884846925735474,2056,217.5,9.0
0.3115874230861664,2057,194.5,10.0
0.24812529981136322,2058,361.0,7.375
0.23749896883964539,2059,262.75,5.25
0.26945552229881287,2060,322.0,6.5
0.23806467652320862,2061,328.5,4.5
0.31352630257606506,2062,628.25,2.125
0.16527923941612244,2063,584.75,2.0
0.1263362318277359,2064,218.75,6.0
0.31463509798049927,2065,640.0,2.5
0.16249601542949677,2066,242.25,5.875
0.3390016257762909,2067,251.25,10.0
0.3563592731952667,2068,317.25,6.0
0.3549846410751343,2069,476.25,2.5
0.1716393381357193,2070,317.0,5.875
0.38871708512306213,2071,212.75,10.0
0.2922917604446411,2072,393.0,7.0
0.20927292108535767,2073,202.0,10.0
0.22278830409049988,2074,117.25,4.25
0.41504353284835815,2075,493.5,7.375
0.11736676096916199,2076,238.0,10.0
0.22864964604377747,2077,354.25,7.6875
0.2542761564254761,2078,405.0,4.5
0.1967495083808899,2079,309.25,10.0
0.1693878024816513,2080,408.25,10.0
0.19259168207645416,2081,618.0,2.125
0.16251298785209656,2082,232.75,9.75
0.28076526522636414,2083,197.0,7.25
0.39016470313072205,2084,512.5,2.5
0.17601417005062103,2085,630.25,3.875
0.1808401644229889,2086,516.0,5.375
0.18664102256298065,2087,369.0,7.25
0.25678667426109314,2088,262.25,8.625
0.3076590299606323,2089,220.5,7.9375
0.38374048471450806,2090,161.5,8.625
0.2752746045589447,2091,157.75,8.25
0.4125889539718628,2092,494.75,1.25
0.1574418544769287,2093,435.75,7.375
0.1487668752670288,2094,499.0,2.25
0.20885606110095978,2095,197.0,8.625
0.27279430627822876,2096,300.0,10.0
0.22760523855686188,2097,135.75,10.0
0.1989973783493042,2098,241.75,8.625
0.3890119791030884,2099,234.75,4.875
0.46561676263809204,2100,667.25,3.0
0.175819993019104,2101,273.0,8.625
0.22118818759918213,2102,160.75,8.25
0.2841250002384186,2103,291.75,8.625
0.25050821900367737,2104,366.75,8.125
0.2109917402267456,2105,310.25,5.25
0.22973380982875824,2106,174.75,10.0
0.19735783338546753,2107,216.5,5.875
0.33175957202911377,2108,479.75,4.625
0.1695612072944641,2109,549.75,3.625
0.11468451470136642,2110,471.0,6.0
0.1889904886484146,2111,251.0,7.5
0.24991445243358612,2112,199.0,4.5
0.3998585641384125,2113,432.0,4.0625
0.25350186228752136,2114,429.25,4.5
0.23097194731235504,2115,494.0,2.0
0.150468111038208,2116,180.25,7.5625
0.28695347905158997,2117,274.75,7.0
0.3278838098049164,2118,490.75,4.625
0.17410822212696075,2119,210.25,8.625
0.35898229479789734,2120,252.0,6.875
0.24013254046440125,2121,96.25,6.5
0.33265435695648193,2122,224.0,10.0
0.3391042947769165,2123,416.25,6.375
0.2263866513967514,2124,357.25,8.625
0.16750319302082062,2125,394.25,4.5
0.2507094442844391,2126,189.0,10.0
0.32132288813591003,2127,128.0,6.5
0.4248221516609192,2128,227.75,7.25
0.3242834210395813,2129,199.75,10.0
0.1754707247018814,2130,444.0,4.625
0.22904279828071594,2131,215.0,8.25
0.34949803352355957,2132,213.0,6.5625
0.19814181327819824,2133,222.25,7.25
0.3760538399219513,2134,472.75,4.0
0.1708226054906845,2135,229.75,8.625
0.3445322513580322,2136,278.5,8.0
0.3700278401374817,2137,182.5,8.625
0.30720722675323486,2138,174.0,10.0
0.37755176424980164,2139,301.5,10.0
0.2122069150209427,2140,350.75,4.875
0.24587614834308624,2141,653.75,4.9375
0.17821818590164185,2142,348.75,6.25
0.22827787697315216,2143,209.75,5.125
0.38092613220214844,2144,182.25,10.0
0.2529260814189911,2145,417.25,10.0
0.21135860681533813,2146,143.75,3.0
0.3262987434864044,2147,359.0,8.625
0.19091449677944183,2148,381.5,7.25
0.28911522030830383,2149,383.5,8.625
0.2806354761123657,2150,213.0,10.0
0.24585120379924774,2151,207.0,10.0
0.33575239777565,2152,177.5,5.75
0.42368367314338684,2153,528.0,4.75
0.10312067717313766,2154,249.75,10.0
0.2339877486228943,2155,316.0,10.0
0.28553858399391174,2156,222.0,10.0
0.2624986469745636,2157,215.75,6.5
0.32354941964149475,2158,325.0,6.625
0.30762550234794617,2159,424.25,3.75
0.2273920178413391,2160,219.0,8.625
0.30863893032073975,2161,207.25,6.625
0.3207509517669678,2162,210.75,6.1875
0.25752687454223633,2163,166.75,9.75
0.4074115455150604,2164,768.0,-1.0
0.07967787981033325,2165,222.75,10.0
0.23491935431957245,2166,391.75,4.5
0.2502633333206177,2167,397.75,5.875
0.3411462903022766,2168,250.25,8.625
0.20645050704479218,2169,154.25,8.25
0.33676135540008545,2170,198.0,6.125
0.2990798056125641,2171,327.5,10.0
0.21268557012081146,2172,475.25,2.0
0.18992847204208374,2173,153.75,2.25
0.2705365717411041,2174,260.75,10.0
0.22287489473819733,2175,187.75,10.0
0.18395692110061646,2176,358.25,8.0
0.1930263787508011,2177,147.5,8.25
0.5710265636444092,2178,170.5,8.25
0.3910652995109558,2179,487.0,5.875
0.21406857669353485,2180,612.0,3.25
0.13163211941719055,2181,154.5,1.0
0.20179875195026398,2182,321.5,3.75
0.26946204900741577,2183,492.25,3.625
0.12169855833053589,2184,219.0,7.25
0.3253508508205414,2185,284.75,4.8125
0.22495023906230927,2186,292.25,5.8125
0.2827572822570801,2187,150.5,10.0
0.458252876996994,2188,319.5,10.0
0.1563640832901001,2189,357.25,5.75
0.20928992331027985,2190,258.75,10.0
0.2316504865884781,2191,275.0,3.8125
0.20992332696914673,2192,186.75,10.0
0.2510806620121002,2193,187.75,10.0
0.25124591588974,2194,131.5,3.0
0.4144405424594879,2195,333.5,4.5
0.29762551188468933,2196,209.75,8.25
0.2942068576812744,2197,368.5,4.8125
0.1812143325805664,2198,608.75,2.0
0.1677442044019699,2199,569.5,2.25
0.18356046080589294,2200,220.25,6.875
0.3212251663208008,2201,691.75,1.0625
0.14385834336280823,2202,325.0,4.25
0.3196626305580139,2203,442.25,3.8125
0.31352829933166504,2204,220.0,7.75
0.18016387522220612,2205,215.0,8.25
0.21771325170993805,2206,342.5,4.75
0.19152727723121643,2207,162.0,4.875
0.31382617354393005,2208,300.25,10.0
0.23891977965831757,2209,213.5,4.75
0.26335206627845764,2210,460.75,4.625
0.15587209165096283,2211,380.0,4.875
0.20883874595165253,2212,261.75,7.25
0.29303935170173645,2213,258.25,6.875
0.3034515678882599,2214,211.5,10.0
0.24094706773757935,2215,235.25,10.0
0.23811784386634827,2216,377.5,7.375
0.13832232356071472,2217,406.25,4.625
0.22388982772827148,2218,317.25,7.5625
0.24621210992336273,2219,607.0,0.25
0.15224231779575348,2220,143.0,5.125
0.43096959590911865,2221,526.0,1.5
0.19308094680309296,2222,352.75,2.5
0.15842674672603607,2223,194.0,10.0
0.3511257469654083,2224,249.5,5.4375
0.2778816223144531,2225,325.75,6.75
0.31048524379730225,2226,647.0,1.375
0.06420649588108063,2227,768.0,-0.5
0.11971549689769745,2228,375.75,6.0
0.1777363270521164,2229,313.5,10.0
0.15574248135089874,2230,168.0,7.25
0.49142321944236755,2231,184.5,8.625
0.32297617197036743,2232,291.25,7.25
0.26234811544418335,2233,257.0,4.125
0.3160572052001953,2234,163.0,7.5625
0.3696514964103699,2235,251.75,9.5
0.2601374685764313,2236,652.5,4.25
0.11527521908283234,2237,742.0,0.125
0.08424545079469681,2238,322.5,10.0
0.24299649894237518,2239,421.25,4.625
0.22351107001304626,2240,219.75,7.0
0.37920790910720825,2241,570.0,2.0
0.17068274319171906,2242,413.75,5.8125
0.19265614449977875,2243,202.5,10.0
0.44123899936676025,2244,183.0,5.75
0.390095978975296,2245,229.0,10.0
0.19754371047019958,2246,588.5,3.375
0.17492298781871796,2247,307.25,4.5
0.21004651486873627,2248,198.25,6.0
0.24004870653152466,2249,167.5,10.0
0.3480938673019409,2250,653.5,0.0
0.10420231521129608,2251,259.0,10.0
0.2098025381565094,2252,609.75,2.75
0.16582253575325012,2253,361.5,6.75
0.2554542124271393,2254,330.75,5.0
0.3127628266811371,2255,326.5,6.0
0.25192293524742126,2256,181.25,9.0
0.3175713121891022,2257,271.0,10.0
0.19314296543598175,2258,519.5,3.625
0.13296592235565186,2259,768.0,-0.5
0.10788615792989731,2260,183.25,9.5
0.23910607397556305,2261,408.5,4.3125
0.19069410860538483,2262,231.75,5.5
0.284175843000412,2263,330.5,5.125
0.2767626941204071,2264,295.5,6.8125
0.21603740751743317,2265,218.5,10.0
0.36433666944503784,2266,768.0,-0.5
0.11644800752401352,2267,282.75,10.0
0.19930583238601685,2268,582.0,3.6875
0.11329978704452515,2269,501.75,10.0
0.1409696638584137,2270,181.25,10.0
0.3884022831916809,2271,661.5,2.0
0.19121582806110382,2272,231.0,7.875
0.3433433771133423,2273,584.75,3.25
0.13057413697242737,2274,689.25,2.375
0.15201833844184875,2275,349.75,10.0
0.2020629346370697,2276,220.0,10.0
0.33012714982032776,2277,353.5,10.0
0.24790383875370026,2278,219.75,10.0
0.238039031624794,2279,716.0,2.25
0.09218621253967285,2280,253.75,5.5625
0.3262980282306671,2281,167.25,6.5
0.3777769207954407,2282,245.5,10.0
0.253218412399292,2283,251.5,8.625
0.27453136444091797,2284,684.25,-0.25
0.1602170169353485,2285,288.0,7.625
0.3206562399864197,2286,546.5,4.75
0.13316483795642853,2287,644.75,0.75
0.18626196682453156,2288,259.75,10.0
0.2989750802516937,2289,620.25,2.0
0.13364113867282867,2290,511.25,6.25
0.19132232666015625,2291,403.25,5.125
0.20998111367225647,2292,205.0,8.0
0.2910180687904358,2293,256.25,7.1875
0.3090038001537323,2294,628.0,2.125
0.1259896457195282,2295,162.25,7.5
0.21233099699020386,2296,269.5,10.0
0.1983986347913742,2297,166.75,6.5
0.27040714025497437,2298,510.25,3.5
0.24505038559436798,2299,372.5,5.875
0.20547932386398315,2300,282.0,7.5625
0.3427560329437256,2301,500.25,3.375
0.149986132979393,2302,258.5,10.0
0.23062482476234436,2303,458.0,4.25
0.16764546930789948,2304,200.0,7.875
0.2122664451599121,2305,386.75,7.0
0.19679628312587738,2306,256.25,5.875
0.2340570092201233,2307,348.25,7.875
0.21037277579307556,2308,238.0,7.375
0.20567713677883148,2309,406.0,9.5
0.11208697408437729,2310,131.25,10.0
0.36429572105407715,2311,599.0,3.375
0.11329923570156097,2312,402.5,7.375
0.13292016088962555,2313,523.5,3.375
0.18622882664203644,2314,488.75,1.5625
0.09365689754486084,2315,563.25,2.0
0.1405189484357834,2316,136.5,8.25
0.45152536034584045,2317,224.25,9.25
0.2648018002510071,2318,514.5,2.25
0.17631061375141144,2319,155.25,8.25
0.3538438379764557,2320,725.0,0.875
0.12296722084283829,2321,347.5,8.0
0.1871141791343689,2322,388.25,6.0
0.20501236617565155,2323,189.75,10.0
0.30683985352516174,2324,256.25,10.0
0.2851538360118866,2325,183.5,10.0
0.3604278564453125,2326,222.0,10.0
0.2291843295097351,2327,270.5,7.25
0.1949234902858734,2328,250.25,4.125
0.2947331964969635,2329,671.25,2.0
0.16239780187606812,2330,317.25,5.875
0.23558352887630463,2331,357.0,4.5
0.2716095745563507,2332,599.5,2.0
0.1452406942844391,2333,448.0,10.0
0.1889881193637848,2334,406.25,10.0
0.18051283061504364,2335,293.75,10.0
0.13247212767601013,2336,197.0,10.0
0.3843415379524231,2337,399.75,5.125
0.20322124660015106,2338,165.5,10.0
0.43208664655685425,2339,450.5,6.0
0.1693238615989685,2340,470.75,3.25
0.17190895974636078,2341,396.0,4.8125
0.165998637676239,2342,298.0,4.5
0.236489936709404,2343,363.25,7.25
0.2632022500038147,2344,394.25,10.0
0.20797735452651978,2345,480.25,6.5
0.18941019475460052,2346,149.0,8.25
0.3573795258998871,2347,211.75,10.0
0.15899798274040222,2348,185.5,8.0
0.16990675032138824,2349,220.5,10.0
0.36072638630867004,2350,196.25,10.0
0.2941548526287079,2351,199.0,8.25
0.28136712312698364,2352,199.75,7.625
0.33404988050460815,2353,317.25,7.25
0.29634377360343933,2354,252.25,4.0
0.34446215629577637,2355,495.75,4.0625
0.1515604555606842,2356,295.0,10.0
0.2288428694009781,2357,669.75,2.0
0.1282496601343155,2358,526.5,4.625
0.2789607644081116,2359,121.5,10.0
0.26826542615890503,2360,379.0,4.125
0.17218615114688873,2361,249.5,10.0
0.2780863344669342,2362,163.25,8.25
0.2996118366718292,2363,191.25,3.625
0.36754873394966125,2364,331.25,10.0
0.1974036544561386,2365,187.75,6.5
0.2757885754108429,2366,181.75,10.0
0.25690147280693054,2367,289.75,5.125
0.2622748613357544,2368,573.75,2.0
0.15078838169574738,2369,367.25,4.625
0.3513660430908203,2370,354.5,10.0
0.17745140194892883,2371,251.75,10.0
0.30115145444869995,2372,323.5,1.75
0.27597829699516296,2373,433.5,7.375
0.23454365134239197,2374,225.25,8.25
0.20896004140377045,2375,233.75,9.75
0.17718851566314697,2376,179.25,10.0
0.2698841691017151,2377,382.25,6.0
0.27518635988235474,2378,265.25,4.5
0.16350272297859192,2379,665.5,1.0
0.13302060961723328,2380,323.25,4.5
0.29868751764297485,2381,235.5,5.125
0.25953757762908936,2382,164.0,10.0
0.16692182421684265,2383,291.5,9.0
0.22810955345630646,2384,426.0,3.625
0.20993046462535858,2385,158.0,10.0
0.35473206639289856,2386,311.75,7.0
0.23310396075248718,2387,505.25,4.75
0.11250949651002884,2388,666.75,2.125
0.13701312243938446,2389,359.25,7.0
0.21367613971233368,2390,205.0,8.25
0.2594148814678192,2391,367.75,8.0
0.252716988325119,2392,189.75,10.0
0.2607367932796478,2393,257.0,8.9375
0.3019227087497711,2394,471.25,4.625
0.21168597042560577,2395,450.25,4.875
0.19767822325229645,2396,308.0,5.875
0.21485929191112518,2397,227.75,10.0
0.38877156376838684,2398,632.0,3.375
0.15051908791065216,2399,515.5,4.625
0.20833316445350647,2400,379.75,6.9375
0.2263462245464325,2401,233.25,5.875
0.35901787877082825,2402,389.5,7.25
0.256716251373291,2403,374.25,10.0
0.1935187727212906,2404,191.5,10.0
0.3557271957397461,2405,177.5,5.125
0.43361228704452515,2406,245.75,9.0
0.3617737293243408,2407,230.25,4.125
0.19841326773166656,2408,204.5,7.25
0.2510371208190918,2409,568.0,3.25
0.13247227668762207,2410,140.75,9.0
0.40456533432006836,2411,485.5,2.5
0.2477947622537613,2412,593.25,4.25
0.09561846405267715,2413,602.5,3.375
0.19007612764835358,2414,311.5,10.0
0.18096193671226501,2415,321.5,4.875
0.24547438323497772,2416,451.5,5.25
0.14523252844810486,2417,213.25,6.5
0.3664613366127014,2418,165.5,6.875
0.41294145584106445,2419,682.75,2.125
0.10609918087720871,2420,439.5,2.75
0.22731919586658478,2421,160.25,6.5
0.4362747371196747,2422,384.25,10.0
0.29086995124816895,2423,305.75,10.0
0.16236230731010437,2424,283.25,8.625
0.30235058069229126,2425,353.5,8.125
0.23654000461101532,2426,164.5,8.25
0.46367642283439636,2427,246.5,8.625
0.44019806385040283,2428,229.5,8.625
0.27507495880126953,2429,756.5,-0.25
0.09974437952041626,2430,143.0,10.0
0.3811079263687134,2431,215.5,10.0
0.27415230870246887,2432,487.25,4.625
0.14063283801078796,2433,159.25,10.0
0.3470084071159363,2434,601.5,2.0
0.1881628781557083,2435,142.75,4.8125
0.4178523123264313,2436,164.5,4.75
0.1813962310552597,2437,190.0,8.25
0.29193297028541565,2438,365.75,4.625
0.2859034836292267,2439,349.5,5.125
0.29606229066848755,2440,186.75,8.25
0.2948833703994751,2441,485.5,3.25
0.2265876680612564,2442,627.75,0.75
0.1581854224205017,2443,428.25,3.875
0.14658263325691223,2444,199.0,3.125
0.2875669300556183,2445,746.25,0.875
0.10693909972906113,2446,459.0,5.875
0.18207184970378876,2447,300.75,10.0
0.2200455516576767,2448,284.25,8.625
0.23799479007720947,2449,305.75,7.875
0.19591186940670013,2450,359.25,3.25
0.20964935421943665,2451,221.5,6.875
0.34566545486450195,2452,717.5,0.875
0.13534045219421387,2453,166.0,6.5
0.4864017367362976,2454,307.5,3.875
0.22876669466495514,2455,505.5,8.0
0.2143302708864212,2456,488.0,7.625
0.2650512754917145,2457,244.25,10.0
0.3473563492298126,2458,201.25,10.0
0.39609837532043457,2459,313.5,7.25
0.26980313658714294,2460,138.5,3.0
0.509122908115387,2461,312.25,10.0
0.19812488555908203,2462,246.75,7.25
0.2401546835899353,2463,320.25,9.5
0.17076432704925537,2464,325.5,8.625
0.14597740769386292,2465,509.75,3.625
0.14234612882137299,2466,183.75,7.25
0.5756193399429321,2467,601.75,1.25
0.1702059805393219,2468,227.0,10.0
0.31207597255706787,2469,192.25,10.0
0.33922886848449707,2470,187.75,10.0
0.3303760290145874,2471,146.0,5.5
0.32303586602211,2472,639.25,1.0
0.10172206908464432,2473,401.5,7.125
0.2124132513999939,2474,250.0,6.625
0.24796384572982788,2475,548.75,3.625
0.18224669992923737,2476,234.0,8.625
0.28222283720970154,2477,305.75,7.25
0.23962274193763733,2478,182.25,10.0
0.27796509861946106,2479,194.5,6.875
0.37359222769737244,2480,294.0,4.125
0.19082237780094147,2481,647.5,3.5
0.1315808892250061,2482,185.5,6.875
0.34599533677101135,2483,278.5,10.0
0.17894470691680908,2484,280.75,3.0
0.33890166878700256,2485,388.0,4.625
0.16637083888053894,2486,619.25,1.25
0.14153581857681274,2487,472.75,3.9375
0.1898968368768692,2488,170.5,7.75
0.28642797470092773,2489,483.5,7.25
0.19662009179592133,2490,409.0,8.625
0.1900433599948883,2491,385.25,5.875
0.19589966535568237,2492,462.25,4.875
0.22696034610271454,2493,496.75,6.375
0.13098527491092682,2494,243.75,10.0
0.27500706911087036,2495,244.75,10.0
0.22312770783901215,2496,184.0,10.0
0.3463939428329468,2497,288.75,6.8125
0.2170652449131012,2498,363.25,10.0
0.18721437454223633,2499,227.0,6.625
0.23036429286003113,2500,300.25,10.0
0.20762065052986145,2501,433.25,7.25
0.16738814115524292,2502,230.5,5.875
0.3237684667110443,2503,236.0,8.625
0.21069678664207458,2504,397.5,7.25
0.24041102826595306,2505,235.75,8.625
0.3384903371334076,2506,388.5,5.125
0.2054077535867691,2507,571.75,4.75
0.14289383590221405,2508,216.75,6.375
0.28576406836509705,2509,465.0,5.25
0.2648570239543915,2510,119.0,8.25
0.41777610778808594,2511,466.5,6.0
0.18320931494235992,2512,313.0,3.75
0.2801687717437744,2513,256.75,5.875
0.21971416473388672,2514,285.75,7.875
0.22087489068508148,2515,464.75,7.875
0.15117426216602325,2516,133.0,6.5
0.5403183102607727,2517,216.5,10.0
0.36324092745780945,2518,238.0,8.625
0.3129124641418457,2519,105.75,10.0
0.40913063287734985,2520,344.25,8.0
0.18710848689079285,2521,557.25,2.5
0.19190995395183563,2522,328.25,6.0
0.14750054478645325,2523,184.5,8.25
0.2288416475057602,2524,426.0,6.625
0.23923929035663605,2525,252.75,5.875
0.3219378590583801,2526,374.25,6.125
0.19176208972930908,2527,386.0,4.625
0.2372201830148697,2528,200.0,10.0
0.22654257714748383,2529,228.5,8.9375
0.32934167981147766,2530,599.0,3.375
0.1486031711101532,2531,255.5,10.0
0.12591701745986938,2532,319.5,10.0
0.2028544396162033,2533,327.5,9.5
0.3475220203399658,2534,372.0,4.375
0.21596014499664307,2535,189.25,10.0
0.3175193965435028,2536,140.25,4.75
0.4571821689605713,2537,463.25,5.125
0.17471835017204285,2538,255.0,4.5
0.32227006554603577,2539,532.25,3.25
0.11705105006694794,2540,350.5,7.375
0.15448826551437378,2541,330.0,6.25
0.20469269156455994,2542,475.75,2.75
0.20092056691646576,2543,245.0,10.0
0.23560462892055511,2544,323.0,7.875
0.29468145966529846,2545,427.75,7.375
0.1903429925441742,2546,334.25,5.875
0.20121654868125916,2547,235.5,10.0
0.25257399678230286,2548,327.25,4.8125
0.2963031232357025,2549,284.25,7.25
0.24057698249816895,2550,243.5,10.0
0.2586742639541626,2551,435.75,4.625
0.17039714753627777,2552,384.75,4.5
0.2973942458629608,2553,688.25,0.75
0.16436168551445007,2554,392.25,5.875
0.16855870187282562,2555,234.5,5.4375
0.29963961243629456,2556,233.25,7.25
0.27245473861694336,2557,252.0,8.625
0.24104280769824982,2558,221.0,8.25
0.3796420097351074,2559,234.25,7.875
0.30029311776161194,2560,450.75,3.875
0.19516877830028534,2561,325.75,8.625
0.2508116364479065,2562,291.5,4.75
0.2261102944612503,2563,265.0,5.4375
0.1976926624774933,2564,499.75,3.625
0.27104660868644714,2565,768.0,-0.5
0.10503286123275757,2566,255.75,8.625
0.2392410933971405,2567,606.75,3.375
0.1414772868156433,2568,308.75,5.125
0.23884904384613037,2569,652.0,7.375
0.15153346955776215,2570,296.25,4.5
0.26479634642601013,2571,369.5,3.75
0.27677762508392334,2572,141.25,8.25
0.3638799488544464,2573,193.0,6.5
0.3728170394897461,2574,376.5,7.375
0.14791104197502136,2575,226.5,5.5
0.3256368339061737,2576,251.5,7.875
0.26740962266921997,2577,257.0,7.25
0.21284985542297363,2578,184.75,10.0
0.33929145336151123,2579,103.75,4.75
0.30658066272735596,2580,312.25,4.5
0.2597557008266449,2581,368.25,8.625
0.1581190675497055,2582,293.25,5.4375
0.30911555886268616,2583,387.25,4.8125
0.1356387585401535,2584,614.25,2.0
0.16571122407913208,2585,206.5,10.0
0.4128524959087372,2586,180.0,8.625
0.33590608835220337,2587,226.75,8.0
0.42884561419487,2588,251.0,5.875
0.254548579454422,2589,144.5,7.875
0.32504770159721375,2590,287.25,10.0
0.21239309012889862,2591,281.5,4.75
0.22204084694385529,2592,529.0,3.375
0.20951420068740845,2593,473.5,5.0
0.16297365725040436,2594,285.75,7.625
0.27417612075805664,2595,265.75,10.0
0.27464351058006287,2596,291.25,8.0
0.32869240641593933,2597,245.25,8.25
0.33697545528411865,2598,723.25,0.0
0.13627880811691284,2599,164.5,4.5
0.285420298576355,2600,260.5,9.25
0.22586975991725922,2601,438.5,4.625
0.1775428205728531,2602,239.75,10.0
0.2511885166168213,2603,328.5,7.25
0.2565600275993347,2604,404.0,6.875
0.20142634212970734,2605,464.0,3.25
0.1656574010848999,2606,254.25,8.625
0.26816079020500183,2607,339.0,3.8125
0.25218144059181213,2608,149.5,10.0
0.5233364701271057,2609,572.75,2.75
0.1077413484454155,2610,505.0,4.9375
0.187875896692276,2611,216.0,10.0
0.33462202548980713,2612,369.75,5.25
0.20334932208061218,2613,308.75,5.4375
0.1903691291809082,2614,362.75,4.875
0.19637756049633026,2615,488.0,3.75
0.14290182292461395,2616,563.75,4.75
0.10903041064739227,2617,357.5,5.875
0.3251781761646271,2618,601.25,4.625
0.20816098153591156,2619,296.0,10.0
0.23203468322753906,2620,237.75,10.0
0.295820415019989,2621,486.0,4.375
0.2525404989719391,2622,278.75,6.125
0.18882860243320465,2623,174.75,3.375
0.4494757056236267,2624,227.75,10.0
0.2696962058544159,2625,352.25,5.875
0.22053146362304688,2626,613.25,6.0
0.24382632970809937,2627,113.75,2.625
0.38809534907341003,2628,214.25,3.75
0.3266684114933014,2629,407.5,7.25
0.21155141294002533,2630,188.25,9.75
0.34376847743988037,2631,463.0,4.5
0.12328421324491501,2632,190.0,10.0
0.3394242823123932,2633,359.75,7.5625
0.18886981904506683,2634,498.75,4.125
0.20996735990047455,2635,228.75,7.25
0.3057618737220764,2636,193.0,5.875
0.3853096663951874,2637,306.25,7.5625
0.192579448223114,2638,223.0,10.0
0.27605918049812317,2639,282.5,9.0
0.24417583644390106,2640,273.75,8.625
0.25735652446746826,2641,274.5,10.0
0.2994944155216217,2642,621.25,2.125
0.12325666844844818,2643,670.25,0.75
0.1523708701133728,2644,495.0,3.25
0.22083640098571777,2645,254.5,7.0
0.3034485876560211,2646,285.25,10.0
0.21668122708797455,2647,302.25,9.0
0.13330751657485962,2648,165.5,10.0
0.26163819432258606,2649,494.5,3.375
0.14503207802772522,2650,406.25,4.5
0.2611027956008911,2651,202.75,4.75
0.2246958315372467,2652,191.75,10.0
0.2659761607646942,2653,213.0,7.5
0.285768061876297,2654,259.25,7.125
0.23055453598499298,2655,152.25,8.25
0.31072866916656494,2656,404.5,5.875
0.19739846885204315,2657,432.0,8.75
0.15974175930023193,2658,410.75,6.0
0.18019577860832214,2659,435.5,3.9375
0.1609809249639511,2660,141.75,10.0
0.42004284262657166,2661,307.5,6.25
0.29860782623291016,2662,484.25,4.625
0.1929781436920166,2663,297.0,1.25
0.3091139495372772,2664,566.0,8.625
0.20857025682926178,2665,203.25,7.1875
0.34420719742774963,2666,385.0,4.5
0.2706965208053589,2667,392.5,10.0
0.24019227921962738,2668,281.0,8.25
0.23242780566215515,2669,276.5,5.875
0.26830732822418213,2670,227.25,9.5
0.2727292478084564,2671,169.25,6.5
0.37854814529418945,2672,187.0,3.75
0.42974621057510376,2673,149.75,8.9375
0.22323589026927948,2674,217.75,7.25
0.3974931538105011,2675,744.5,2.5
0.10201796889305115,2676,248.75,3.3125
0.28570130467414856,2677,208.25,7.25
0.3860941231250763,2678,333.25,7.625
0.2822990119457245,2679,331.75,7.25
0.2316952496767044,2680,523.75,2.375
0.15526321530342102,2681,284.25,8.625
0.29320964217185974,2682,278.0,10.0
0.15799139440059662,2683,630.5,4.75
0.12044130265712738,2684,240.0,10.0
0.2852146327495575,2685,222.25,8.25
0.33133217692375183,2686,249.25,10.0
0.21804814040660858,2687,200.25,10.0
0.47454845905303955,2688,167.5,10.0
0.2748403251171112,2689,220.5,10.0
0.3451519310474396,2690,283.5,8.625
0.28438103199005127,2691,295.75,8.625
0.32569217681884766,2692,195.25,5.125
0.3566288948059082,2693,218.75,5.875
0.31091827154159546,2694,232.5,5.875
0.29806575179100037,2695,228.25,5.125
0.25431951880455017,2696,281.25,5.5
0.2545318007469177,2697,240.25,8.625
0.35390743613243103,2698,154.5,3.0
0.35745111107826233,2699,194.5,4.75
0.2734013795852661,2700,556.0,3.25
0.17196598649024963,2701,490.5,2.125
0.167769193649292,2702,550.0,4.625
0.19163036346435547,2703,419.25,5.125
0.2572789788246155,2704,210.0,7.875
0.22913996875286102,2705,301.25,5.875
0.23901157081127167,2706,293.25,5.875
0.3201237916946411,2707,506.5,2.0
0.21854831278324127,2708,157.75,8.0
0.30119603872299194,2709,188.75,6.25
0.4140159785747528,2710,440.75,6.375
0.21397972106933594,2711,244.0,8.625
0.28441739082336426,2712,768.0,-0.5
0.13128778338432312,2713,718.25,1.0625
0.1327148824930191,2714,251.0,10.0
0.30894961953163147,2715,226.5,10.0
0.25828585028648376,2716,201.5,7.25
0.32102444767951965,2717,543.75,3.25
0.24500499665737152,2718,246.5,8.375
0.4016861021518707,2719,206.5,4.8125
0.33350831270217896,2720,442.0,5.5
0.2233143001794815,2721,196.0,9.75
0.272981733083725,2722,350.75,5.25
0.21846719086170197,2723,210.5,5.75
0.31421491503715515,2724,167.75,5.125
0.33952054381370544,2725,257.0,9.75
0.3008423447608948,2726,387.0,8.625
0.2712736129760742,2727,361.25,2.75
0.1998932659626007,2728,640.25,1.0
0.13181574642658234,2729,194.25,8.25
0.3559984862804413,2730,404.75,5.875
0.23010936379432678,2731,368.25,4.8125
0.24464727938175201,2732,266.25,8.4375
0.3084474503993988,2733,364.5,5.125
0.2548740804195404,2734,287.25,5.0
0.1967332810163498,2735,480.25,2.0
0.13454391062259674,2736,303.0,7.875
0.3283601999282837,2737,178.0,10.0
0.31162229180336,2738,294.25,9.75
0.1711125373840332,2739,320.5,8.625
0.29188692569732666,2740,244.5,5.4375
0.24257615208625793,2741,273.75,7.0
0.3194396197795868,2742,315.25,10.0
0.19116075336933136,2743,177.0,6.5
0.25684571266174316,2744,409.5,8.625
0.24034903943538666,2745,302.75,10.0
0.28590208292007446,2746,530.75,3.25
0.20290623605251312,2747,400.0,3.25
0.23065847158432007,2748,324.0,10.0
0.23502685129642487,2749,403.0,3.5625
0.1530904322862625,2750,404.25,4.5
0.2514039874076843,2751,675.0,2.125
0.18068933486938477,2752,105.75,8.25
0.4180285632610321,2753,328.5,5.875
0.18217645585536957,2754,205.5,6.625
0.3331597149372101,2755,389.5,7.375
0.22082307934761047,2756,263.25,7.625
0.338615357875824,2757,216.0,4.5
0.20417898893356323,2758,464.5,3.25
0.22964391112327576,2759,449.25,6.0
0.2547816336154938,2760,254.5,8.625
0.1922973096370697,2761,192.5,10.0
0.43474552035331726,2762,768.0,-0.5
0.1079699844121933,2763,214.75,8.625
0.19555479288101196,2764,420.25,6.0
0.16028331220149994,2765,335.0,8.25
0.12942898273468018,2766,459.25,5.625
0.15515510737895966,2767,263.25,6.375
0.22170855104923248,2768,204.0,7.25
0.28624188899993896,2769,215.5,8.625
0.30661508440971375,2770,459.75,4.875
0.25206583738327026,2771,297.0,8.625
0.23551273345947266,2772,305.75,8.625
0.2185501903295517,2773,365.25,8.625
0.2527659237384796,2774,288.25,10.0
0.30815795063972473,2775,231.0,9.0
0.32957813143730164,2776,289.0,8.625
0.283536434173584,2777,146.5,6.875
0.3306848108768463,2778,206.75,6.3125
0.300845205783844,2779,171.5,10.0
0.39387962222099304,2780,402.0,2.875
0.19754041731357574,2781,248.75,6.625
0.2441759556531906,2782,236.75,10.0
0.2821390628814697,2783,206.25,7.25
0.33766722679138184,2784,658.75,0.75
0.20805275440216064,2785,356.0,5.75
0.29787060618400574,2786,373.5,7.25
0.2819347381591797,2787,380.75,5.875
0.2844390273094177,2788,249.25,10.0
0.32227036356925964,2789,211.0,5.75
0.2615585923194885,2790,215.0,7.25
0.21408163011074066,2791,230.5,10.0
0.22593607008457184,2792,237.75,8.625
0.2788001000881195,2793,180.0,4.5
0.35643598437309265,2794,543.75,0.5
0.14408911764621735,2795,223.25,6.5
0.49191418290138245,2796,240.5,4.375
0.2922811508178711,2797,207.75,10.0
0.29533272981643677,2798,453.25,3.625
0.2199225127696991,2799,338.75,5.8125
0.26695290207862854,2800,221.0,10.0
0.2767091691493988,2801,269.0,8.625
0.225234255194664,2802,535.0,3.25
0.15383842587471008,2803,462.25,5.125
0.19638650119304657,2804,273.5,5.875
0.2601514160633087,2805,132.5,3.0
0.45201385021209717,2806,216.5,8.25
0.2916775643825531,2807,186.25,8.25
0.39745476841926575,2808,518.75,3.25
0.18344232439994812,2809,226.75,10.0
0.2571201026439667,2810,274.75,6.625
0.31098583340644836,2811,460.0,4.5
0.22533532977104187,2812,373.5,4.5
0.2846199572086334,2813,216.5,9.5
0.376507967710495,2814,409.5,7.25
0.19512273371219635,2815,230.25,5.5
0.24942056834697723,2816,197.25,4.5
0.36964887380599976,2817,181.75,10.0
0.24599264562129974,2818,400.75,4.9375
0.23506136238574982,2819,224.0,8.625
0.36402055621147156,2820,493.25,4.25
0.16718414425849915,2821,170.5,6.5
0.19050541520118713,2822,230.0,10.0
0.27168744802474976,2823,257.5,5.5
0.2730449438095093,2824,279.5,9.5
0.2897813320159912,2825,416.75,5.875
0.2511727213859558,2826,403.75,6.0
0.25055229663848877,2827,506.0,5.25
0.18288922309875488,2828,385.25,4.8125
0.264340341091156,2829,284.0,6.25
0.3005381226539612,2830,378.5,4.5
0.24845145642757416,2831,441.25,6.5
0.22043587267398834,2832,199.0,5.125
0.41808563470840454,2833,495.75,1.0
0.16920919716358185,2834,513.75,2.75
0.17349955439567566,2835,233.5,5.125
0.24501895904541016,2836,214.5,10.0
0.42639079689979553,2837,401.25,7.25
0.20698730647563934,2838,442.5,4.5
0.17262573540210724,2839,201.25,10.0
0.20041494071483612,2840,293.5,8.75
0.24759706854820251,2841,208.25,6.25
0.4515363276004791,2842,194.25,10.0
0.29131388664245605,2843,399.0,4.625
0.1554459035396576,2844,252.5,5.4375
0.3116513788700104,2845,184.5,6.625
0.19312125444412231,2846,304.75,8.4375
0.33973103761672974,2847,198.0,8.25
0.43081992864608765,2848,553.0,3.5
0.16858860850334167,2849,263.75,4.75
0.2687890827655792,2850,434.75,7.375
0.19038504362106323,2851,179.0,10.0
0.34642550349235535,2852,357.0,4.25
0.1993337720632553,2853,280.5,5.875
0.2272436022758484,2854,308.5,5.75
0.2060832530260086,2855,265.75,10.0
0.4143647849559784,2856,212.0,8.25
0.21438582241535187,2857,252.25,3.25
0.30289700627326965,2858,303.0,7.25
0.31587204337120056,2859,174.75,10.0
0.33622297644615173,2860,445.75,5.25
0.2768026888370514,2861,256.75,8.625
0.27098873257637024,2862,491.5,6.0
0.2402680218219757,2863,768.0,-0.5
0.10927846282720566,2864,331.5,5.5
0.24692007899284363,2865,398.75,6.0
0.20683202147483826,2866,369.75,4.5
0.20565564930438995,2867,357.5,5.625
0.26152703166007996,2868,237.5,6.8125
0.35537657141685486,2869,423.0,5.25
0.2377467304468155,2870,267.0,6.875
0.2771388590335846,2871,289.25,4.5
0.30323177576065063,2872,225.0,2.875
0.16576623916625977,2873,197.5,3.5
0.30380842089653015,2874,224.25,10.0
0.2635486423969269,2875,287.75,9.75
0.21259237825870514,2876,219.5,9.75
0.29349297285079956,2877,705.25,1.0
0.07985801994800568,2878,304.5,8.625
0.2878415882587433,2879,240.75,8.375
0.3260350525379181,2880,337.25,10.0
0.24601680040359497,2881,418.0,3.625
0.14494173228740692,2882,226.25,10.0
0.4305669665336609,2883,178.25,6.125
0.39835765957832336,2884,326.0,5.875
0.3126865327358246,2885,226.25,10.0
0.33884599804878235,2886,185.75,6.5
0.20471610128879547,2887,234.0,10.0
0.21434377133846283,2888,377.75,4.875
0.24461248517036438,2889,634.75,6.125
0.13411037623882294,2890,320.5,6.1875
0.2158288061618805,2891,346.0,2.75
0.22278261184692383,2892,200.0,8.0
0.30612120032310486,2893,292.0,7.5625
0.208317369222641,2894,638.5,2.125
0.15119634568691254,2895,768.0,-0.5
0.178216814994812,2896,278.75,9.0
0.2491411715745926,2897,288.75,5.25
0.28265973925590515,2898,253.0,6.5
0.3690837025642395,2899,221.5,10.0
0.305889755487442,2900,515.25,6.0
0.13450945913791656,2901,294.75,6.8125
0.25405195355415344,2902,179.25,8.25
0.5233880877494812,2903,214.0,10.0
0.2712911367416382,2904,369.25,4.625
0.23537509143352509,2905,444.5,4.5
0.17071713507175446,2906,558.5,2.0
0.17503607273101807,2907,223.5,10.0
0.2999404966831207,2908,324.0,4.5
0.26526939868927,2909,260.5,10.0
0.23110736906528473,2910,145.0,3.75
0.3947286605834961,2911,417.5,5.25
0.22619636356830597,2912,410.75,7.875
0.17511345446109772,2913,467.0,7.25
0.16464579105377197,2914,217.5,10.0
0.23977446556091309,2915,340.5,4.5
0.199695885181427,2916,496.0,6.75
0.1915830671787262,2917,517.0,3.0
0.17000579833984375,2918,308.5,10.0
0.12906943261623383,2919,691.0,2.625
0.08025708049535751,2920,266.25,6.875
0.30348798632621765,2921,670.5,2.125
0.12915441393852234,2922,586.25,1.8125
0.11530859768390656,2923,210.5,10.0
0.40971821546554565,2924,297.75,8.625
0.2713101804256439,2925,332.75,8.625
0.3624911308288574,2926,312.0,4.125
0.25246497988700867,2927,672.0,4.625
0.17870362102985382,2928,398.0,7.375
0.24934950470924377,2929,343.75,10.0
0.28265580534935,2930,525.75,3.25
0.21229922771453857,2931,641.5,1.875
0.10389654338359833,2932,192.25,8.0
0.2104613184928894,2933,455.5,7.25
0.2896229028701782,2934,571.75,1.5
0.1364840269088745,2935,226.75,9.75
0.2548655569553375,2936,340.25,8.25
0.25802963972091675,2937,242.0,4.5
0.24358363449573517,2938,452.25,8.375
0.24571380019187927,2939,505.5,3.375
0.14464972913265228,2940,327.5,7.25
0.2659884989261627,2941,237.25,8.625
0.18479236960411072,2942,617.0,2.0
0.2075171172618866,2943,285.75,8.625
0.24458681046962738,2944,235.0,4.8125
0.31520310044288635,2945,683.0,2.125
0.11663135886192322,2946,768.0,-0.5
0.14801070094108582,2947,385.75,4.5
0.24819907546043396,2948,302.25,10.0
0.2888574004173279,2949,608.25,3.375
0.1473604440689087,2950,183.25,10.0
0.4468952417373657,2951,290.25,8.9375
0.42930808663368225,2952,305.0,8.625
0.1661268174648285,2953,314.25,10.0
0.23747669160366058,2954,204.75,10.0
0.2969052195549011,2955,199.0,8.375
0.29069089889526367,2956,393.75,8.375
0.2480897158384323,2957,291.25,4.875
0.2864956557750702,2958,596.5,2.0
0.2220613956451416,2959,228.75,10.0
0.3858754336833954,2960,312.5,8.625
0.24155625700950623,2961,167.0,6.875
0.46661999821662903,2962,304.0,4.5
0.3159215748310089,2963,292.0,8.375
0.2573075592517853,2964,189.0,8.25
0.3595808744430542,2965,242.5,8.625
0.2226371318101883,2966,354.25,6.1875
0.2237853854894638,2967,239.5,3.0
0.33618614077568054,2968,758.0,0.875
0.11667027324438095,2969,263.75,10.0
0.24375788867473602,2970,625.25,3.25
0.16371747851371765,2971,335.0,10.0
0.2964208722114563,2972,280.5,6.875
0.24984519183635712,2973,288.0,4.5
0.34477707743644714,2974,297.75,9.5
0.2759097218513489,2975,519.0,3.625
0.17014770209789276,2976,256.25,10.0
0.2554886043071747,2977,547.0,4.125
0.23483586311340332,2978,186.0,6.5
0.32558736205101013,2979,243.25,10.0
0.273408979177475,2980,500.5,6.0
0.16872157156467438,2981,358.0,3.75
0.2328726351261139,2982,427.5,3.875
0.2661457657814026,2983,259.0,10.0
0.17021715641021729,2984,298.25,10.0
0.3444671630859375,2985,544.25,2.5
0.2483605444431305,2986,299.0,5.125
0.20637649297714233,2987,259.5,10.0
0.2952529788017273,2988,217.75,2.5
0.29683470726013184,2989,230.5,10.0
0.252553790807724,2990,114.75,4.75
0.30850592255592346,2991,159.0,3.0
0.4412759840488434,2992,461.5,5.75
0.21139350533485413,2993,297.75,4.625
0.2063363939523697,2994,374.75,8.625
0.2756286859512329,2995,274.75,5.75
0.2500638961791992,2996,421.25,4.5
0.24534687399864197,2997,307.25,3.5
0.33901673555374146,2998,447.25,3.625
0.19925419986248016,2999,237.0,9.75
0.278965562582016,3000,204.5,10.0
0.2359604835510254,3001,427.75,10.0
0.22141188383102417,3002,421.75,6.5625
0.245663583278656,3003,235.5,4.625
0.23176583647727966,3004,353.25,4.5
0.26099246740341187,3005,295.75,10.0
0.18200191855430603,3006,284.0,4.0
0.24907800555229187,3007,254.5,10.0
0.2854410707950592,3008,266.0,6.0
0.2954878509044647,3009,162.75,10.0
0.3064277172088623,3010,360.5,4.5
0.28003180027008057,3011,606.75,3.375
0.20472092926502228,3012,391.25,8.625
0.20431716740131378,3013,486.0,5.875
0.21734555065631866,3014,228.75,6.5
0.3805844187736511,3015,607.25,2.625
0.2271401286125183,3016,235.25,10.0
0.29586318135261536,3017,294.75,10.0
0.22532515227794647,3018,160.25,10.0
0.29861894249916077,3019,218.0,10.0
0.35247185826301575,3020,412.0,4.625
0.19184592366218567,3021,298.25,5.875
0.31288942694664,3022,424.5,2.25
0.2919665575027466,3023,474.75,4.125
0.18012012541294098,3024,248.75,4.5
0.23878638446331024,3025,129.75,5.75
0.32741546630859375,3026,271.0,6.25
0.2851308584213257,3027,646.25,1.0
0.15808798372745514,3028,208.5,10.0
0.31093862652778625,3029,351.0,6.625
0.19604676961898804,3030,237.0,10.0
0.30841535329818726,3031,354.5,8.0
0.13465675711631775,3032,389.0,8.5
0.2611708343029022,3033,413.5,8.9375
0.14500132203102112,3034,279.5,9.5
0.19031108915805817,3035,512.25,3.125
0.17349740862846375,3036,174.0,5.75
0.24757343530654907,3037,260.75,5.0
0.2261814922094345,3038,671.0,2.375
0.17026987671852112,3039,179.25,6.1875
0.27231305837631226,3040,272.0,7.5625
0.35662442445755005,3041,201.25,7.75
0.22580868005752563,3042,237.0,5.875
0.37419983744621277,3043,227.75,8.25
0.41091448068618774,3044,195.25,9.0
0.28652718663215637,3045,118.25,8.25
0.2669214904308319,3046,242.0,8.25
0.265476793050766,3047,272.5,8.625
0.21270476281642914,3048,603.0,3.25
0.15250995755195618,3049,317.75,10.0
0.20912304520606995,3050,315.25,6.25
0.21597962081432343,3051,290.75,5.875
0.24780920147895813,3052,173.25,5.125
0.3637779951095581,3053,190.0,9.25
0.2741355895996094,3054,300.5,8.625
0.17185179889202118,3055,513.5,3.25
0.20158469676971436,3056,279.0,5.0
0.2851242423057556,3057,258.75,8.625
0.2963656187057495,3058,229.25,5.125
0.31174391508102417,3059,427.0,6.0
0.21969911456108093,3060,513.25,3.25
0.22625558078289032,3061,503.0,3.25
0.19479118287563324,3062,333.25,5.625
0.15031172335147858,3063,370.75,7.625
0.24708545207977295,3064,188.25,4.5
0.1643671840429306,3065,425.5,3.25
0.15980388224124908,3066,270.25,4.5
0.34675613045692444,3067,362.25,3.625
0.1835394650697708,3068,188.0,5.125
0.2525061368942261,3069,293.5,4.875
0.28576189279556274,3070,255.0,8.625
0.37238484621047974,3071,683.0,0.75
0.15880310535430908,3072,333.25,4.25
0.1997261494398117,3073,271.25,8.625
0.2554636299610138,3074,411.75,7.25
0.29948335886001587,3075,210.25,4.5
0.3870498538017273,3076,588.0,1.25
0.21859313547611237,3077,191.75,10.0
0.23324894905090332,3078,152.25,5.125
0.38785430788993835,3079,181.0,7.25
0.3962722420692444,3080,232.25,5.5
0.2994190752506256,3081,151.75,8.625
0.4433416426181793,3082,167.75,8.625
0.361461341381073,3083,365.5,3.5625
0.27485769987106323,3084,255.25,10.0
0.20195519924163818,3085,322.25,8.25
0.12605024874210358,3086,103.75,7.75
0.35556691884994507,3087,148.5,7.625
0.4092572331428528,3088,415.75,4.875
0.16800928115844727,3089,330.5,10.0
0.21541082859039307,3090,435.75,5.625
0.2144535928964615,3091,405.25,8.375
0.2256534993648529,3092,377.25,5.5
0.20265425741672516,3093,248.25,4.5
0.27302494645118713,3094,280.75,6.5
0.31395983695983887,3095,250.75,8.625
0.3913983702659607,3096,597.25,1.25
0.1725967526435852,3097,289.0,10.0
0.16455303132534027,3098,325.5,5.25
0.3328000605106354,3099,344.5,7.1875
0.2275308519601822,3100,250.0,10.0
0.3018481731414795,3101,236.75,4.0
0.2595342695713043,3102,241.75,6.875
0.22634917497634888,3103,377.5,2.5
0.26796650886535645,3104,247.5,8.625
0.23527944087982178,3105,683.0,-0.25
0.15528921782970428,3106,590.0,2.375
0.10242792218923569,3107,136.75,10.0
0.3802100419998169,3108,149.25,6.5
0.3365423381328583,3109,318.75,3.0
0.2747576832771301,3110,361.25,7.5625
0.23609322309494019,3111,494.25,2.875
0.12318975478410721,3112,180.5,5.125
0.28012755513191223,3113,260.0,7.25
0.32020699977874756,3114,335.25,4.8125
0.23561032116413116,3115,224.75,10.0
0.3062761425971985,3116,413.25,4.5
0.2672475278377533,3117,333.75,7.5625
0.24353325366973877,3118,240.25,8.0
0.25814080238342285,3119,272.25,6.75
0.36942917108535767,3120,285.75,4.875
0.2632412016391754,3121,185.0,6.5
0.3735051453113556,3122,341.75,6.5
0.2375354766845703,3123,383.25,4.125
0.19444766640663147,3124,555.25,3.25
0.1631975620985031,3125,155.5,10.0
0.3048735558986664,3126,481.5,2.5
0.2088947892189026,3127,587.0,3.25
0.19845904409885406,3128,679.75,0.75
0.14590230584144592,3129,314.25,5.625
0.2352333962917328,3130,296.75,9.5
0.16567279398441315,3131,373.75,4.5
0.31283414363861084,3132,122.75,10.0
0.3404901325702667,3133,285.0,8.625
0.32724422216415405,3134,222.5,10.0
0.3181264400482178,3135,566.0,3.25
0.1017180010676384,3136,166.0,8.625
0.290069580078125,3137,261.5,7.0
0.2463466227054596,3138,298.75,5.75
0.2229977399110794,3139,314.75,6.625
0.2600570321083069,3140,298.0,6.875
0.23017704486846924,3141,277.5,9.5
0.3167419135570526,3142,461.0,6.0
0.25902774930000305,3143,321.0,5.5
0.13031251728534698,3144,446.0,7.375
0.15506041049957275,3145,609.0,1.625
0.18185225129127502,3146,296.75,8.25
0.25121167302131653,3147,577.25,5.625
0.11635134369134903,3148,180.75,8.25
0.39589428901672363,3149,243.0,10.0
0.24471476674079895,3150,265.5,4.0
0.28032028675079346,3151,350.5,3.125
0.24050329625606537,3152,198.5,6.875
0.39117252826690674,3153,353.0,1.75
0.23200851678848267,3154,371.75,4.5
0.25590527057647705,3155,479.5,4.625
0.2119569182395935,3156,346.5,7.25
0.28569841384887695,3157,441.0,5.875
0.16220274567604065,3158,351.5,8.0
0.30225440859794617,3159,360.0,6.25
0.20731976628303528,3160,157.75,4.75
0.3524932861328125,3161,395.75,7.25
0.2650391459465027,3162,234.25,10.0
0.22356896102428436,3163,311.0,4.5
0.257742315530777,3164,174.25,7.25
0.35761377215385437,3165,202.5,10.0
0.29666608572006226,3166,498.25,3.875
0.1931343823671341,3167,187.0,6.125
0.23597435653209686,3168,235.25,4.5
0.3434165120124817,3169,490.75,3.25
0.20665457844734192,3170,279.5,3.75
0.27673467993736267,3171,296.25,8.625
0.3096564710140228,3172,419.75,3.5625
0.23970861732959747,3173,468.0,4.5
0.1462840735912323,3174,529.75,4.5
0.1343592405319214,3175,510.75,4.0
0.17260169982910156,3176,322.5,10.0
0.20963309705257416,3177,336.0,7.25
0.2494087964296341,3178,408.25,10.0
0.22503551840782166,3179,621.25,0.75
0.24910767376422882,3180,546.75,2.5
0.1259395033121109,3181,222.25,7.875
0.2506069839000702,3182,276.75,5.125
0.22320646047592163,3183,337.5,10.0
0.28509557247161865,3184,212.75,6.5
0.3483440577983856,3185,285.5,6.25
0.18350708484649658,3186,165.5,8.25
0.41456568241119385,3187,408.5,4.5
0.278406023979187,3188,626.5,2.25
0.1629834920167923,3189,253.5,6.5
0.22242987155914307,3190,224.0,10.0
0.29643166065216064,3191,196.0,10.0
0.3029281198978424,3192,345.25,6.875
0.28891661763191223,3193,423.25,5.0625
0.25016722083091736,3194,368.0,7.25
0.26441705226898193,3195,186.0,8.625
0.25447049736976624,3196,630.75,2.0
0.2110462486743927,3197,167.0,4.75
0.44039106369018555,3198,212.5,8.25
0.23204851150512695,3199,307.75,5.0
0.23606257140636444,3200,303.25,3.75
0.21166680753231049,3201,217.5,10.0
0.389936238527298,3202,537.75,2.25
0.24258889257907867,3203,292.75,5.25
0.19773231446743011,3204,258.0,10.0
0.1694318950176239,3205,191.5,10.0
0.24625597894191742,3206,530.0,2.0
0.14550557732582092,3207,698.75,0.0
0.16006802022457123,3208,177.0,3.25
0.3696848154067993,3209,275.75,9.75
0.3874560594558716,3210,181.0,10.0
0.36507147550582886,3211,221.25,10.0
0.24966463446617126,3212,420.25,4.5
0.24064122140407562,3213,286.0,10.0
0.24843604862689972,3214,173.25,8.25
0.2594219446182251,3215,730.5,0.75
0.11478827148675919,3216,299.5,7.5625
0.2294532209634781,3217,172.5,5.8125
0.46850597858428955,3218,243.0,10.0
0.2525493800640106,3219,213.25,6.875
0.26064690947532654,3220,182.0,6.0
0.2974197268486023,3221,503.75,5.625
0.19222627580165863,3222,588.5,4.875
0.19358773529529572,3223,191.25,10.0
0.2465711086988449,3224,269.25,5.125
0.24634145200252533,3225,545.25,4.0
0.140483558177948,3226,400.75,4.5
0.22682975232601166,3227,265.0,10.0
0.30486372113227844,3228,179.0,8.625
0.32977962493896484,3229,284.0,10.0
0.23544828593730927,3230,327.75,6.625
0.28560301661491394,3231,405.5,1.75
0.24720142781734467,3232,697.5,3.375
0.13740934431552887,3233,768.0,-0.75
0.13562610745429993,3234,398.25,5.5
0.25351276993751526,3235,318.75,7.25
0.27685728669166565,3236,241.75,8.9375
0.3394332528114319,3237,182.25,5.25
0.5069909691810608,3238,478.75,5.375
0.1988368183374405,3239,527.75,10.0
0.15822364389896393,3240,273.5,8.125
0.2933424711227417,3241,450.5,7.375
0.18307381868362427,3242,394.25,10.0
0.2765111029148102,3243,205.75,7.625
0.21002067625522614,3244,170.0,6.5
0.4486583173274994,3245,299.5,7.25
0.25627997517585754,3246,329.75,3.0
0.3326698839664459,3247,209.5,10.0
0.24358808994293213,3248,334.0,10.0
0.19258788228034973,3249,610.75,3.625
0.1793031543493271,3250,531.0,3.25
0.174141988158226,3251,741.0,2.125
0.13079532980918884,3252,244.5,10.0
0.2510693073272705,3253,304.5,8.625
0.22321461141109467,3254,290.0,8.625
0.26436954736709595,3255,654.75,1.625
0.13758805394172668,3256,589.25,1.5
0.1941767930984497,3257,157.75,6.875
0.3330724537372589,3258,280.75,4.5
0.19868554174900055,3259,427.25,4.625
0.20665276050567627,3260,351.5,9.75
0.2683607339859009,3261,415.25,7.875
0.21294628083705902,3262,269.5,10.0
0.22101764380931854,3263,500.75,4.0
0.19048380851745605,3264,349.25,10.0
0.26152002811431885,3265,164.25,2.25
0.3433381915092468,3266,475.75,8.25
0.18382394313812256,3267,265.5,10.0
0.31341028213500977,3268,401.75,7.375
0.18556837737560272,3269,289.25,5.4375
0.24785858392715454,3270,174.75,8.625
0.26518210768699646,3271,202.25,4.8125
0.2650124728679657,3272,231.25,7.25
0.35685670375823975,3273,289.0,10.0
0.24478976428508759,3274,380.0,9.0
0.12426603585481644,3275,638.25,2.0
0.11709785461425781,3276,567.25,3.75
0.1834215670824051,3277,569.25,2.0
0.19504356384277344,3278,255.5,10.0
0.22681833803653717,3279,344.25,6.875
0.31881237030029297,3280,393.5,1.4375
0.20281189680099487,3281,349.0,3.25
0.1940528303384781,3282,175.75,8.25
0.29116618633270264,3283,179.5,10.0
0.35301825404167175,3284,172.25,3.0
0.45141300559043884,3285,167.0,9.25
0.2167399823665619,3286,712.25,0.75
0.10623086243867874,3287,237.75,8.25
0.21693319082260132,3288,529.5,1.25
0.1559094488620758,3289,686.75,1.625
0.1422482430934906,3290,544.25,3.875
0.19488821923732758,3291,253.75,8.625
0.32833099365234375,3292,376.5,10.0
0.29444214701652527,3293,263.5,4.8125
0.3564392328262329,3294,155.75,8.25
0.4318521320819855,3295,290.5,10.0
0.17050836980342865,3296,155.75,5.875
0.24363191425800323,3297,231.5,10.0
0.29914331436157227,3298,260.0,8.625
0.2560371458530426,3299,231.75,8.625
0.23688764870166779,3300,302.5,8.25
0.22386635839939117,3301,322.5,7.625
0.2589702010154724,3302,205.25,10.0
0.3104870021343231,3303,316.25,6.875
0.2161891609430313,3304,348.25,5.875
0.2871614992618561,3305,169.5,7.5
0.3424394428730011,3306,165.5,3.75
0.28143036365509033,3307,167.75,4.5
0.35240545868873596,3308,583.5,2.3125
0.16327661275863647,3309,315.0,5.8125
0.21265119314193726,3310,175.5,8.25
0.2368781864643097,3311,660.0,2.125
0.08561140298843384,3312,355.75,2.875
0.2287997007369995,3313,656.5,0.75
0.13794603943824768,3314,257.5,7.25
0.2708585560321808,3315,272.5,9.0
0.31568053364753723,3316,289.75,10.0
0.213912695646286,3317,226.25,3.375
0.40027710795402527,3318,357.25,2.75
0.25479191541671753,3319,577.25,1.25
0.2088330090045929,3320,215.0,10.0
0.3463566303253174,3321,211.25,4.875
0.3425346612930298,3322,520.0,6.0
0.1741422861814499,3323,216.25,4.5
0.30507588386535645,3324,195.5,6.5625
0.38203054666519165,3325,146.5,4.75
0.30792295932769775,3326,575.75,3.9375
0.18595390021800995,3327,212.5,5.4375
0.17154419422149658,3328,196.5,3.0
0.2788456678390503,3329,226.75,10.0
0.21482965350151062,3330,432.75,3.25
0.20891529321670532,3331,400.75,4.5
0.12439999729394913,3332,411.5,7.25
0.24356450140476227,3333,575.5,3.625
0.13164712488651276,3334,353.5,8.0
0.11274982988834381,3335,381.75,4.875
0.19198986887931824,3336,287.5,5.875
0.2965014576911926,3337,210.5,7.875
0.24475473165512085,3338,310.0,5.875
0.23901961743831635,3339,464.5,7.0
0.12973926961421967,3340,169.0,10.0
0.4064086377620697,3341,284.0,4.875
0.26514932513237,3342,273.25,10.0
0.12956452369689941,3343,346.5,8.625
0.2494213581085205,3344,159.5,10.0
0.3831244707107544,3345,187.75,10.0
0.23246818780899048,3346,263.25,6.5625
0.19947069883346558,3347,438.75,3.5
0.22134073078632355,3348,467.75,4.8125
0.14483019709587097,3349,656.25,2.125
0.21477313339710236,3350,248.25,7.875
0.22819945216178894,3351,442.25,5.875
0.19384226202964783,3352,232.75,8.625
0.30848991870880127,3353,569.5,3.375
0.15827032923698425,3354,254.25,8.0
0.37379059195518494,3355,462.75,3.8125
0.14884373545646667,3356,311.0,7.25
0.3470258116722107,3357,502.0,4.125
0.1880008578300476,3358,358.5,7.125
0.1981344372034073,3359,227.5,10.0
0.3050122559070587,3360,157.0,10.0
0.40419724583625793,3361,472.25,4.625
0.13495972752571106,3362,227.75,9.375
0.32375606894493103,3363,455.5,3.875
0.18174928426742554,3364,,
