completions/train/mean_length,actor/train/kl,rewards/train/score/mean,_step
252.5,,1.0,0
140.0,-0.0015303659019991755,1.0,1
441.5,0.011311893351376057,1.0,2
164.0,3.678828215925023e-05,0.5,3
94.0,-0.0018399925902485847,-0.25,4
119.0,0.0005429044831544161,-0.5,5
523.0,0.009884882718324661,-0.75,6
184.0,0.00040125439409166574,1.0,7
125.0,0.0003748199378605932,1.0,8
100.5,-0.0016169510781764984,1.0,9
138.0,-0.0007924891542643309,0.75,10
768.0,0.002365264343097806,-2.5,11
244.5,-0.0028013649862259626,-1.0,12
145.5,0.007230852264910936,0.25,13
99.0,0.005394100211560726,1.0,14
198.0,-0.003667879616841674,-1.5,15
462.0,-0.006419191602617502,-1.5,16
403.5,0.0011165812611579895,1.0,17
178.0,0.00490005686879158,0.25,18
163.0,-0.0008394798496738076,-0.5,19
69.5,0.004765768069773912,-0.25,20
212.5,-0.002937001409009099,1.0,21
339.0,0.0028087524697184563,-0.75,22
692.0,-0.0003969535755459219,-0.75,23
123.0,-0.0006767435697838664,1.0,24
235.0,0.002946605673059821,1.0,25
85.0,0.0004996644565835595,-0.25,26
156.0,0.0025660907849669456,-0.5,27
768.0,-0.005356391426175833,-2.5,28
768.0,0.006271788384765387,-2.5,29
312.0,-0.0009652934968471527,-0.5,30
130.0,-0.005920841358602047,-0.5,31
294.5,0.003514290088787675,-1.5,32
134.5,-0.0074441260658204556,-0.5,33
577.0,0.012658384628593922,-0.5,34
222.0,-0.009050198830664158,-0.5,35
201.0,-0.007515246048569679,1.0,36
131.5,-0.005633957218378782,1.0,37
334.0,-0.0070981294848024845,1.5,38
157.5,-0.00472953962162137,1.5,39
545.0,-0.002944964449852705,-1.5,40
190.0,-0.00030334366601891816,1.0,41
196.0,-6.413208757294342e-05,-0.5,42
768.0,-0.0017680296441540122,-2.5,43
183.5,0.00031527504324913025,0.25,44
90.5,0.0025229076854884624,-0.5,45
222.0,0.0014859194634482265,1.0,46
203.5,0.002633807947859168,-0.5,47
146.0,-0.0023688331712037325,1.0,48
580.5,0.011333204805850983,1.0,49
166.5,-0.0008965622982941568,0.25,50
483.0,-0.0022288314066827297,-0.75,51
151.5,0.002233552746474743,1.0,52
120.5,-0.002160031581297517,0.5,53
160.5,-0.0033859950490295887,5.0,54
142.5,0.0008122274884954095,-0.5,55
94.5,-0.0032054567709565163,1.0,56
108.5,-0.0034862495958805084,1.0,57
253.5,-0.009078048169612885,3.5,58
234.5,0.0019040870247408748,-0.5,59
240.5,0.004343114327639341,0.5,60
104.5,4.6601166104665026e-05,1.0,61
150.0,0.0020385815296322107,1.0,62
345.5,-0.002661546226590872,-2.0,63
206.0,-0.0009638956398703158,1.0,64
456.5,0.002765021286904812,-0.75,65
222.0,0.0013250140473246574,-1.5,66
129.5,0.017822524532675743,0.25,67
151.5,0.0054386393167078495,-1.0,68
188.0,0.004978331271559,0.5,69
193.0,-0.0031196665950119495,4.0,70
413.0,-0.008017382584512234,-1.5,71
94.0,0.001720176893286407,-0.25,72
214.5,-0.014636202715337276,1.0,73
155.0,0.0004511435399763286,7.875,74
111.0,0.008958693593740463,-1.5,75
449.0,-0.005905392114073038,-1.5,76
110.0,-0.00035096489591524005,0.5,77
158.5,0.0007506284164264798,1.0,78
86.5,-0.007229777984321117,-0.5,79
127.0,-0.0033048070035874844,-0.5,80
134.0,-0.015596892684698105,0.25,81
272.0,0.006756163667887449,3.75,82
76.5,0.006885111797600985,1.0,83
487.5,0.037729449570178986,-1.5,84
120.5,0.003706905525177717,1.0,85
56.5,-0.01951243169605732,-0.5,86
153.5,0.03680264577269554,0.25,87
83.5,-0.004623972345143557,1.0,88
183.0,0.0013484840746968985,-0.5,89
144.5,-0.004269146826118231,-0.25,90
530.5,0.0144851915538311,-0.75,91
155.0,0.009312746115028858,1.0,92
200.0,-0.0061502642929553986,1.0,93
192.5,0.004465456120669842,1.0,94
150.0,0.007439392618834972,1.0,95
310.0,0.013935248367488384,-0.5,96
255.5,0.006244622636586428,-1.5,97
201.5,-0.00260755093768239,0.25,98
163.0,0.002344988053664565,-0.5,99
768.0,-0.0009067044011317194,-2.5,100
217.5,-0.0008465784485451877,5.5,101
206.0,0.055204104632139206,1.0,102
206.0,0.036390189081430435,-0.5,103
132.0,0.01737593300640583,-0.25,104
175.5,-0.0009264657273888588,4.75,105
117.0,0.024386730045080185,0.25,106
255.5,0.0031069733668118715,5.25,107
165.5,0.01300858799368143,1.0,108
234.5,0.0016262481221929193,6.25,109
84.0,0.026196738705039024,-0.5,110
157.0,-0.00721178762614727,5.75,111
642.0,0.02857515588402748,0.25,112
97.5,0.00670646084472537,5.0,113
192.0,0.03134961426258087,1.0,114
130.5,0.002396712778136134,7.5,115
138.0,0.004132099449634552,1.5,116
289.0,0.03153114765882492,1.5,117
188.5,0.00839015282690525,1.0,118
380.5,-0.0067464387975633144,-0.75,119
148.5,-0.0028651333414018154,10.0,120
141.0,0.06042539328336716,9.0,121
243.5,0.041786324232816696,1.5,122
288.0,-0.007296403869986534,2.0,123
395.0,0.017640339210629463,6.0,124
122.5,0.012108397670090199,4.5,125
100.5,0.053652819246053696,5.75,126
157.0,0.09985244274139404,3.625,127
177.0,0.044713690876960754,10.0,128
468.5,0.03914068639278412,-1.5,129
190.0,-0.003963964991271496,2.0,130
171.5,0.022705892100930214,7.25,131
106.5,0.04718935862183571,4.5,132
307.5,0.1203056126832962,4.5,133
177.0,0.01762315258383751,4.5,134
485.5,0.0872148722410202,1.0,135
162.5,0.032941028475761414,2.25,136
296.0,0.060323238372802734,3.0,137
124.0,0.026034358888864517,3.25,138
209.5,0.03599388524889946,3.75,139
159.5,0.02173732966184616,10.0,140
241.5,0.03135967627167702,2.0,141
177.5,0.029778460040688515,4.875,142
124.0,0.01619538478553295,-0.5,143
123.0,0.010828019119799137,6.0,144
102.5,0.03328080102801323,9.0,145
147.5,0.09465698897838593,6.5,146
162.0,0.055159762501716614,4.125,147
768.0,0.05899781361222267,-1.5,148
395.0,0.0024377505760639906,4.75,149
225.0,0.01464176643639803,2.5,150
161.0,0.01593020185828209,3.5,151
115.0,0.011478317901492119,4.5,152
242.5,0.0875893384218216,9.0,153
465.5,0.09756358712911606,2.0,154
327.0,0.01595761999487877,-0.5,155
188.0,-0.004552745260298252,9.0,156
527.5,0.02035236917436123,4.75,157
188.5,0.026369107887148857,2.5,158
109.0,0.024241944774985313,1.0,159
162.5,0.033000167459249496,1.5,160
157.0,0.002948696492239833,0.5,161
768.0,0.04058367758989334,-2.5,162
177.5,0.0016772797098383307,4.5,163
258.0,0.05550752207636833,2.5,164
193.0,0.019340788945555687,5.25,165
134.0,0.018240658566355705,4.5,166
176.0,0.053028032183647156,4.75,167
130.0,0.06343014538288116,5.75,168
208.0,0.0824703499674797,6.5,169
181.0,0.033313922584056854,6.5,170
161.0,0.041855525225400925,4.5,171
113.5,0.05969581380486488,10.0,172
179.5,0.11097869277000427,4.75,173
218.0,0.05970344319939613,4.5,174
116.5,0.04772372916340828,4.5,175
158.0,0.08556398004293442,10.0,176
217.0,0.050112683326005936,4.5,177
473.0,0.03477610647678375,2.5,178
119.5,0.017419321462512016,10.0,179
243.0,0.06547792255878448,7.25,180
230.0,0.0761161595582962,5.25,181
177.5,0.07457756996154785,4.5,182
120.0,0.07016722112894058,10.0,183
174.5,0.10270894318819046,2.5,184
125.5,0.11051080375909805,8.0,185
163.0,0.0011638473952189088,10.0,186
278.0,0.10791575908660889,6.0,187
260.0,0.07452463358640671,4.5,188
463.5,0.10040535777807236,-1.5,189
196.5,-0.0027826980222016573,4.5,190
100.5,0.05149362236261368,10.0,191
322.0,0.10010047256946564,10.0,192
133.0,0.019612794741988182,2.0,193
217.5,-0.0017126485472545028,6.0,194
147.5,0.07278749346733093,4.5,195
250.0,0.05570071190595627,4.5,196
198.5,0.071597620844841,10.0,197
89.5,0.11389730125665665,4.5,198
126.0,0.05962785705924034,5.125,199
251.0,0.0818835198879242,3.0,200
66.5,0.016105128452181816,10.0,201
143.0,0.24156947433948517,4.5,202
138.0,0.09860490262508392,10.0,203
196.5,0.07699696719646454,6.5,204
225.5,0.07219380140304565,1.0,205
235.0,0.004885523114353418,4.5,206
97.0,0.0393826887011528,4.5,207
172.5,0.08477957546710968,10.0,208
87.0,0.062004588544368744,-0.5,209
132.0,-0.012313646264374256,5.75,210
215.0,0.05258944630622864,6.5,211
150.0,0.020616039633750916,7.25,212
169.0,0.039541441947221756,6.0,213
151.5,0.00859319232404232,10.0,214
164.5,0.08066117018461227,5.5,215
115.0,0.031004374846816063,7.25,216
596.5,0.06655947118997574,1.25,217
161.5,0.0015912947710603476,10.0,218
107.0,0.032171580940485,10.0,219
129.0,0.16582775115966797,-1.0,220
446.5,0.018611880019307137,2.0,221
198.5,0.018018048256635666,5.125,222
176.0,0.08364295959472656,10.0,223
290.5,0.07111795246601105,-0.5,224
244.5,0.008828368969261646,-0.5,225
147.0,0.0161459818482399,7.25,226
343.5,0.05573062598705292,1.0,227
164.5,0.010465172119438648,4.5,228
190.5,0.04953290522098541,5.5,229
324.5,0.013291731476783752,-2.0,230
107.5,0.024252766743302345,0.25,231
126.0,0.00393497571349144,3.75,232
74.0,0.14362545311450958,-0.5,233
257.0,0.08478118479251862,4.5,234
264.0,0.02305363118648529,0.25,235
183.0,0.008738123811781406,3.75,236
139.0,0.06001155450940132,-0.5,237
143.0,-0.00584168778732419,7.25,238
149.0,0.09101760387420654,6.5,239
116.5,0.028480209410190582,8.0,240
583.5,0.0984843373298645,2.0,241
170.0,0.009781665168702602,4.5,242
151.0,0.055804528295993805,10.0,243
102.0,0.04459434002637863,10.0,244
263.0,0.08561632037162781,10.0,245
156.5,0.02191564440727234,7.25,246
518.5,0.03816279396414757,4.75,247
191.5,0.008824859745800495,4.5,248
143.0,0.044105272740125656,7.25,249
129.5,0.06824128329753876,10.0,250
768.0,0.12163939327001572,-0.5,251
228.5,0.004374019801616669,4.5,252
133.0,0.06361453235149384,10.0,253
145.0,0.06575284898281097,10.0,254
169.5,0.14686807990074158,7.25,255
96.5,0.051171962171792984,4.5,256
473.5,0.0412943959236145,2.0,257
165.5,0.04079132154583931,5.0,258
139.5,0.07918784767389297,4.5,259
148.0,0.029860323294997215,5.125,260
209.0,0.13221870362758636,9.0,261
90.5,0.03635726869106293,4.5,262
273.5,0.06675121933221817,10.0,263
125.5,0.10962604731321335,10.0,264
114.0,0.1096082329750061,3.0,265
391.0,0.1507464498281479,5.25,266
190.0,0.05019845813512802,4.5,267
171.5,0.052372463047504425,6.25,268
137.0,0.08478880673646927,7.25,269
177.0,0.017458943650126457,4.25,270
137.0,0.03129589930176735,4.5,271
147.5,0.030626410618424416,10.0,272
178.5,0.10000156611204147,2.75,273
127.5,0.046740155667066574,9.0,274
242.5,0.09078770130872726,3.5,275
320.0,0.003548883832991123,10.0,276
100.5,0.038510676473379135,3.5,277
222.5,0.06951668858528137,6.25,278
321.0,0.020478414371609688,4.5,279
140.0,0.043902687728405,9.0,280
90.0,0.07583106309175491,10.0,281
128.5,0.11759383976459503,3.5,282
116.5,0.14330509305000305,4.5,283
170.0,0.07291228324174881,3.5,284
319.5,0.09969285130500793,1.0,285
467.5,0.033912282437086105,2.0,286
302.0,0.012958387844264507,4.5,287
71.0,0.0420120432972908,8.0,288
84.0,0.1610642522573471,4.5,289
140.0,0.10412554442882538,10.0,290
146.0,0.063780277967453,4.5,291
265.0,0.057889439165592194,3.5,292
160.0,0.046761926263570786,-0.5,293
106.0,0.061283450573682785,5.75,294
202.0,0.19163256883621216,7.375,295
316.0,0.040004219859838486,3.0,296
204.0,0.03416455164551735,0.25,297
174.0,0.03837401792407036,10.0,298
209.0,0.13737590610980988,1.0,299
214.5,0.021615484729409218,4.5,300
187.5,0.03793061152100563,5.25,301
116.5,0.09165257960557938,0.25,302
141.5,0.052811987698078156,10.0,303
109.0,0.07775190472602844,10.0,304
768.0,0.15420788526535034,-2.5,305
196.5,0.019215082749724388,0.25,306
472.0,0.038634903728961945,-1.5,307
221.0,0.012827008031308651,4.5,308
91.0,0.0741088017821312,10.0,309
521.0,0.046677518635988235,1.25,310
162.5,0.009605832397937775,0.25,311
432.5,0.06446626782417297,-1.5,312
90.5,0.014554251916706562,10.0,313
214.5,0.18300490081310272,2.5,314
163.0,0.08125314116477966,-0.5,315
137.0,0.03645932674407959,1.0,316
194.5,0.07659217715263367,-0.5,317
212.0,0.03207393363118172,-1.0,318
79.5,0.03660240024328232,-0.25,319
211.5,0.1143239364027977,1.0,320
162.5,0.09978292137384415,2.0,321
96.5,0.09404761344194412,1.0,322
210.0,0.02715553715825081,-0.75,323
146.5,0.12920591235160828,10.0,324
263.5,0.08065427094697952,-0.5,325
190.5,0.020738931372761726,4.5,326
203.0,0.07411859184503555,4.5,327
488.5,0.09229877591133118,-1.5,328
118.0,0.04177776724100113,1.0,329
238.0,0.06970281898975372,2.5,330
135.0,0.07818267494440079,7.25,331
81.0,0.15187643468379974,1.5,332
141.5,0.35545000433921814,-0.5,333
433.5,0.031957682222127914,2.0,334
279.5,0.04075244441628456,2.5,335
248.5,0.06093268841505051,6.5,336
722.0,0.07106494158506393,-0.5,337
203.5,0.014993516728281975,7.25,338
193.5,0.11698390543460846,3.0,339
245.5,0.0882965698838234,10.0,340
176.5,0.027736036106944084,4.5,341
128.0,0.05451066419482231,7.5,342
189.0,0.17013023793697357,4.5,343
242.5,0.10895714908838272,5.5,344
100.0,0.05667673051357269,4.75,345
138.5,0.1719324290752411,6.5,346
141.0,0.059790682047605515,10.0,347
260.0,0.06323956698179245,4.75,348
208.0,0.06906178593635559,10.0,349
697.5,0.07154346257448196,-0.5,350
129.5,0.009225762449204922,7.25,351
182.0,0.09844232350587845,5.125,352
137.5,0.1131301298737526,4.5,353
387.0,0.14670565724372864,6.0,354
191.0,0.06021585687994957,4.5,355
249.5,0.050913650542497635,4.5,356
505.5,0.10257134586572647,2.0,357
476.0,0.028060918673872948,-0.5,358
156.5,0.09678777307271957,5.75,359
484.0,0.11331372708082199,2.0,360
158.5,0.03955131396651268,10.0,361
129.5,0.14546741545200348,3.0,362
154.5,0.13928982615470886,7.25,363
113.0,0.12586645781993866,1.5,364
169.5,0.26513388752937317,5.75,365
159.0,0.1515538990497589,3.0,366
235.5,0.09911071509122849,-1.5,367
176.5,0.09610839933156967,-1.5,368
168.5,0.2084636241197586,7.875,369
108.5,0.11871550977230072,-0.75,370
290.0,0.2692725658416748,-1.5,371
369.0,0.086348757147789,-1.5,372
93.5,0.06070168688893318,-0.25,373
753.0,0.0859384834766388,-2.5,374
130.0,0.005221016239374876,0.0,375
77.5,0.13050606846809387,0.0,376
190.5,0.148739293217659,0.0,377
184.0,0.1262679398059845,0.25,378
195.5,0.08018802851438522,0.0,379
152.0,0.04012270271778107,0.5,380
101.0,0.23022378981113434,0.0,381
139.5,0.1639377921819687,1.0,382
311.0,0.11690456420183182,-1.5,383
324.5,0.061237141489982605,0.0,384
269.0,0.035676050931215286,-0.75,385
181.5,0.02433544583618641,0.5,386
131.5,0.03525529429316521,2.0,387
146.5,0.2210068255662918,2.0,388
306.0,0.1938261091709137,1.0,389
470.0,0.11636976897716522,2.0,390
125.0,0.025824347510933876,6.5,391
273.5,0.1575978398323059,-0.5,392
102.5,0.10582774132490158,1.0,393
111.5,0.378267377614975,2.0,394
126.5,0.19700542092323303,10.0,395
569.5,0.11121468245983124,-2.0,396
181.0,0.04969944432377815,1.25,397
210.0,0.21313700079917908,-1.5,398
168.5,0.1382167935371399,0.5,399
563.0,0.12998045980930328,-1.25,400
323.5,0.05222028121352196,0.25,401
70.5,0.13581447303295135,0.0,402
245.5,0.22801214456558228,-0.75,403
233.0,0.10081992298364639,-1.5,404
206.0,0.1831512153148651,10.0,405
331.0,0.11960623413324356,4.75,406
313.0,0.12723979353904724,-1.5,407
173.5,0.06607311218976974,-1.5,408
138.5,0.1546327918767929,2.25,409
163.0,0.2323511391878128,-1.5,410
228.0,0.13892216980457306,-1.5,411
213.5,0.12539100646972656,10.0,412
475.0,0.09335695207118988,4.75,413
189.5,0.03258040174841881,1.5,414
175.0,0.186020627617836,1.5,415
452.5,0.2073255181312561,0.5,416
205.5,0.07106944918632507,3.25,417
175.5,0.11786215007305145,3.0,418
146.5,0.10462985187768936,10.0,419
200.5,0.17339377105236053,10.0,420
218.0,0.12959714233875275,10.0,421
161.0,0.08021750301122665,10.0,422
106.0,0.08911389112472534,4.5,423
534.0,0.21468029916286469,2.0,424
69.5,0.03878659009933472,1.5,425
198.0,0.342673122882843,7.25,426
184.0,0.10067916661500931,3.0,427
268.0,0.12047147750854492,7.25,428
255.0,0.09613689035177231,3.0,429
180.5,0.13574793934822083,3.0,430
202.0,0.15782344341278076,4.5,431
178.5,0.08436215668916702,5.75,432
187.5,0.18086954951286316,7.25,433
188.5,0.13938359916210175,5.75,434
193.5,0.16574037075042725,1.5,435
505.5,0.2804790437221527,2.0,436
162.0,0.05229782685637474,5.75,437
382.5,0.27749213576316833,2.0,438
358.5,0.09820792078971863,4.5,439
201.0,0.08911418914794922,10.0,440
675.0,0.08081354200839996,-0.5,441
224.0,0.019572580233216286,7.25,442
656.5,0.18034568428993225,-0.5,443
162.5,0.023252809420228004,7.25,444
247.0,0.07256467640399933,4.75,445
382.0,0.07770739495754242,2.75,446
763.0,0.0685044452548027,-0.5,447
286.0,0.046452511101961136,10.0,448
343.0,0.10450639575719833,4.75,449
193.0,0.062218766659498215,4.5,450
768.0,0.2854052782058716,-0.5,451
299.0,0.031145162880420685,4.5,452
768.0,0.08645845204591751,-0.5,453
249.0,0.016522083431482315,2.0,454
175.0,0.1933995634317398,10.0,455
342.0,0.1747278869152069,7.25,456
206.5,0.0940968245267868,10.0,457
128.0,0.08361781388521194,4.5,458
252.5,0.26479506492614746,7.25,459
288.0,0.10284078121185303,-0.5,460
261.5,0.1216740608215332,4.5,461
188.0,0.08095581829547882,10.0,462
280.5,0.03780222684144974,7.875,463
472.0,0.07279524207115173,2.25,464
195.5,0.1354331523180008,5.75,465
768.0,0.1338493674993515,-0.5,466
223.5,0.04725254699587822,7.25,467
522.5,0.14141063392162323,2.0,468
768.0,0.058801278471946716,-0.5,469
201.5,0.008688827976584435,5.75,470
141.5,0.20335975289344788,6.5,471
281.0,0.10606600344181061,4.5,472
768.0,0.07651986181735992,-0.5,473
254.0,0.045461833477020264,10.0,474
87.0,0.07845190912485123,3.0,475
259.0,0.38686487078666687,7.25,476
440.5,0.14767973124980927,2.0,477
266.5,0.07331526279449463,4.5,478
203.5,0.07738149166107178,3.0,479
145.0,0.15266188979148865,10.0,480
170.0,0.17602252960205078,7.25,481
309.0,0.16228307783603668,5.125,482
226.0,0.09525406360626221,7.25,483
400.5,0.07888346910476685,10.0,484
185.5,0.039793070405721664,3.0,485
478.5,0.14162293076515198,2.0,486
170.0,0.057065460830926895,10.0,487
468.5,0.19017791748046875,4.5,488
203.5,0.12710066139698029,5.125,489
151.0,0.13557393848896027,10.0,490
148.5,0.09809987992048264,2.25,491
189.5,0.12492270022630692,5.125,492
120.0,0.1395368129014969,4.5,493
212.0,0.17473424971103668,10.0,494
180.0,0.1282210648059845,4.5,495
137.5,0.17407332360744476,10.0,496
146.5,0.20383116602897644,6.0,497
169.0,0.1518266797065735,7.25,498
175.5,0.1902596801519394,7.25,499
123.0,0.09793275594711304,3.0,500
164.0,0.20789121091365814,7.875,501
515.5,0.2299811691045761,2.0,502
223.0,0.06802098453044891,10.0,503
146.0,0.21421007812023163,4.5,504
257.0,0.09972087293863297,2.0,505
547.0,0.08061136305332184,4.75,506
184.0,0.056298308074474335,4.5,507
103.0,0.09157108515501022,3.0,508
194.5,0.10899010300636292,6.0,509
138.0,0.002961734775453806,6.5,510
84.5,0.24506163597106934,3.0,511
466.5,0.07443417608737946,2.0,512
210.0,0.08051414042711258,10.0,513
167.0,0.11080197244882584,10.0,514
145.5,0.06597237288951874,6.5,515
480.0,0.15973405539989471,2.0,516
301.5,0.09063868969678879,4.5,517
231.0,0.12882983684539795,7.25,518
169.5,0.11695851385593414,8.0,519
225.0,0.10537950694561005,4.5,520
206.5,0.12153194844722748,10.0,521
158.0,0.11275429278612137,10.0,522
412.0,0.20815031230449677,10.0,523
105.0,0.08571828901767731,10.0,524
178.5,0.1766442209482193,4.5,525
117.0,0.05617360770702362,7.25,526
176.0,0.11934968084096909,10.0,527
456.5,0.14624546468257904,4.75,528
169.0,0.06310323625802994,10.0,529
269.5,0.2701222896575928,5.125,530
269.5,0.11218167841434479,10.0,531
190.5,0.12999826669692993,10.0,532
356.5,0.09390821307897568,6.0,533
209.0,0.10030198842287064,7.25,534
136.0,0.12276140600442886,7.25,535
690.0,0.20953896641731262,0.0,536
141.0,0.04414011165499687,10.0,537
768.0,0.2258686125278473,-0.5,538
768.0,0.044885069131851196,-0.5,539
672.0,0.04954299330711365,-0.5,540
474.0,0.06487742811441422,4.75,541
273.5,0.07989618182182312,10.0,542
528.0,0.1273147165775299,2.0,543
193.5,0.0683402568101883,4.5,544
346.5,0.26011091470718384,6.0,545
424.0,0.11312562227249146,2.5,546
279.0,0.15658172965049744,5.125,547
246.0,0.12646526098251343,10.0,548
202.0,0.0837956964969635,10.0,549
551.5,0.11231402307748795,2.0,550
106.5,0.06550541520118713,3.0,551
247.5,0.2760957181453705,10.0,552
243.0,0.17151615023612976,4.5,553
109.5,0.14208748936653137,2.25,554
112.0,0.14302879571914673,10.0,555
494.0,0.10380594432353973,2.0,556
223.0,0.07412436604499817,10.0,557
109.0,0.12858711183071136,6.5,558
185.0,0.21268603205680847,10.0,559
140.0,0.22732198238372803,10.0,560
548.5,0.2821725308895111,-1.0,561
176.5,0.07950711250305176,10.0,562
490.5,0.10129804164171219,4.75,563
345.5,0.0854610800743103,10.0,564
289.5,0.08677484095096588,7.25,565
126.0,0.10517698526382446,4.5,566
160.5,0.16117018461227417,1.75,567
512.5,0.31562644243240356,2.0,568
8.0,0.06970833241939545,-1.5,569
120.5,5.499453544616699,10.0,570
218.0,0.16304127871990204,8.75,571
256.5,0.17694561183452606,2.0,572
102.0,0.2496703863143921,10.0,573
118.0,0.10673792660236359,10.0,574
244.0,0.22919636964797974,4.75,575
144.5,0.2965415418148041,10.0,576
378.0,0.16851849853992462,5.625,577
135.0,0.14966696500778198,4.5,578
196.5,0.15927504003047943,0.0,579
129.5,0.23427855968475342,7.25,580
143.5,0.1802491992712021,6.25,581
207.5,0.3764408826828003,3.5,582
295.5,0.18398544192314148,10.0,583
512.5,0.09313785284757614,1.0,584
111.0,0.12770229578018188,10.0,585
508.0,0.19197513163089752,0.5,586
257.5,0.11693575978279114,10.0,587
140.0,0.12040242552757263,10.0,588
88.0,0.1916004866361618,5.75,589
217.0,0.536165714263916,9.0,590
174.0,0.4328378140926361,0.25,591
164.5,0.37037011981010437,-1.5,592
166.5,0.3523038923740387,1.5,593
170.0,0.3701097369194031,-1.0,594
368.5,0.31553763151168823,3.5,595
130.0,0.2767087519168854,3.75,596
124.0,0.3854294419288635,2.5,597
276.0,0.4417167603969574,0.75,598
268.0,0.22121793031692505,9.0,599
111.5,0.3115425705909729,2.0,600
171.5,0.5280154943466187,6.75,601
103.0,0.18988138437271118,5.0,602
124.0,0.5871857404708862,3.0,603
412.5,0.3238650858402252,6.875,604
228.5,0.19267559051513672,1.5,605
114.0,0.2623592019081116,2.0,606
161.0,0.3992680311203003,1.25,607
165.0,0.43743687868118286,3.0,608
151.0,0.07004023343324661,-1.5,609
230.5,0.2656864523887634,1.5,610
119.5,0.17952196300029755,-1.0,611
301.5,0.193550243973732,0.5,612
267.5,0.2666151523590088,2.0,613
258.5,0.23539257049560547,10.0,614
88.0,0.17658671736717224,2.25,615
493.0,0.2695621848106384,0.5,616
113.5,0.10614843666553497,2.25,617
278.5,0.2403929978609085,1.25,618
259.5,0.16795851290225983,5.75,619
200.5,0.12040968239307404,3.0,620
768.0,0.16780422627925873,-0.5,621
766.0,0.04722198098897934,-0.5,622
216.0,0.05276193469762802,3.0,623
172.5,0.13066652417182922,3.0,624
204.5,0.2099202275276184,3.0,625
581.0,0.17441575229167938,0.5,626
334.0,0.08700497448444366,1.5,627
184.5,0.16807818412780762,1.5,628
230.0,0.14051467180252075,3.0,629
476.5,0.12232237309217453,0.5,630
186.0,0.07420868426561356,3.0,631
325.5,0.14744307100772858,2.5,632
218.5,0.11773955821990967,3.0,633
608.5,0.1213436871767044,0.5,634
106.0,0.08437163382768631,3.0,635
486.0,0.19825604557991028,0.5,636
768.0,0.10912947356700897,-0.5,637
280.0,0.03733748942613602,1.5,638
212.5,0.10267723351716995,2.25,639
195.5,0.175978422164917,2.25,640
139.0,0.14606551826000214,2.25,641
171.0,0.1701647788286209,2.0,642
164.5,0.36447077989578247,0.5,643
219.5,0.3307821750640869,6.5,644
279.0,0.11163521558046341,1.5,645
119.5,0.1357693076133728,-2.0,646
137.5,0.2159498780965805,3.0,647
238.5,0.24349215626716614,3.0,648
634.0,0.06396644562482834,-0.25,649
561.0,0.09387030452489853,3.75,650
152.5,0.12629304826259613,3.0,651
142.0,0.20773525536060333,3.0,652
369.0,0.23834823071956635,-1.0,653
218.5,0.11402463167905807,-2.0,654
289.5,0.21473002433776855,0.25,655
123.0,0.3025254011154175,3.0,656
209.5,0.14206010103225708,-1.5,657
768.0,0.33791327476501465,-0.5,658
329.5,0.11950789391994476,0.5,659
143.0,0.17881594598293304,-0.75,660
410.0,0.4935045838356018,1.5,661
262.5,0.1804710179567337,5.5,662
511.5,0.22952228784561157,-0.5,663
181.0,0.13365846872329712,2.0,664
323.0,0.3600338101387024,0.5,665
586.5,0.20941628515720367,-0.5,666
186.5,0.13084381818771362,2.0,667
517.5,0.3990902006626129,1.0,668
466.0,0.18979938328266144,0.25,669
338.5,0.15534935891628265,1.0,670
294.5,0.11866562813520432,0.5,671
277.5,0.3182472884654999,-1.5,672
179.0,0.2746405601501465,2.5,673
241.0,0.2018234133720398,2.0,674
190.5,0.2260679453611374,0.5,675
441.0,0.3639035224914551,-0.5,676
179.5,0.18048730492591858,2.25,677
157.0,0.19993926584720612,0.5,678
322.0,0.40721234679222107,4.0,679
251.0,0.154946967959404,3.5,680
169.5,0.36189332604408264,3.75,681
121.0,0.21939639747142792,2.25,682
247.5,0.14128831028938293,2.25,683
356.5,0.19575919210910797,1.0,684
104.0,0.12391175329685211,3.0,685
180.0,0.28372007608413696,3.0,686
181.5,0.09785764664411545,3.0,687
768.0,0.18956111371517181,-0.5,688
282.5,0.07080012559890747,1.5,689
170.0,0.20672181248664856,3.0,690
127.5,0.1723046600818634,3.0,691
197.0,0.2176162153482437,3.75,692
148.0,0.31376272439956665,3.0,693
464.0,0.2758164405822754,0.5,694
125.0,0.11049025505781174,6.5,695
83.5,0.3633936941623688,3.0,696
440.5,0.19239960610866547,2.5,697
170.5,0.16030584275722504,1.5,698
177.0,0.25494617223739624,2.25,699
120.5,0.1780393421649933,3.0,700
116.0,0.3190450668334961,2.25,701
465.0,0.24774488806724548,0.5,702
139.0,0.09403663873672485,2.25,703
87.0,0.22100922465324402,1.5,704
137.0,0.16597910225391388,3.0,705
485.5,0.21468572318553925,0.5,706
212.0,0.1375454068183899,3.75,707
143.0,0.33223047852516174,1.5,708
161.5,0.22623975574970245,3.0,709
261.5,0.1708333045244217,10.0,710
145.5,0.16019906103610992,1.5,711
239.0,0.21593701839447021,3.0,712
154.5,0.09970062971115112,3.0,713
118.0,0.2685234248638153,3.0,714
292.5,0.21049559116363525,3.625,715
768.0,0.1727999895811081,-0.5,716
571.5,0.11580106616020203,1.25,717
134.0,0.10355978459119797,3.0,718
208.0,0.24852366745471954,2.25,719
100.5,0.17121389508247375,2.25,720
194.0,0.38080471754074097,2.25,721
101.5,0.1665499359369278,2.25,722
129.5,0.18900904059410095,6.5,723
162.0,0.1947087198495865,2.25,724
195.0,0.16053500771522522,3.0,725
148.5,0.22589053213596344,2.25,726
132.5,0.13024181127548218,1.5,727
495.0,0.2391011118888855,1.0,728
145.0,0.09117177873849869,1.5,729
150.0,0.26609334349632263,3.0,730
183.0,0.20519959926605225,1.5,731
259.0,0.11290893703699112,3.0,732
172.5,0.16907039284706116,2.25,733
726.5,0.24633267521858215,0.75,734
130.0,0.1014244556427002,3.0,735
67.5,0.1413501501083374,3.0,736
163.5,0.4372754395008087,3.0,737
191.0,0.07930316030979156,3.0,738
235.5,0.21121759712696075,1.75,739
255.0,0.2061091959476471,3.0,740
161.0,0.0790400505065918,1.5,741
768.0,0.16506029665470123,-0.5,742
108.5,0.12483127415180206,1.5,743
181.5,0.2342222034931183,3.0,744
140.0,0.091183140873909,3.0,745
547.0,0.26426249742507935,0.5,746
235.5,0.10587754845619202,2.25,747
564.5,0.11168600618839264,1.75,748
152.0,0.19289545714855194,3.0,749
159.0,0.13140223920345306,3.0,750
768.0,0.1259891390800476,-0.5,751
249.0,0.08034409582614899,1.0,752
164.5,0.12162887305021286,2.25,753
246.0,0.22241422533988953,3.0,754
609.5,0.0623730793595314,0.5,755
275.0,0.13408489525318146,3.0,756
123.0,0.28740158677101135,3.0,757
95.0,0.260425865650177,3.0,758
132.5,0.16868780553340912,3.0,759
320.5,0.3049158453941345,1.5,760
153.5,0.15437376499176025,3.0,761
451.0,0.3815871775150299,0.5,762
297.0,0.08695262670516968,3.0,763
161.5,0.1208764985203743,2.25,764
269.5,0.26376205682754517,5.75,765
290.5,0.1373848021030426,3.0,766
122.5,0.1430073231458664,2.25,767
316.5,0.22907844185829163,10.0,768
210.0,0.15670627355575562,3.0,769
306.5,0.2974500060081482,6.5,770
188.5,0.11250046640634537,2.25,771
183.0,0.24356712400913239,2.25,772
128.0,0.23699252307415009,1.5,773
135.0,0.2397075742483139,3.0,774
221.0,0.21552009880542755,1.5,775
163.0,0.389022558927536,1.5,776
146.0,0.12579821050167084,1.5,777
158.5,0.20658816397190094,3.0,778
142.5,0.18260252475738525,1.5,779
159.5,0.2814880907535553,1.5,780
559.0,0.2430596500635147,0.5,781
111.5,0.18517588078975677,2.25,782
148.0,0.3766157329082489,1.5,783
202.5,0.2697313129901886,3.0,784
515.5,0.11439106613397598,0.5,785
317.0,0.170041024684906,3.0,786
676.5,0.14402519166469574,4.75,787
120.5,0.14502771198749542,3.0,788
194.5,0.21452124416828156,3.0,789
58.0,0.13464152812957764,1.5,790
549.5,0.10055183619260788,0.5,791
243.5,0.14720124006271362,1.5,792
193.0,0.12193837761878967,2.25,793
507.5,0.2970397472381592,2.625,794
119.0,0.13646681606769562,3.0,795
355.0,0.2833608388900757,1.75,796
768.0,0.30185234546661377,-0.5,797
92.0,0.13406142592430115,3.0,798
179.0,0.4759312570095062,2.25,799
212.0,0.31129422783851624,6.5,800
243.0,0.44220033288002014,5.75,801
167.5,0.208993598818779,1.5,802
275.0,0.31738218665122986,2.25,803
193.0,0.27484241127967834,3.0,804
78.5,0.24686050415039062,1.5,805
199.0,0.3116917312145233,3.0,806
318.5,0.32441776990890503,1.5,807
173.0,0.16510312259197235,3.75,808
177.5,0.23247277736663818,1.5,809
187.5,0.24135950207710266,3.0,810
605.0,0.19880491495132446,2.625,811
214.5,0.1340336948633194,4.5,812
156.5,0.19735576212406158,3.0,813
162.5,0.266813188791275,1.5,814
89.0,0.28582894802093506,2.25,815
156.5,0.528747022151947,1.5,816
431.5,0.3319185674190521,0.5,817
140.0,0.34980225563049316,1.5,818
204.5,0.1685154289007187,3.0,819
232.5,0.19833414256572723,5.75,820
163.0,0.3074455261230469,2.25,821
95.0,0.2529759109020233,1.5,822
491.0,0.2269178181886673,1.25,823
204.5,0.17251187562942505,3.75,824
243.0,0.19067230820655823,3.0,825
196.0,0.2393212616443634,10.0,826
113.5,0.19297268986701965,1.0,827
207.5,0.6113516092300415,1.5,828
224.5,0.41785377264022827,3.0,829
172.5,0.17356932163238525,7.25,830
244.0,0.33278876543045044,3.0,831
131.5,0.3990246057510376,10.0,832
506.0,0.3636777102947235,4.75,833
229.5,0.3016056418418884,10.0,834
192.5,0.21514195203781128,6.0,835
142.5,0.24306374788284302,3.0,836
245.5,0.36453455686569214,10.0,837
136.5,0.4445207715034485,1.5,838
532.0,0.2532021701335907,0.5,839
214.0,0.20458613336086273,3.75,840
124.5,0.24699267745018005,1.5,841
296.5,0.5105249881744385,10.0,842
210.5,0.14883680641651154,6.5,843
313.5,0.3884395658969879,4.5,844
419.0,0.2763669788837433,5.25,845
151.5,0.30618488788604736,3.0,846
98.0,0.27534040808677673,4.0,847
165.5,0.5455100536346436,3.0,848
272.5,0.322772741317749,3.5,849
115.5,0.2087719738483429,6.5,850
298.0,0.3504720628261566,1.5,851
464.0,0.2849980294704437,1.0,852
171.0,0.22707048058509827,10.0,853
122.0,0.35359182953834534,10.0,854
167.5,0.562152624130249,7.25,855
118.5,0.37824374437332153,10.0,856
112.5,0.4781629741191864,10.0,857
113.5,0.31028836965560913,6.5,858
130.0,0.26370662450790405,4.5,859
124.0,0.49872127175331116,7.25,860
543.5,0.40227246284484863,2.0,861
223.0,0.2587383985519409,7.875,862
122.0,0.24349704384803772,8.0,863
125.0,0.37521833181381226,10.0,864
208.5,0.2652694582939148,7.25,865
285.0,0.429733544588089,5.0,866
451.0,0.28988775610923767,2.0,867
132.5,0.3454531729221344,7.25,868
200.0,0.537600576877594,4.75,869
234.5,0.47401851415634155,7.25,870
318.5,0.3317088782787323,7.0,871
234.5,0.2237263172864914,5.25,872
143.5,0.3461785614490509,10.0,873
171.0,0.5394148230552673,4.5,874
768.0,0.4375001788139343,-0.5,875
344.5,0.2682015895843506,7.5,876
216.5,0.25099751353263855,4.5,877
219.0,0.5522240400314331,5.75,878
179.0,0.37271469831466675,5.25,879
407.0,0.393993079662323,8.0,880
566.5,0.24584706127643585,2.0,881
226.5,0.28092947602272034,5.125,882
579.0,0.3288705348968506,2.0,883
179.5,0.3319701850414276,10.0,884
168.5,0.30278024077415466,4.5,885
768.0,0.38845083117485046,-0.5,886
147.5,0.21564781665802002,4.5,887
289.0,0.4195824861526489,10.0,888
151.0,0.35535481572151184,10.0,889
221.5,0.22983217239379883,7.25,890
71.5,0.3245193660259247,10.0,891
311.5,0.2960432469844818,7.875,892
107.0,0.37243330478668213,5.25,893
306.5,0.29137468338012695,10.0,894
100.5,0.3541676104068756,4.75,895
173.5,0.6050111651420593,10.0,896
120.5,0.192927286028862,7.25,897
151.0,0.4972355365753174,4.5,898
166.5,0.2609885632991791,7.25,899
768.0,0.47164836525917053,-0.5,900
192.5,0.1982874721288681,10.0,901
101.5,0.32739928364753723,7.25,902
216.5,0.36256328225135803,5.75,903
120.5,0.6589760780334473,4.5,904
139.0,0.4009259343147278,4.75,905
218.0,0.7177760601043701,4.5,906
58.5,0.3114564120769501,4.5,907
245.5,0.8966492414474487,5.25,908
156.0,0.2841775119304657,6.0,909
160.0,0.2506348192691803,10.0,910
492.5,0.2962649464607239,2.0,911
768.0,0.22690661251544952,-0.5,912
511.0,0.27446505427360535,2.0,913
262.5,0.34192904829978943,10.0,914
95.0,0.5407076478004456,4.5,915
381.5,0.608176589012146,7.25,916
211.5,0.4282814562320709,10.0,917
157.0,0.42445117235183716,7.25,918
420.5,0.3263411223888397,4.5,919
401.5,0.4277033805847168,7.25,920
70.0,0.34616315364837646,2.5,921
206.5,1.1302772760391235,7.25,922
107.0,0.30368557572364807,10.0,923
768.0,0.22542834281921387,-0.5,924
216.5,0.2770311236381531,10.0,925
100.0,0.5549024343490601,10.0,926
202.5,0.5787721872329712,10.0,927
221.5,0.49609407782554626,6.0,928
416.5,0.3526703715324402,7.25,929
159.0,0.31553566455841064,7.25,930
287.0,0.4582790434360504,5.0,931
296.0,0.21048176288604736,4.5,932
157.0,0.4037531316280365,10.0,933
129.0,0.41782239079475403,4.5,934
189.5,0.43054041266441345,4.5,935
115.0,0.23788763582706451,4.5,936
138.0,0.5186669826507568,10.0,937
291.5,0.43095508217811584,7.25,938
229.0,0.39688199758529663,10.0,939
186.0,0.46654874086380005,7.25,940
178.0,0.3601844608783722,7.375,941
263.5,0.4073725640773773,10.0,942
173.5,0.42702561616897583,7.25,943
610.5,0.47102367877960205,0.5,944
168.5,0.3157705068588257,2.0,945
200.5,0.5602546334266663,10.0,946
177.5,0.5277864336967468,4.5,947
204.0,0.5789835453033447,10.0,948
346.5,0.4650026261806488,4.5,949
184.5,0.4683105945587158,4.25,950
117.5,0.3799322247505188,5.75,951
180.0,0.7798483967781067,10.0,952
139.0,0.3201090097427368,4.5,953
181.5,0.30413922667503357,7.25,954
351.5,0.5045335292816162,10.0,955
156.5,0.31515637040138245,4.5,956
125.5,0.46147391200065613,5.125,957
233.5,0.47380784153938293,4.5,958
369.0,0.5429814457893372,7.25,959
167.0,0.36948972940444946,7.25,960
280.0,0.3131773769855499,7.25,961
128.5,0.37986528873443604,4.5,962
140.0,1.0024006366729736,3.0,963
137.0,0.5722935199737549,4.75,964
166.5,0.5806739330291748,4.5,965
140.5,0.5588178634643555,7.25,966
339.5,0.198818176984787,5.0,967
310.0,0.5755489468574524,2.5,968
93.5,0.386924684047699,4.5,969
589.5,0.8384982943534851,2.0,970
182.5,0.2835811376571655,10.0,971
200.5,0.3768215775489807,10.0,972
171.0,0.4384734630584717,5.125,973
131.5,0.4904421269893646,5.875,974
230.5,0.2174088954925537,7.5,975
70.5,0.5487224459648132,1.5,976
260.0,0.8277847766876221,4.5,977
249.0,0.44134169816970825,5.25,978
131.0,0.5326228141784668,7.875,979
223.0,0.42041367292404175,10.0,980
111.0,0.4968971610069275,1.5,981
185.0,0.5007768869400024,4.5,982
252.5,0.5100416541099548,7.25,983
123.0,0.3967401683330536,10.0,984
266.0,0.66291344165802,5.75,985
159.5,0.4596707224845886,4.5,986
167.5,0.5062715411186218,7.25,987
221.5,0.5515883564949036,10.0,988
162.0,0.3817976713180542,5.75,989
147.0,0.34636712074279785,4.5,990
165.5,0.24962393939495087,7.25,991
255.0,0.5095803737640381,7.25,992
354.5,0.4479014277458191,8.0,993
63.0,0.2542650103569031,1.5,994
199.0,0.6062992811203003,7.875,995
177.0,0.4609847366809845,7.25,996
134.5,0.3386744260787964,7.5,997
508.5,0.34603017568588257,2.0,998
333.0,0.33769530057907104,10.0,999
135.0,0.3199147880077362,4.75,1000
147.5,0.6423725485801697,5.25,1001
304.5,0.5594004988670349,3.5,1002
139.5,0.4226750135421753,5.75,1003
80.0,0.2203589528799057,1.5,1004
180.5,0.3401172459125519,4.5,1005
185.0,0.5043094158172607,3.0,1006
219.5,0.38689279556274414,4.5,1007
143.5,0.24783454835414886,10.0,1008
334.5,0.5139843821525574,10.0,1009
410.0,0.33995184302330017,2.75,1010
318.0,0.23450778424739838,5.125,1011
620.5,0.37694403529167175,3.0,1012
171.5,0.3413389027118683,5.0,1013
341.0,0.6182558536529541,5.25,1014
151.0,0.314170777797699,4.5,1015
216.0,0.5069141983985901,10.0,1016
148.0,0.2156313806772232,5.75,1017
597.5,0.4789731502532959,2.0,1018
201.0,0.40231385827064514,7.25,1019
135.5,0.5334487557411194,7.875,1020
142.0,0.5364174842834473,10.0,1021
140.5,0.20339061319828033,7.25,1022
147.0,0.4431266188621521,9.25,1023
164.0,0.38345760107040405,4.5,1024
113.5,0.47812309861183167,4.5,1025
400.5,0.5367016792297363,4.5,1026
175.5,0.32649150490760803,4.5,1027
213.0,0.5695204138755798,7.25,1028
132.0,0.4864300489425659,6.0,1029
521.0,0.3962012529373169,2.0,1030
440.5,0.3169534206390381,4.75,1031
175.0,0.09546513855457306,10.0,1032
109.0,0.320792019367218,10.0,1033
148.0,0.3093496859073639,4.75,1034
159.5,0.5626651644706726,7.25,1035
768.0,0.746627151966095,-0.5,1036
84.5,0.33709916472435,7.25,1037
164.5,0.5401022434234619,4.75,1038
173.0,0.661602258682251,7.25,1039
74.0,0.34536150097846985,4.5,1040
188.5,0.5911961793899536,5.75,1041
110.0,0.5273401141166687,2.5,1042
107.5,0.5592025518417358,5.75,1043
133.0,0.5616004467010498,10.0,1044
207.0,0.6239178776741028,7.25,1045
285.0,0.5625255703926086,4.5,1046
93.0,0.5039276480674744,10.0,1047
136.0,0.5470703840255737,7.25,1048
160.0,0.5500507950782776,2.5,1049
144.5,0.1964440941810608,5.125,1050
159.0,0.5501501560211182,10.0,1051
46.0,0.483392596244812,4.5,1052
104.5,0.9787271022796631,2.5,1053
222.0,0.6857326030731201,7.25,1054
208.0,0.36456385254859924,7.25,1055
768.0,0.2973884642124176,-0.5,1056
199.0,0.40020525455474854,3.0,1057
466.0,0.48841995000839233,9.5,1058
36.5,0.4006028175354004,3.0,1059
262.5,0.7827786207199097,10.0,1060
165.5,0.3747765123844147,4.5,1061
105.0,0.4342039227485657,7.25,1062
142.0,0.4664762020111084,7.25,1063
114.5,0.49719154834747314,7.25,1064
224.0,0.19528639316558838,10.0,1065
64.0,0.37762588262557983,4.5,1066
167.0,0.7282806634902954,4.5,1067
124.0,0.4414871335029602,10.0,1068
155.0,0.4796205163002014,4.5,1069
125.0,0.2400915026664734,4.5,1070
748.5,0.8936808109283447,2.0,1071
227.5,0.23453757166862488,10.0,1072
173.0,0.3406807780265808,1.0,1073
108.5,0.378237783908844,7.25,1074
134.0,0.7399792671203613,2.25,1075
63.0,0.6131141185760498,4.5,1076
163.0,1.1498323678970337,10.0,1077
89.0,0.4168492257595062,10.0,1078
118.5,0.4358348250389099,7.25,1079
70.0,0.4887210726737976,10.0,1080
39.0,0.28524407744407654,0.5,1081
141.5,1.835909366607666,4.5,1082
57.0,0.7625214457511902,1.5,1083
285.0,0.9934550523757935,10.0,1084
226.5,0.45351487398147583,-1.5,1085
81.0,0.3110540211200714,10.0,1086
107.0,0.18457449972629547,10.0,1087
276.5,0.30999067425727844,10.0,1088
190.5,0.2322557419538498,5.25,1089
90.0,0.530969500541687,5.75,1090
168.5,0.9236592054367065,3.25,1091
153.5,0.5182420611381531,4.5,1092
268.0,0.5316529273986816,7.25,1093
190.5,0.4781515300273895,10.0,1094
368.5,0.16299380362033844,10.0,1095
150.5,0.3053708076477051,10.0,1096
22.0,0.2728126347064972,0.5,1097
276.5,2.4590353965759277,10.0,1098
119.5,0.31630516052246094,7.25,1099
114.0,0.6219969987869263,4.5,1100
404.0,0.42107492685317993,4.5,1101
168.0,0.37646105885505676,10.0,1102
254.5,0.2028442621231079,7.25,1103
139.0,0.4253649115562439,3.0,1104
45.0,0.9280790686607361,4.5,1105
165.5,0.3340798020362854,10.0,1106
133.0,0.5049335360527039,10.0,1107
96.0,0.42110416293144226,10.0,1108
155.5,0.5006929636001587,7.25,1109
128.5,0.7981041669845581,4.75,1110
173.5,0.8723364472389221,4.75,1111
142.0,0.4842550754547119,4.5,1112
162.0,0.6501644849777222,4.75,1113
112.0,0.6274986863136292,0.0,1114
205.5,0.6524379253387451,8.0,1115
259.0,0.5089991688728333,5.75,1116
198.5,0.4752672016620636,5.75,1117
175.0,0.45567166805267334,2.5,1118
213.0,0.5536079406738281,4.75,1119
157.5,0.4896146357059479,10.0,1120
190.5,0.10136527568101883,7.25,1121
402.5,0.3150535523891449,8.0,1122
141.5,0.31987065076828003,4.5,1123
129.0,0.6370024681091309,4.5,1124
297.0,0.6515626311302185,2.0,1125
768.0,0.5769899487495422,-0.5,1126
123.0,0.23102280497550964,2.0,1127
227.0,0.9123416543006897,10.0,1128
106.5,0.3290676474571228,4.5,1129
117.5,0.3262249529361725,3.75,1130
118.5,0.4987957775592804,4.5,1131
115.0,0.4688247740268707,10.0,1132
200.5,0.5352369546890259,4.75,1133
201.0,0.58475261926651,4.5,1134
338.5,0.4688431918621063,4.5,1135
65.0,0.428204208612442,6.5,1136
135.5,0.6768356561660767,7.25,1137
113.0,0.6333743333816528,7.25,1138
664.5,0.40810075402259827,-0.5,1139
316.0,0.3301469683647156,10.0,1140
102.0,0.34277620911598206,4.5,1141
157.5,0.4743547737598419,4.5,1142
249.5,0.7073823809623718,2.5,1143
149.0,0.33741632103919983,4.5,1144
464.0,0.5217294096946716,2.5,1145
117.0,0.3120132088661194,10.0,1146
301.0,0.09057117253541946,4.5,1147
99.0,0.4882650077342987,10.0,1148
131.0,0.33988988399505615,4.5,1149
621.5,0.5283190608024597,5.25,1150
587.0,0.2076815515756607,10.0,1151
135.5,0.3192201852798462,10.0,1152
278.0,0.16993577778339386,7.25,1153
324.5,0.3979584276676178,7.5,1154
302.0,0.28723523020744324,10.0,1155
445.5,0.29393061995506287,2.0,1156
137.5,0.22438688576221466,10.0,1157
84.5,0.4743479788303375,10.0,1158
199.0,0.4830124080181122,4.5,1159
283.0,0.5582743287086487,10.0,1160
318.0,0.32983332872390747,10.0,1161
391.0,0.38684332370758057,5.25,1162
768.0,0.4205538332462311,-0.5,1163
153.0,0.3472514748573303,7.25,1164
203.0,0.3655371069908142,7.25,1165
132.5,0.29131409525871277,6.25,1166
203.5,0.5799016952514648,5.25,1167
113.0,0.49163657426834106,7.25,1168
260.5,0.29936712980270386,4.5,1169
174.5,0.5115053057670593,7.25,1170
338.0,0.5744131803512573,5.25,1171
283.5,0.5854948163032532,10.0,1172
471.5,0.2266450673341751,2.625,1173
101.5,0.2800998091697693,10.0,1174
133.5,0.5624291896820068,10.0,1175
143.5,0.20704573392868042,10.0,1176
578.5,0.23750460147857666,2.25,1177
365.5,0.34320300817489624,4.75,1178
98.5,0.4262332320213318,10.0,1179
213.0,0.36253759264945984,4.5,1180
418.5,0.30333831906318665,10.0,1181
347.5,0.32993999123573303,5.25,1182
222.5,0.3436199426651001,7.25,1183
240.0,0.4144352972507477,10.0,1184
113.0,0.4919503927230835,7.25,1185
177.5,0.4221278131008148,10.0,1186
768.0,0.2559388279914856,-0.5,1187
132.5,0.3287978172302246,10.0,1188
162.5,0.2404847890138626,8.0,1189
308.5,0.3798235058784485,4.5,1190
547.0,0.3027731478214264,4.75,1191
602.0,0.3009057343006134,2.0,1192
294.0,0.28781527280807495,5.75,1193
167.5,0.2975323796272278,10.0,1194
228.5,0.7041181921958923,10.0,1195
171.5,0.5593128800392151,10.0,1196
92.5,0.18817122280597687,10.0,1197
348.5,0.28117743134498596,3.0,1198
258.0,0.41555866599082947,7.25,1199
599.0,0.5272476673126221,2.0,1200
355.5,0.3963814079761505,5.0,1201
191.5,0.24823598563671112,7.25,1202
256.0,0.6289058923721313,7.25,1203
199.0,0.43456417322158813,4.5,1204
325.5,0.4694480001926422,10.0,1205
291.0,0.5385779142379761,7.25,1206
545.0,0.43842700123786926,4.75,1207
157.5,0.2975541353225708,10.0,1208
768.0,0.4656522274017334,-0.5,1209
202.0,0.2580612897872925,10.0,1210
180.0,0.5718114972114563,7.5,1211
424.5,0.7092164158821106,4.5,1212
499.5,0.35635021328926086,4.75,1213
464.0,0.2665073573589325,4.75,1214
225.5,0.266931414604187,10.0,1215
128.0,0.33866453170776367,10.0,1216
255.5,0.34039053320884705,10.0,1217
122.0,0.6651965975761414,10.0,1218
265.0,0.205505833029747,4.5,1219
86.0,0.46884021162986755,1.0,1220
538.5,0.6644542813301086,2.0,1221
475.5,0.369416207075119,4.75,1222
236.5,0.2985071539878845,10.0,1223
201.0,0.3743434250354767,5.25,1224
140.5,0.4346071183681488,10.0,1225
190.0,0.2720926105976105,4.5,1226
198.5,0.4809053838253021,10.0,1227
115.0,0.36324942111968994,5.125,1228
313.0,0.4200757145881653,10.0,1229
680.0,0.5422877669334412,0.5,1230
263.5,0.3051142692565918,7.25,1231
204.5,0.4268242120742798,8.0,1232
212.0,0.13266146183013916,4.5,1233
148.0,0.4572601616382599,5.75,1234
139.5,0.35957249999046326,10.0,1235
287.0,0.3183840215206146,10.0,1236
128.0,0.40161946415901184,5.75,1237
488.5,0.5065627694129944,4.75,1238
454.0,0.3425576984882355,-0.5,1239
520.0,0.41168150305747986,2.0,1240
125.5,0.2617088556289673,10.0,1241
103.5,0.5749174952507019,7.25,1242
216.5,0.5678450465202332,3.125,1243
468.0,0.4573809802532196,4.75,1244
411.5,0.21846720576286316,4.5,1245
205.5,0.3543519973754883,8.0,1246
547.5,0.4407820701599121,4.75,1247
261.0,0.4599369764328003,4.5,1248
82.5,0.35505449771881104,10.0,1249
111.5,0.6410834193229675,10.0,1250
768.0,0.3979341983795166,-0.5,1251
126.0,0.278160959482193,2.75,1252
76.0,0.9631487131118774,4.5,1253
193.5,0.9023216962814331,5.75,1254
331.5,0.5945953726768494,4.5,1255
91.5,0.5085473656654358,10.0,1256
288.0,0.43364855647087097,7.25,1257
768.0,0.5522183775901794,-0.5,1258
120.0,0.2996124029159546,5.25,1259
425.5,0.6143297553062439,6.0,1260
418.5,0.34013789892196655,4.75,1261
559.5,0.517253041267395,4.75,1262
192.5,0.26407498121261597,5.25,1263
117.0,0.3559596538543701,7.875,1264
215.0,0.5332595109939575,10.0,1265
86.5,0.5478511452674866,5.75,1266
307.5,0.28069889545440674,10.0,1267
419.0,0.4860454499721527,2.0,1268
206.5,0.41825953125953674,4.75,1269
167.5,0.532728910446167,7.25,1270
187.0,0.642640233039856,10.0,1271
394.5,0.726065993309021,4.5,1272
768.0,0.3292461931705475,-0.5,1273
291.5,0.3750119209289551,5.125,1274
233.0,0.42189836502075195,5.25,1275
108.5,0.47542187571525574,10.0,1276
175.0,0.32871583104133606,4.5,1277
80.0,0.706585168838501,10.0,1278
144.0,0.3185569643974304,4.5,1279
47.0,0.8294178247451782,0.5,1280
508.5,0.7691306471824646,4.75,1281
131.5,0.4005741477012634,10.0,1282
371.5,0.4947790205478668,4.5,1283
190.0,0.4063583314418793,10.0,1284
277.0,0.47568947076797485,5.25,1285
467.0,0.1953326016664505,0.5,1286
140.0,0.31215134263038635,4.5,1287
144.0,0.5147795677185059,7.5,1288
133.5,0.4085146188735962,10.0,1289
169.0,0.41505879163742065,7.25,1290
514.0,0.4114065170288086,4.75,1291
126.0,0.31999000906944275,10.0,1292
418.0,0.595011830329895,4.75,1293
234.5,0.5464476346969604,4.5,1294
463.0,0.5626101493835449,2.0,1295
140.5,0.3480294942855835,10.0,1296
275.5,0.5905502438545227,5.5,1297
477.0,0.49975502490997314,2.625,1298
466.0,0.4374181032180786,-0.5,1299
768.0,0.43979892134666443,-0.5,1300
616.5,0.33164095878601074,2.0,1301
269.5,0.33797430992126465,4.75,1302
124.5,0.403850257396698,10.0,1303
102.5,0.516398012638092,10.0,1304
130.0,0.3981221914291382,10.0,1305
394.0,0.30018866062164307,2.0,1306
192.0,0.40361183881759644,5.25,1307
544.0,0.49367934465408325,1.25,1308
509.0,0.173751100897789,2.0,1309
123.0,0.43180108070373535,10.0,1310
221.0,0.4458065330982208,10.0,1311
583.5,0.40456515550613403,3.0,1312
469.0,0.35529494285583496,4.75,1313
104.5,0.41196975111961365,4.75,1314
307.5,1.06647789478302,7.875,1315
249.0,0.4902811348438263,5.5,1316
434.5,0.6860600113868713,5.125,1317
154.5,0.4192330837249756,10.0,1318
146.0,0.06669236719608307,8.25,1319
505.5,0.6592840552330017,4.75,1320
413.5,0.41903945803642273,4.5,1321
117.0,0.3818306624889374,5.75,1322
187.0,0.3390587270259857,7.5,1323
107.0,0.6282848715782166,10.0,1324
768.0,0.47039270401000977,-0.5,1325
169.0,0.27515432238578796,10.0,1326
493.0,0.27403149008750916,6.5,1327
173.5,0.40959641337394714,4.5,1328
99.5,0.7218087315559387,10.0,1329
768.0,0.4165853261947632,-0.5,1330
158.0,0.33042317628860474,4.5,1331
585.5,0.7547352910041809,2.0,1332
768.0,0.41584333777427673,-0.5,1333
345.0,0.4128795266151428,4.5,1334
145.5,0.39013904333114624,10.0,1335
204.0,0.6773661375045776,7.25,1336
164.5,0.5717138051986694,8.75,1337
768.0,0.6310254335403442,-0.5,1338
72.0,0.2848813533782959,6.5,1339
118.5,0.8348138928413391,4.5,1340
768.0,0.7174146771430969,-0.5,1341
228.0,0.33357900381088257,7.25,1342
175.5,0.48684990406036377,4.5,1343
164.5,0.44486790895462036,4.5,1344
231.5,0.4546585977077484,5.75,1345
192.0,0.4228026568889618,10.0,1346
173.5,0.3817383646965027,10.0,1347
186.5,0.33719053864479065,10.0,1348
616.5,0.5494165420532227,2.0,1349
117.5,0.26927316188812256,10.0,1350
768.0,0.5791548490524292,-0.5,1351
277.0,0.35032662749290466,4.5,1352
154.5,0.4845612943172455,6.5,1353
768.0,0.34990039467811584,-0.5,1354
298.5,0.338344931602478,5.25,1355
104.0,0.4285117983818054,7.25,1356
246.5,0.48503220081329346,5.5,1357
159.5,0.39824891090393066,4.75,1358
123.5,0.7136836647987366,10.0,1359
127.5,0.45838505029678345,7.5,1360
224.0,0.9192357659339905,4.5,1361
248.0,0.4422690272331238,4.5,1362
271.5,0.4763062298297882,10.0,1363
108.0,0.3939214050769806,7.25,1364
400.0,0.4841213822364807,2.25,1365
192.5,0.48160213232040405,4.75,1366
472.0,0.6352495551109314,2.0,1367
171.5,0.3147922456264496,5.25,1368
159.0,0.5174195766448975,5.25,1369
121.5,0.7925325036048889,7.25,1370
100.0,0.4937220811843872,10.0,1371
110.5,0.32200875878334045,4.5,1372
194.0,0.45196333527565,4.5,1373
248.5,0.21115165948867798,5.5,1374
114.0,0.5649340152740479,7.25,1375
585.5,0.5102367997169495,-0.5,1376
169.0,0.3438567817211151,7.5,1377
497.0,0.790069580078125,4.75,1378
157.5,0.5555341243743896,4.75,1379
290.5,0.2582544982433319,5.125,1380
206.0,0.4574054181575775,5.125,1381
126.5,0.6365472078323364,4.5,1382
160.5,0.723337709903717,2.625,1383
62.0,0.6073718070983887,4.5,1384
257.0,1.315468668937683,7.25,1385
214.5,0.5022443532943726,10.0,1386
136.0,0.35659918189048767,10.0,1387
229.5,0.3114446997642517,3.625,1388
472.0,0.6350359916687012,2.0,1389
200.5,0.5467038154602051,5.5,1390
123.0,0.6770923137664795,8.0,1391
90.5,0.6617591381072998,2.5,1392
234.5,0.6768485307693481,4.5,1393
40.0,0.41953277587890625,0.5,1394
144.5,1.1189478635787964,10.0,1395
143.0,0.5487116575241089,10.0,1396
214.5,0.4398072361946106,4.5,1397
96.0,0.5467153191566467,5.0,1398
234.0,0.6087084412574768,10.0,1399
247.5,0.4920010268688202,7.25,1400
237.0,0.5525588989257812,2.5,1401
664.0,0.8822841048240662,2.0,1402
224.5,0.37335216999053955,7.25,1403
130.0,0.6932744383811951,4.5,1404
186.5,0.47375237941741943,7.25,1405
151.5,0.40020817518234253,7.25,1406
284.5,0.46818628907203674,10.0,1407
106.5,0.49303629994392395,5.25,1408
173.0,1.049208402633667,8.0,1409
108.0,0.5615500807762146,10.0,1410
127.5,0.3323262631893158,10.0,1411
73.5,0.2410288006067276,10.0,1412
70.0,0.7272034287452698,4.5,1413
114.5,1.1137295961380005,6.5,1414
568.0,1.0131384134292603,4.5,1415
84.0,0.38128039240837097,10.0,1416
151.5,0.5871674418449402,10.0,1417
88.5,0.48008713126182556,7.25,1418
165.0,0.6742421984672546,5.25,1419
209.5,0.6711716651916504,4.5,1420
513.0,0.5064470767974854,6.0,1421
182.5,0.3123828172683716,4.5,1422
195.0,0.5993883013725281,10.0,1423
89.5,0.37242671847343445,7.25,1424
167.0,0.560996413230896,4.5,1425
209.5,0.8442366719245911,4.5,1426
162.0,0.6001920104026794,5.25,1427
116.0,0.5292271971702576,10.0,1428
768.0,0.48434776067733765,-0.5,1429
70.0,0.27177298069000244,0.5,1430
113.5,0.6297333836555481,5.25,1431
140.5,0.5231858491897583,4.5,1432
189.5,0.6540631651878357,7.25,1433
34.0,0.6858383417129517,0.5,1434
203.5,1.0010372400283813,10.0,1435
763.5,0.4780777096748352,2.0,1436
146.0,0.42890748381614685,4.75,1437
161.5,0.7165020108222961,4.5,1438
461.0,0.4665026366710663,2.0,1439
79.5,0.4229377508163452,5.25,1440
84.5,0.9474650025367737,7.25,1441
151.5,0.8394447565078735,6.5,1442
328.0,0.44729888439178467,10.0,1443
258.0,0.47366273403167725,4.5,1444
17.0,0.5280695557594299,0.5,1445
178.5,4.274886608123779,5.25,1446
245.0,0.684594452381134,4.5,1447
120.5,0.5365822911262512,4.5,1448
463.0,0.44712597131729126,4.5,1449
85.0,0.43451228737831116,4.5,1450
91.5,0.7966992855072021,5.25,1451
486.0,0.6698870062828064,0.0,1452
590.5,0.31908494234085083,4.75,1453
768.0,0.3353119194507599,-0.5,1454
194.0,0.3116103410720825,2.0,1455
158.0,0.7215504050254822,8.0,1456
232.5,0.7599784731864929,4.5,1457
106.0,0.4930435121059418,6.0,1458
306.5,0.5159159898757935,5.25,1459
380.5,0.3724694550037384,10.0,1460
646.0,0.5922096371650696,2.0,1461
148.0,0.40760260820388794,10.0,1462
131.5,0.5414676070213318,7.0,1463
89.5,0.45660102367401123,10.0,1464
443.5,0.4942486584186554,-0.5,1465
119.5,0.43582165241241455,10.0,1466
116.0,0.45769980549812317,5.25,1467
768.0,0.4747639298439026,-0.5,1468
98.0,0.3018943965435028,4.5,1469
172.5,0.9125145673751831,10.0,1470
147.5,0.967530369758606,7.25,1471
311.0,0.3949631154537201,4.5,1472
430.0,0.25332391262054443,4.5,1473
301.0,0.5080165863037109,10.0,1474
105.5,0.49733084440231323,4.5,1475
220.5,0.9407835602760315,4.5,1476
429.5,0.3458099067211151,4.5,1477
179.0,0.40230047702789307,4.5,1478
92.5,0.5718705654144287,5.0,1479
107.5,0.44317445158958435,5.25,1480
74.0,0.4062601327896118,5.75,1481
768.0,0.9195281863212585,-0.5,1482
181.5,0.46455293893814087,5.25,1483
134.5,0.7200903296470642,2.5,1484
50.0,0.686180055141449,0.5,1485
251.5,1.985092282295227,10.0,1486
171.5,0.5116735696792603,10.0,1487
199.5,0.5449792146682739,7.25,1488
120.5,0.4729172885417938,10.0,1489
180.0,0.4579576849937439,10.0,1490
28.0,0.5662267208099365,0.5,1491
117.0,3.6421515941619873,10.0,1492
182.0,0.39384186267852783,3.625,1493
171.5,0.6773117780685425,10.0,1494
392.0,0.572996973991394,4.5,1495
185.0,0.35454055666923523,5.125,1496
93.0,0.6214665174484253,5.25,1497
108.0,0.48544228076934814,3.0,1498
117.5,0.7324656844139099,5.75,1499
475.0,0.5604039430618286,4.75,1500
188.5,0.13981284201145172,4.5,1501
524.5,0.6341614723205566,3.625,1502
522.0,0.4510122835636139,4.5,1503
177.5,0.4355945289134979,5.25,1504
296.5,0.595473051071167,5.25,1505
240.5,0.5145438313484192,7.25,1506
213.0,0.4837333858013153,7.25,1507
142.5,0.5350590944290161,7.5,1508
65.5,0.5153201818466187,5.25,1509
501.0,1.0226536989212036,2.0,1510
200.0,0.35355523228645325,2.625,1511
206.5,0.5747436285018921,2.0,1512
170.5,0.5403767228126526,2.5,1513
178.0,0.6185722947120667,4.5,1514
164.0,0.26841622591018677,5.75,1515
480.5,0.4969559907913208,2.0,1516
93.0,0.3347558081150055,10.0,1517
181.0,0.24417579174041748,4.5,1518
119.0,0.5086525082588196,4.5,1519
500.5,0.5959963202476501,10.0,1520
255.5,0.39368516206741333,10.0,1521
117.5,0.2994806170463562,7.25,1522
223.5,0.4466610252857208,10.0,1523
187.0,0.5501686334609985,7.875,1524
238.0,0.5197597742080688,7.25,1525
213.0,0.5347175002098083,7.25,1526
508.0,0.3652011454105377,2.0,1527
278.5,0.41132068634033203,4.5,1528
145.0,0.38552799820899963,4.5,1529
244.0,0.3308444321155548,7.5,1530
243.0,0.7554959654808044,10.0,1531
245.0,0.36224398016929626,7.875,1532
412.5,0.5085253715515137,0.0,1533
215.0,0.42429879307746887,10.0,1534
470.5,0.6379574537277222,2.625,1535
114.5,0.36592787504196167,5.125,1536
222.0,0.5214287042617798,7.25,1537
204.0,0.5694727301597595,4.5,1538
277.0,0.6908348202705383,4.75,1539
475.5,0.498339980840683,-0.5,1540
580.5,0.2706621289253235,4.75,1541
198.0,0.37262237071990967,4.5,1542
144.5,0.5734702348709106,4.5,1543
436.5,0.622297465801239,0.5,1544
84.5,0.4201701879501343,3.0,1545
200.5,0.44437137246131897,10.0,1546
121.5,0.3969070017337799,10.0,1547
118.5,0.5159391760826111,3.0,1548
243.5,0.4077052175998688,8.0,1549
221.5,0.5565010905265808,5.25,1550
287.0,0.4830901622772217,10.0,1551
598.0,0.4098053574562073,4.75,1552
199.0,0.36195576190948486,3.0,1553
156.0,0.6164537072181702,4.5,1554
145.0,0.4829351007938385,4.5,1555
125.0,0.5791649222373962,5.25,1556
320.0,0.7080464959144592,10.0,1557
152.0,0.4825560748577118,10.0,1558
207.0,0.45244693756103516,2.5,1559
237.5,0.5523427128791809,10.0,1560
129.0,0.4682522714138031,10.0,1561
120.5,0.3372907042503357,6.5,1562
191.5,0.6309211850166321,4.75,1563
100.0,0.657303512096405,1.5,1564
182.0,0.40600162744522095,8.0,1565
114.0,0.6838584542274475,8.0,1566
97.0,0.7472622394561768,10.0,1567
768.0,0.5104013085365295,-0.5,1568
108.0,0.37727653980255127,4.75,1569
143.5,0.7347246408462524,3.0,1570
326.5,0.4344464838504791,4.5,1571
768.0,0.5352367162704468,-0.5,1572
164.0,0.32272207736968994,10.0,1573
768.0,0.5943042635917664,-0.5,1574
302.5,0.1285574585199356,7.5,1575
85.0,0.43636488914489746,6.5,1576
361.0,0.7902121543884277,5.75,1577
768.0,0.44909512996673584,-0.5,1578
72.5,0.3906148374080658,1.75,1579
664.0,0.5968579053878784,0.0,1580
635.0,0.32757195830345154,2.0,1581
222.0,0.33722802996635437,10.0,1582
240.5,0.4834654629230499,10.0,1583
265.0,0.36232897639274597,4.5,1584
232.5,0.36953258514404297,5.75,1585
286.0,0.5668600797653198,5.125,1586
203.0,0.43108004331588745,5.0,1587
298.0,0.3017183542251587,6.75,1588
273.0,0.6995407342910767,4.5,1589
271.5,0.5472853183746338,10.0,1590
339.0,0.4840136766433716,10.0,1591
525.0,0.4500562250614166,4.5,1592
170.0,0.4077373743057251,4.5,1593
231.5,0.38528114557266235,5.75,1594
202.5,0.611020565032959,4.75,1595
741.0,0.5100287199020386,-0.5,1596
247.5,0.43716099858283997,5.25,1597
302.0,0.5269688367843628,10.0,1598
194.0,0.4769818186759949,10.0,1599
649.0,0.4316595196723938,0.0,1600
425.5,0.4555318057537079,10.0,1601
129.5,0.481624573469162,10.0,1602
275.0,0.43866658210754395,7.25,1603
291.0,0.5291865468025208,5.75,1604
141.5,0.4764757752418518,10.0,1605
464.0,0.6278746128082275,5.75,1606
155.0,0.3411380350589752,10.0,1607
252.5,0.3860568404197693,10.0,1608
163.0,0.37387463450431824,4.5,1609
187.5,0.18277138471603394,5.875,1610
346.0,0.3473943769931793,4.5,1611
89.0,0.5695723295211792,10.0,1612
290.5,0.613436758518219,10.0,1613
173.0,0.3551381528377533,4.5,1614
420.5,0.7381163835525513,10.0,1615
338.0,0.4139609634876251,10.0,1616
124.0,0.46163809299468994,5.25,1617
493.5,0.7612312436103821,2.0,1618
380.0,0.4780392646789551,10.0,1619
193.0,0.6185960173606873,5.25,1620
768.0,0.5739367604255676,-0.5,1621
204.5,0.2483072578907013,3.25,1622
203.0,0.5857577323913574,4.5,1623
112.0,0.629256010055542,6.5,1624
430.0,0.5032891035079956,4.5,1625
399.5,0.4278394877910614,10.0,1626
615.0,0.3601365387439728,2.0,1627
114.5,0.35329461097717285,10.0,1628
323.5,0.15777099132537842,7.25,1629
180.0,0.35010963678359985,7.25,1630
632.5,0.5137346386909485,2.25,1631
153.0,0.44605928659439087,4.5,1632
170.0,0.5274147987365723,3.0,1633
165.5,0.3357123136520386,10.0,1634
307.5,0.2916102707386017,5.875,1635
124.5,0.462362676858902,10.0,1636
161.0,0.5754859447479248,10.0,1637
609.5,0.3459744453430176,5.25,1638
510.5,0.2995349168777466,2.625,1639
257.0,0.3169860541820526,10.0,1640
423.5,0.395546019077301,4.5,1641
511.5,0.4968837797641754,-0.5,1642
271.0,0.39147478342056274,10.0,1643
463.5,0.416436105966568,3.25,1644
523.0,0.3670724034309387,5.25,1645
374.5,0.34236007928848267,4.5,1646
331.5,0.912658154964447,5.125,1647
364.5,0.45894691348075867,4.75,1648
720.0,0.45354601740837097,0.75,1649
110.5,0.2835223376750946,7.25,1650
620.0,0.5820108652114868,2.75,1651
110.5,0.2787516713142395,10.0,1652
570.5,0.3479364514350891,2.0,1653
365.5,0.3307621479034424,10.0,1654
191.5,0.5009248852729797,4.5,1655
146.0,0.333228200674057,10.0,1656
334.0,0.47719860076904297,4.5,1657
466.0,0.36564597487449646,5.75,1658
97.5,0.4745456874370575,3.0,1659
327.0,0.8245570659637451,5.0,1660
240.5,0.5194499492645264,5.125,1661
284.5,0.5917360782623291,4.75,1662
264.0,0.5972242951393127,7.25,1663
768.0,0.5820133686065674,0.0,1664
238.0,0.42527660727500916,7.25,1665
221.0,0.4567979574203491,4.5,1666
573.5,0.5305604338645935,2.0,1667
188.5,0.4079064726829529,5.75,1668
456.5,0.42769166827201843,7.25,1669
168.5,0.288282185792923,10.0,1670
173.5,0.38663768768310547,4.5,1671
378.5,0.7209667563438416,3.25,1672
198.5,0.6012081503868103,7.25,1673
195.5,0.43923428654670715,10.0,1674
355.5,0.6332899332046509,7.25,1675
476.5,0.4929651916027069,2.75,1676
273.0,0.40176865458488464,4.5,1677
463.5,0.4165836572647095,4.5,1678
243.5,0.3359798789024353,4.5,1679
214.5,0.3415301740169525,7.25,1680
319.5,0.4037168323993683,4.5,1681
398.0,0.392549991607666,10.0,1682
37.0,0.45442116260528564,0.5,1683
417.0,2.825578451156616,6.0,1684
359.5,0.5191559195518494,5.125,1685
177.5,0.6231799721717834,10.0,1686
130.5,0.5334140062332153,7.25,1687
367.0,0.5608925223350525,5.25,1688
150.0,0.3989449739456177,5.25,1689
88.0,0.6687899231910706,10.0,1690
349.0,0.44883713126182556,5.25,1691
134.5,0.5157705545425415,8.25,1692
376.0,0.6994163393974304,5.75,1693
189.5,0.5073761940002441,7.25,1694
107.5,0.8224050402641296,2.25,1695
160.5,0.36344072222709656,4.5,1696
425.0,0.42335307598114014,5.875,1697
108.0,0.5804864168167114,6.5,1698
174.5,0.6282719969749451,10.0,1699
167.5,0.44880375266075134,10.0,1700
114.0,0.21635618805885315,2.5,1701
218.5,0.9073243737220764,7.875,1702
201.5,0.7329217791557312,2.0,1703
119.0,0.7601739168167114,10.0,1704
249.0,0.3348972201347351,7.25,1705
144.5,0.4934026598930359,4.5,1706
246.5,0.5787144303321838,10.0,1707
355.5,0.5290184020996094,6.0,1708
435.0,0.45436519384384155,10.0,1709
318.0,0.29899999499320984,3.25,1710
140.0,0.4870486557483673,7.25,1711
120.0,0.7845233082771301,7.25,1712
80.0,0.42457422614097595,3.0,1713
179.5,0.8778608441352844,4.5,1714
292.5,0.6076770424842834,7.25,1715
382.0,0.5059018135070801,4.5,1716
768.0,0.36511319875717163,-0.5,1717
265.5,0.2664015293121338,4.5,1718
249.0,0.3966487944126129,4.75,1719
181.5,0.5235384702682495,6.0,1720
768.0,0.6943586468696594,-0.5,1721
591.5,0.300761878490448,-0.5,1722
97.0,0.535844624042511,10.0,1723
489.5,0.45624014735221863,2.0,1724
96.5,0.384712278842926,6.5,1725
236.0,0.6377033591270447,4.5,1726
156.5,0.4276288151741028,7.25,1727
255.5,0.2738005816936493,10.0,1728
190.0,0.3687625527381897,10.0,1729
129.0,0.22011442482471466,10.0,1730
79.0,0.5767245292663574,6.5,1731
447.0,0.7759302258491516,0.5,1732
313.0,0.3979915976524353,5.25,1733
625.0,0.397605836391449,2.75,1734
271.5,0.40992477536201477,8.0,1735
134.0,0.5677135586738586,10.0,1736
569.5,0.3715575039386749,0.5,1737
76.0,0.39211326837539673,10.0,1738
768.0,0.5456463694572449,-0.5,1739
341.5,0.3326528072357178,0.0,1740
697.5,0.5409030318260193,4.75,1741
145.5,0.3037492334842682,5.75,1742
151.5,0.5462967753410339,10.0,1743
187.0,0.410801500082016,10.0,1744
131.5,0.5741799473762512,4.5,1745
233.5,0.8293343782424927,5.25,1746
157.0,0.5789304971694946,7.25,1747
323.0,0.5318887829780579,5.125,1748
478.0,0.4308304190635681,5.0,1749
206.0,0.5370914340019226,5.0,1750
260.0,0.7398008108139038,10.0,1751
224.0,0.3269665241241455,10.0,1752
679.5,0.43132033944129944,2.75,1753
171.0,0.3936445415019989,10.0,1754
144.5,0.29067403078079224,-0.5,1755
121.5,0.5311819314956665,10.0,1756
332.5,0.8253967761993408,7.25,1757
472.5,0.4179195165634155,4.75,1758
768.0,0.2862907648086548,-0.5,1759
102.5,0.02321998029947281,2.25,1760
555.5,0.727526843547821,4.75,1761
202.5,0.2721521556377411,10.0,1762
175.5,0.4058704078197479,10.0,1763
136.5,0.36007213592529297,7.25,1764
159.5,0.5448241829872131,10.0,1765
281.5,0.8505008220672607,4.5,1766
185.0,0.4851777255535126,7.25,1767
217.5,0.4906787574291229,10.0,1768
308.5,0.46550777554512024,7.25,1769
216.5,0.48663926124572754,3.0,1770
287.5,0.43290549516677856,7.25,1771
768.0,0.6297072172164917,-0.5,1772
486.0,0.2949913740158081,2.0,1773
329.5,0.3796041011810303,5.125,1774
155.5,0.5237647891044617,7.25,1775
78.0,1.0621862411499023,4.0,1776
553.5,0.8778063654899597,4.75,1777
100.5,0.3828722834587097,3.0,1778
768.0,0.6742523908615112,-0.5,1779
445.0,0.42099544405937195,2.0,1780
213.5,0.5151433348655701,2.5,1781
100.5,0.7455965280532837,3.0,1782
288.5,0.9433690309524536,5.25,1783
768.0,0.5958191752433777,-0.5,1784
542.5,0.3649771213531494,2.0,1785
768.0,0.5353477597236633,-0.5,1786
73.5,0.4093601107597351,10.0,1787
144.5,0.5823826193809509,10.0,1788
303.0,0.22318880259990692,4.5,1789
149.5,0.32405152916908264,5.25,1790
222.5,0.730819821357727,5.0,1791
393.5,0.7344977855682373,4.75,1792
552.0,0.4175085127353668,2.0,1793
151.0,0.29804328083992004,7.25,1794
152.5,0.5385294556617737,3.0,1795
430.5,0.8873782157897949,5.75,1796
198.5,0.3008875846862793,4.5,1797
201.5,0.3465335965156555,10.0,1798
352.5,0.344028115272522,5.25,1799
285.0,0.4987720549106598,4.75,1800
768.0,0.4787064492702484,-0.5,1801
206.5,0.3150736093521118,10.0,1802
196.0,0.5238530039787292,4.5,1803
304.0,0.6240571737289429,5.75,1804
90.0,0.45233094692230225,10.0,1805
643.5,0.37476977705955505,4.75,1806
113.5,0.4186258614063263,10.0,1807
536.5,0.731558084487915,10.0,1808
122.0,0.460686057806015,0.5,1809
118.0,0.7022755742073059,10.0,1810
297.0,0.5125480890274048,4.5,1811
206.0,0.4825783967971802,10.0,1812
325.5,0.5566821098327637,4.5,1813
131.5,0.5149693489074707,7.25,1814
305.5,0.7405146360397339,4.5,1815
659.5,0.5309280753135681,2.0,1816
89.5,0.4433625340461731,10.0,1817
196.0,1.0727875232696533,4.5,1818
675.5,0.7111783623695374,0.0,1819
768.0,0.3007911145687103,-0.5,1820
482.5,0.2746559977531433,1.5,1821
768.0,0.4930907189846039,-0.5,1822
451.5,0.4077228009700775,4.75,1823
630.0,0.4905247390270233,0.0,1824
122.5,0.4039452373981476,10.0,1825
768.0,0.6245381832122803,-0.5,1826
504.5,0.27334246039390564,4.75,1827
589.5,0.5283893942832947,2.0,1828
375.0,0.4117056131362915,4.5,1829
161.5,0.27122732996940613,10.0,1830
768.0,0.42529231309890747,-0.5,1831
195.5,0.34055793285369873,5.75,1832
114.0,0.7622652649879456,6.5,1833
206.0,0.6298069953918457,4.5,1834
248.0,0.4316937327384949,4.5,1835
350.0,0.43239590525627136,4.75,1836
768.0,0.3906016945838928,-0.5,1837
165.0,0.4207085967063904,10.0,1838
150.0,0.6664056777954102,10.0,1839
248.0,0.6805422306060791,10.0,1840
232.0,0.298931360244751,10.0,1841
215.5,0.6133028268814087,7.25,1842
290.0,0.6635558009147644,7.25,1843
105.5,0.47587382793426514,7.25,1844
768.0,0.7374107241630554,-0.5,1845
83.5,0.40822190046310425,10.0,1846
247.5,0.7232871651649475,7.25,1847
122.5,0.7326390743255615,10.0,1848
107.0,0.37219443917274475,5.75,1849
359.0,0.6685369610786438,6.0,1850
331.0,0.5274905562400818,10.0,1851
294.0,0.5663473606109619,4.5,1852
342.5,0.48127251863479614,4.5,1853
174.0,0.4244920313358307,10.0,1854
95.5,0.43982791900634766,7.25,1855
240.5,1.0207833051681519,10.0,1856
151.5,0.4357810616493225,10.0,1857
111.0,0.37679174542427063,10.0,1858
130.0,0.6491707563400269,3.75,1859
70.5,0.5634579658508301,3.125,1860
516.5,1.5093392133712769,0.0,1861
153.5,0.4030892550945282,1.0,1862
166.5,0.6443703174591064,1.0,1863
252.5,0.7113391757011414,4.5,1864
147.0,0.33026421070098877,10.0,1865
196.0,0.6382654309272766,4.5,1866
108.5,0.5572360157966614,5.25,1867
166.0,0.8447141647338867,3.75,1868
167.0,0.4832457900047302,5.5,1869
175.0,0.6297610402107239,7.25,1870
341.5,0.5910106301307678,10.0,1871
193.5,0.4368472993373871,7.25,1872
257.0,0.8192062377929688,3.75,1873
346.5,0.7397141456604004,10.0,1874
129.0,0.5656915903091431,10.0,1875
132.5,0.305337518453598,2.75,1876
134.0,0.46135345101356506,7.25,1877
162.5,0.43228697776794434,7.25,1878
113.0,0.9149832725524902,3.0,1879
302.0,0.7574662566184998,4.5,1880
301.5,0.37482908368110657,4.5,1881
574.0,0.29893216490745544,4.5,1882
157.0,0.49741116166114807,3.0,1883
297.5,0.7652831673622131,10.0,1884
222.0,0.5180529356002808,5.75,1885
330.0,0.6256148815155029,6.75,1886
583.0,0.4306640326976776,4.75,1887
182.0,0.277597576379776,7.25,1888
386.0,0.38452795147895813,10.0,1889
97.5,0.4625508189201355,5.25,1890
301.5,0.5877953171730042,10.0,1891
341.5,0.37222638726234436,10.0,1892
537.5,0.3065018355846405,5.25,1893
354.0,0.44774892926216125,5.125,1894
220.0,0.575789213180542,3.0,1895
230.0,0.7058141231536865,4.5,1896
473.0,0.724385142326355,0.5,1897
122.0,0.4045346975326538,3.0,1898
148.0,0.41019299626350403,10.0,1899
94.5,0.49439287185668945,0.5,1900
234.0,0.7610649466514587,3.0,1901
387.0,0.5335004925727844,10.0,1902
137.5,0.45935148000717163,5.75,1903
152.5,0.9314121603965759,1.0,1904
273.5,0.6379562616348267,3.625,1905
156.5,0.6277346014976501,3.0,1906
495.5,0.3477840721607208,2.25,1907
479.0,0.3858049511909485,5.125,1908
595.5,0.3677312433719635,2.0,1909
88.5,0.4736289381980896,5.25,1910
95.5,0.6086134314537048,3.0,1911
173.0,0.5274432301521301,3.0,1912
165.0,0.3420974314212799,7.25,1913
115.0,0.35044893622398376,2.25,1914
346.5,0.6306713819503784,4.75,1915
225.5,0.5352650880813599,10.0,1916
477.0,0.3576465845108032,4.75,1917
663.5,0.4170236885547638,0.0,1918
537.5,0.42439624667167664,-0.5,1919
285.0,0.5270251631736755,5.25,1920
292.0,0.60102778673172,6.5,1921
473.5,0.34035035967826843,0.5,1922
566.5,0.40934500098228455,4.75,1923
92.0,0.2596375048160553,3.0,1924
172.0,0.75455641746521,10.0,1925
149.0,0.36412060260772705,10.0,1926
768.0,0.2353861778974533,-0.5,1927
301.0,0.40609610080718994,4.5,1928
581.0,0.48076602816581726,4.75,1929
464.5,0.33158940076828003,4.0,1930
255.0,0.46420496702194214,4.5,1931
171.5,0.572945237159729,5.75,1932
136.5,0.6222754120826721,1.0,1933
127.5,0.8243657946586609,1.5,1934
360.0,0.5564498901367188,4.5,1935
231.0,0.4849144518375397,5.25,1936
218.0,0.6263266801834106,5.0,1937
375.5,0.4734126329421997,2.25,1938
768.0,0.5236921310424805,-0.5,1939
272.5,0.3366895914077759,4.5,1940
83.0,0.6460602879524231,0.5,1941
483.0,0.7096287608146667,1.0,1942
126.5,0.34338483214378357,10.0,1943
768.0,0.5262628793716431,-0.5,1944
176.0,0.43596869707107544,6.5,1945
532.5,0.13200941681861877,2.25,1946
285.5,0.5229194760322571,7.25,1947
144.5,0.41482865810394287,1.25,1948
521.5,0.5930732488632202,2.0,1949
171.5,0.44927746057510376,5.25,1950
94.0,0.5228421092033386,3.0,1951
220.0,0.79378741979599,2.25,1952
88.0,0.5839768052101135,1.5,1953
162.5,0.7962610125541687,4.75,1954
74.0,0.5155072212219238,0.5,1955
130.5,1.4397894144058228,2.25,1956
151.0,0.8289557695388794,4.75,1957
188.0,0.7322428226470947,10.0,1958
131.0,0.3968445956707001,4.5,1959
197.0,0.9057745933532715,10.0,1960
138.5,0.5826207399368286,6.5,1961
217.0,0.3005891740322113,2.0,1962
118.0,0.4831388592720032,7.25,1963
132.0,0.6823058128356934,2.25,1964
335.0,0.642119288444519,7.25,1965
136.0,0.6288290023803711,2.25,1966
113.0,0.7975754141807556,3.0,1967
172.0,0.45943915843963623,1.75,1968
177.5,0.49393728375434875,6.5,1969
439.5,0.6958646178245544,0.5,1970
397.0,0.3696199953556061,7.25,1971
283.5,0.43115952610969543,5.0,1972
518.5,0.5478154420852661,2.0,1973
194.0,0.37604227662086487,4.5,1974
768.0,0.6246504783630371,-0.5,1975
136.5,0.4166174829006195,3.0,1976
228.0,0.680804431438446,4.5,1977
216.0,0.621825098991394,4.5,1978
198.5,0.38682883977890015,10.0,1979
192.0,0.5792021751403809,6.5,1980
626.5,0.4474058747291565,2.0,1981
122.0,0.39477553963661194,1.75,1982
530.5,0.7480928301811218,2.0,1983
149.5,0.29009971022605896,5.75,1984
215.5,0.9614419937133789,5.75,1985
99.5,0.5896669030189514,1.75,1986
341.0,0.9560715556144714,3.0,1987
226.0,0.4563238322734833,6.5,1988
141.5,0.40141257643699646,3.0,1989
61.0,0.5064018368721008,1.5,1990
119.0,1.0786854028701782,2.25,1991
578.0,0.8756786584854126,2.0,1992
261.5,0.4510267376899719,7.25,1993
372.5,0.6624492406845093,5.25,1994
176.0,0.48340436816215515,1.75,1995
509.5,0.5068995952606201,4.75,1996
141.0,0.39756837487220764,3.0,1997
174.0,0.47601640224456787,0.5,1998
90.0,0.7762423753738403,1.75,1999
205.5,0.8010490536689758,5.0,2000
99.5,0.510008692741394,3.0,2001
526.0,0.6404199600219727,3.25,2002
127.0,0.4033550024032593,3.0,2003
151.0,0.4468654692173004,1.0,2004
181.5,0.3864658772945404,5.25,2005
160.0,0.614356517791748,1.5,2006
160.0,0.45894595980644226,0.5,2007
107.0,0.33210787177085876,2.25,2008
241.0,0.7497286796569824,10.0,2009
145.5,0.5472100973129272,5.25,2010
231.0,0.6124116778373718,5.25,2011
163.0,0.5537031888961792,4.5,2012
363.0,0.5491124987602234,4.5,2013
465.5,0.542477548122406,2.0,2014
416.0,0.40161579847335815,2.75,2015
379.5,0.49618837237358093,5.0,2016
628.0,0.5596312880516052,2.25,2017
178.5,0.4149346351623535,4.5,2018
253.0,0.6933261752128601,10.0,2019
251.0,0.3570212721824646,10.0,2020
637.5,0.7697690725326538,2.25,2021
768.0,0.40046265721321106,-0.5,2022
186.0,0.3169652223587036,4.5,2023
198.5,0.7787508368492126,4.5,2024
181.0,0.7557936906814575,1.5,2025
131.0,0.6626589298248291,1.75,2026
119.0,0.6504393815994263,3.0,2027
768.0,0.41345128417015076,-0.5,2028
105.0,0.4068196713924408,0.5,2029
182.0,0.678325355052948,3.0,2030
532.0,0.49778640270233154,2.0,2031
238.0,0.442781001329422,5.25,2032
269.0,0.6301866173744202,2.5,2033
703.5,0.4845787584781647,3.5,2034
592.5,0.34506282210350037,4.5,2035
147.0,0.37533655762672424,5.75,2036
522.0,0.4602583944797516,3.0,2037
355.5,0.3958624303340912,3.125,2038
562.5,0.7474728226661682,4.75,2039
138.5,0.480021595954895,3.0,2040
142.0,0.6802423000335693,0.5,2041
654.0,0.7924433946609497,4.75,2042
169.5,0.3349791169166565,2.25,2043
282.5,0.6051697134971619,10.0,2044
768.0,0.3404836058616638,-0.5,2045
111.0,0.4016914963722229,5.25,2046
575.0,0.5093991160392761,2.0,2047
210.0,0.43299898505210876,5.25,2048
154.0,0.6838905215263367,0.5,2049
126.5,0.9211312532424927,1.75,2050
151.0,1.1278343200683594,2.0,2051
768.0,0.9221117496490479,-0.5,2052
448.5,0.35182222723960876,2.5,2053
247.5,0.4882816970348358,10.0,2054
458.5,0.5413634777069092,2.0,2055
294.5,0.33395588397979736,5.875,2056
145.5,0.4913958013057709,5.25,2057
138.5,0.4586675763130188,10.0,2058
131.5,0.6330494284629822,2.25,2059
540.0,0.8566266894340515,4.75,2060
373.0,0.298232764005661,2.0,2061
534.0,0.5955759286880493,0.5,2062
468.0,0.5426363945007324,0.5,2063
199.0,0.1914348006248474,1.5,2064
552.0,0.5652045011520386,2.0,2065
99.0,0.33692359924316406,3.0,2066
290.0,0.6713469624519348,1.75,2067
216.5,0.6040461659431458,3.25,2068
768.0,0.5328361988067627,-0.5,2069
233.5,0.35493192076683044,4.5,2070
139.5,0.6902071833610535,3.75,2071
198.0,0.4077202081680298,6.0,2072
142.5,0.5003055930137634,10.0,2073
97.5,0.718888521194458,1.75,2074
593.0,0.5888596177101135,4.75,2075
182.5,0.3510916829109192,7.25,2076
257.5,0.5045547485351562,6.5,2077
227.5,0.5633825063705444,4.5,2078
201.0,0.4703330993652344,10.0,2079
322.0,0.5241376757621765,10.0,2080
179.0,0.45069488883018494,5.0,2081
138.5,0.7733150720596313,3.0,2082
145.0,0.40429922938346863,3.75,2083
567.5,0.40939027070999146,7.25,2084
524.0,0.38464418053627014,0.5,2085
462.0,0.42876997590065,1.0,2086
187.5,0.6113326549530029,2.5,2087
202.5,0.6344021558761597,7.5,2088
145.5,0.33955565094947815,5.25,2089
96.5,0.76568204164505,5.25,2090
164.0,0.41726160049438477,1.0,2091
111.0,0.47989457845687866,3.0,2092
193.0,0.9005880355834961,4.75,2093
153.0,0.6056535840034485,10.0,2094
178.5,0.35338523983955383,10.0,2095
232.5,0.661815881729126,3.0,2096
76.5,0.5794772505760193,0.5,2097
173.0,0.9722751975059509,7.25,2098
175.0,0.5735733509063721,4.5,2099
313.0,0.7775297164916992,2.5,2100
215.5,0.4822586476802826,10.0,2101
109.5,0.45208901166915894,3.0,2102
146.0,0.6641587615013123,1.5,2103
131.5,0.6084731817245483,3.0,2104
613.0,0.21994806826114655,2.25,2105
103.0,0.33592551946640015,10.0,2106
100.0,0.5113250613212585,1.75,2107
75.0,0.3698865473270416,0.5,2108
479.5,0.7952364087104797,0.0,2109
433.5,0.33115121722221375,2.0,2110
423.5,0.3686996400356293,0.0,2111
191.0,0.36884549260139465,1.5,2112
133.0,0.42628568410873413,5.25,2113
197.5,0.8136278986930847,1.5,2114
256.5,0.556487500667572,7.5,2115
62.5,0.6033424139022827,0.5,2116
232.5,1.2293736934661865,3.75,2117
141.0,0.4014299809932709,4.5,2118
154.0,0.3790099322795868,2.25,2119
138.5,0.6082097291946411,1.75,2120
67.0,0.4577714502811432,0.5,2121
212.5,0.4963935911655426,5.875,2122
357.5,0.6416649222373962,3.625,2123
379.0,0.46032917499542236,5.25,2124
343.0,0.5326271057128906,4.5,2125
100.0,0.4406389594078064,0.5,2126
153.5,0.5803561806678772,3.0,2127
158.0,0.6839208602905273,1.5,2128
192.0,0.7408834099769592,1.25,2129
640.5,0.560365617275238,2.625,2130
128.0,0.3787996470928192,3.0,2131
216.0,0.47135674953460693,6.0,2132
135.0,0.3319835960865021,4.375,2133
223.5,0.6280160546302795,4.5,2134
261.5,0.545656144618988,2.5,2135
125.5,0.6093801259994507,1.5,2136
54.0,0.8400380611419678,0.5,2137
115.0,0.8362265825271606,1.75,2138
158.5,0.9349443316459656,5.25,2139
768.0,0.6219709515571594,-0.5,2140
141.0,0.4001440405845642,1.5,2141
98.0,0.6119594573974609,1.0,2142
170.0,1.2400720119476318,2.5,2143
186.5,0.8602114915847778,2.5,2144
229.5,0.6991775631904602,10.0,2145
102.5,0.43445199728012085,0.5,2146
209.5,0.6154235005378723,3.0,2147
103.5,0.4885323941707611,3.0,2148
63.5,0.7253842353820801,0.0,2149
140.5,0.888724684715271,1.0,2150
143.0,0.6489613056182861,0.0,2151
127.0,0.33095207810401917,0.5,2152
386.0,0.5154805779457092,5.25,2153
128.5,0.3899381160736084,3.0,2154
183.5,0.442529559135437,10.0,2155
124.5,0.5600149035453796,5.25,2156
300.5,0.9447750449180603,4.5,2157
355.5,0.539189875125885,6.5,2158
340.5,0.4334469139575958,4.5,2159
158.0,0.4936051070690155,3.0,2160
116.5,0.47192901372909546,0.5,2161
85.0,0.7869290113449097,0.5,2162
98.5,1.0160727500915527,3.0,2163
432.0,0.3269612491130829,2.0,2164
281.5,0.3939652740955353,5.25,2165
205.5,0.3485809862613678,1.5,2166
528.0,0.9309816360473633,2.0,2167
150.5,0.5437721610069275,3.125,2168
107.5,0.8361424207687378,0.5,2169
75.5,0.45290854573249817,1.0,2170
249.5,1.0252420902252197,8.25,2171
235.0,0.5416301488876343,0.5,2172
147.0,0.5129175782203674,1.5,2173
398.5,0.8394691348075867,2.5,2174
212.5,0.5265435576438904,4.0,2175
137.0,0.8075174689292908,1.75,2176
93.0,0.6047431826591492,1.75,2177
127.0,0.5972883701324463,1.5,2178
626.5,0.6144752502441406,2.0,2179
272.5,0.45317351818084717,5.25,2180
144.5,0.4018113613128662,3.0,2181
176.5,0.21264439821243286,4.75,2182
244.0,0.5172130465507507,1.0,2183
290.0,0.517511248588562,7.25,2184
158.0,0.37516114115715027,2.5,2185
87.5,0.4003291726112366,0.5,2186
87.0,0.7461506724357605,0.5,2187
183.0,0.7178544998168945,0.5,2188
340.5,0.5789938569068909,1.0,2189
106.5,0.5197932124137878,1.75,2190
271.0,0.40345391631126404,2.75,2191
243.0,0.5349486470222473,7.25,2192
117.0,0.6061620712280273,3.0,2193
138.0,0.7969272136688232,2.25,2194
148.0,0.7059320211410522,2.25,2195
114.0,0.6322206854820251,0.5,2196
215.0,0.861072838306427,7.25,2197
405.0,0.41154196858406067,4.5,2198
185.0,0.6127196550369263,1.5,2199
192.0,0.4647733271121979,2.75,2200
467.0,0.39935529232025146,0.5,2201
170.0,0.40966883301734924,1.5,2202
510.0,0.6852218508720398,2.5,2203
112.5,0.4392339885234833,0.5,2204
133.0,0.8565533757209778,0.5,2205
210.0,0.7140070796012878,5.5,2206
78.5,0.6842378973960876,0.5,2207
123.5,1.0653960704803467,3.0,2208
113.0,0.3256140947341919,1.0,2209
591.5,0.7987471222877502,2.0,2210
154.5,0.39772433042526245,1.0,2211
195.0,0.5930919647216797,3.0,2212
231.0,0.6972461342811584,4.5,2213
163.5,0.6627428531646729,5.25,2214
162.0,0.6338292360305786,3.0,2215
501.5,0.42256295680999756,2.625,2216
187.0,0.2569522559642792,2.5,2217
212.0,0.5420612692832947,5.0,2218
590.5,0.6870502829551697,4.75,2219
109.5,0.4500630795955658,1.0,2220
474.0,0.9769567847251892,0.5,2221
105.0,0.3928146958351135,1.0,2222
169.5,0.6784820556640625,7.875,2223
168.0,0.47644394636154175,4.75,2224
317.5,0.530911922454834,1.75,2225
629.5,0.5272877216339111,10.0,2226
768.0,0.40453746914863586,-0.5,2227
113.5,0.24480418860912323,3.0,2228
459.0,0.42232877016067505,0.5,2229
117.0,0.48181265592575073,3.0,2230
208.5,0.6176706552505493,1.5,2231
146.5,0.6572527885437012,1.5,2232
261.0,0.5393384099006653,4.5,2233
125.5,0.4435389041900635,1.75,2234
154.5,0.5383616089820862,1.5,2235
220.0,0.8389458060264587,7.25,2236
515.5,0.5585601925849915,-0.5,2237
162.5,0.4686414897441864,3.0,2238
656.5,0.5363291501998901,0.0,2239
139.0,0.43746277689933777,5.75,2240
473.5,0.44016191363334656,0.5,2241
416.0,0.34900736808776855,0.0,2242
104.0,0.43529021739959717,3.0,2243
116.5,0.5181444883346558,2.5,2244
505.5,0.7944875359535217,2.0,2245
397.5,0.40545299649238586,3.0,2246
195.5,0.41410863399505615,1.0,2247
152.5,0.5141816139221191,1.5,2248
81.5,0.4202788174152374,10.0,2249
589.0,0.550163984298706,2.0,2250
89.0,0.38532981276512146,3.0,2251
259.0,0.575663685798645,3.0,2252
195.5,0.5817233324050903,4.75,2253
599.5,0.5647435188293457,0.5,2254
133.0,0.527008056640625,0.5,2255
157.5,0.4917326867580414,3.0,2256
99.5,0.4458947479724884,1.75,2257
466.0,0.713371753692627,7.25,2258
463.0,0.4231610596179962,0.5,2259
123.5,0.377735435962677,1.75,2260
160.5,0.5375033020973206,2.5,2261
172.5,0.5227118134498596,5.25,2262
239.5,0.6564586758613586,3.75,2263
228.5,0.5114019513130188,5.25,2264
149.0,0.4547598659992218,1.0,2265
768.0,0.41212570667266846,-0.5,2266
273.0,0.34117481112480164,10.0,2267
590.0,0.535346269607544,2.0,2268
416.0,0.3661399781703949,5.25,2269
122.0,0.5258097648620605,3.0,2270
181.0,0.7166767120361328,3.0,2271
167.5,0.40318843722343445,1.5,2272
226.5,0.663627028465271,4.5,2273
768.0,0.5722405910491943,-0.5,2274
171.5,0.40019842982292175,0.5,2275
116.5,0.5875090956687927,2.25,2276
150.0,0.6208502650260925,10.0,2277
141.5,0.423234760761261,2.25,2278
372.0,0.8894632458686829,0.5,2279
152.0,0.3910445272922516,1.5,2280
161.5,0.5049147605895996,6.5,2281
164.5,0.8015655875205994,10.0,2282
188.5,0.5187146067619324,0.0,2283
754.0,0.5411546230316162,4.75,2284
87.0,0.42279869318008423,5.25,2285
206.5,0.9190052151679993,10.0,2286
494.5,0.4027268886566162,0.0,2287
93.0,0.34174010157585144,10.0,2288
125.5,0.7950634956359863,1.75,2289
335.5,0.6218175292015076,0.5,2290
193.0,0.4233769476413727,3.625,2291
102.5,0.5797529816627502,6.5,2292
125.5,0.6019334197044373,4.0,2293
330.5,0.4825366735458374,4.5,2294
93.0,0.5653016567230225,1.75,2295
133.0,0.6691027283668518,8.25,2296
206.0,0.4614618122577667,7.25,2297
660.5,0.40256959199905396,2.5,2298
492.5,0.4108228385448456,2.5,2299
140.0,0.3911515772342682,2.5,2300
630.0,0.6086734533309937,0.0,2301
161.0,0.44764283299446106,7.25,2302
276.5,0.41849371790885925,2.0,2303
205.0,0.4781576991081238,4.75,2304
169.5,0.8695068955421448,2.25,2305
148.5,0.7401710748672485,1.5,2306
139.0,0.8273699283599854,3.0,2307
87.5,0.40466272830963135,1.75,2308
576.0,0.6618753671646118,4.75,2309
88.5,0.23691490292549133,5.25,2310
768.0,1.2106705904006958,-0.5,2311
215.0,0.3312290608882904,10.0,2312
216.0,0.7082451581954956,3.625,2313
478.0,0.493265300989151,1.25,2314
378.0,0.39048367738723755,3.0,2315
112.0,0.5622326135635376,5.25,2316
128.0,0.6803112626075745,1.75,2317
172.5,0.9640460014343262,2.5,2318
500.5,0.5361852645874023,4.75,2319
225.0,0.43091046810150146,7.875,2320
503.0,0.4682437479496002,2.5,2321
166.0,0.36125555634498596,2.5,2322
108.0,0.7064424753189087,0.5,2323
140.0,0.5941296219825745,1.25,2324
105.0,0.5782328844070435,5.25,2325
126.0,0.8863483667373657,2.25,2326
145.0,0.5477186441421509,2.5,2327
422.0,0.8667545318603516,5.0,2328
204.0,0.35953351855278015,4.75,2329
146.5,0.4899199903011322,2.5,2330
206.5,1.077565312385559,1.75,2331
177.5,0.5853738188743591,3.0,2332
414.0,0.7326939105987549,2.5,2333
461.0,0.5453610420227051,7.25,2334
221.5,0.5720010995864868,10.0,2335
169.0,0.6460383534431458,6.5,2336
284.5,0.6470523476600647,4.5,2337
109.0,0.5393691062927246,0.5,2338
332.5,0.6730260848999023,2.75,2339
429.5,0.5949909687042236,2.5,2340
239.5,0.5656213760375977,4.5,2341
258.0,0.5533655285835266,7.25,2342
268.0,0.5204945206642151,2.5,2343
271.5,0.6849932670593262,6.0,2344
291.0,0.437797486782074,5.25,2345
86.0,0.5761642456054688,0.5,2346
128.0,0.815972626209259,6.5,2347
148.5,0.3331989645957947,7.25,2348
211.0,0.327877938747406,3.0,2349
109.5,0.5399729013442993,0.5,2350
211.0,0.6518061757087708,1.0,2351
169.0,0.9900956153869629,2.25,2352
369.5,0.3390448987483978,0.5,2353
121.5,0.47722363471984863,2.25,2354
225.0,0.5911062359809875,5.75,2355
207.5,0.31537681818008423,7.25,2356
768.0,0.6734623908996582,-0.5,2357
506.5,0.23139899969100952,2.0,2358
82.0,0.4673968553543091,0.5,2359
114.5,0.6327100992202759,0.0,2360
277.5,1.411300539970398,7.25,2361
105.5,0.6015621423721313,6.5,2362
164.5,0.30859896540641785,1.0,2363
361.0,0.7202650308609009,0.5,2364
174.0,0.39787036180496216,2.25,2365
96.0,0.45522719621658325,1.5,2366
205.0,0.36988115310668945,0.5,2367
468.5,0.8012884855270386,2.0,2368
488.5,0.3841293156147003,2.0,2369
768.0,0.4104861319065094,-0.5,2370
253.5,0.36656153202056885,10.0,2371
114.5,0.4445194900035858,1.5,2372
138.5,0.35248002409935,7.25,2373
142.0,0.45948487520217896,5.25,2374
138.0,0.6984297037124634,10.0,2375
150.0,0.5172823071479797,3.0,2376
177.5,0.6458140015602112,5.25,2377
572.0,0.5298352837562561,2.0,2378
238.0,0.41654112935066223,5.125,2379
287.0,0.7968916893005371,4.5,2380
105.0,0.6655998229980469,1.0,2381
78.0,0.3312009572982788,0.5,2382
481.0,0.6499466896057129,1.25,2383
768.0,0.34143927693367004,-0.5,2384
90.5,0.3558933138847351,5.25,2385
150.5,0.6331943273544312,6.5,2386
768.0,0.44763824343681335,-0.5,2387
91.5,0.3612784743309021,3.25,2388
221.0,0.940961480140686,3.75,2389
115.0,0.4538150429725647,3.0,2390
193.0,0.5106651782989502,3.75,2391
96.0,0.5448019504547119,0.0,2392
205.5,0.8184385299682617,7.25,2393
208.0,0.6511934995651245,1.75,2394
508.0,0.5596544146537781,2.625,2395
150.5,0.3061111867427826,7.25,2396
128.0,0.455270379781723,3.0,2397
680.5,0.3699546456336975,2.0,2398
612.5,0.4189552664756775,2.25,2399
233.0,0.34010180830955505,0.5,2400
101.0,0.6657747030258179,0.5,2401
234.5,0.6192083358764648,4.5,2402
192.5,0.4909261465072632,7.875,2403
492.5,0.680070161819458,4.75,2404
128.0,0.2835012376308441,4.5,2405
148.5,0.44390133023262024,10.0,2406
122.0,0.5083825588226318,5.0,2407
105.0,0.514358401298523,2.5,2408
168.5,0.6202195286750793,3.125,2409
128.0,0.5441918969154358,1.75,2410
249.0,1.002123236656189,4.5,2411
190.5,0.5745697617530823,10.0,2412
331.5,0.6538619995117188,2.5,2413
149.5,0.40820440649986267,1.75,2414
152.0,0.5560111999511719,1.5,2415
193.5,0.45385199785232544,3.625,2416
115.0,0.961697518825531,3.0,2417
93.5,0.3895365297794342,2.5,2418
617.0,0.7196743488311768,-0.5,2419
192.5,0.34452489018440247,3.0,2420
135.0,0.4091619551181793,4.5,2421
175.0,0.3909224569797516,7.25,2422
307.0,0.4983212947845459,10.0,2423
164.5,0.46757882833480835,4.5,2424
147.5,0.4432990550994873,10.0,2425
94.0,0.6675614714622498,10.0,2426
157.0,1.0044801235198975,6.5,2427
160.0,0.6434952020645142,3.0,2428
112.0,0.1732923835515976,5.25,2429
294.0,0.6195692420005798,5.25,2430
127.5,0.5727024078369141,5.25,2431
195.0,0.3596934378147125,4.5,2432
113.0,0.5075535774230957,6.5,2433
153.5,0.44474124908447266,4.75,2434
144.0,0.9032359719276428,1.75,2435
140.5,0.35453617572784424,3.0,2436
80.0,0.6296398043632507,0.5,2437
472.0,0.6711477637290955,0.5,2438
242.5,0.43573176860809326,3.75,2439
157.5,0.5510294437408447,3.0,2440
243.0,0.29929596185684204,4.5,2441
239.5,0.3820577561855316,3.75,2442
83.5,0.6252461671829224,0.5,2443
96.5,0.80415940284729,1.5,2444
449.0,0.7643837928771973,2.0,2445
280.5,0.29762327671051025,5.75,2446
304.5,0.6409946084022522,0.5,2447
172.0,0.5656207203865051,10.0,2448
264.5,0.6689854264259338,5.25,2449
239.0,0.46847230195999146,4.75,2450
203.0,0.47709450125694275,2.75,2451
417.0,0.6866075992584229,1.75,2452
90.5,0.3651946485042572,0.5,2453
508.0,0.4818410575389862,2.25,2454
350.5,0.3971858024597168,4.75,2455
252.0,0.3937705457210541,5.25,2456
130.0,0.5773023366928101,1.0,2457
180.0,0.35930335521698,0.5,2458
182.5,0.5550456047058105,4.5,2459
168.5,0.5318028330802917,2.5,2460
168.5,0.7260212898254395,7.25,2461
441.0,0.6661263108253479,3.0,2462
203.5,0.41515234112739563,3.0,2463
265.5,0.5443216562271118,4.5,2464
218.0,0.43638288974761963,1.0,2465
120.0,0.597149133682251,5.75,2466
218.0,1.0356006622314453,2.25,2467
117.5,0.6193684935569763,3.0,2468
117.0,0.5870367884635925,0.5,2469
97.0,0.9728580117225647,0.5,2470
104.0,0.701285183429718,5.25,2471
138.5,0.3741944432258606,1.0,2472
197.5,0.9222961664199829,0.5,2473
95.5,0.3408576250076294,0.5,2474
339.5,1.1005300283432007,0.0,2475
252.0,0.5392534732818604,4.5,2476
112.0,0.47918951511383057,1.75,2477
70.5,0.5978034138679504,0.5,2478
87.0,0.6408705711364746,0.5,2479
206.0,0.754688024520874,1.0,2480
564.0,0.5320789217948914,2.0,2481
114.5,0.2710830569267273,0.5,2482
177.5,0.639689028263092,5.25,2483
182.5,0.3633345365524292,0.0,2484
467.0,0.8333366513252258,0.0,2485
422.5,0.2519521117210388,4.75,2486
324.5,0.41690880060195923,4.5,2487
100.5,0.5089399218559265,0.5,2488
240.5,0.7150530219078064,2.5,2489
158.5,0.5120263695716858,0.5,2490
191.0,0.36835333704948425,5.25,2491
164.5,0.7580333352088928,0.5,2492
237.5,0.46421530842781067,2.5,2493
57.5,0.6698005795478821,0.5,2494
105.0,1.4480568170547485,0.5,2495
101.0,0.8299834132194519,0.5,2496
161.5,0.8900517821311951,3.125,2497
170.5,0.46116769313812256,2.5,2498
132.0,0.6315180659294128,1.75,2499
204.5,0.4684867560863495,7.25,2500
229.0,0.6068519949913025,0.5,2501
129.0,0.4681992828845978,0.5,2502
194.0,0.47489920258522034,5.25,2503
332.0,0.4809536635875702,0.5,2504
90.0,0.5374464392662048,0.5,2505
483.5,0.6102283000946045,0.0,2506
175.0,0.41894009709358215,4.5,2507
110.0,0.43793177604675293,3.0,2508
223.5,0.5303766131401062,4.75,2509
119.5,0.6066628694534302,0.5,2510
495.0,0.8072766065597534,2.0,2511
197.0,0.35768774151802063,0.5,2512
147.0,0.6239213347434998,7.25,2513
164.0,0.49222680926322937,3.125,2514
562.5,0.5772139430046082,2.5,2515
77.0,0.41721832752227783,0.5,2516
91.0,0.7330191731452942,1.0,2517
171.5,0.5041365027427673,0.0,2518
82.5,1.037807583808899,5.25,2519
106.5,0.7827479839324951,0.5,2520
227.5,0.6459428071975708,1.0,2521
136.0,0.535446047782898,5.25,2522
149.0,0.44669464230537415,0.5,2523
270.0,0.8636709451675415,1.75,2524
212.0,0.5437369346618652,7.25,2525
170.0,0.5977004766464233,0.5,2526
554.0,0.6812753677368164,2.25,2527
71.0,0.3776920735836029,0.5,2528
122.0,0.8072055578231812,0.5,2529
255.5,0.7019959092140198,4.5,2530
202.0,0.4256097376346588,4.75,2531
339.5,0.42176634073257446,10.0,2532
162.5,0.5906734466552734,6.5,2533
323.5,0.4591429829597473,5.75,2534
123.0,0.454912930727005,0.5,2535
64.5,0.4915240406990051,0.5,2536
103.5,0.9719715118408203,3.0,2537
172.0,0.9434743523597717,2.5,2538
189.0,1.1515965461730957,2.5,2539
190.5,0.8294482827186584,4.5,2540
216.5,0.3900884985923767,5.25,2541
176.5,0.6029350757598877,0.5,2542
182.5,0.4839209020137787,2.5,2543
195.0,0.47023528814315796,0.5,2544
189.5,0.2752014696598053,2.5,2545
156.5,0.7102361917495728,0.5,2546
112.5,0.36727821826934814,1.75,2547
124.5,0.4455493986606598,0.5,2548
238.5,0.5885083079338074,3.0,2549
182.5,0.6697837114334106,2.75,2550
83.0,0.4589559733867645,0.5,2551
139.5,0.4291241466999054,5.25,2552
389.0,0.8009570837020874,4.5,2553
311.0,0.467924565076828,2.5,2554
126.0,0.6142581105232239,7.25,2555
198.0,1.0260416269302368,0.5,2556
238.0,0.6361147165298462,0.5,2557
96.5,0.43437275290489197,1.75,2558
200.0,0.41315290331840515,7.25,2559
213.0,0.4714716374874115,2.5,2560
258.5,0.4504185914993286,4.5,2561
148.5,0.38262563943862915,0.5,2562
193.5,0.4456712305545807,1.0,2563
201.0,0.8600660562515259,1.75,2564
147.5,0.5057787299156189,0.5,2565
344.5,0.7250561118125916,0.5,2566
148.0,0.4286979138851166,2.5,2567
126.5,0.5157980918884277,0.5,2568
194.0,0.8286059498786926,10.0,2569
491.0,0.6032033562660217,2.0,2570
246.0,0.4918411076068878,2.75,2571
100.0,0.731848418712616,0.5,2572
87.5,0.4567762017250061,3.0,2573
127.0,0.5885189175605774,1.0,2574
178.5,0.6410123109817505,7.25,2575
115.0,0.6185459494590759,0.0,2576
248.5,0.9296584725379944,6.5,2577
127.0,0.5209713578224182,1.75,2578
81.0,0.5031883716583252,0.5,2579
234.0,0.5172369480133057,4.75,2580
364.5,0.636855959892273,10.0,2581
477.0,0.41703811287879944,2.5,2582
277.5,0.44914183020591736,5.125,2583
199.5,0.3556068539619446,4.5,2584
197.0,0.43810132145881653,7.875,2585
127.0,0.5781452059745789,0.5,2586
59.0,0.9510549902915955,0.5,2587
125.0,1.0159441232681274,3.0,2588
66.0,0.8772763609886169,0.5,2589
234.5,0.7859646081924438,7.25,2590
153.0,0.5306072235107422,1.0,2591
749.5,0.6802791953086853,0.0,2592
365.0,0.41573095321655273,0.5,2593
225.5,0.49798518419265747,10.0,2594
130.5,0.22782954573631287,8.0,2595
133.5,1.0314711332321167,0.5,2596
38.5,0.7612488865852356,0.5,2597
342.0,0.6944937109947205,3.25,2598
60.0,0.5881264805793762,0.5,2599
309.5,1.1110013723373413,0.0,2600
208.5,0.5186042785644531,2.5,2601
155.0,0.8409194946289062,0.5,2602
334.0,0.4930843114852905,4.75,2603
82.5,0.5526329874992371,0.5,2604
103.0,0.8670190572738647,0.5,2605
139.0,0.6169252395629883,0.5,2606
184.0,0.5265460014343262,0.5,2607
67.0,0.7206529378890991,0.5,2608
309.0,0.9512563943862915,10.0,2609
332.5,0.4208846688270569,7.5,2610
218.0,0.5476096868515015,2.5,2611
181.5,0.3900009095668793,4.5,2612
128.5,0.6510136723518372,4.5,2613
183.0,0.9042714238166809,5.25,2614
311.0,0.5328073501586914,0.5,2615
388.0,0.5940800309181213,4.5,2616
164.5,0.448949933052063,0.5,2617
236.0,0.8327913284301758,4.75,2618
212.5,0.6868032217025757,4.5,2619
400.0,0.5905572772026062,0.5,2620
229.5,0.4113968312740326,4.5,2621
142.0,0.7222609519958496,1.75,2622
245.0,0.6710042953491211,4.75,2623
156.5,0.5079846978187561,10.0,2624
250.5,0.3292269706726074,2.5,2625
351.0,0.43095043301582336,0.5,2626
80.5,0.5926591753959656,0.5,2627
114.5,0.6059696674346924,0.5,2628
479.5,0.751988410949707,2.625,2629
147.0,0.3709275424480438,5.25,2630
213.5,0.44315484166145325,3.0,2631
159.0,0.8368065357208252,0.5,2632
476.0,0.695131778717041,0.5,2633
228.5,0.4749707579612732,3.0,2634
145.5,0.45620518922805786,5.25,2635
128.5,0.48325738310813904,5.25,2636
138.0,0.5086333155632019,0.5,2637
175.0,0.4577564001083374,7.5,2638
152.0,0.30636996030807495,4.5,2639
157.0,0.36226722598075867,0.5,2640
93.0,0.9185154438018799,0.5,2641
130.5,0.6817322373390198,0.5,2642
412.5,0.6292403936386108,0.5,2643
178.0,0.48477858304977417,2.5,2644
96.0,0.6844207048416138,0.5,2645
225.0,1.4543265104293823,10.0,2646
187.5,0.48924514651298523,0.0,2647
124.0,0.8013870120048523,0.5,2648
750.5,0.2562771141529083,2.25,2649
302.0,0.36656028032302856,4.5,2650
170.5,0.44774553179740906,3.125,2651
171.5,0.8156046271324158,5.25,2652
146.5,0.6471028327941895,3.75,2653
176.5,0.6632658243179321,1.75,2654
122.5,0.568879246711731,0.5,2655
346.0,0.5689034461975098,2.75,2656
768.0,0.3345028758049011,-0.5,2657
587.0,0.3502900302410126,-0.5,2658
249.0,0.43914562463760376,0.5,2659
86.0,0.42572110891342163,0.5,2660
243.0,0.6571124196052551,3.125,2661
187.0,0.7601810097694397,7.25,2662
251.0,0.30596667528152466,2.5,2663
506.0,0.7004799842834473,2.625,2664
170.0,0.37110069394111633,0.5,2665
430.5,0.5767585635185242,0.0,2666
139.0,0.36111024022102356,0.5,2667
229.5,0.3075275719165802,1.0,2668
193.0,0.48390263319015503,0.5,2669
147.5,0.8220679759979248,0.5,2670
96.5,0.5082846879959106,0.5,2671
70.5,0.7214156985282898,0.5,2672
124.0,1.0150185823440552,10.0,2673
162.0,0.6758089661598206,5.125,2674
521.0,0.9567439556121826,2.0,2675
149.0,0.31843432784080505,2.5,2676
103.0,0.6007376909255981,5.25,2677
154.0,0.5518479347229004,0.5,2678
142.5,0.8320983052253723,0.5,2679
88.0,0.2140474170446396,0.5,2680
219.0,0.6065041422843933,10.0,2681
453.0,0.6955868601799011,0.0,2682
183.5,0.3890516459941864,3.25,2683
152.5,0.7520676851272583,4.75,2684
78.0,0.8195033073425293,0.5,2685
107.5,0.5363763570785522,0.5,2686
136.0,0.6327052116394043,2.5,2687
135.5,0.8572704792022705,5.25,2688
124.0,0.6481675505638123,0.5,2689
352.5,0.6168382167816162,7.5,2690
369.0,0.4907526671886444,2.75,2691
113.0,0.6145789623260498,2.5,2692
131.0,0.7364176511764526,5.25,2693
200.0,0.4103142321109772,0.5,2694
453.5,0.4806871712207794,2.0,2695
578.0,0.48820486664772034,0.0,2696
137.5,0.43653973937034607,10.0,2697
67.5,0.6825927495956421,0.5,2698
152.0,1.12898850440979,1.0,2699
671.0,0.7113639116287231,0.0,2700
534.5,0.44307565689086914,2.0,2701
170.0,0.4772929251194,5.25,2702
368.0,0.5371087193489075,5.25,2703
138.0,0.4861873984336853,0.5,2704
480.5,0.8482499122619629,5.25,2705
260.0,0.48246482014656067,2.5,2706
240.0,0.640217125415802,2.75,2707
200.5,0.5547072291374207,1.75,2708
253.5,0.7917332053184509,0.5,2709
120.0,0.6401199102401733,2.5,2710
381.0,0.965591311454773,2.5,2711
667.0,0.382582426071167,0.0,2712
402.5,0.487108051776886,0.5,2713
119.5,0.36211028695106506,0.5,2714
118.0,0.49532440304756165,6.5,2715
59.0,0.6788027882575989,-1.5,2716
557.0,1.7006031274795532,0.5,2717
229.0,0.34293830394744873,2.5,2718
204.0,0.6049635410308838,2.5,2719
117.5,0.6517294645309448,0.5,2720
260.5,0.9777896404266357,0.5,2721
169.5,1.0088597536087036,3.25,2722
128.0,0.8184004426002502,0.5,2723
110.0,0.40894103050231934,3.25,2724
161.0,0.656407356262207,10.0,2725
107.0,0.556606113910675,0.5,2726
131.5,0.6377808451652527,6.5,2727
188.5,0.7161867022514343,10.0,2728
139.5,0.29262128472328186,0.5,2729
249.0,0.7937790751457214,3.0,2730
719.5,0.5790273547172546,0.0,2731
452.0,0.35592174530029297,4.75,2732
138.5,0.38698598742485046,10.0,2733
60.0,0.5042073726654053,0.5,2734
86.5,1.175248146057129,0.5,2735
196.0,0.560014545917511,3.0,2736
82.0,0.584068775177002,0.5,2737
260.0,0.8688958883285522,0.5,2738
127.0,0.6164799928665161,0.5,2739
142.5,0.6707479953765869,5.25,2740
151.0,0.7796910405158997,1.5,2741
178.0,0.4976634383201599,7.25,2742
140.0,0.5877883434295654,3.75,2743
123.5,0.4021388292312622,0.5,2744
156.5,0.5367376804351807,5.25,2745
768.0,0.778251051902771,-0.5,2746
411.0,0.479144811630249,2.5,2747
173.5,0.4847501218318939,0.5,2748
538.0,1.0720765590667725,2.75,2749
475.0,0.231755793094635,0.0,2750
768.0,0.27687016129493713,-0.5,2751
60.0,0.29366952180862427,0.5,2752
173.0,0.6865196228027344,5.25,2753
177.0,0.7876638770103455,2.5,2754
293.5,0.3950275182723999,3.0,2755
224.5,0.28123730421066284,0.5,2756
438.5,0.4464411437511444,0.0,2757
343.5,0.5080179572105408,0.5,2758
148.5,0.44901391863822937,4.5,2759
768.0,0.6272725462913513,-0.5,2760
80.0,0.3991315960884094,0.5,2761
267.5,0.8483180999755859,3.25,2762
127.0,0.523517370223999,5.25,2763
193.5,0.3330058753490448,0.5,2764
768.0,0.6518492698669434,-0.5,2765
412.5,0.2909761965274811,3.25,2766
311.0,0.3758409917354584,0.5,2767
126.0,0.4779588282108307,10.0,2768
163.5,0.42095237970352173,0.5,2769
264.5,0.576463520526886,3.0,2770
114.5,0.6110902428627014,1.0,2771
604.5,0.6255741119384766,4.75,2772
167.0,0.43833863735198975,0.5,2773
476.0,0.7823583483695984,0.0,2774
140.0,0.45303991436958313,6.5,2775
155.5,0.7216234803199768,5.25,2776
89.0,0.5609216690063477,0.5,2777
115.5,0.726837158203125,0.5,2778
98.0,0.42649537324905396,0.5,2779
184.5,0.48022034764289856,2.5,2780
185.5,0.5180697441101074,10.0,2781
123.0,0.521171510219574,1.75,2782
468.5,0.5634663105010986,2.0,2783
497.0,0.356406569480896,0.0,2784
154.5,0.5594170689582825,1.75,2785
170.0,0.41560521721839905,0.5,2786
208.5,0.4738427996635437,3.0,2787
82.0,0.6201910972595215,5.25,2788
130.5,0.6856280565261841,0.5,2789
334.0,0.592421293258667,0.5,2790
150.5,0.520951509475708,10.0,2791
247.0,0.43569841980934143,4.5,2792
140.0,0.3828311264514923,4.5,2793
128.0,0.8829279541969299,0.5,2794
145.5,0.7414374947547913,2.5,2795
215.5,0.8068402409553528,2.5,2796
133.5,0.6372093558311462,0.5,2797
289.5,0.39663058519363403,0.5,2798
391.0,0.6463444232940674,5.125,2799
96.5,0.4966605603694916,0.5,2800
269.5,0.6141058206558228,7.25,2801
385.5,0.7020611763000488,0.5,2802
285.0,0.440144419670105,0.5,2803
185.0,0.3972706198692322,2.5,2804
106.5,0.3990013897418976,1.0,2805
152.5,0.7378624081611633,0.0,2806
101.5,0.9753880500793457,1.0,2807
158.5,1.0878942012786865,0.5,2808
92.5,0.7432483434677124,-0.5,2809
214.5,1.0214556455612183,2.25,2810
387.0,0.5643365383148193,0.5,2811
308.5,0.5892648696899414,2.0,2812
190.0,0.5475475788116455,10.0,2813
129.0,0.7926724553108215,2.5,2814
195.0,0.6891443133354187,1.75,2815
161.0,0.39402493834495544,2.75,2816
57.5,0.7100455164909363,0.5,2817
196.0,1.0886553525924683,0.5,2818
148.5,0.8438992500305176,1.0,2819
133.5,0.5375012159347534,0.5,2820
129.5,0.9492740631103516,5.25,2821
107.0,0.4012545645236969,0.5,2822
418.0,0.4875525236129761,2.5,2823
106.5,0.48489296436309814,5.25,2824
193.5,0.5826148390769958,0.5,2825
241.5,0.6170298457145691,5.75,2826
114.5,0.7575442790985107,1.0,2827
291.5,0.8377861380577087,3.0,2828
509.5,0.5729622840881348,5.75,2829
565.5,0.4282756745815277,2.0,2830
88.0,0.3739335536956787,0.5,2831
168.5,0.5947125554084778,0.5,2832
98.5,0.7340463995933533,1.0,2833
373.5,0.7720634341239929,5.5,2834
187.0,0.5656989812850952,2.5,2835
83.5,0.7879437804222107,0.5,2836
729.5,0.860256016254425,2.75,2837
525.5,0.39815935492515564,2.25,2838
99.0,0.513288676738739,5.25,2839
251.0,0.621714174747467,2.5,2840
127.5,0.5786921977996826,1.75,2841
109.5,0.6145108938217163,0.5,2842
277.5,0.5039125680923462,2.5,2843
169.5,0.7106560468673706,3.125,2844
127.0,0.8233004212379456,10.0,2845
211.0,0.3885522782802582,3.5,2846
110.0,0.4146742522716522,3.0,2847
478.0,0.4286167323589325,0.0,2848
239.0,0.5139288306236267,2.5,2849
250.5,0.7644725441932678,3.25,2850
87.0,0.512556254863739,0.5,2851
141.5,0.6038652062416077,5.25,2852
641.0,0.5715728998184204,2.0,2853
222.0,0.3817595839500427,0.5,2854
172.5,0.6682228446006775,0.0,2855
134.5,0.5228883624076843,6.5,2856
160.5,0.5016932487487793,5.25,2857
156.5,0.4966585040092468,0.5,2858
121.5,0.596222996711731,5.25,2859
90.0,0.976502001285553,0.5,2860
224.5,0.44650277495384216,10.0,2861
562.0,0.6196834444999695,-0.5,2862
443.0,0.33995550870895386,2.5,2863
207.5,0.5279176235198975,5.25,2864
194.0,0.6958919763565063,5.0,2865
94.5,0.596075177192688,2.5,2866
213.5,1.347381591796875,0.5,2867
181.5,0.5050604343414307,2.0,2868
183.5,0.6761393547058105,5.25,2869
181.5,0.5506778359413147,0.5,2870
520.5,0.2844291627407074,0.5,2871
258.5,0.24255825579166412,10.0,2872
134.0,0.3770087659358978,0.5,2873
173.5,0.6408944725990295,10.0,2874
321.5,0.652554452419281,5.75,2875
167.5,0.6252985000610352,2.5,2876
389.0,0.3992455005645752,3.0,2877
260.0,0.4916522204875946,7.25,2878
286.0,0.7190174460411072,2.75,2879
141.5,0.27087244391441345,1.75,2880
229.0,0.4956880211830139,2.75,2881
172.0,0.5915448665618896,5.25,2882
125.5,0.5003503561019897,2.5,2883
458.5,0.6185740828514099,0.0,2884
73.0,0.36187848448753357,0.5,2885
159.5,0.5409843325614929,0.5,2886
127.5,0.3889895975589752,0.5,2887
293.5,0.7854759693145752,4.5,2888
629.0,0.6833649277687073,2.0,2889
269.0,0.25537097454071045,5.25,2890
137.0,0.4389343857765198,10.0,2891
129.0,0.35642293095588684,10.0,2892
151.5,0.6544750928878784,0.5,2893
768.0,0.9588009119033813,-0.5,2894
545.0,0.40107399225234985,2.0,2895
169.5,0.4465658962726593,1.0,2896
638.5,0.4837617576122284,2.0,2897
128.5,0.39793944358825684,0.5,2898
59.0,0.4581444561481476,1.5,2899
496.5,1.4035409688949585,0.5,2900
227.5,0.41683629155158997,7.25,2901
85.5,0.5857208371162415,0.5,2902
89.0,0.7025409936904907,0.5,2903
537.5,0.7773047685623169,2.0,2904
409.5,0.2249899059534073,1.5,2905
140.5,0.5790884494781494,2.5,2906
164.0,0.8335766196250916,0.5,2907
482.5,0.6824519634246826,2.0,2908
131.0,0.4612487852573395,0.5,2909
107.5,0.3549548089504242,2.5,2910
243.5,0.7426605820655823,2.5,2911
234.0,0.5836398601531982,0.5,2912
334.0,0.6213985085487366,7.5,2913
140.5,0.4240054786205292,2.5,2914
196.0,1.1122581958770752,3.0,2915
244.0,0.6758255958557129,1.75,2916
537.5,0.6117963194847107,0.0,2917
149.5,0.3880143165588379,0.5,2918
693.5,0.48620015382766724,2.625,2919
114.0,0.22889095544815063,5.25,2920
236.0,0.6187052130699158,7.5,2921
266.0,0.6608750820159912,1.0,2922
162.5,0.4409230053424835,0.5,2923
293.0,0.7763635516166687,0.5,2924
109.5,0.41256624460220337,0.5,2925
507.5,0.6840309500694275,2.0,2926
247.0,0.3846699297428131,7.25,2927
210.5,0.4941847622394562,0.0,2928
130.5,0.7145715355873108,5.25,2929
253.5,1.0102766752243042,2.75,2930
164.5,0.6770442724227905,10.0,2931
131.5,0.23504780232906342,0.5,2932
214.0,0.33244040608406067,2.5,2933
255.5,0.7900708913803101,2.5,2934
219.0,0.5596233606338501,10.0,2935
181.5,0.6010636687278748,3.0,2936
106.5,0.5939865708351135,0.5,2937
161.0,1.2932922840118408,3.0,2938
248.0,0.5251390933990479,5.125,2939
434.0,0.7065660953521729,0.0,2940
217.5,0.3684091567993164,10.0,2941
304.5,0.5478795170783997,2.5,2942
141.0,0.4195444881916046,-2.0,2943
171.0,0.7155148386955261,7.25,2944
324.5,0.9180313348770142,2.0,2945
553.5,0.47553750872612,2.5,2946
182.5,0.31212177872657776,0.5,2947
215.0,0.67035973072052,7.25,2948
768.0,0.4106277823448181,0.5,2949
115.5,0.41671663522720337,0.5,2950
467.0,0.6433538794517517,0.0,2951
325.0,0.40718597173690796,4.5,2952
136.0,0.4236418604850769,3.0,2953
137.5,0.5959230661392212,10.0,2954
144.5,0.37712547183036804,5.25,2955
180.5,0.5253830552101135,5.25,2956
112.5,0.6622093915939331,3.0,2957
61.0,0.5716363191604614,0.5,2958
137.0,1.1955448389053345,3.0,2959
281.5,0.42132648825645447,7.25,2960
113.0,0.5762442946434021,0.5,2961
209.0,0.5346809029579163,4.5,2962
768.0,0.5093863010406494,-0.5,2963
440.0,0.22914467751979828,0.0,2964
133.0,0.375606507062912,0.5,2965
768.0,0.2763318121433258,-0.5,2966
503.5,0.33684974908828735,0.0,2967
532.0,0.4073255956172943,2.0,2968
156.0,0.4462703764438629,0.5,2969
530.5,0.8773680329322815,2.0,2970
117.0,0.5077630877494812,1.75,2971
156.5,0.662369430065155,0.5,2972
224.0,0.719489336013794,5.25,2973
524.5,0.6958276033401489,6.0,2974
214.5,0.30495181679725647,2.75,2975
118.0,0.72881680727005,0.5,2976
473.0,0.8897308111190796,2.0,2977
132.5,0.5502112507820129,2.5,2978
206.0,0.9301636815071106,5.75,2979
535.5,0.5062463879585266,4.75,2980
177.0,0.5590506196022034,0.5,2981
133.5,0.8864038586616516,0.5,2982
126.0,0.4493754208087921,10.0,2983
91.5,0.6541956663131714,1.5,2984
379.5,1.1263178586959839,3.25,2985
117.0,0.47450199723243713,2.5,2986
83.0,0.856285810470581,0.5,2987
247.5,1.2512415647506714,3.0,2988
90.5,0.6297205090522766,2.5,2989
77.0,0.527215301990509,0.5,2990
2.0,1.2349187135696411,-2.5,2991
515.0,12.647558212280273,4.75,2992
478.5,0.38805726170539856,2.625,2993
518.0,0.39115265011787415,0.5,2994
146.5,0.5159886479377747,0.5,2995
280.0,0.5448032021522522,0.5,2996
319.5,0.5738412737846375,2.5,2997
229.5,0.7818644642829895,4.5,2998
142.5,0.4699145555496216,0.5,2999
188.5,0.5421825647354126,5.25,3000
178.5,0.6447460651397705,0.5,3001
191.5,0.5072627067565918,2.5,3002
210.0,0.6033913493156433,2.25,3003
159.0,0.44738081097602844,0.5,3004
169.0,0.6157397627830505,10.0,3005
428.5,0.4712035059928894,0.0,3006
154.0,0.5200791358947754,3.25,3007
147.0,0.9770638346672058,0.5,3008
90.0,0.33458611369132996,1.75,3009
225.5,0.7713161110877991,2.5,3010
251.0,0.9093711972236633,2.5,3011
564.5,0.6010133028030396,5.25,3012
427.0,0.5108985304832458,4.75,3013
116.0,0.5281305313110352,1.75,3014
768.0,0.7488032579421997,-0.5,3015
211.0,0.38790565729141235,5.0,3016
154.5,0.8393363952636719,10.0,3017
95.5,1.2567552328109741,0.5,3018
146.0,0.3326765298843384,4.375,3019
196.5,0.5507075786590576,3.25,3020
233.5,0.4809280037879944,2.5,3021
180.0,0.6554955840110779,2.5,3022
350.5,0.5934911966323853,2.5,3023
65.5,0.4672609269618988,0.5,3024
128.5,0.8458064794540405,3.25,3025
194.0,0.7784802913665771,2.5,3026
154.0,0.5211144089698792,3.0,3027
102.0,0.6198517680168152,0.5,3028
163.5,0.5334908366203308,2.5,3029
236.0,0.567570686340332,5.25,3030
394.0,0.5187883973121643,10.0,3031
370.0,0.40237870812416077,5.25,3032
503.5,0.4432411789894104,5.125,3033
166.5,0.4171085059642792,10.0,3034
196.0,0.34999746084213257,0.5,3035
127.5,0.5421175956726074,0.5,3036
203.0,0.7464490532875061,10.0,3037
768.0,0.5422319769859314,-0.5,3038
98.0,0.44994673132896423,10.0,3039
225.0,0.45884665846824646,2.5,3040
131.0,0.6854429841041565,0.5,3041
202.0,0.6972863078117371,2.5,3042
194.0,0.728618323802948,2.5,3043
138.5,0.6771669983863831,1.75,3044
79.5,0.5437820553779602,0.5,3045
201.0,0.6036803126335144,3.25,3046
462.0,0.4993439018726349,0.5,3047
529.0,0.531713604927063,0.5,3048
144.5,0.37296032905578613,10.0,3049
362.0,0.5310829877853394,5.25,3050
106.5,0.43508684635162354,0.5,3051
145.5,0.558413565158844,0.5,3052
198.0,0.7942219376564026,4.0,3053
536.5,0.6806389093399048,4.75,3054
263.5,0.3433683514595032,0.0,3055
106.5,0.5613301992416382,0.5,3056
125.0,1.0472944974899292,3.0,3057
275.5,0.6666499376296997,2.5,3058
235.5,0.5110711455345154,2.5,3059
428.5,0.7988171577453613,5.0,3060
768.0,0.4866581857204437,-0.5,3061
209.0,0.33510637283325195,1.5,3062
315.5,0.5477930903434753,2.75,3063
124.0,0.5041782259941101,0.5,3064
574.5,0.7646468877792358,0.0,3065
197.5,0.40206828713417053,6.0,3066
227.5,0.754794716835022,2.5,3067
120.0,0.5892674922943115,1.75,3068
313.5,0.6274300217628479,3.0,3069
123.5,0.6235520243644714,0.5,3070
290.0,0.5661174654960632,5.125,3071
503.0,0.5128057599067688,2.0,3072
88.0,0.37725114822387695,0.5,3073
238.5,0.7394816875457764,0.0,3074
198.0,0.6005392074584961,3.125,3075
362.5,0.5669412612915039,4.75,3076
166.0,0.41735541820526123,5.25,3077
430.5,0.8162872195243835,2.0,3078
126.0,0.22635067999362946,5.25,3079
146.5,0.7811188697814941,0.5,3080
71.0,0.4026796817779541,0.5,3081
127.5,0.9753948450088501,0.5,3082
461.5,0.4674301743507385,0.0,3083
115.0,0.4848877489566803,1.5,3084
687.5,0.9363478422164917,5.25,3085
69.0,0.36609190702438354,0.5,3086
76.0,0.584402322769165,0.5,3087
218.0,0.7995254397392273,3.125,3088
136.5,0.7936242818832397,5.25,3089
214.0,0.42715373635292053,5.25,3090
201.5,0.6273448467254639,4.5,3091
93.0,0.7418451309204102,5.25,3092
123.5,0.5360758900642395,2.5,3093
98.5,0.46380239725112915,-0.5,3094
94.0,0.5366941094398499,0.5,3095
687.0,1.046633243560791,0.0,3096
285.0,0.41634371876716614,5.25,3097
190.0,0.4776926338672638,2.5,3098
402.5,0.6879332065582275,0.0,3099
157.0,0.4270511567592621,3.125,3100
186.0,0.35436171293258667,2.5,3101
181.0,0.8145690560340881,2.5,3102
132.5,0.798764705657959,0.5,3103
420.0,1.302971363067627,7.25,3104
79.0,0.3798729181289673,5.25,3105
768.0,0.7528371810913086,-0.5,3106
98.5,0.21991275250911713,0.5,3107
93.0,0.6738702654838562,0.5,3108
489.0,0.7769903540611267,4.75,3109
406.0,0.2969658672809601,4.75,3110
133.5,0.4059062898159027,0.5,3111
453.5,0.8036226630210876,5.25,3112
114.0,0.32080721855163574,0.5,3113
192.0,0.7418098449707031,0.5,3114
194.5,0.5399073958396912,0.5,3115
289.0,0.41722774505615234,10.0,3116
145.0,0.7028437256813049,1.75,3117
98.5,0.5799358487129211,1.75,3118
78.0,0.5707783102989197,0.5,3119
156.0,0.5589518547058105,1.0,3120
178.5,0.46849966049194336,5.25,3121
225.0,0.5477317571640015,5.25,3122
125.0,0.4667563736438751,0.5,3123
222.0,0.7291110754013062,3.625,3124
90.0,0.571252167224884,0.5,3125
151.5,0.5775027871131897,3.0,3126
324.5,0.47442784905433655,4.5,3127
246.5,0.589352548122406,5.125,3128
271.5,0.4828782379627228,2.75,3129
122.5,0.5989776253700256,5.25,3130
493.5,0.5591185688972473,2.0,3131
69.5,0.5079432725906372,0.5,3132
240.5,0.6072008609771729,0.5,3133
97.0,0.5689018964767456,10.0,3134
127.0,0.9323593378067017,2.25,3135
167.5,0.6332913637161255,5.25,3136
189.5,0.4054293632507324,0.5,3137
250.5,0.556137204170227,0.5,3138
300.0,0.5802507400512695,4.75,3139
181.5,0.5688930153846741,4.5,3140
269.0,0.6101942658424377,0.5,3141
224.5,0.5172333121299744,2.5,3142
535.5,0.6472650170326233,2.0,3143
171.0,0.2736722528934479,0.5,3144
583.5,0.5904070138931274,2.5,3145
282.0,0.466401070356369,0.5,3146
438.0,0.6212157011032104,0.0,3147
110.0,0.575577974319458,0.5,3148
212.0,0.9488202333450317,5.25,3149
122.5,0.5509538650512695,0.5,3150
104.0,0.6197324395179749,0.5,3151
83.0,0.7570306658744812,0.5,3152
159.5,0.6712139248847961,0.5,3153
241.5,0.5276641845703125,2.5,3154
443.0,0.5899922251701355,0.0,3155
141.0,0.42708486318588257,0.5,3156
208.0,0.95899498462677,7.25,3157
193.0,0.6945488452911377,0.0,3158
358.0,0.6815784573554993,5.125,3159
99.5,0.4660790264606476,0.5,3160
178.5,0.8730650544166565,0.5,3161
226.5,0.7059255242347717,7.25,3162
456.0,0.44519656896591187,2.25,3163
121.0,0.4783285856246948,0.5,3164
90.5,0.8845999240875244,0.5,3165
230.0,0.768632709980011,2.75,3166
150.0,0.7393823266029358,5.25,3167
172.0,0.4632992148399353,0.5,3168
213.0,0.7834794521331787,4.5,3169
304.5,0.4826468825340271,4.5,3170
165.0,0.7143589854240417,7.25,3171
188.0,0.4785650372505188,3.25,3172
322.5,0.6325018405914307,2.75,3173
497.0,0.5976182818412781,3.25,3174
215.5,0.38485369086265564,4.5,3175
524.5,0.8092909455299377,2.0,3176
532.0,0.3666445314884186,0.0,3177
332.0,0.3943546712398529,3.25,3178
146.5,0.6652179956436157,4.5,3179
560.0,0.4941675066947937,2.25,3180
244.5,0.32678455114364624,0.5,3181
133.0,0.9172766208648682,2.5,3182
150.5,0.8483762145042419,0.0,3183
160.0,0.8442962765693665,0.5,3184
131.0,0.5521844029426575,0.5,3185
139.5,0.45109236240386963,0.5,3186
115.0,0.6768346428871155,2.5,3187
768.0,0.8638818264007568,-0.5,3188
152.5,0.4458658695220947,4.5,3189
187.5,0.5427396297454834,10.0,3190
85.5,0.6254192590713501,0.5,3191
235.0,0.7250028252601624,0.5,3192
404.0,0.616996705532074,0.5,3193
242.5,0.4357410669326782,4.5,3194
176.0,0.4563969075679779,10.0,3195
731.0,0.6256154179573059,0.0,3196
53.5,0.37901726365089417,0.25,3197
143.0,0.8789423704147339,1.75,3198
196.0,0.45714402198791504,6.0,3199
218.5,0.3853597342967987,10.0,3200
110.5,0.4143422842025757,0.0,3201
501.0,0.7966474890708923,0.0,3202
210.0,0.5430854558944702,0.5,3203
240.0,0.7751845717430115,5.75,3204
185.5,0.6284797787666321,2.5,3205
519.0,0.6149670481681824,5.25,3206
202.0,0.4013693332672119,0.5,3207
142.5,0.7310252785682678,0.5,3208
144.5,0.9875860214233398,0.5,3209
135.5,0.5358248949050903,0.5,3210
102.5,0.43907853960990906,0.5,3211
416.0,0.5905647873878479,5.0,3212
112.5,0.43924620747566223,1.0,3213
138.5,0.8519949316978455,0.5,3214
438.5,0.5614909529685974,0.0,3215
272.5,0.330719918012619,2.0,3216
61.0,0.5186280608177185,0.5,3217
460.5,0.820842981338501,0.0,3218
108.5,0.4140165150165558,0.5,3219
136.5,0.6215566992759705,0.5,3220
164.0,0.8027764558792114,10.0,3221
395.0,0.39028745889663696,4.5,3222
109.0,0.5023840069770813,5.25,3223
462.0,0.6964015364646912,4.5,3224
181.5,0.4631008207798004,10.0,3225
235.0,0.6040759682655334,0.5,3226
185.0,0.7682383060455322,0.5,3227
103.5,0.6754494309425354,0.5,3228
148.0,0.8137862682342529,5.25,3229
185.0,0.5889183282852173,3.25,3230
116.0,0.5102860927581787,-0.5,3231
544.5,0.41464704275131226,2.0,3232
768.0,0.4063628315925598,-0.5,3233
211.0,0.4250561594963074,1.5,3234
155.0,0.6665719151496887,0.5,3235
470.0,0.49252942204475403,0.0,3236
108.0,0.46217796206474304,1.75,3237
192.0,0.6654161810874939,0.5,3238
189.5,0.6356030702590942,0.0,3239
231.5,0.37534651160240173,3.25,3240
201.0,0.6135618686676025,5.125,3241
256.0,0.7918568253517151,2.5,3242
115.0,0.6385828852653503,1.75,3243
76.5,0.22938750684261322,0.5,3244
513.5,0.6163930296897888,0.5,3245
242.0,0.25667956471443176,0.0,3246
78.0,0.43071672320365906,0.0,3247
183.0,0.16516096889972687,2.5,3248
179.5,0.4676540493965149,2.5,3249
356.0,0.647554874420166,3.125,3250
504.0,0.4468076527118683,2.0,3251
141.5,0.4492683708667755,5.25,3252
208.5,0.27443256974220276,5.125,3253
117.5,0.49976736307144165,0.5,3254
768.0,0.5387778282165527,-0.5,3255
310.0,0.39749497175216675,3.25,3256
117.5,0.4368206560611725,0.5,3257
308.0,0.7232815027236938,5.125,3258
239.5,0.5708220601081848,2.5,3259
306.5,0.48218515515327454,0.5,3260
187.5,0.550388514995575,2.25,3261
94.5,0.5692356824874878,5.25,3262
327.0,0.5477965474128723,0.5,3263
557.0,0.3714568614959717,0.5,3264
87.5,0.39245426654815674,-0.5,3265
260.5,0.7125232219696045,4.0,3266
190.5,0.5227805972099304,5.25,3267
105.0,0.6377636790275574,0.5,3268
83.0,0.7971946001052856,0.5,3269
85.5,0.60519939661026,0.5,3270
162.5,0.9296461939811707,3.0,3271
195.5,0.5926784873008728,5.25,3272
84.0,0.6675752401351929,0.5,3273
201.5,0.5397231578826904,0.5,3274
195.5,0.6871928572654724,-0.5,3275
533.0,0.6084120273590088,0.0,3276
295.0,0.44386598467826843,2.5,3277
181.0,0.599260687828064,10.0,3278
189.0,0.45412778854370117,3.75,3279
293.0,0.4758487045764923,2.5,3280
327.5,0.41633152961730957,4.5,3281
116.0,0.5231559872627258,1.75,3282
76.5,0.3611706793308258,0.5,3283
38.0,0.959139883518219,0.5,3284
217.0,2.177603244781494,5.25,3285
561.0,0.6683829426765442,1.0,3286
403.5,0.3057224452495575,3.25,3287
343.0,0.47470933198928833,2.75,3288
768.0,0.5560474991798401,-0.5,3289
362.5,0.36968955397605896,2.75,3290
140.0,0.637793779373169,0.5,3291
521.0,0.7278565168380737,4.75,3292
225.5,0.3361865282058716,0.5,3293
130.5,0.758850634098053,5.25,3294
163.5,0.5595021843910217,10.0,3295
106.0,0.6406546831130981,1.0,3296
161.5,0.8022563457489014,0.5,3297
118.5,0.2983524203300476,3.0,3298
129.0,0.6105657815933228,5.25,3299
104.5,0.7035426497459412,1.75,3300
255.5,0.6062740087509155,5.25,3301
83.0,0.6253216862678528,5.25,3302
109.0,0.726405143737793,0.5,3303
316.5,0.8241652250289917,2.5,3304
112.5,0.42742690443992615,0.5,3305
138.0,0.8317697048187256,4.5,3306
93.0,0.6284082531929016,0.5,3307
548.5,0.7802273035049438,0.5,3308
192.5,0.3651871383190155,5.375,3309
148.0,0.5229805707931519,0.5,3310
718.0,0.6524195671081543,0.0,3311
300.0,0.39983800053596497,0.5,3312
464.5,0.5013632774353027,0.5,3313
123.0,0.4103180170059204,7.25,3314
247.5,0.40487027168273926,2.75,3315
252.5,0.7597761154174805,5.25,3316
144.0,0.6326426863670349,2.5,3317
164.5,0.6084646582603455,4.5,3318
204.0,0.4761198163032532,0.0,3319
68.5,0.5440225005149841,0.5,3320
222.0,0.5481983423233032,2.75,3321
177.0,0.4344477653503418,7.25,3322
303.5,1.0216057300567627,2.5,3323
142.0,0.4797656536102295,3.125,3324
32.0,0.8542129397392273,-2.0,3325
456.0,1.0430526733398438,0.5,3326
199.5,0.4986977279186249,10.0,3327
104.0,0.558138370513916,0.5,3328
138.5,0.710970401763916,0.5,3329
396.0,0.6406833529472351,5.25,3330
450.5,0.3652888536453247,0.0,3331
139.5,0.4656278192996979,0.5,3332
341.0,0.49536585807800293,2.75,3333
177.0,0.5411950349807739,7.25,3334
195.5,0.552850067615509,3.0,3335
165.5,0.5345465540885925,2.5,3336
230.0,0.6415632963180542,10.0,3337
333.5,0.558924674987793,5.25,3338
228.5,0.43761134147644043,1.75,3339
181.5,0.5299682021141052,0.5,3340
444.5,0.7947923541069031,-1.25,3341
249.0,0.4491092264652252,10.0,3342
144.0,0.33859673142433167,0.5,3343
27.0,0.6917941570281982,-2.5,3344
326.0,3.317133903503418,4.5,3345
432.0,0.463226854801178,2.5,3346
141.5,0.5011609196662903,2.5,3347
370.5,0.9604041576385498,10.0,3348
378.5,0.3953890800476074,2.75,3349
357.0,0.5442798137664795,5.75,3350
185.0,0.4500446617603302,2.5,3351
257.5,0.5358705520629883,0.5,3352
109.5,0.49763908982276917,1.0,3353
54.0,0.3660777807235718,0.5,3354
544.5,0.8457942605018616,2.75,3355
123.0,0.3453032374382019,0.5,3356
382.0,0.875394344329834,10.0,3357
249.0,0.438899964094162,0.5,3358
154.5,0.4928588271141052,5.25,3359
100.0,0.4294505715370178,0.5,3360
282.0,0.5641136169433594,2.5,3361
179.5,0.6763750910758972,0.5,3362
397.0,0.7028194069862366,0.5,3363
,0.4988701343536377,,3364
