_step,completions/train/mean_length,actor/train/kl,rewards/train/score/mean
0,252.5,,1.0
1,140.0,-0.0015303659019991755,1.0
2,441.5,0.011311893351376057,1.0
3,164.0,3.678828215925023e-05,0.5
4,88.0,-0.0018399925902485847,0.25
5,126.5,-0.009672664105892181,-0.5
6,453.0,-0.0033521917648613453,-0.75
7,152.0,0.0019125485559925437,1.0
8,77.5,-0.002778630470857024,0.25
9,106.0,-0.012205850332975388,1.0
10,159.5,0.000624890613835305,0.25
11,460.5,0.00014106009621173143,-1.5
12,244.0,0.0011255469871684909,0.25
13,188.5,-0.008264370262622833,0.5
14,72.5,0.001881849835626781,-0.25
15,419.0,0.0001375132706016302,-0.75
16,150.5,0.0005038359668105841,0.25
17,380.5,0.0037597392220050097,1.0
18,163.5,-0.0027484267484396696,-0.5
19,125.5,-0.002708983374759555,-0.5
20,82.5,-0.015208165161311626,-0.75
21,162.0,-0.026188742369413376,1.0
22,287.0,-0.008271823637187481,-0.75
23,251.0,-0.0019913518335670233,1.0
24,135.5,0.000513665727339685,4.25
25,226.5,-0.02640591189265251,1.0
26,86.5,0.0007735540857538581,-0.5
27,220.0,-0.005946341436356306,0.25
28,463.0,0.003509586676955223,-0.75
29,768.0,-0.0005085226148366928,-2.0
30,215.0,0.001762253581546247,-0.5
31,402.5,0.002201058203354478,-1.0
32,258.0,-0.002283596433699131,1.0
33,127.0,-0.005020089913159609,-0.5
34,490.0,-0.00565331382676959,-1.5
35,216.5,-0.001950390636920929,-0.5
36,205.5,0.018706675618886948,1.0
37,110.5,-0.002243171911686659,0.25
38,280.0,0.01251407153904438,1.5
39,157.0,0.005411162041127682,0.25
40,768.0,-0.001149821444414556,-1.5
41,93.0,0.0037337765097618103,-0.5
42,198.0,0.002942146733403206,-0.5
43,768.0,-0.0010911142453551292,-1.5
44,137.5,-0.0024873826187103987,0.25
45,92.0,-0.004661851562559605,-0.5
46,204.0,0.0017595291137695312,1.0
47,456.5,0.004839672707021236,-1.5
48,125.0,0.0024012622889131308,1.0
49,551.5,0.00432237284258008,1.0
50,194.5,-0.0014015069464221597,0.25
51,359.5,0.004335614386945963,-1.5
52,182.0,-0.0009659354691393673,1.0
53,120.5,-0.0010369165102019906,0.5
54,179.0,0.000738500093575567,3.5
55,154.0,-0.0005091768689453602,-0.5
56,93.0,0.0019183408003300428,-0.25
57,108.0,-0.0024704677052795887,5.0
58,249.0,0.000816062674857676,1.5
59,131.0,0.005699547939002514,-0.5
60,538.0,0.0032906278502196074,-0.75
61,105.5,0.001208237954415381,-0.25
62,151.0,0.005379030480980873,1.0
63,103.0,0.0015390029875561595,1.0
64,191.0,0.016001414507627487,1.0
65,268.5,0.008081816136837006,1.0
66,424.0,0.00033454966614954174,-1.5
67,126.0,0.0017759170150384307,0.25
68,163.5,-0.0034051775000989437,0.25
69,182.0,-0.005706460680812597,0.0
70,235.0,-0.0032858429476618767,3.5
71,246.0,0.0006463598692789674,-1.5
72,74.0,-0.001909597311168909,-0.5
73,243.5,-0.004358961712568998,1.0
74,186.0,0.002605966990813613,5.5
75,119.0,0.007194796111434698,-1.5
76,81.0,-0.006843999959528446,0.25
77,125.0,0.0058287749998271465,1.0
78,169.0,-0.009811515919864178,1.0
79,103.0,0.0019202373223379254,-1.5
80,188.0,0.010725780390202999,-0.5
81,231.5,-0.002656424418091774,1.0
82,427.5,0.000580167630687356,-0.75
83,79.5,-9.218851482728496e-05,-1.5
84,261.0,0.002295536221936345,-0.5
85,123.0,-0.003990418277680874,1.5
86,65.0,-0.0012722016545012593,-1.0
87,142.0,0.000773063104134053,0.25
88,172.5,0.0007449405384249985,1.0
89,252.0,0.013622848317027092,2.75
90,165.5,0.007713015656918287,-0.25
91,435.0,0.0033699795603752136,1.0
92,156.5,0.011709454469382763,10.0
93,186.5,0.016912443563342094,1.0
94,199.5,0.012585903517901897,1.0
95,166.5,0.0014909825986251235,1.0
96,768.0,0.001773656695149839,-2.5
97,597.0,0.002295302925631404,-1.5
98,191.5,0.006089851260185242,0.25
99,183.5,0.004055695608258247,-0.5
100,469.5,-0.009997012093663216,1.75
101,464.5,-0.002138793934136629,1.0
102,220.0,0.027800828218460083,1.0
103,183.5,0.0015301532112061977,-0.5
104,133.0,0.015979543328285217,1.0
105,147.5,-0.00039112119702622294,4.75
106,174.5,0.032272160053253174,2.5
107,178.5,0.016813453286886215,7.25
108,182.5,0.034178394824266434,1.0
109,209.0,0.002094180090352893,6.875
110,170.0,0.026633448898792267,-0.5
111,188.0,0.010629015043377876,4.75
112,555.0,0.003563414327800274,0.25
113,81.5,0.010850220918655396,0.5
114,196.0,-0.0029970414470881224,5.5
115,170.0,0.006788731086999178,7.5
116,551.5,0.008782134391367435,1.0
117,768.0,0.00469976244494319,-1.5
118,144.0,0.0039836205542087555,1.5
119,171.5,0.036662451922893524,1.0
120,117.5,-0.00953767728060484,10.0
121,140.5,0.06094667688012123,9.0
122,220.5,0.04811519384384155,2.0
123,433.0,0.01715989224612713,1.0
124,345.5,0.01517717819660902,4.5
125,124.0,0.00467567378655076,4.5
126,80.0,0.055519960820674896,10.0
127,147.0,0.13397951424121857,3.625
128,110.0,0.04160657897591591,4.5
129,174.5,0.052715495228767395,1.5
130,201.5,0.03939534351229668,3.5
131,309.5,0.0023683684412389994,2.25
132,254.5,0.02839718572795391,3.0
133,522.0,0.03651709482073784,2.0
134,178.0,0.008829767815768719,3.5
135,229.5,0.02838766947388649,4.75
136,233.5,0.06825609505176544,0.25
137,275.0,0.0016153691103681922,5.5
138,162.0,0.029351379722356796,3.25
139,368.0,0.02791628986597061,5.5
140,140.5,0.016261152923107147,10.0
141,281.5,0.021321382373571396,3.0
142,161.5,0.022229725494980812,-0.5
143,149.0,0.01243515219539404,7.25
144,124.5,0.04858093708753586,9.0
145,105.5,0.031743720173835754,10.0
146,127.0,0.032079651951789856,10.0
147,177.0,0.04670277610421181,4.25
148,289.0,0.056771691888570786,6.25
149,190.5,0.009764869697391987,1.0
150,106.5,0.024867231026291847,2.0
151,213.0,0.0800260454416275,6.25
152,121.0,0.016220491379499435,1.5
153,202.0,0.043612103909254074,1.0
154,239.5,0.033306751400232315,1.0
155,172.0,0.01256248727440834,4.125
156,175.0,0.04885459318757057,9.0
157,449.5,0.05090458691120148,-0.75
158,232.5,0.00025739020202308893,5.5
159,97.0,0.004443978890776634,1.0
160,280.5,0.013010133989155293,-0.5
161,169.0,-0.0016780555015429854,6.25
162,431.5,0.04322737082839012,-1.5
163,13.0,-0.0034753393847495317,-1.5
164,231.5,0.6250145435333252,3.5
165,155.0,0.026284165680408478,8.5
166,132.0,0.05802953615784645,3.5
167,136.0,0.04229589179158211,3.75
168,209.5,0.061654072254896164,9.0
169,172.5,0.03393359109759331,9.0
170,220.0,0.032566603273153305,9.0
171,155.5,0.03926785662770271,6.25
172,75.5,0.06110547482967377,-0.5
173,168.5,0.11177998781204224,6.25
174,216.0,0.045104458928108215,3.5
175,102.5,0.042795758694410324,2.5
176,318.0,0.06468627601861954,5.0
177,206.5,0.02339800074696541,2.5
178,332.0,0.012673505581915379,3.5
179,126.0,0.02055787481367588,9.0
180,103.0,0.05579952523112297,0.25
181,205.0,0.08059222996234894,4.75
182,432.5,0.051165394484996796,6.25
183,119.5,0.021179234609007835,4.25
184,459.0,0.08949363231658936,0.0
185,123.0,0.028662297874689102,9.0
186,305.0,0.0385044626891613,4.25
187,246.0,0.057928841561079025,3.25
188,278.0,0.017029546201229095,2.0
189,155.0,0.03230622410774231,3.5
190,239.0,0.09934946149587631,2.5
191,127.0,0.04236708581447601,7.25
192,272.0,0.10177843272686005,10.0
193,90.5,0.02092627063393593,3.5
194,189.0,0.04882935807108879,3.5
195,152.0,0.020563211292028427,3.75
196,132.5,0.05197017639875412,4.5
197,240.0,0.07572994381189346,5.5
198,117.0,0.03502848744392395,6.25
199,139.0,0.12651914358139038,4.25
200,197.5,0.06115015596151352,2.75
201,121.0,0.0024711028672754765,9.0
202,465.5,0.0865388885140419,1.0
203,109.0,0.017083825543522835,9.0
204,159.0,0.06633083522319794,9.0
205,202.0,0.08509039878845215,10.0
206,433.0,0.06844086945056915,2.0
207,111.5,0.03122621215879917,4.5
208,501.5,0.0670275017619133,4.75
209,161.0,0.028480354696512222,4.5
210,145.0,0.08297786861658096,10.0
211,220.5,0.1703801304101944,5.0
212,153.0,0.05485488846898079,7.25
213,162.0,0.07802469283342361,10.0
214,145.5,0.05263586342334747,1.0
215,161.0,0.055705368518829346,7.5
216,258.0,0.043331585824489594,3.0
217,689.5,0.05540069565176964,-0.5
218,241.5,0.009549310430884361,7.25
219,93.0,0.03915109112858772,4.5
220,269.0,0.16979211568832397,10.0
221,509.0,0.11473041027784348,4.75
222,246.5,0.035951144993305206,0.25
223,189.5,0.08601099252700806,10.0
224,139.5,0.06586857885122299,4.5
225,223.0,0.14004719257354736,4.5
226,99.5,0.1389850676059723,4.5
227,461.5,0.18909059464931488,1.0
228,386.0,0.015580407343804836,5.25
229,196.0,0.04928666725754738,1.0
230,222.5,0.12706317007541656,4.5
231,432.5,0.04541069641709328,4.75
232,162.5,0.048684388399124146,4.5
233,229.5,0.07818274945020676,3.0
234,508.5,0.05329522490501404,2.25
235,171.5,0.015546223148703575,4.75
236,259.0,0.09061881899833679,6.5
237,135.5,0.03840202838182449,5.0
238,318.0,0.1340789645910263,7.25
239,315.0,0.05030302703380585,6.5
240,118.0,0.04758572578430176,8.0
241,451.0,0.11914811283349991,2.0
242,164.5,0.01860673911869526,4.5
243,211.0,0.10069233179092407,10.0
244,461.0,0.14084556698799133,5.25
245,203.5,0.04371078684926033,5.25
246,148.5,0.052836500108242035,4.5
247,300.0,0.08143675327301025,6.0
248,258.0,0.02096310257911682,7.25
249,149.5,0.05765054374933243,7.25
250,156.0,0.10675398260354996,7.25
251,768.0,0.08492717891931534,-0.5
252,768.0,0.023822536692023277,-1.5
253,126.5,0.039554134011268616,1.5
254,65.5,0.09920346736907959,0.25
255,202.0,0.027377938851714134,-0.5
256,198.0,0.035465139895677567,4.75
257,241.0,0.03262370452284813,0.25
258,167.0,0.039388854056596756,1.75
259,166.5,0.0765545442700386,5.125
260,170.5,0.11856097728013992,3.0
261,127.5,0.14432546496391296,4.5
262,118.5,0.1142001673579216,3.0
263,320.5,0.1387956291437149,4.5
264,193.0,0.12068695574998856,10.0
265,54.5,0.16218291223049164,0.5
266,242.0,0.37853825092315674,0.25
267,424.0,0.01861529052257538,1.0
268,236.5,0.046703413128852844,1.0
269,146.5,0.02977614291012287,5.25
270,255.0,0.04811818152666092,6.0
271,179.0,0.09933096915483475,0.0
272,170.0,0.10064192861318588,7.25
273,230.0,0.10437674075365067,7.5
274,128.5,0.1165943518280983,5.75
275,568.5,0.12196636199951172,-1.5
276,288.5,0.0307095218449831,7.25
277,150.0,0.08545190840959549,2.5
278,291.0,0.1651151031255722,10.0
279,460.0,0.12993797659873962,-0.25
280,115.5,0.05857206881046295,-0.5
281,108.0,0.07257920503616333,2.75
282,125.0,0.2068212479352951,-0.5
283,44.5,0.14397253096103668,-0.5
284,287.0,0.26464971899986267,-0.5
285,331.5,0.015041355043649673,-0.5
286,404.0,0.007561041042208672,3.0
287,233.0,0.06378749758005142,0.0
288,119.5,0.10035178065299988,2.0
289,197.5,0.3619590997695923,1.0
290,152.5,0.02883857488632202,7.875
291,147.5,0.08294583112001419,0.0
292,217.0,0.17783573269844055,-0.5
293,384.5,0.04842563346028328,-1.0
294,169.5,0.07725771516561508,1.0
295,185.0,0.05931209400296211,4.25
296,468.0,0.1268296241760254,-1.5
297,251.5,0.04334261268377304,1.5
298,198.5,0.0722791999578476,10.0
299,325.5,0.13776730000972748,1.0
300,200.0,0.02421046607196331,0.0
301,117.0,0.19817674160003662,0.75
302,196.5,0.14408451318740845,0.75
303,403.5,0.07438859343528748,1.5
304,116.0,0.07370677590370178,10.0
305,262.0,0.15607516467571259,0.5
306,267.5,0.20718629658222198,2.25
307,391.5,0.08001219481229782,-0.5
308,520.5,0.029614849016070366,1.5
309,93.0,0.05197453871369362,2.0
310,373.0,0.46458902955055237,2.0
311,72.0,0.07126391679048538,-1.0
312,146.5,0.3806875944137573,0.5
313,78.5,0.28345799446105957,1.5
314,248.0,0.47507622838020325,4.75
315,110.5,0.22211414575576782,2.0
316,228.5,0.38990938663482666,5.0
317,488.5,0.119025819003582,0.0
318,285.0,0.04435821995139122,0.5
319,92.0,0.15632747113704681,1.25
320,198.5,0.46544167399406433,1.5
321,131.0,0.20948772132396698,0.0
322,119.0,0.31314364075660706,1.0
323,550.5,0.16097572445869446,-0.25
324,191.5,0.05388447642326355,0.0
325,254.5,0.24470195174217224,-0.5
326,37.0,0.03538084402680397,-1.5
327,187.5,0.7905812859535217,0.0
328,321.5,0.22027572989463806,3.75
329,161.5,0.09244155883789062,0.5
330,99.0,0.08731941878795624,-0.5
331,95.0,0.42642897367477417,1.25
332,85.0,0.39239227771759033,0.75
333,120.5,0.6878737807273865,0.5
334,140.0,0.10807529836893082,0.75
335,223.5,0.29314056038856506,0.0
336,530.5,0.1626284420490265,0.5
337,58.0,0.09926421195268631,0.5
338,239.5,0.5689727663993835,-0.5
339,102.0,0.06972005218267441,-0.5
340,170.0,0.2633660137653351,1.5
341,201.0,0.22669444978237152,0.25
342,63.0,0.24301916360855103,1.25
343,387.5,1.1168460845947266,2.25
344,158.0,0.07955106347799301,1.0
345,88.0,0.09243656694889069,0.75
346,130.5,0.2506027817726135,2.0
347,251.0,0.5343284010887146,1.25
348,549.5,0.14864720404148102,-1.0
349,161.0,0.09164109081029892,2.0
350,616.0,0.4564293324947357,-2.0
351,423.5,0.041124846786260605,-1.0
352,262.5,0.137144535779953,0.5
353,154.5,0.11785248667001724,0.5
354,437.5,0.3928173780441284,-0.25
355,346.5,0.058507855981588364,1.0
356,167.0,0.10005304962396622,0.5
357,173.0,0.3636513948440552,0.5
358,760.5,0.31635573506355286,-2.0
359,147.0,0.03667256608605385,1.25
360,768.0,0.41361290216445923,-2.5
361,195.5,0.07147982716560364,9.0
362,167.0,0.20706650614738464,2.0
363,120.0,0.36205583810806274,1.25
364,115.0,0.5084403157234192,2.0
365,143.0,0.44324615597724915,0.5
366,282.5,0.5334372520446777,2.75
367,154.5,0.13585379719734192,0.5
368,162.5,0.3795541822910309,0.0
369,183.0,0.35064294934272766,2.75
370,226.0,0.36709392070770264,5.5
371,236.5,0.1590634286403656,0.5
372,427.5,0.1524045467376709,3.5
373,186.5,0.08675222843885422,10.0
374,545.0,0.1916220486164093,-2.0
375,127.0,0.07547111064195633,2.0
376,97.0,0.3784158527851105,3.0
377,169.5,0.28833436965942383,0.0
378,204.0,0.04110202565789223,7.25
379,123.0,0.20009954273700714,0.25
380,292.0,0.31031352281570435,6.25
381,133.5,0.17764104902744293,0.25
382,150.5,0.30052900314331055,10.0
383,86.0,0.20999693870544434,2.0
384,550.0,0.6283403635025024,2.0
385,317.5,0.10600889474153519,8.0
386,269.5,0.09316115826368332,6.25
387,144.0,0.21503187716007233,0.25
388,427.5,0.5225447416305542,4.5
389,339.5,0.11714417487382889,9.0
390,356.5,0.10904525220394135,2.0
391,141.5,0.08691432327032089,6.5
392,275.0,0.07682883739471436,4.5
393,164.5,0.16779841482639313,2.75
394,156.0,0.3302001357078552,10.0
395,168.0,0.20069919526576996,7.25
396,532.5,0.2880154252052307,1.0
397,218.5,0.13586293160915375,7.25
398,372.0,0.22020329535007477,4.0
399,183.5,0.1384904533624649,3.75
400,727.0,0.2187885344028473,2.0
401,681.0,0.06605193018913269,1.0
402,133.5,0.08200382441282272,10.0
403,169.0,0.30497631430625916,4.5
404,470.5,0.19515648484230042,-0.25
405,231.0,0.09591354429721832,7.25
406,484.0,0.08282800018787384,2.25
407,487.5,0.09830818325281143,0.5
408,121.0,0.20008832216262817,4.5
409,211.5,0.23145145177841187,7.0
410,200.5,0.2446446269750595,4.75
411,176.0,0.261614590883255,2.75
412,274.5,0.2315114438533783,4.75
413,71.0,0.1571490466594696,0.5
414,494.0,0.7475352883338928,-0.5
415,233.5,0.10149875283241272,1.25
416,199.0,0.22818505764007568,6.5
417,322.5,0.24924184381961823,2.625
418,147.0,0.1666804403066635,5.75
419,249.0,0.24003659188747406,7.25
420,289.0,0.1926640272140503,7.25
421,289.0,0.19111290574073792,7.25
422,174.0,0.13639891147613525,7.25
423,161.0,0.23713922500610352,7.5
424,272.0,0.1667175590991974,4.5
425,103.0,0.2024824321269989,7.25
426,191.5,0.22612550854682922,5.0
427,252.5,0.15139730274677277,3.75
428,286.0,0.21238547563552856,6.25
429,220.0,0.20272819697856903,5.125
430,184.5,0.11499910801649094,4.5
431,255.0,0.1843942552804947,4.5
432,173.0,0.11513593047857285,1.75
433,98.0,0.19425778090953827,4.5
434,245.5,0.169011190533638,7.25
435,239.0,0.12676741182804108,2.5
436,696.0,0.18347474932670593,2.0
437,190.0,0.051971279084682465,10.0
438,161.0,0.22732378542423248,4.5
439,352.5,0.24555237591266632,4.5
440,213.5,0.16752372682094574,10.0
441,768.0,0.07223744690418243,-2.5
442,480.0,0.02360685169696808,2.0
443,768.0,0.07907921075820923,-1.5
444,188.0,0.0510827898979187,7.25
445,235.0,0.18667072057724,6.75
446,220.0,0.2611595094203949,4.0
447,593.0,0.17940442264080048,2.625
448,164.0,0.09390997141599655,10.0
449,288.5,0.08112958818674088,7.25
450,153.0,0.20693011581897736,4.5
451,635.0,0.2576580345630646,0.5
452,340.5,0.04191833734512329,4.5
453,254.5,0.15156228840351105,10.0
454,330.5,0.08942952007055283,5.25
455,219.0,0.18535888195037842,10.0
456,247.0,0.3312719166278839,4.5
457,91.0,0.16429764032363892,10.0
458,248.0,0.30480900406837463,7.875
459,204.5,0.1362549364566803,7.25
460,166.5,0.20294228196144104,10.0
461,344.5,0.08930135518312454,4.5
462,251.5,0.13867120444774628,7.875
463,120.5,0.07851161807775497,5.125
464,213.0,0.34514492750167847,5.0
465,285.0,0.24415190517902374,5.125
466,408.0,0.12127771228551865,4.5
467,569.5,0.14756643772125244,2.0
468,131.5,0.10128742456436157,4.5
469,768.0,0.12351065129041672,-0.5
470,204.0,0.028751974925398827,7.875
471,218.5,0.10478392988443375,10.0
472,192.5,0.2286316454410553,4.75
473,608.5,0.3031393587589264,3.0
474,274.0,0.0988910049200058,10.0
475,85.0,0.1814742386341095,10.0
476,447.5,0.23142237961292267,4.5
477,356.5,0.14827729761600494,4.5
478,263.5,0.1323433667421341,7.25
479,265.5,0.03735760226845741,10.0
480,141.0,0.23759877681732178,10.0
481,230.5,0.281484454870224,4.5
482,257.5,0.37027600407600403,5.75
483,236.0,0.2046220898628235,7.25
484,244.0,0.1915668547153473,4.75
485,187.5,0.13420039415359497,4.5
486,462.0,0.157838374376297,1.25
487,204.0,0.0856521800160408,5.25
488,525.5,0.2673616111278534,2.0
489,376.0,0.13237632811069489,4.5
490,169.0,0.17703638970851898,7.25
491,189.5,0.245005801320076,10.0
492,201.0,0.1645665019750595,4.5
493,164.5,0.29416346549987793,7.25
494,187.5,0.2399279922246933,7.25
495,231.5,0.30020609498023987,4.5
496,154.5,0.2542591094970703,10.0
497,167.0,0.10893210023641586,6.0
498,190.0,0.20876817405223846,4.5
499,162.0,0.19237427413463593,4.5
500,172.5,0.1586322784423828,10.0
501,165.0,0.21291618049144745,10.0
502,402.5,0.2354269027709961,7.25
503,528.0,0.11611800640821457,4.75
504,450.0,0.0722469612956047,2.0
505,215.5,0.05352660268545151,10.0
506,303.5,0.19614119827747345,4.5
507,195.0,0.1513279229402542,4.5
508,120.0,0.3461250364780426,10.0
509,197.5,0.35481587052345276,10.0
510,191.5,0.21821069717407227,7.25
511,69.5,0.3348032832145691,4.5
512,182.5,0.36625194549560547,4.5
513,245.0,0.20795829594135284,7.5
514,203.5,0.23944246768951416,10.0
515,164.0,0.18018296360969543,10.0
516,476.0,0.23583264648914337,2.0
517,295.0,0.12004535645246506,4.5
518,245.5,0.20061026513576508,9.0
519,309.0,0.2675234079360962,10.0
520,293.5,0.08193475753068924,0.25
521,178.0,0.09075061231851578,10.0
522,162.0,0.20256976783275604,10.0
523,214.0,0.14771223068237305,7.25
524,198.0,0.2462460696697235,1.5
525,199.0,0.09081126749515533,4.5
526,175.5,0.17735305428504944,1.0
527,207.5,-0.0023100110702216625,4.5
528,357.5,0.18146030604839325,1.0
529,219.5,0.06870809942483902,1.5
530,274.5,0.12430953979492188,4.5
531,182.0,0.23243722319602966,2.0
532,489.0,0.10271074622869492,-1.0
533,547.0,0.06720986217260361,1.0
534,188.0,0.08104272186756134,1.25
535,132.5,0.1667892336845398,2.0
536,505.5,0.21894949674606323,2.0
537,263.0,0.14394482970237732,5.5
538,413.0,0.19368617236614227,5.0
539,405.5,0.1037892997264862,0.75
540,386.0,0.09295650571584702,1.5
541,160.0,0.08036037534475327,2.0
542,267.5,0.26519402861595154,-0.5
543,300.5,0.07882638275623322,1.5
544,160.5,0.06805684417486191,5.75
545,260.0,0.4450358748435974,5.125
546,419.5,0.2318239063024521,0.5
547,153.5,0.17518250644207,3.5
548,161.0,0.43071240186691284,2.0
549,217.0,0.16299520432949066,2.0
550,323.5,0.1487208902835846,1.25
551,499.5,0.14358407258987427,-0.25
552,221.0,0.0812247022986412,2.0
553,217.0,0.22365638613700867,0.0
554,132.5,0.37328970432281494,2.0
555,248.0,0.33901840448379517,1.5
556,463.5,0.10433115065097809,-0.25
557,247.5,0.09035775810480118,1.25
558,126.0,0.1952623873949051,2.0
559,193.5,0.2656274437904358,2.0
560,72.0,0.230147585272789,2.0
561,144.0,0.46829795837402344,1.25
562,197.0,0.21306617558002472,2.0
563,500.5,0.13353025913238525,2.0
564,263.5,0.10377398133277893,1.5
565,300.5,0.09008867293596268,1.25
566,163.5,0.17315669357776642,2.0
567,354.0,0.13878200948238373,1.25
568,212.0,0.21326503157615662,0.75
569,256.0,0.19295242428779602,0.75
570,164.0,0.2704769968986511,1.5
571,304.0,0.1356547325849533,0.25
572,505.5,0.18458645045757294,0.75
573,154.0,0.11645475029945374,2.0
574,121.0,0.24234376847743988,2.0
575,142.0,0.11273571103811264,2.0
576,128.5,0.22491015493869781,1.0
577,349.5,0.5297476649284363,1.5
578,561.5,0.1525755673646927,-1.0
579,141.5,0.12195859849452972,2.0
580,259.0,0.2775401771068573,0.5
581,261.0,0.2665075361728668,2.0
582,730.5,0.38545602560043335,-2.0
583,254.5,0.07453248649835587,2.0
584,762.5,0.23779742419719696,-2.5
585,180.5,0.11794357746839523,1.25
586,768.0,0.22887873649597168,-2.5
587,320.5,0.1374780237674713,1.25
588,183.5,0.1269998848438263,2.0
589,230.5,0.16298088431358337,1.25
590,204.5,0.17515094578266144,1.0
591,231.0,0.46965622901916504,0.5
592,560.0,0.34069639444351196,2.0
593,172.0,0.125883087515831,1.25
594,341.5,0.23168422281742096,1.25
595,317.5,0.122403584420681,10.0
596,206.0,0.23590895533561707,2.0
597,204.0,0.3074740767478943,8.75
598,175.5,0.3044579327106476,5.5
599,214.0,0.21807757019996643,10.0
600,167.0,0.16958655416965485,0.5
601,144.5,0.28439414501190186,2.0
602,214.0,0.14070290327072144,2.0
603,476.5,0.23758652806282043,9.0
604,334.0,0.1381782740354538,1.0
605,536.5,0.09148051589727402,2.0
606,176.5,0.14511682093143463,2.0
607,270.0,0.26052749156951904,2.0
608,212.0,0.2475179135799408,2.0
609,523.0,0.16358709335327148,4.5
610,85.0,0.13986723124980927,3.625
611,456.5,0.6219856142997742,7.25
612,291.5,0.1749034821987152,4.5
613,236.5,0.2512338161468506,7.25
614,177.5,0.2905712127685547,2.0
615,168.0,0.46212202310562134,10.0
616,433.5,0.09380726516246796,-0.5
617,151.0,0.09166378527879715,7.5
618,297.5,0.4590287506580353,6.25
619,236.5,0.2930397093296051,0.5
620,254.0,0.24180220067501068,2.0
621,254.5,0.14018793404102325,4.75
622,303.0,0.2491319477558136,3.125
623,242.5,0.15854743123054504,10.0
624,280.0,0.1820240467786789,1.25
625,183.0,0.1485271006822586,1.25
626,222.5,0.2524835169315338,4.0
627,254.0,0.3880561888217926,5.25
628,328.5,0.2565191686153412,6.75
629,212.5,0.19984492659568787,7.25
630,249.5,0.2812483608722687,3.25
631,259.5,0.335586816072464,7.5
632,635.0,0.33762046694755554,1.5
633,346.0,0.15826980769634247,5.0
634,278.0,0.07065241783857346,4.5
635,204.0,0.2811102569103241,5.5
636,125.0,0.5301792025566101,5.75
637,557.0,0.6595577597618103,4.75
638,313.0,0.11736081540584564,4.5
639,315.5,0.1483454704284668,4.75
640,236.0,0.1818028688430786,6.75
641,353.0,0.2718849182128906,1.5
642,218.5,0.24968181550502777,4.5
643,186.5,0.2730250954627991,7.0
644,203.5,0.46491944789886475,10.0
645,275.5,0.20731215178966522,2.5
646,445.0,0.2549673318862915,2.25
647,136.5,0.17365789413452148,7.5
648,269.5,0.43482348322868347,10.0
649,462.0,0.38282838463783264,8.25
650,768.0,0.2117834985256195,-0.5
651,176.0,0.11735560745000839,10.0
652,146.5,0.19555456936359406,7.5
653,366.5,0.4589492976665497,4.5
654,280.5,0.2160499095916748,4.5
655,191.0,0.4073088765144348,5.375
656,567.5,0.25103503465652466,2.0
657,498.0,0.09391458332538605,2.0
658,290.5,0.1673053503036499,4.75
659,61.5,0.17073842883110046,4.5
660,110.0,0.601793646812439,4.5
661,394.5,0.9557604193687439,4.75
662,245.5,0.34662532806396484,4.75
663,164.0,0.28025031089782715,4.5
664,113.0,0.35886242985725403,2.75
665,307.5,0.5672707557678223,4.5
666,482.5,0.2457275539636612,1.0
667,102.0,0.10369890183210373,4.5
668,338.0,0.6539080142974854,4.5
669,198.5,0.22880804538726807,4.5
670,329.5,0.3033270835876465,4.5
671,334.5,0.20601952075958252,0.5
672,373.5,0.24840232729911804,5.5
673,190.5,0.3624456226825714,10.0
674,184.5,0.27762967348098755,1.0
675,172.0,0.44250795245170593,10.0
676,352.5,0.4646548628807068,0.5
677,184.5,0.2743126451969147,6.5
678,184.0,0.3626531660556793,9.0
679,439.0,0.3494284749031067,1.75
680,363.0,0.18637697398662567,1.0
681,426.5,0.22324435412883759,2.75
682,113.0,0.2342873513698578,1.0
683,320.0,0.6467851400375366,5.5
684,425.0,0.279183954000473,5.5
685,154.0,0.23662127554416656,5.5
686,347.5,0.5053141713142395,7.25
687,432.5,0.21022838354110718,6.0
688,768.0,0.22064413130283356,-1.5
689,281.5,0.1729975938796997,3.5
690,307.5,0.3074371814727783,9.0
691,204.5,0.2949565052986145,6.5
692,300.5,0.37565675377845764,9.0
693,151.5,0.21193961799144745,6.25
694,462.5,0.5179132223129272,6.25
695,214.5,0.20643381774425507,2.75
696,215.0,0.34634464979171753,9.0
697,244.5,0.33290746808052063,1.5
698,416.5,0.3009001314640045,2.0
699,457.0,0.2912633419036865,3.75
700,480.5,0.18800665438175201,0.5
701,413.0,0.1879376322031021,5.25
702,768.0,0.31043702363967896,-2.5
703,475.0,0.12063184380531311,3.75
704,104.5,0.2204681932926178,0.5
705,225.0,0.3049805164337158,6.25
706,377.0,0.23431675136089325,5.5
707,401.5,0.23059920966625214,0.75
708,336.0,0.2530789077281952,4.0
709,408.5,0.42467325925827026,7.25
710,462.5,0.21183398365974426,6.25
711,603.0,0.23780159652233124,0.5
712,607.5,0.12467807531356812,3.25
713,340.0,0.23364096879959106,9.0
714,368.5,0.2843063175678253,9.0
715,656.5,0.2440616637468338,3.25
716,634.5,0.16668526828289032,0.5
717,768.0,0.14466188848018646,-1.5
718,141.5,0.1482190489768982,2.0
719,564.0,0.48113253712654114,-1.0
720,747.0,0.18050120770931244,-1.0
721,197.5,0.1555783897638321,6.25
722,206.5,0.3267509639263153,2.0
723,198.0,0.3721470534801483,5.5
724,355.5,0.2999352216720581,5.0
725,211.5,0.22873252630233765,4.125
726,522.5,0.36938703060150146,3.75
727,391.5,0.198729008436203,3.25
728,768.0,0.17790615558624268,-2.5
729,273.5,0.08535539358854294,4.75
730,242.0,0.4180803894996643,9.0
731,499.0,0.297235906124115,-0.5
732,386.0,0.2209404855966568,3.75
733,499.0,0.1818123757839203,3.75
734,591.5,0.17316199839115143,4.25
735,768.0,0.23810173571109772,-2.0
736,207.0,0.1352730393409729,9.0
737,245.0,0.3932030200958252,5.5
738,489.0,0.3831395208835602,9.0
739,216.5,0.2181122899055481,3.5
740,354.0,0.3726845383644104,8.5
741,589.5,0.33772382140159607,5.0
742,768.0,0.17084281146526337,-2.5
743,525.5,0.048493482172489166,1.0
744,339.0,0.13234926760196686,9.0
745,272.5,0.23031841218471527,2.75
746,768.0,0.30997008085250854,-2.5
747,353.5,0.12542247772216797,1.5
748,768.0,0.21394795179367065,-2.5
749,235.5,0.08391408622264862,7.5
750,160.5,0.2609582841396332,9.0
751,152.5,0.5484682321548462,3.5
752,574.0,0.39394184947013855,3.25
753,460.5,0.1784900575876236,3.5
754,306.0,0.14991271495819092,9.0
755,768.0,0.2288711667060852,-2.5
756,701.5,0.12356427311897278,3.25
757,209.0,0.1860213279724121,9.0
758,219.0,0.2644159197807312,9.0
759,318.5,0.2767971456050873,6.25
760,248.0,0.23329046368598938,3.5
761,225.5,0.2661377489566803,9.0
762,603.0,0.4234671890735626,1.0
763,355.0,0.1700059473514557,4.5
764,467.0,0.1813734769821167,5.5
765,478.0,0.18128211796283722,2.875
766,608.0,0.2201586812734604,0.5
767,274.5,0.09073307365179062,5.75
768,371.5,0.30762025713920593,0.5
769,667.5,0.17348113656044006,3.25
770,723.5,0.1922258883714676,0.5
771,364.0,0.11711114645004272,5.0
772,250.5,0.2175295352935791,6.25
773,435.0,0.2370283454656601,6.25
774,200.0,0.2310272455215454,6.875
775,768.0,0.23246480524539948,-2.0
776,648.0,0.11908873915672302,1.625
777,211.0,0.14786513149738312,2.0
778,372.0,0.30745798349380493,6.25
779,511.0,0.30080416798591614,1.0
780,251.5,0.14169740676879883,6.25
781,280.0,0.23924514651298523,3.5
782,356.5,0.2790415287017822,3.5
783,318.5,0.24105924367904663,-0.5
784,360.0,0.39435821771621704,5.0
785,768.0,0.23940621316432953,-2.0
786,673.0,0.10149247944355011,1.0
787,606.0,0.16762851178646088,4.5
788,449.5,0.13549070060253143,9.0
789,391.5,0.21265709400177002,6.25
790,275.0,0.21803627908229828,9.0
791,334.5,0.2536000907421112,3.5
792,370.5,0.28282395005226135,4.5
793,528.5,0.15026786923408508,1.0
794,432.0,0.1647564321756363,1.625
795,258.0,0.20220215618610382,9.0
796,277.5,0.28683972358703613,4.75
797,543.5,0.32644540071487427,1.125
798,208.0,0.18336541950702667,2.0
799,261.5,0.4027251601219177,6.25
800,405.0,0.2726866602897644,7.25
801,582.0,0.22440868616104126,1.25
802,704.0,0.11331050843000412,1.0
803,566.0,0.12035228312015533,-2.5
804,546.0,0.13356183469295502,1.0
805,314.5,0.1265077441930771,3.5
806,476.5,0.1740315556526184,3.375
807,538.0,0.26834484934806824,1.25
808,186.5,0.1692226231098175,5.5
809,289.5,0.372526079416275,6.25
810,401.5,0.26128527522087097,4.75
811,768.0,0.27535775303840637,-1.5
812,574.5,0.1089598760008812,1.0
813,165.0,0.12294632196426392,9.0
814,352.5,0.35709241032600403,3.5
815,294.0,0.19971677660942078,2.0
816,279.0,0.348880797624588,4.0
817,410.5,0.16704288125038147,3.5
818,484.5,0.27464789152145386,1.0
819,193.5,0.13373424112796783,4.75
820,412.5,0.3292583227157593,9.0
821,279.5,0.23368336260318756,9.0
822,234.5,0.32470759749412537,3.5
823,556.5,0.3193916082382202,6.25
824,543.0,0.22733281552791595,6.25
825,409.0,0.20501689612865448,9.0
826,201.5,0.27118226885795593,3.25
827,282.5,0.27336519956588745,4.75
828,375.5,0.39744696021080017,2.75
829,758.5,0.17395178973674774,0.5
830,768.0,0.138147234916687,-2.5
831,386.0,0.1362473964691162,0.0
832,229.0,0.15351323783397675,9.0
833,558.5,0.2973483204841614,1.0
834,508.5,0.13706421852111816,4.5
835,602.5,0.20487450063228607,1.0
836,495.0,0.16444048285484314,3.75
837,437.5,0.1428651660680771,9.0
838,387.5,0.26380547881126404,6.25
839,280.5,0.28805607557296753,9.0
840,604.0,0.1657394915819168,1.25
841,485.5,0.06341584026813507,-2.5
842,588.0,0.30975407361984253,5.0
843,425.0,0.2448546290397644,9.0
844,645.0,0.17436695098876953,3.5
845,526.0,0.11267345398664474,8.25
846,244.5,0.21216049790382385,9.0
847,603.0,0.33340778946876526,4.0
848,539.0,0.15969756245613098,3.75
849,565.0,0.14450371265411377,1.125
850,219.5,0.1516650915145874,8.25
851,768.0,0.48762378096580505,-2.0
852,487.5,0.09414783120155334,3.25
853,520.0,0.15118098258972168,9.0
854,311.0,0.15133768320083618,5.5
855,266.0,0.4293965697288513,5.5
856,250.5,0.3566865622997284,5.5
857,243.0,0.34298086166381836,9.0
858,377.0,0.19592206180095673,9.0
859,768.0,0.1899377405643463,-2.0
860,768.0,0.12968650460243225,-1.5
861,768.0,0.16814129054546356,-2.0
862,381.5,0.1376969814300537,3.5
863,356.5,0.2927421033382416,9.0
864,494.5,0.2648243308067322,3.25
865,659.5,0.15115243196487427,0.5
866,354.0,0.1280185431241989,4.0
867,589.5,0.16663093864917755,-0.25
868,652.5,0.13632287085056305,-2.5
869,427.0,0.1273200660943985,3.5
870,396.5,0.2272460162639618,-0.25
871,768.0,0.14148814976215363,-1.5
872,523.0,0.15143802762031555,3.75
873,355.0,0.16629645228385925,5.5
874,236.5,0.29860493540763855,6.25
875,614.0,0.26807427406311035,-1.0
876,559.0,0.1167721152305603,0.5
877,264.0,0.20331525802612305,3.5
878,251.5,0.4474893808364868,8.25
879,196.5,0.2142690122127533,7.5
880,261.5,0.37660911679267883,2.75
881,768.0,0.35808587074279785,-1.5
882,646.0,0.14607858657836914,1.25
883,657.5,0.13526062667369843,3.5
884,192.5,0.20084723830223083,4.75
885,291.5,0.1915765106678009,6.875
886,423.0,0.2556324601173401,9.0
887,469.5,0.2855493128299713,2.0
888,207.5,0.18759122490882874,9.0
889,238.5,0.19773045182228088,9.0
890,237.5,0.08955579996109009,2.0
891,384.5,0.2936965227127075,5.0
892,768.0,0.17641673982143402,-1.5
893,215.5,0.17119655013084412,3.5
894,498.0,0.27519020438194275,0.75
895,418.0,0.19390137493610382,3.5
896,602.0,0.30643826723098755,5.0
897,269.5,0.1927458643913269,5.5
898,191.0,0.233286052942276,3.5
899,279.5,0.24500738084316254,3.5
900,768.0,0.26980429887771606,-2.0
901,370.5,0.13069885969161987,2.0
902,262.0,0.18933998048305511,9.0
903,460.0,0.20501543581485748,5.0
904,233.0,0.19944830238819122,9.0
905,553.5,0.2917626202106476,3.75
906,238.0,0.17886921763420105,3.5
907,224.5,0.1607852727174759,2.0
908,202.5,0.290345698595047,4.75
909,545.0,0.13355551660060883,1.75
910,161.5,0.12819541990756989,7.75
911,768.0,0.28624239563941956,-1.5
912,400.5,0.13525168597698212,9.0
913,468.0,0.2097538411617279,-1.0
914,639.0,0.1284337043762207,1.0
915,470.5,0.10301490128040314,0.5
916,561.0,0.1249852329492569,1.0
917,406.0,0.18293577432632446,9.0
918,344.5,0.182657852768898,9.0
919,558.5,0.2698739469051361,3.75
920,679.5,0.21061667799949646,0.25
921,486.5,0.12136443704366684,4.75
922,449.5,0.14585384726524353,9.0
923,222.5,0.20540457963943481,6.25
924,668.5,0.1935403198003769,3.75
925,301.0,0.13407711684703827,7.25
926,236.5,0.2874200940132141,9.0
927,318.0,0.25596433877944946,9.0
928,311.0,0.23089255392551422,9.0
929,389.0,0.22065524756908417,3.5
930,227.0,0.2066611498594284,9.0
931,207.0,0.27797073125839233,2.25
932,524.5,0.18906381726264954,6.25
933,276.5,0.14991553127765656,9.0
934,157.0,0.2365684062242508,0.5
935,519.0,0.4980415403842926,9.0
936,292.5,0.15869201719760895,9.0
937,172.0,0.34876909852027893,2.0
938,438.5,0.3489542007446289,5.75
939,555.5,0.1970520317554474,5.0
940,395.5,0.15910497307777405,6.25
941,251.5,0.25001734495162964,0.5
942,481.0,0.48233506083488464,5.5
943,167.5,0.2549404799938202,5.5
944,768.0,0.34619784355163574,-2.0
945,470.0,0.0880894660949707,0.5
946,227.5,0.09074665606021881,5.5
947,559.0,0.22694344818592072,1.0
948,478.5,0.1355411559343338,6.25
949,659.0,0.2753050923347473,0.5
950,645.0,0.18877853453159332,1.0
951,175.5,0.16925910115242004,4.125
952,432.0,0.12669847905635834,9.0
953,339.0,0.2583925426006317,7.0
954,511.0,0.2330555021762848,5.0
955,648.0,0.11725092679262161,0.5
956,295.5,0.12531514465808868,3.5
957,301.0,0.3107345998287201,6.875
958,181.5,0.23377791047096252,9.0
959,476.5,0.22427906095981598,6.25
960,548.5,0.1489880383014679,3.25
961,151.0,0.12601110339164734,2.5
962,172.0,0.28552401065826416,3.5
963,459.5,0.47594204545021057,4.25
964,185.5,0.2130385935306549,2.75
965,768.0,0.5587921142578125,-2.0
966,259.0,0.137447327375412,1.5
967,411.0,0.32465916872024536,6.5
968,377.5,0.18734295666217804,3.5
969,171.5,0.1953304558992386,-0.5
970,768.0,0.5248880386352539,-2.5
971,284.0,0.14521072804927826,6.25
972,346.0,0.2535170614719391,6.25
973,354.0,0.30428120493888855,9.0
974,212.0,0.19653455913066864,4.0
975,463.0,0.3130524456501007,-0.75
976,230.0,0.09461111575365067,4.0
977,278.0,0.33763137459754944,1.5
978,245.0,0.2759225368499756,9.0
979,309.0,0.2085273116827011,9.0
980,277.5,0.30196237564086914,6.25
981,176.0,0.2351912260055542,4.25
982,252.5,0.41536709666252136,6.875
983,596.5,0.4651471972465515,4.5
984,299.0,0.12281399965286255,9.0
985,500.5,0.20883871614933014,9.0
986,538.5,0.14773444831371307,0.5
987,267.0,0.169267937541008,2.0
988,372.5,0.35499653220176697,5.5
989,306.0,0.1651272028684616,6.25
990,241.5,0.23927579820156097,2.25
991,213.5,0.3154420256614685,6.25
992,646.5,0.19123618304729462,0.5
993,368.0,0.05518704280257225,7.0
994,441.5,0.17378699779510498,6.25
995,173.0,0.20625637471675873,4.75
996,373.5,0.28609326481819153,9.0
997,495.5,0.2139289826154709,0.5
998,713.5,0.12616664171218872,0.5
999,414.0,0.11598002165555954,9.0
1000,308.0,0.17415310442447662,9.0
1001,203.0,0.3316846191883087,6.25
1002,437.5,0.39306753873825073,2.5
1003,236.5,0.14708633720874786,4.75
1004,122.0,0.26648783683776855,4.25
1005,254.0,0.41381165385246277,6.75
1006,187.0,0.30273351073265076,9.0
1007,487.0,0.33263176679611206,0.5
1008,356.0,0.22218580543994904,9.0
1009,575.5,0.30001336336135864,0.0
1010,428.5,0.12040197849273682,3.5
1011,457.5,0.25111016631126404,1.75
1012,642.5,0.15225133299827576,3.75
1013,275.0,0.09625762701034546,4.75
1014,612.5,0.24157728254795074,6.0
1015,236.0,0.1376517117023468,3.5
1016,407.5,0.3770580291748047,9.0
1017,309.0,0.2267468422651291,9.0
1018,593.5,0.3083018660545349,-0.75
1019,255.5,0.05701260268688202,3.5
1020,286.5,0.2029237449169159,6.875
1021,204.0,0.35623034834861755,9.0
1022,457.5,0.31429019570350647,5.5
1023,271.0,0.13777349889278412,6.25
1024,476.5,0.2728555500507355,3.75
1025,367.0,0.25663864612579346,3.5
1026,465.5,0.2613045275211334,2.25
1027,265.5,0.23783402144908905,4.75
1028,207.0,0.39231494069099426,9.0
1029,328.0,0.19414648413658142,6.5
1030,371.5,0.23092027008533478,2.125
1031,265.0,0.2606235444545746,9.0
1032,333.5,0.3666415512561798,9.0
1033,468.0,0.23010008037090302,3.75
1034,380.5,0.2082497477531433,2.75
1035,331.5,0.12750327587127686,7.0
1036,733.5,0.31238722801208496,-0.5
1037,282.0,0.13038620352745056,3.5
1038,257.0,0.2660090923309326,6.5
1039,259.0,0.284409761428833,6.25
1040,127.5,0.2834598124027252,5.5
1041,424.5,0.38649269938468933,6.25
1042,286.0,0.14570899307727814,9.0
1043,261.0,0.27833425998687744,9.0
1044,219.0,0.3479239344596863,9.0
1045,768.0,0.2927250862121582,-1.5
1046,767.0,0.09427925199270248,-1.5
1047,170.5,0.1118076890707016,9.0
1048,207.5,0.3994140625,9.0
1049,666.0,0.32915568351745605,0.5
1050,183.0,0.15884250402450562,3.5
1051,347.5,0.23833094537258148,3.5
1052,194.0,0.2788952589035034,9.0
1053,273.0,0.34383922815322876,9.0
1054,392.5,0.2424347847700119,2.25
1055,293.0,0.30276867747306824,9.0
1056,204.0,0.3721693754196167,3.5
1057,360.0,0.46241456270217896,3.5
1058,525.0,0.19801947474479675,4.125
1059,242.0,0.15218761563301086,6.25
1060,223.0,0.3837670087814331,3.25
1061,217.5,0.24003836512565613,6.25
1062,174.5,0.29916903376579285,9.0
1063,86.0,0.30290770530700684,9.0
1064,161.5,0.4311881959438324,9.0
1065,139.5,0.34389713406562805,9.0
1066,470.5,0.5013241767883301,0.5
1067,208.5,0.16400933265686035,6.25
1068,255.0,0.23042888939380646,6.25
1069,207.5,0.2578108012676239,3.5
1070,663.5,0.23156481981277466,1.25
1071,768.0,0.23369143903255463,-1.5
1072,273.0,0.10826407372951508,8.25
1073,349.0,0.2049245983362198,3.0
1074,207.5,0.3140687942504883,4.75
1075,208.0,0.4833599925041199,2.0
1076,203.5,0.32997995615005493,3.5
1077,235.0,0.24545451998710632,0.75
1078,111.5,0.30157360434532166,9.0
1079,382.0,0.5611933469772339,-0.25
1080,138.0,0.21764807403087616,9.0
1081,157.5,0.30626314878463745,8.25
1082,202.5,0.5262531042098999,6.25
1083,607.5,0.27761152386665344,-2.0
1084,228.5,0.1875022053718567,9.0
1085,636.0,0.20083291828632355,1.0
1086,141.5,0.20947103202342987,6.25
1087,143.5,0.3866415321826935,9.0
1088,329.0,0.2820533215999603,9.0
1089,568.0,0.248980313539505,3.25
1090,265.5,0.16740235686302185,2.0
1091,506.0,0.3998747169971466,-1.0
1092,604.5,0.1753896176815033,-2.0
1093,509.5,0.1649768054485321,-0.25
1094,205.5,0.13624824583530426,4.75
1095,566.5,0.39294347167015076,1.0
1096,535.5,0.16896188259124756,1.0
1097,239.5,0.26531898975372314,5.5
1098,266.5,0.30614638328552246,2.0
1099,683.5,0.247584730386734,5.0
1100,576.5,0.2712676227092743,0.5
1101,768.0,0.2221156507730484,-2.0
1102,604.0,0.14631688594818115,5.0
1103,370.5,0.268565833568573,2.75
1104,502.0,0.2704182267189026,0.5
1105,479.0,0.16372382640838623,-0.25
1106,144.0,0.15935984253883362,2.0
1107,267.5,0.37586015462875366,9.0
1108,314.0,0.27582135796546936,5.5
1109,264.5,0.508865237236023,0.5
1110,330.0,0.36823952198028564,5.5
1111,296.0,0.37978214025497437,9.0
1112,230.0,0.1859811395406723,5.5
1113,768.0,0.3188377022743225,-2.0
1114,381.5,0.10336624085903168,5.0
1115,166.5,0.2497137486934662,9.0
1116,270.5,0.4130527675151825,4.25
1117,456.0,0.15341944992542267,3.75
1118,428.0,0.16965989768505096,1.5
1119,266.5,0.3049488067626953,9.0
1120,439.0,0.20738539099693298,5.0
1121,682.0,0.3216317296028137,3.25
1122,554.0,0.22013024985790253,3.75
1123,404.0,0.25563785433769226,6.25
1124,315.0,0.21616144478321075,3.5
1125,399.5,0.3886019289493561,4.125
1126,768.0,0.3099020719528198,-2.5
1127,568.5,0.0941476821899414,3.75
1128,464.5,0.30852317810058594,1.0
1129,149.5,0.27245885133743286,5.5
1130,176.0,0.20199091732501984,9.0
1131,484.0,0.37358540296554565,3.75
1132,285.0,0.24335366487503052,6.25
1133,768.0,0.42877060174942017,-2.0
1134,302.0,0.2567088305950165,3.5
1135,541.0,0.21932747960090637,1.75
1136,126.5,0.2591780126094818,5.5
1137,622.0,0.4802186191082001,3.25
1138,269.5,0.16276341676712036,9.0
1139,604.5,0.3492409884929657,0.5
1140,675.0,0.23279298841953278,-2.0
1141,483.5,0.14044158160686493,1.0
1142,372.5,0.22848737239837646,9.0
1143,315.5,0.20006221532821655,9.0
1144,664.0,0.30939117074012756,3.75
1145,768.0,0.13120020925998688,-1.5
1146,232.5,0.14785136282444,9.0
1147,560.0,0.37522029876708984,1.0
1148,468.5,0.1541174203157425,3.75
1149,323.5,0.24925874173641205,3.5
1150,768.0,0.4469956159591675,-1.5
1151,470.5,0.2150155007839203,5.0
1152,217.5,0.26027193665504456,9.0
1153,445.0,0.5306832790374756,9.0
1154,262.5,0.2308618426322937,5.0
1155,455.0,0.35878437757492065,9.0
1156,248.0,0.24323318898677826,3.5
1157,188.5,0.3124372959136963,6.25
1158,205.0,0.47137778997421265,5.5
1159,423.5,0.6695224642753601,-1.0
1160,353.0,0.2996992766857147,9.0
1161,319.5,0.366005003452301,9.0
1162,341.5,0.31349653005599976,2.0
1163,768.0,0.21894371509552002,-1.5
1164,271.5,0.1960051953792572,6.25
1165,523.5,0.4099750220775604,9.0
1166,362.5,0.25796884298324585,3.5
1167,222.0,0.30944696068763733,6.25
1168,547.5,0.3579278588294983,3.75
1169,527.5,0.15275196731090546,1.5
1170,207.0,0.15687869489192963,9.0
1171,768.0,0.5581662654876709,-1.5
1172,329.5,0.18449828028678894,9.0
1173,768.0,0.2267213612794876,-2.0
1174,433.5,0.1453937590122223,4.75
1175,235.5,0.3849847912788391,9.0
1176,189.5,0.5232353210449219,9.0
1177,612.0,0.48765844106674194,4.25
1178,253.5,0.2045806497335434,4.875
1179,534.0,0.3666323721408844,3.75
1180,298.5,0.3085659146308899,4.125
1181,500.5,0.3049278259277344,6.25
1182,267.5,0.2077951729297638,5.0
1183,464.0,0.2787589728832245,9.0
1184,394.5,0.2281055599451065,9.0
1185,200.5,0.4249839186668396,6.25
1186,624.5,0.4479559361934662,5.5
1187,206.5,0.1609627902507782,9.0
1188,332.0,0.4082968235015869,9.0
1189,460.5,0.31186234951019287,6.875
1190,348.0,0.24270136654376984,7.25
1191,559.5,0.348434180021286,-2.0
1192,539.5,0.15176574885845184,0.5
1193,680.5,0.30630332231521606,6.25
1194,247.5,0.19896657764911652,9.0
1195,642.0,0.3811267614364624,3.25
1196,195.0,0.21704594790935516,6.25
1197,545.5,0.45525795221328735,3.25
1198,312.5,0.2604013979434967,3.5
1199,303.5,0.3401418626308441,9.0
1200,587.5,0.32238271832466125,0.5
1201,768.0,0.2152920514345169,-1.5
1202,403.0,0.15083490312099457,9.0
1203,658.5,0.23058228194713593,3.25
1204,495.0,0.14507880806922913,1.0
1205,646.5,0.23432381451129913,3.25
1206,762.5,0.17595475912094116,-0.25
1207,768.0,0.1779058575630188,-2.0
1208,344.0,0.14992409944534302,9.0
1209,546.5,0.24900949001312256,3.75
1210,409.5,0.18045499920845032,5.0
1211,570.5,0.22433140873908997,-1.0
1212,627.5,0.26493120193481445,1.25
1213,511.5,0.17111638188362122,3.75
1214,278.0,0.2239229530096054,9.0
1215,451.5,0.23815535008907318,9.0
1216,337.0,0.3404863178730011,9.0
1217,426.5,0.41833794116973877,6.5
1218,264.5,0.1729065328836441,9.0
1219,411.0,0.4703245759010315,3.5
1220,306.0,0.2908223569393158,9.0
1221,630.0,0.30125898122787476,3.5
1222,768.0,0.2466554492712021,-2.5
1223,442.0,0.11579646915197372,9.0
1224,270.0,0.28485560417175293,6.25
1225,581.0,0.41165995597839355,3.25
1226,768.0,0.2058182656764984,-2.0
1227,432.0,0.18803700804710388,6.875
1228,768.0,0.2867322266101837,-2.0
1229,387.5,0.15596094727516174,6.25
1230,481.0,0.30023497343063354,6.25
1231,701.5,0.1714719533920288,1.75
1232,546.5,0.21056267619132996,1.0
1233,623.5,0.23762503266334534,1.0
1234,238.5,0.2215389907360077,6.25
1235,298.0,0.22529926896095276,6.25
1236,372.0,0.4458144009113312,9.0
1237,297.0,0.41290557384490967,9.0
1238,404.5,0.35771143436431885,9.0
1239,513.0,0.23977312445640564,1.0
1240,422.0,0.21768799424171448,3.5
1241,271.5,0.2479342520236969,6.25
1242,239.0,0.33542966842651367,5.5
1243,417.0,0.32053765654563904,4.875
1244,390.0,0.21320271492004395,6.25
1245,365.5,0.194963276386261,3.5
1246,359.5,0.25847429037094116,9.0
1247,479.5,0.23685932159423828,5.0
1248,499.0,0.23844926059246063,5.5
1249,288.5,0.19843870401382446,5.5
1250,258.5,0.5015913248062134,9.0
1251,350.0,0.4556668698787689,2.5
1252,256.0,0.16312426328659058,1.5
1253,488.5,0.3068903386592865,0.0
1254,249.0,0.27351459860801697,6.875
1255,426.5,0.34194415807724,6.25
1256,221.0,0.2772722542285919,1.5
1257,391.0,0.4079410135746002,1.5
1258,287.0,0.18723322451114655,3.5
1259,321.0,0.5129204392433167,9.0
1260,631.0,0.3111274242401123,-1.5
1261,650.5,0.10197817534208298,5.0
1262,723.0,0.1883460283279419,3.75
1263,727.0,0.17806772887706757,9.0
1264,204.5,0.16128280758857727,3.5
1265,391.0,0.25852975249290466,9.0
1266,251.0,0.2842959463596344,9.0
1267,387.5,0.37872976064682007,9.0
1268,570.0,0.28217798471450806,0.5
1269,595.5,0.24512313306331635,4.25
1270,604.5,0.23177921772003174,3.75
1271,459.5,0.2524126470088959,0.5
1272,564.5,0.1970471888780594,0.5
1273,701.0,0.20948673784732819,-1.5
1274,418.5,0.19052939116954803,1.75
1275,529.5,0.20199663937091827,2.125
1276,236.0,0.1661309450864792,9.0
1277,520.5,0.3889840543270111,1.0
1278,168.0,0.1460944414138794,9.0
1279,490.5,0.3192571997642517,-1.0
1280,768.0,0.1527327448129654,-2.0
1281,456.5,0.14636215567588806,6.25
1282,217.5,0.22515150904655457,9.0
1283,544.0,0.2812677323818207,3.5
1284,362.0,0.15674780309200287,9.0
1285,243.0,0.24832698702812195,5.0
1286,560.5,0.334884375333786,3.25
1287,236.5,0.17525631189346313,3.5
1288,521.5,0.292694628238678,2.5
1289,258.0,0.14338117837905884,9.0
1290,409.5,0.3748346269130707,3.5
1291,768.0,0.2991420030593872,-2.5
1292,462.0,0.12429441511631012,3.75
1293,547.5,0.2581079602241516,0.5
1294,665.0,0.16943855583667755,-1.0
1295,305.5,0.16722877323627472,9.0
1296,232.5,0.4414123594760895,9.0
1297,524.0,0.49210456013679504,6.5
1298,211.0,0.18990598618984222,9.0
1299,463.0,0.4004972279071808,1.0
1300,432.5,0.24608802795410156,5.0
1301,671.5,0.20492075383663177,3.75
1302,440.0,0.18791833519935608,9.0
1303,365.5,0.2007562667131424,5.0
1304,219.0,0.2425418496131897,9.0
1305,169.5,0.3054664134979248,9.0
1306,277.5,0.3180611729621887,9.0
1307,321.0,0.4134708344936371,3.5
1308,768.0,0.2370392382144928,-1.0
1309,276.0,0.10469373315572739,6.25
1310,262.0,0.5549863576889038,9.0
1311,263.0,0.31619203090667725,2.75
1312,326.5,0.5161622166633606,3.5
1313,768.0,0.47380077838897705,-2.0
1314,217.0,0.11745598912239075,9.0
1315,287.5,0.4623991549015045,9.0
1316,492.0,0.28920507431030273,3.75
1317,476.0,0.16984118521213531,1.0
1318,186.0,0.24880686402320862,6.25
1319,272.5,0.6385343670845032,6.25
1320,701.5,0.5349980592727661,-1.5
1321,633.0,0.17045214772224426,3.5
1322,298.0,0.19463331997394562,5.75
1323,222.5,0.26464250683784485,9.0
1324,288.5,0.37545883655548096,3.25
1325,639.0,0.5073251724243164,0.5
1326,216.0,0.2366441935300827,9.0
1327,315.0,0.28237730264663696,6.25
1328,396.5,0.3598036468029022,6.25
1329,228.5,0.30350229144096375,6.25
1330,482.5,0.4622209072113037,9.0
1331,390.5,0.211799755692482,3.5
1332,286.5,0.3512113392353058,6.25
1333,650.0,0.41871070861816406,0.75
1334,539.5,0.24288029968738556,0.5
1335,217.0,0.19639846682548523,6.25
1336,575.0,0.49537795782089233,0.5
1337,329.5,0.19364827871322632,5.75
1338,336.5,0.28954386711120605,4.125
1339,247.5,0.31106123328208923,9.0
1340,370.0,0.4556538164615631,9.0
1341,375.0,0.2519316077232361,4.125
1342,349.0,0.21312040090560913,3.5
1343,210.5,0.3450842797756195,9.0
1344,499.5,0.3501017689704895,3.5
1345,350.5,0.25966089963912964,4.125
1346,304.0,0.286808580160141,9.0
1347,341.5,0.33458179235458374,9.0
1348,353.0,0.3629566431045532,6.25
1349,558.0,0.3656257390975952,1.5
1350,435.5,0.22599035501480103,5.0
1351,471.0,0.3226960301399231,1.5
1352,436.5,0.2211901992559433,6.25
1353,112.5,0.2727847695350647,-0.25
1354,497.5,0.4957559108734131,4.5
1355,440.0,0.2705936133861542,2.0
1356,173.0,0.2545373737812042,5.5
1357,231.5,0.44389864802360535,5.75
1358,401.0,0.3803226947784424,6.25
1359,214.0,0.16561737656593323,9.0
1360,229.5,0.43344631791114807,9.0
1361,225.5,0.3231104016304016,3.5
1362,501.0,0.4479982852935791,5.0
1363,710.5,0.23783448338508606,3.25
1364,230.0,0.17600923776626587,9.0
1365,768.0,0.4531344175338745,-2.0
1366,304.0,0.14977070689201355,3.5
1367,470.0,0.46551287174224854,2.75
1368,325.0,0.24125726521015167,3.5
1369,281.5,0.5027362108230591,9.0
1370,215.0,0.26491740345954895,6.5
1371,124.0,0.3846270740032196,6.25
1372,255.5,0.9577736258506775,3.5
1373,297.5,0.3801925480365753,6.25
1374,324.0,0.3285689055919647,3.5
1375,237.0,0.31304681301116943,9.0
1376,732.0,0.43927744030952454,-0.5
1377,261.5,0.15066595375537872,4.25
1378,358.0,0.43889421224594116,7.25
1379,323.5,0.33153626322746277,0.5
1380,429.5,0.34644049406051636,5.5
1381,393.5,0.2631494402885437,9.0
1382,405.5,0.31477925181388855,9.0
1383,240.5,0.38771697878837585,3.5
1384,550.0,0.3393365144729614,-1.5
1385,655.0,0.26132363080978394,-0.75
1386,194.0,0.1761847883462906,5.5
1387,358.0,0.4067673981189728,-0.25
1388,636.5,0.2725845277309418,-1.0
1389,548.5,0.256334125995636,0.75
1390,334.0,0.20489364862442017,4.5
1391,182.5,0.39361003041267395,9.0
1392,535.5,0.6187305450439453,1.625
1393,738.0,0.24288780987262726,1.0
1394,261.5,0.19861048460006714,2.0
1395,350.0,0.5025621056556702,5.0
1396,299.5,0.38590872287750244,5.0
1397,768.0,0.4164780378341675,0.25
1398,314.0,0.21030983328819275,2.25
1399,441.5,0.21348051726818085,9.0
1400,431.0,0.3233855962753296,4.75
1401,594.5,0.337617963552475,-0.25
1402,391.5,0.21899442374706268,2.0
1403,747.5,0.32388103008270264,-0.75
1404,358.5,0.2732012867927551,2.75
1405,582.0,0.35987699031829834,0.25
1406,545.5,0.22454231977462769,2.25
1407,472.0,0.20062755048274994,6.25
1408,319.0,0.31964486837387085,2.0
1409,490.0,0.48133593797683716,3.75
1410,228.0,0.20517902076244354,6.25
1411,414.5,0.48162707686424255,5.5
1412,569.0,0.38174498081207275,1.0
1413,347.0,0.3226166367530823,2.0
1414,254.5,0.2886106073856354,9.0
1415,353.5,0.3860737383365631,6.25
1416,324.0,0.274149626493454,6.5
1417,208.0,0.3269626498222351,9.0
1418,326.5,0.4408278167247772,9.0
1419,356.5,0.43687671422958374,4.25
1420,768.0,0.24432118237018585,-2.5
1421,768.0,0.1625027060508728,-2.5
1422,444.5,0.07632451504468918,3.5
1423,367.5,0.23277738690376282,9.0
1424,285.5,0.26980167627334595,6.25
1425,236.5,0.45509183406829834,9.0
1426,265.5,0.39702361822128296,6.25
1427,556.0,0.41978225111961365,1.25
1428,219.0,0.23580814898014069,9.0
1429,599.0,0.41905656456947327,-2.0
1430,267.5,0.1236262321472168,9.0
1431,275.5,0.48861074447631836,6.25
1432,463.5,0.3686063885688782,0.5
1433,188.0,0.27141690254211426,9.0
1434,292.0,0.5698363780975342,6.25
1435,631.5,0.3421364426612854,3.25
1436,705.5,0.16926737129688263,1.0
1437,291.0,0.15318748354911804,3.5
1438,519.0,0.3019416630268097,1.0
1439,333.5,0.279087632894516,3.5
1440,154.5,0.3433338701725006,9.0
1441,210.5,0.5627726316452026,9.0
1442,318.5,0.39745262265205383,9.0
1443,475.5,0.35309773683547974,5.5
1444,206.0,0.19921362400054932,3.5
1445,424.5,0.5929207801818848,3.5
1446,766.0,0.3336676061153412,1.0
1447,336.5,0.13435712456703186,3.5
1448,484.0,0.27398785948753357,2.0
1449,387.0,0.19200864434242249,3.5
1450,217.5,0.27326586842536926,6.25
1451,250.5,0.46811094880104065,9.0
1452,560.5,0.42571550607681274,1.0
1453,314.5,0.28375357389450073,5.0
1454,608.5,0.29420679807662964,1.0
1455,247.0,0.2076183408498764,6.25
1456,284.0,0.5097485184669495,5.0
1457,343.5,0.2614176571369171,1.0
1458,219.0,0.18236610293388367,5.0
1459,248.5,0.33036646246910095,6.25
1460,299.5,0.40431180596351624,9.0
1461,330.0,0.37300872802734375,6.25
1462,225.5,0.30249977111816406,6.25
1463,217.5,0.4367658495903015,4.75
1464,282.5,0.41594067215919495,9.0
1465,407.5,0.5809527039527893,2.25
1466,329.0,0.27631738781929016,9.0
1467,240.0,0.28386133909225464,9.0
1468,532.0,0.45476967096328735,6.25
1469,201.0,0.20080484449863434,3.5
1470,194.0,0.494719922542572,3.5
1471,169.0,0.48997437953948975,6.25
1472,525.0,0.46497106552124023,6.25
1473,547.5,0.18152131140232086,1.0
1474,314.5,0.22176827490329742,3.5
1475,211.0,0.25983861088752747,6.25
1476,449.5,0.573320746421814,3.5
1477,406.0,0.24084128439426422,4.125
1478,529.0,0.30440017580986023,1.0
1479,388.0,0.2566588819026947,4.0
1480,305.5,0.3036501109600067,5.0
1481,186.5,0.39883968234062195,9.0
1482,401.0,0.6184949278831482,6.25
1483,414.5,0.3496837317943573,9.0
1484,708.5,0.23234157264232635,1.5
1485,387.5,0.2552519738674164,5.0
1486,251.0,0.29759448766708374,6.25
1487,217.0,0.2855074107646942,9.0
1488,245.5,0.5114895105361938,6.25
1489,135.5,0.5422468781471252,4.25
1490,267.5,0.8411816954612732,9.0
1491,172.5,0.267052561044693,5.5
1492,216.0,0.45457905530929565,6.25
1493,267.5,0.5033920407295227,0.5
1494,280.5,0.35692882537841797,9.0
1495,413.0,0.3878059387207031,3.75
1496,311.5,0.24672195315361023,9.0
1497,244.5,0.35299786925315857,2.75
1498,294.5,0.4483408033847809,6.25
1499,246.5,0.4168412387371063,3.75
1500,243.5,0.46922802925109863,6.25
1501,182.0,0.4163362681865692,9.0
1502,291.0,0.6220290660858154,4.125
1503,654.5,0.5189303159713745,1.0
1504,237.5,0.2029162347316742,9.0
1505,407.0,0.48556947708129883,4.125
1506,286.5,0.26929745078086853,6.25
1507,235.5,0.3212166726589203,9.0
1508,403.5,0.3950343430042267,9.0
1509,168.5,0.3789772689342499,9.0
1510,631.0,0.5749526023864746,1.0
1511,230.5,0.28450387716293335,4.875
1512,289.5,0.5085667967796326,6.25
1513,334.0,0.37257900834083557,3.5
1514,205.0,0.3459969460964203,6.25
1515,633.5,0.4506526589393616,1.0
1516,302.0,0.17678627371788025,6.25
1517,235.5,0.35306134819984436,9.0
1518,294.5,0.4389461576938629,3.5
1519,323.5,0.4104709029197693,1.25
1520,311.5,0.40867236256599426,6.875
1521,285.5,0.6205381155014038,3.5
1522,165.5,0.36498144268989563,3.5
1523,197.0,0.6430038213729858,6.875
1524,169.0,0.5425089001655579,9.0
1525,560.0,0.619306206703186,3.5
1526,293.0,0.27301040291786194,3.5
1527,285.5,0.5179198384284973,3.5
1528,293.5,0.3480834364891052,3.0
1529,255.5,0.3818727731704712,9.0
1530,153.5,0.37590697407722473,9.0
1531,249.0,0.6329357624053955,9.0
1532,205.5,0.6638939380645752,9.0
1533,437.0,0.33731502294540405,3.5
1534,287.5,0.3870055377483368,9.0
1535,256.0,0.3454863131046295,9.0
1536,191.0,0.39000779390335083,3.5
1537,349.5,0.5540423393249512,1.5
1538,257.0,0.29906824231147766,1.5
1539,432.5,0.43161740899086,3.5
1540,526.5,0.3271580934524536,4.125
1541,736.5,0.22623160481452942,-1.0
1542,245.0,0.23236674070358276,4.5
1543,277.0,0.49576425552368164,3.5
1544,448.5,0.20466168224811554,-0.5
1545,194.5,0.28667688369750977,2.0
1546,461.5,0.5337847471237183,5.0
1547,217.5,0.24791806936264038,2.0
1548,248.5,0.548444926738739,6.25
1549,516.0,0.5353452563285828,9.0
1550,265.5,0.2621002197265625,4.75
1551,368.5,0.2849601209163666,3.5
1552,246.5,0.49443674087524414,9.0
1553,621.0,0.3627679944038391,3.75
1554,256.5,0.18991562724113464,9.0
1555,250.0,0.37837928533554077,3.5
1556,182.5,0.2005959153175354,7.75
1557,242.0,0.4695490002632141,6.25
1558,423.5,0.4576629400253296,9.0
1559,265.0,0.25502869486808777,3.5
1560,273.0,0.3823443055152893,9.0
1561,225.0,0.16252760589122772,9.0
1562,251.5,0.4596046805381775,9.0
1563,390.5,0.5128439664840698,2.0
1564,313.0,0.31666743755340576,4.75
1565,253.5,0.4691537320613861,9.0
1566,250.5,0.4660540521144867,5.0
1567,471.0,0.49965739250183105,3.25
1568,619.5,0.10946343839168549,-1.0
1569,155.0,0.21502560377120972,9.0
1570,629.5,0.40235134959220886,1.0
1571,277.5,0.21603740751743317,2.625
1572,543.0,0.2850138247013092,1.625
1573,310.5,0.21167659759521484,6.25
1574,407.5,0.22049415111541748,4.125
1575,467.0,0.18620485067367554,3.75
1576,234.5,0.19082163274288177,9.0
1577,543.5,0.3697717487812042,5.0
1578,599.0,0.20612011849880219,-0.75
1579,126.5,0.1339832991361618,2.0
1580,346.0,0.24522709846496582,0.5
1581,237.5,0.26060906052589417,6.25
1582,314.0,0.2007758766412735,6.25
1583,225.0,0.29131314158439636,9.0
1584,513.5,0.2601788341999054,1.5
1585,364.5,0.31197118759155273,2.0
1586,308.5,0.3268720507621765,3.5
1587,242.5,0.11944125592708588,9.0
1588,423.0,0.22993126511573792,4.75
1589,269.0,0.3231252431869507,4.75
1590,292.0,0.24352993071079254,1.0
1591,352.5,0.25625643134117126,4.5
1592,381.5,0.22582745552062988,3.5
1593,392.0,0.1952931433916092,-0.5
1594,422.5,0.2822897136211395,6.25
1595,454.0,0.3372306525707245,7.0
1596,499.0,0.3381306827068329,1.5
1597,308.5,0.3476330637931824,3.5
1598,447.5,0.4087282121181488,9.0
1599,230.5,0.2672816216945648,3.5
1600,314.5,0.3317354917526245,2.0
1601,553.5,0.3326431214809418,-2.0
1602,212.0,0.16053397953510284,5.5
1603,328.0,0.5883711576461792,4.25
1604,596.5,0.40233924984931946,0.25
1605,183.0,0.17381048202514648,2.75
1606,463.0,0.6915057897567749,2.875
1607,370.5,0.3363490700721741,6.25
1608,321.0,0.329129159450531,3.25
1609,197.0,0.327230840921402,1.25
1610,93.5,0.4746463894844055,-1.0
1611,259.0,0.3493092954158783,0.5
1612,227.5,0.3268727660179138,9.0
1613,478.5,0.4826834201812744,1.75
1614,297.0,0.22872444987297058,3.75
1615,393.0,0.37848126888275146,6.25
1616,416.0,0.25072744488716125,5.0
1617,293.0,0.17305046319961548,0.5
1618,335.5,0.5121587514877319,4.75
1619,359.5,0.3341467082500458,9.0
1620,347.0,0.2878012955188751,3.5
1621,521.0,0.22121505439281464,2.0
1622,300.5,0.2598136067390442,4.5
1623,470.0,0.3916790187358856,1.5
1624,150.0,0.2859291136264801,9.0
1625,315.5,0.4842987656593323,3.75
1626,601.5,0.3434305191040039,1.0
1627,676.0,0.1812812089920044,-1.5
1628,192.0,0.10480601340532303,9.0
1629,388.5,0.4241145849227905,1.5
1630,228.0,0.23416036367416382,3.5
1631,229.5,0.5543198585510254,2.0
1632,305.5,0.4576842784881592,3.0
1633,204.5,0.4736890196800232,1.0
1634,243.0,0.41302913427352905,6.25
1635,515.0,0.48742765188217163,1.0
1636,222.5,0.2081163227558136,6.25
1637,272.5,0.5523092746734619,6.25
1638,403.5,0.44098103046417236,3.5
1639,484.0,0.2630486488342285,4.125
1640,540.0,0.279645711183548,2.25
1641,538.0,0.24422438442707062,-0.25
1642,397.0,0.22460386157035828,3.5
1643,316.0,0.27631524205207825,4.125
1644,317.5,0.341302752494812,5.5
1645,320.5,0.40481865406036377,3.25
1646,260.0,0.27550023794174194,6.25
1647,431.0,0.6039634346961975,1.5
1648,599.0,0.22077707946300507,4.125
1649,456.0,0.24289420247077942,5.0
1650,120.0,0.22542397677898407,9.0
1651,478.0,0.5927780270576477,4.25
1652,319.0,0.2900349497795105,9.0
1653,400.5,0.36978045105934143,1.5
1654,283.0,0.3115771412849426,7.0
1655,492.5,0.3311978280544281,1.5
1656,346.5,0.23238036036491394,9.0
1657,365.0,0.5282803773880005,2.0
1658,747.0,0.36994683742523193,-0.25
1659,300.5,0.17368613183498383,9.0
1660,451.5,0.38580864667892456,-1.5
1661,461.0,0.1766902506351471,2.0
1662,362.0,0.31628480553627014,3.5
1663,136.0,0.2540465295314789,9.0
1664,768.0,0.6205258965492249,-2.5
1665,488.5,0.11229904741048813,2.25
1666,496.0,0.27922868728637695,3.5
1667,768.0,0.3024807870388031,-1.5
1668,286.0,0.1804553121328354,2.625
1669,578.5,0.21916979551315308,3.5
1670,247.0,0.16983716189861298,9.0
1671,423.5,0.4369286894798279,9.0
1672,156.5,0.3780885338783264,-0.5
1673,281.0,0.44660279154777527,2.0
1674,355.5,0.48124003410339355,9.0
1675,698.5,0.36350077390670776,0.25
1676,419.5,0.19788171350955963,1.5
1677,304.5,0.26958736777305603,6.25
1678,621.5,0.4230796694755554,-0.5
1679,191.0,0.22860348224639893,4.5
1680,550.5,0.5535038113594055,2.0
1681,350.0,0.247904971241951,3.5
1682,687.0,0.2665897011756897,-0.25
1683,138.0,0.17517153918743134,1.0
1684,210.0,0.819333553314209,3.5
1685,532.5,0.574105441570282,4.75
1686,391.5,0.32479143142700195,6.25
1687,147.0,0.39852121472358704,9.0
1688,384.0,0.8122879862785339,-2.5
1689,138.5,0.04080098122358322,3.25
1690,108.0,0.3332350254058838,3.25
1691,389.0,0.552023708820343,3.5
1692,389.0,0.36827853322029114,4.125
1693,495.5,0.29305005073547363,2.75
1694,230.5,0.19048437476158142,6.25
1695,89.0,0.5075786113739014,-0.25
1696,258.5,0.4111877977848053,9.0
1697,312.0,0.38824865221977234,6.875
1698,281.0,0.4381604790687561,9.0
1699,516.5,0.3546049892902374,3.75
1700,336.5,0.3108035922050476,6.25
1701,571.5,0.30433088541030884,0.5
1702,239.0,0.3271760046482086,-2.0
1703,240.5,0.33112969994544983,9.0
1704,235.5,0.3857114911079407,6.25
1705,383.5,0.5583736896514893,2.0
1706,293.0,0.25471004843711853,0.5
1707,449.0,0.3998289406299591,2.75
1708,255.0,0.31430840492248535,9.0
1709,468.0,0.3856029510498047,5.0
1710,297.0,0.2844406068325043,2.75
1711,574.5,0.48796766996383667,9.0
1712,381.5,0.47927558422088623,6.25
1713,86.5,0.4200440049171448,0.5
1714,276.0,0.6794458031654358,3.5
1715,155.5,0.4363826811313629,3.25
1716,671.5,0.4632406234741211,3.25
1717,506.5,0.165227472782135,-0.5
1718,127.0,0.35478469729423523,1.25
1719,477.5,0.5281722545623779,-1.5
1720,175.5,0.2770260274410248,3.25
1721,663.5,0.612608790397644,-1.0
1722,557.5,0.21844416856765747,1.5
1723,288.5,0.37191909551620483,5.5
1724,287.5,0.5293145775794983,6.25
1725,298.5,0.4071974456310272,4.875
1726,642.5,0.5443697571754456,1.0
1727,280.5,0.29848477244377136,9.0
1728,420.5,0.45016780495643616,9.0
1729,290.5,0.39710503816604614,-0.75
1730,210.5,0.22231826186180115,1.0
1731,373.0,0.5679113864898682,5.5
1732,421.0,0.6824992299079895,3.5
1733,444.5,0.3698957860469818,9.0
1734,583.5,0.2906586825847626,2.0
1735,231.0,0.2715359926223755,9.0
1736,387.0,0.4613875448703766,5.0
1737,562.5,0.31672412157058716,4.75
1738,194.5,0.27300772070884705,9.0
1739,488.5,0.5973725914955139,3.5
1740,504.0,0.2707926630973816,9.0
1741,522.0,0.34874019026756287,4.25
1742,335.5,0.43087440729141235,4.75
1743,387.5,0.30575987696647644,9.0
1744,422.5,0.4273577034473419,5.0
1745,313.0,0.3852285146713257,1.25
1746,128.5,0.4342251420021057,3.25
1747,325.0,0.42120978236198425,9.0
1748,654.0,0.499365895986557,3.5
1749,496.0,0.2555849552154541,2.25
1750,250.5,0.43774789571762085,0.75
1751,418.0,0.4812345504760742,9.0
1752,584.5,0.333471417427063,6.875
1753,768.0,0.3937475383281708,-2.0
1754,384.5,0.18315951526165009,4.75
1755,384.0,0.5235384702682495,-2.0
1756,116.5,0.1383109986782074,-1.0
1757,479.0,0.44502320885658264,1.75
1758,117.5,0.24830712378025055,3.25
1759,460.5,0.4872922897338867,2.0
1760,144.0,0.3052837550640106,0.5
1761,594.5,0.6709069013595581,3.5
1762,534.5,0.3372480273246765,3.5
1763,505.0,0.3236246705055237,1.0
1764,495.0,0.2681400179862976,6.25
1765,177.5,0.43264636397361755,9.0
1766,428.0,0.6486999988555908,3.5
1767,428.5,0.3457951545715332,0.5
1768,354.5,0.3882488012313843,6.25
1769,354.5,0.3922754228115082,3.75
1770,311.0,0.37002938985824585,6.25
1771,768.0,0.40002086758613586,-2.0
1772,553.5,0.1612122505903244,1.25
1773,490.5,0.18892449140548706,2.25
1774,467.0,0.34287017583847046,3.5
1775,377.5,0.25409767031669617,4.0
1776,304.5,0.4496714770793915,9.0
1777,462.0,0.6871309280395508,6.25
1778,320.0,0.3174194097518921,2.0
1779,422.0,0.47859278321266174,4.25
1780,299.5,0.3767336905002594,3.5
1781,276.5,0.48353779315948486,2.75
1782,200.0,0.5494335889816284,5.5
1783,340.5,0.4283158481121063,6.25
1784,163.5,0.5032604932785034,0.5
1785,664.5,0.554588794708252,-1.0
1786,487.0,0.21292611956596375,3.0
1787,204.0,0.380001425743103,5.5
1788,253.0,0.48746174573898315,9.0
1789,533.5,0.4344478249549866,2.25
1790,351.5,0.2935049831867218,6.25
1791,376.0,0.3925730288028717,4.0
1792,285.0,0.37604793906211853,3.25
1793,186.5,0.3883322477340698,0.5
1794,517.0,0.34870338439941406,3.75
1795,578.5,0.3089551031589508,1.75
1796,588.0,0.2794409692287445,4.375
1797,452.0,0.3001599907875061,4.125
1798,264.0,0.37208640575408936,5.5
1799,412.0,0.3521212339401245,1.0
1800,463.0,0.3209480047225952,5.5
1801,542.0,0.352460652589798,1.0
1802,166.0,0.30058762431144714,3.25
1803,279.0,0.4412573575973511,1.25
1804,556.5,0.5363246202468872,3.0
1805,119.0,0.20668061077594757,-1.0
1806,384.0,0.6509144306182861,-2.5
1807,305.0,0.05548204109072685,9.0
1808,283.5,0.5002032518386841,6.25
1809,361.5,0.505186915397644,2.0
1810,213.5,0.5051493048667908,9.0
1811,490.5,0.6293106079101562,6.25
1812,503.0,0.3498048782348633,6.25
1813,261.5,0.26564958691596985,0.5
1814,133.0,0.4205416738986969,0.5
1815,564.5,1.0359530448913574,1.25
1816,246.5,0.3287081718444824,2.0
1817,360.5,0.5367192029953003,6.25
1818,280.5,0.36810725927352905,2.0
1819,604.5,0.47065049409866333,6.25
1820,522.5,0.27271780371665955,6.875
1821,514.5,0.2688525915145874,3.25
1822,768.0,0.28950557112693787,-2.5
1823,351.0,0.13073493540287018,9.0
1824,185.5,0.38434460759162903,3.25
1825,296.0,0.3877526521682739,2.75
1826,496.0,0.5183672904968262,4.125
1827,453.5,0.27181264758110046,9.0
1828,223.5,0.35442882776260376,-1.5
1829,319.5,0.5521875023841858,3.5
1830,154.0,0.3715304434299469,3.25
1831,625.0,0.41502735018730164,-0.5
1832,314.0,0.22037208080291748,6.25
1833,151.0,0.38392412662506104,6.5
1834,125.0,0.7080016136169434,3.25
1835,149.5,0.37745630741119385,3.25
1836,503.5,0.4578932225704193,9.0
1837,574.0,0.2563191056251526,0.5
1838,339.5,0.28562167286872864,1.25
1839,388.0,0.3388476073741913,9.0
1840,328.5,0.26773950457572937,9.0
1841,134.5,0.38261938095092773,3.25
1842,376.5,0.3415038287639618,7.25
1843,134.5,0.2819458842277527,3.25
1844,110.5,0.41203537583351135,3.25
1845,509.0,0.7119847536087036,4.25
1846,212.5,0.37543949484825134,5.5
1847,470.0,0.5258041620254517,6.25
1848,177.0,0.30055639147758484,9.0
1849,307.0,0.9598063826560974,9.0
1850,403.5,0.6339312791824341,5.0
1851,462.5,0.4587799608707428,9.0
1852,603.0,0.35546353459358215,1.0
1853,534.0,0.26413291692733765,3.5
1854,317.5,0.19454091787338257,9.0
1855,248.0,0.572295069694519,3.0
1856,320.0,0.5544927716255188,6.25
1857,342.0,0.47782155871391296,9.0
1858,262.0,0.32201817631721497,6.875
1859,473.0,0.5396071076393127,3.75
1860,50.5,0.2815215587615967,0.5
1861,152.0,0.8046997785568237,3.25
1862,312.5,0.6456272602081299,1.25
1863,414.5,0.3433881103992462,1.5
1864,207.0,0.4268151819705963,4.125
1865,399.5,0.3988788425922394,3.5
1866,453.0,0.4628485441207886,6.25
1867,302.0,0.33402106165885925,4.5
1868,355.0,0.6125854849815369,3.75
1869,317.0,0.4255234897136688,3.375
1870,416.5,0.47530585527420044,1.5
1871,557.5,0.2973329424858093,1.0
1872,532.0,0.25510430335998535,2.25
1873,379.5,0.384602814912796,9.0
1874,283.0,0.5056398510932922,9.0
1875,363.0,0.34118980169296265,3.5
1876,521.0,0.30212128162384033,-1.5
1877,228.0,0.24767662584781647,6.25
1878,378.0,0.5074336528778076,1.25
1879,334.0,0.44427722692489624,4.25
1880,354.0,0.5306341648101807,-1.0
1881,314.0,0.281311571598053,-1.0
1882,372.0,0.2400299459695816,2.0
1883,349.5,0.30538037419319153,3.5
1884,295.5,0.37872031331062317,9.0
1885,335.0,0.3848174214363098,1.25
1886,325.0,0.27960994839668274,4.0
1887,525.0,0.38160914182662964,6.25
1888,285.5,0.2220861166715622,1.5
1889,134.5,0.4847821593284607,-1.0
1890,482.0,0.4667372703552246,9.0
1891,364.5,0.5458691716194153,6.25
1892,372.0,0.25594714283943176,9.0
1893,341.5,0.27705901861190796,2.75
1894,427.0,0.49237707257270813,2.0
1895,248.0,0.21411389112472534,0.5
1896,107.5,0.3706187903881073,0.5
1897,571.0,0.707624614238739,-1.0
1898,290.5,0.23489385843276978,9.0
1899,276.0,0.3916842043399811,6.25
1900,210.5,0.5179208517074585,9.0
1901,257.5,0.5579285025596619,9.0
1902,148.0,0.30045172572135925,3.25
1903,209.0,0.4961322247982025,1.25
1904,580.0,0.5212377309799194,1.0
1905,574.5,0.23334909975528717,1.625
1906,516.5,0.2401457577943802,1.5
1907,184.0,0.2857021987438202,0.5
1908,283.0,0.4128205478191376,3.5
1909,212.0,0.34710606932640076,0.5
1910,364.5,0.46114587783813477,6.25
1911,355.0,0.4748098850250244,9.0
1912,131.0,0.5162728428840637,3.25
1913,561.5,0.27281999588012695,1.75
1914,262.5,0.2511041760444641,9.0
1915,419.0,0.690376877784729,2.0
1916,332.5,0.35985615849494934,6.875
1917,426.5,0.38431021571159363,3.5
1918,524.5,0.35926908254623413,1.5
1919,768.0,0.2309741973876953,-1.5
1920,350.0,0.1949959397315979,9.0
1921,606.5,0.31939730048179626,3.75
1922,287.5,0.2516571283340454,3.5
1923,289.0,0.36639636754989624,-1.5
1924,94.5,0.21610920131206512,-0.25
1925,179.0,0.4240046441555023,9.0
1926,129.5,0.5927823781967163,0.5
1927,636.0,0.3882283866405487,1.0
1928,533.5,0.17012277245521545,0.0
1929,176.5,0.24128936231136322,3.25
1930,453.0,0.4475751519203186,3.5
1931,392.5,0.2672148048877716,3.5
1932,373.5,0.36794930696487427,6.25
1933,311.5,0.45327144861221313,6.875
1934,347.0,0.4227025508880615,3.5
1935,593.0,0.4039047062397003,3.75
1936,388.5,0.2814083397388458,4.25
1937,336.0,0.4858970046043396,3.5
1938,622.0,0.43159520626068115,-1.0
1939,318.0,0.1592189520597458,3.5
1940,367.5,0.3676869571208954,4.125
1941,314.5,0.3576756417751312,5.5
1942,363.5,0.6604598760604858,6.25
1943,211.5,0.4236705005168915,3.25
1944,591.0,0.40248799324035645,0.0
1945,325.0,0.3002636730670929,9.0
1946,559.5,0.45477914810180664,2.75
1947,368.5,0.390966534614563,6.875
1948,102.5,0.4554554522037506,3.25
1949,241.5,0.6428319215774536,-1.5
1950,160.0,0.31210219860076904,3.25
1951,109.5,0.5045111775398254,3.25
1952,314.0,0.5403086543083191,6.875
1953,196.5,0.34533578157424927,6.25
1954,348.0,0.7426655292510986,6.25
1955,176.0,0.3522180914878845,3.25
1956,617.5,0.37268733978271484,1.0
1957,395.0,0.30320531129837036,4.375
1958,339.0,0.37491312623023987,9.0
1959,98.0,0.3160304129123688,3.25
1960,497.0,0.7525206208229065,2.0
1961,79.5,0.20577120780944824,0.5
1962,415.5,0.6970003843307495,3.5
1963,187.0,0.4604960083961487,9.0
1964,189.0,0.5435444712638855,3.25
1965,274.0,0.5483428239822388,6.25
1966,339.5,0.35334017872810364,9.0
1967,74.5,0.4591725170612335,3.25
1968,377.5,0.7047977447509766,-0.5
1969,399.0,0.5883286595344543,6.25
1970,567.0,0.303985595703125,4.25
1971,356.0,0.29900482296943665,6.25
1972,367.0,0.36999547481536865,3.5
1973,426.0,0.321645051240921,6.25
1974,270.0,0.27326416969299316,4.75
1975,264.5,0.44088849425315857,3.25
1976,264.0,0.3377320468425751,3.5
1977,369.0,0.4679485857486725,3.5
1978,676.0,0.5187790989875793,6.25
1979,253.5,0.3059678077697754,9.0
1980,255.0,0.4546845555305481,9.0
1981,646.0,0.3774729371070862,3.75
1982,215.0,0.18869608640670776,6.5
1983,223.5,0.5486346483230591,0.5
1984,449.0,0.2309238165616989,4.125
1985,587.0,0.4455958604812622,1.0
1986,295.5,0.22357463836669922,9.0
1987,242.5,0.4705605208873749,0.5
1988,436.0,0.4307907819747925,2.75
1989,121.0,0.41122642159461975,2.0
1990,493.5,0.5199341773986816,3.5
1991,220.5,0.35176411271095276,4.75
1992,484.5,0.599920928478241,6.25
1993,381.0,0.3579561710357666,9.0
1994,301.0,0.3845202922821045,2.625
1995,423.5,0.36391404271125793,5.5
1996,497.5,0.3192962110042572,3.5
1997,148.0,0.2868630290031433,0.5
1998,116.5,0.34086689352989197,0.5
1999,380.0,0.8440001606941223,9.0
2000,312.5,0.37680914998054504,4.0
2001,142.5,0.31243160367012024,0.5
2002,289.5,0.48211848735809326,0.5
2003,204.0,0.45686376094818115,9.0
2004,311.5,0.5280515551567078,4.125
2005,430.0,0.3554205894470215,9.0
2006,254.0,0.33543115854263306,2.75
2007,323.5,0.6146767139434814,3.5
2008,621.5,0.39733755588531494,2.5
2009,88.5,0.25505733489990234,3.25
2010,321.0,0.8429558277130127,-0.75
2011,448.0,0.26932665705680847,4.25
2012,83.0,0.29878705739974976,3.25
2013,393.5,0.5582873225212097,0.0
2014,410.5,0.3060198426246643,3.5
2015,394.0,0.44086042046546936,3.5
2016,559.0,0.2137475311756134,4.375
2017,350.0,0.1555624008178711,2.0
2018,553.0,0.3383709192276001,1.0
2019,350.5,0.18249380588531494,9.0
2020,288.0,0.42707183957099915,9.0
2021,549.0,0.503343939781189,0.0
2022,220.5,0.25632140040397644,0.75
2023,333.0,0.28317099809646606,6.25
2024,172.0,0.3504151403903961,0.5
2025,277.5,0.28602200746536255,1.25
2026,265.5,0.44519907236099243,6.25
2027,105.5,0.3872683048248291,-0.75
2028,383.0,0.6688241362571716,9.0
2029,308.0,0.356209397315979,2.75
2030,76.0,0.4498336911201477,1.25
2031,389.0,0.7949256896972656,1.5
2032,225.5,0.325869619846344,9.0
2033,529.0,0.350833922624588,3.5
2034,363.0,0.21312390267848969,4.25
2035,419.5,0.33149975538253784,3.5
2036,102.0,0.33728155493736267,3.25
2037,265.0,0.29628583788871765,5.5
2038,347.5,0.617643415927887,2.0
2039,166.5,0.3687441051006317,-0.5
2040,260.5,0.3410723805427551,1.25
2041,184.0,0.5310301184654236,1.25
2042,548.0,0.4845367670059204,-0.5
2043,287.5,0.20033825933933258,6.25
2044,312.0,0.47709187865257263,6.25
2045,768.0,0.41068190336227417,-1.0
2046,207.0,0.21159200370311737,6.25
2047,329.0,0.4578094780445099,2.0
2048,302.0,0.4566856920719147,6.25
2049,371.5,0.3237830102443695,3.5
2050,191.0,0.3405934274196625,5.5
2051,284.0,0.4914270341396332,7.0
2052,570.0,0.4861598312854767,0.0
2053,768.0,0.21319030225276947,-2.0
2054,287.5,0.2268446534872055,0.5
2055,217.5,0.3914266526699066,9.0
2056,287.5,0.48190560936927795,6.875
2057,158.0,0.5375896096229553,0.5
2058,275.5,0.40432101488113403,9.0
2059,334.5,0.25365138053894043,7.0
2060,336.0,0.4641740024089813,6.25
2061,307.0,0.4190014898777008,3.5
2062,382.5,0.3027236759662628,2.0
2063,577.5,0.30002129077911377,2.0
2064,279.0,0.2427864968776703,2.0
2065,608.5,0.3578813970088959,0.5
2066,248.0,0.14584718644618988,4.75
2067,344.5,0.5392624735832214,9.0
2068,334.0,0.3964843153953552,2.25
2069,557.5,0.34636953473091125,1.0
2070,283.0,0.1540958136320114,6.25
2071,105.0,0.41675615310668945,0.5
2072,316.0,0.2767646312713623,5.0
2073,215.0,0.1784871369600296,9.0
2074,78.0,0.42642802000045776,3.25
2075,414.0,0.5341401100158691,9.0
2076,347.5,0.27963054180145264,6.25
2077,355.5,0.4657639265060425,6.5
2078,307.0,0.3564641773700714,3.5
2079,290.0,0.22623233497142792,9.0
2080,644.5,0.44801607728004456,5.0
2081,732.5,0.24781499803066254,-1.0
2082,350.0,0.19085416197776794,5.5
2083,254.5,0.34393760561943054,6.25
2084,525.5,0.43242135643959045,1.5
2085,604.5,0.19826945662498474,2.25
2086,480.5,0.28576505184173584,4.75
2087,511.5,0.2798524796962738,1.5
2088,292.0,0.28435948491096497,6.5
2089,263.0,0.3539488911628723,5.0
2090,163.5,0.4621317386627197,6.25
2091,272.5,0.5821734070777893,0.5
2092,431.0,0.3786637485027313,3.75
2093,492.0,0.2671189606189728,4.25
2094,193.5,0.3373432159423828,-1.5
2095,178.5,0.2581661343574524,3.25
2096,399.5,0.36021724343299866,5.0
2097,157.0,0.2758450210094452,6.25
2098,200.5,0.7884665727615356,3.5
2099,171.5,0.48552030324935913,0.5
2100,366.5,0.5088716149330139,4.125
2101,272.0,0.4705338776111603,9.0
2102,134.5,0.3871762752532959,3.25
2103,126.0,0.39434996247291565,3.25
2104,335.5,0.45145678520202637,5.0
2105,358.0,0.45237916707992554,3.5
2106,188.5,0.271182656288147,9.0
2107,351.0,0.5877425670623779,6.25
2108,206.0,0.342305988073349,1.25
2109,426.0,0.2812998294830322,1.75
2110,165.0,0.3082992434501648,0.5
2111,312.0,0.41258862614631653,4.75
2112,177.0,0.32376912236213684,0.5
2113,226.0,0.3236333429813385,0.5
2114,330.0,0.3842867612838745,3.5
2115,328.5,0.3218967020511627,-1.0
2116,393.5,0.3149394690990448,2.375
2117,274.0,0.42499610781669617,5.0
2118,219.5,0.396228551864624,-1.5
2119,343.0,0.3540719449520111,6.25
2120,179.5,0.4766252338886261,9.0
2121,194.0,0.6279036998748779,9.0
2122,97.0,0.5511817336082458,3.25
2123,384.0,0.2546829283237457,-2.0
2124,562.5,0.21316301822662354,4.75
2125,350.0,0.27976444363594055,4.25
2126,281.0,0.32808607816696167,6.5
2127,147.0,0.4088050127029419,5.5
2128,221.5,0.5261792540550232,-1.0
2129,134.5,0.41159486770629883,3.25
2130,423.5,0.220774844288826,3.5
2131,99.0,0.26029452681541443,3.25
2132,395.0,0.47528210282325745,9.0
2133,357.0,0.3541049361228943,5.25
2134,449.0,0.37419286370277405,6.25
2135,131.0,0.33668866753578186,0.5
2136,386.5,0.40029242634773254,2.0
2137,236.5,0.45324835181236267,2.0
2138,335.5,0.46717846393585205,5.5
2139,262.0,0.4339209794998169,3.25
2140,223.0,0.27835723757743835,0.5
2141,280.0,0.2948066294193268,3.75
2142,345.5,0.5020826458930969,4.125
2143,313.5,0.3258487284183502,4.25
2144,293.0,0.5588801503181458,3.25
2145,415.0,0.31170281767845154,9.0
2146,195.0,0.24048763513565063,3.75
2147,336.5,0.40236788988113403,2.0
2148,295.5,0.324808269739151,6.875
2149,329.5,0.5358975529670715,2.25
2150,363.5,0.4463690221309662,9.0
2151,246.0,0.3594401478767395,9.0
2152,284.5,0.5948825478553772,2.0
2153,460.0,0.5011268258094788,9.0
2154,280.0,0.38097766041755676,5.25
2155,345.0,0.427516907453537,9.0
2156,325.0,0.40665239095687866,9.0
2157,363.5,0.5467466115951538,2.125
2158,425.0,0.5067923069000244,9.0
2159,356.5,0.39486241340637207,3.5
2160,124.5,0.3831574022769928,0.5
2161,397.5,0.5271441340446472,5.0
2162,341.5,0.4199545383453369,6.25
2163,182.0,0.45456981658935547,9.0
2164,462.5,0.4753727912902832,9.0
2165,282.0,0.25872477889060974,9.0
2166,453.0,0.49533969163894653,3.5
2167,578.5,0.41660842299461365,1.0
2168,119.5,0.22813792526721954,0.5
2169,81.5,0.560991108417511,3.25
2170,93.0,0.49181070923805237,3.25
2171,446.0,0.8644671440124512,4.5
2172,345.0,0.26252543926239014,1.0
2173,258.0,0.3332439363002777,2.75
2174,280.0,0.5952063798904419,9.0
2175,159.0,0.44859495759010315,2.0
2176,286.5,0.29129543900489807,9.0
2177,63.0,0.29411032795906067,3.25
2178,165.5,0.5793461203575134,0.5
2179,467.5,0.4165201187133789,4.5
2180,473.5,0.3171021044254303,2.25
2181,288.0,0.25442686676979065,4.75
2182,221.5,0.43481770157814026,0.5
2183,325.5,0.2697383463382721,3.75
2184,187.5,0.401039183139801,3.25
2185,307.0,0.29827842116355896,4.125
2186,118.5,0.2902175188064575,0.5
2187,240.0,0.28979140520095825,9.0
2188,494.0,0.5833978056907654,5.25
2189,374.5,0.32858163118362427,6.25
2190,231.0,0.3175772726535797,9.0
2191,172.5,0.3037720024585724,3.25
2192,272.5,0.3111717998981476,7.25
2193,313.0,0.49402809143066406,6.25
2194,287.0,0.30660128593444824,9.0
2195,283.0,0.42922595143318176,3.5
2196,104.0,0.5494239330291748,3.25
2197,270.0,0.4229952096939087,7.0
2198,566.0,0.5464863181114197,1.0
2199,318.0,0.23222501575946808,0.5
2200,353.5,0.26485082507133484,9.0
2201,374.0,0.3200620114803314,3.5
2202,351.0,0.28375503420829773,4.125
2203,661.0,0.3391040861606598,0.0
2204,236.0,0.14591196179389954,6.25
2205,132.0,0.5113053321838379,0.75
2206,391.0,0.7434552311897278,7.0
2207,146.0,0.34606823325157166,1.25
2208,396.0,0.5475916266441345,9.0
2209,250.5,0.2819973826408386,3.5
2210,492.0,0.3754515051841736,2.0
2211,402.5,0.28238365054130554,4.125
2212,151.5,0.27968233823776245,3.25
2213,348.0,0.36042606830596924,4.75
2214,392.5,0.3751835227012634,9.0
2215,404.0,0.29851746559143066,4.25
2216,371.0,0.3432554304599762,1.5
2217,350.5,0.4287516474723816,3.5
2218,407.5,0.5963796377182007,4.125
2219,718.0,0.25941652059555054,-0.5
2220,246.5,0.23104354739189148,9.0
2221,408.5,0.7388784885406494,0.5
2222,160.0,0.3865065276622772,3.25
2223,179.5,0.45453134179115295,3.25
2224,271.0,0.4544840157032013,6.875
2225,314.5,0.43604400753974915,6.25
2226,678.5,0.3251766264438629,3.25
2227,511.5,0.15279115736484528,1.5
2228,415.5,0.23240147531032562,4.25
2229,328.5,0.30717727541923523,-0.75
2230,330.0,0.2981184720993042,9.0
2231,237.5,0.43794935941696167,6.5
2232,296.0,0.4330950975418091,6.25
2233,243.5,0.3906831443309784,3.5
2234,235.5,0.39635106921195984,5.5
2235,290.0,0.36824801564216614,5.0
2236,326.5,0.341487318277359,9.0
2237,632.5,0.22333663702011108,3.75
2238,320.5,0.16039299964904785,9.0
2239,337.5,0.5258269906044006,6.25
2240,291.5,0.2659044861793518,6.5
2241,320.0,0.466280072927475,3.5
2242,444.5,0.34755608439445496,0.0
2243,233.0,0.2836838364601135,6.5
2244,142.0,0.5077027678489685,1.125
2245,185.0,0.4811454117298126,3.25
2246,155.0,0.3352745473384857,0.5
2247,108.5,0.3872404396533966,-1.5
2248,374.0,0.6444136500358582,2.25
2249,184.0,0.31069493293762207,9.0
2250,167.5,0.5662268996238708,0.5
2251,336.0,0.3974982798099518,9.0
2252,521.5,0.48156216740608215,3.5
2253,341.5,0.2236095815896988,3.375
2254,398.5,0.36717522144317627,4.0
2255,203.0,0.3393668830394745,4.25
2256,273.0,0.4762386083602905,9.0
2257,270.5,0.5134965777397156,9.0
2258,324.5,0.4634537100791931,6.25
2259,559.5,0.3850241005420685,0.25
2260,258.0,0.23346130549907684,9.0
2261,327.0,0.2872776389122009,4.25
2262,131.5,0.38102075457572937,3.25
2263,286.5,0.32398849725723267,4.75
2264,327.5,0.33212175965309143,4.125
2265,206.5,0.3324315845966339,6.25
2266,524.0,0.6710165739059448,1.5
2267,340.0,0.3049773871898651,6.25
2268,188.0,0.4331701993942261,3.25
2269,582.0,0.2790655791759491,2.25
2270,393.5,0.2398725003004074,8.5
2271,324.0,0.43289023637771606,6.25
2272,278.0,0.3792225420475006,3.5
2273,352.0,0.5460339784622192,3.5
2274,767.5,0.30561375617980957,-1.0
2275,548.0,0.16249004006385803,1.0
2276,281.0,0.2602483332157135,3.5
2277,152.0,0.47541892528533936,3.25
2278,304.5,0.23762831091880798,7.25
2279,377.0,0.34354686737060547,0.75
2280,261.5,0.15449604392051697,5.0
2281,273.5,0.5174254775047302,9.0
2282,265.0,0.49715134501457214,6.25
2283,396.0,0.4979396164417267,9.0
2284,508.5,0.3407241404056549,1.0
2285,251.0,0.34992727637290955,9.0
2286,127.0,0.5995122790336609,3.25
2287,198.5,0.42983007431030273,0.5
2288,356.0,0.25598880648612976,6.25
2289,194.5,0.5215940475463867,1.25
2290,393.0,0.2397560179233551,1.0
2291,446.5,0.4159412384033203,3.5
2292,143.5,0.3203376531600952,3.25
2293,82.5,0.5968146920204163,3.25
2294,577.5,0.1910550594329834,3.5
2295,109.0,0.2981535494327545,3.25
2296,210.0,0.3173539340496063,9.0
2297,391.5,0.4837568998336792,9.0
2298,127.5,0.46972718834877014,1.125
2299,444.0,0.48800548911094666,3.5
2300,218.5,0.2612219452857971,3.5
2301,175.5,0.5399706959724426,3.25
2302,81.5,0.3097841143608093,0.25
2303,548.5,0.5786144733428955,3.75
2304,165.0,0.22214041650295258,0.5
2305,174.5,0.24769456684589386,3.25
2306,623.5,0.1509934365749359,-0.5
2307,345.5,0.21968799829483032,9.0
2308,289.0,0.3304464817047119,6.25
2309,301.0,0.42531588673591614,9.0
2310,168.5,0.3730129599571228,9.0
2311,384.0,0.5201061964035034,-2.0
2312,218.0,0.13601946830749512,3.5
2313,212.0,0.42311418056488037,0.5
2314,612.5,0.29019737243652344,-1.0
2315,322.5,0.3063778281211853,6.25
2316,117.0,0.3651559054851532,-0.25
2317,288.0,0.4160454571247101,9.0
2318,498.0,0.530659556388855,0.0
2319,288.0,0.27533698081970215,9.0
2320,445.0,0.47044530510902405,4.125
2321,328.0,0.2731812596321106,5.0
2322,517.5,0.35624462366104126,3.25
2323,135.0,0.10636679083108902,3.25
2324,316.5,0.4627586007118225,9.0
2325,235.5,0.32173991203308105,9.0
2326,87.5,0.5261503458023071,-1.0
2327,152.0,0.5311746001243591,0.5
2328,282.0,0.4176405072212219,2.0
2329,384.5,0.38063758611679077,-2.0
2330,335.0,0.14086583256721497,3.5
2331,428.5,0.42023929953575134,0.0
2332,364.0,0.278461217880249,1.5
2333,353.5,0.47293975949287415,2.25
2334,486.0,0.404676228761673,4.125
2335,432.5,0.33514508605003357,5.5
2336,249.5,0.36517855525016785,9.0
2337,370.0,0.4358672797679901,6.25
2338,137.5,0.34182626008987427,5.5
2339,351.0,0.7375603914260864,4.25
2340,339.5,0.401824027299881,-1.5
2341,510.0,0.12317986786365509,1.5
2342,153.5,0.2887878119945526,0.5
2343,437.5,0.34992948174476624,3.5
2344,384.0,0.3149977922439575,-2.0
2345,442.5,0.07577579468488693,3.5
2346,122.5,0.3966141641139984,3.25
2347,259.5,0.557232677936554,9.0
2348,239.0,0.4416477084159851,5.5
2349,140.0,0.562263548374176,3.25
2350,101.0,0.4431500732898712,-0.75
2351,211.0,0.4470081627368927,3.25
2352,108.5,0.4498145878314972,-1.0
2353,375.5,0.5664891600608826,3.5
2354,209.5,0.3886543810367584,0.5
2355,433.5,0.563019335269928,1.25
2356,407.0,0.2071475386619568,6.25
2357,569.0,0.3456011712551117,1.0
2358,159.5,0.2006518393754959,0.5
2359,96.5,0.3892602026462555,3.25
2360,384.0,0.5350555777549744,-2.0
2361,474.0,0.2003912776708603,3.5
2362,85.0,0.2486223429441452,3.25
2363,284.5,0.42125222086906433,6.25
2364,96.0,0.48490962386131287,-1.5
2365,505.5,0.45958083868026733,3.25
2366,243.0,0.12597203254699707,6.25
2367,287.0,0.43739715218544006,7.0
2368,627.0,0.3947596848011017,2.0
2369,248.0,0.32596826553344727,5.0
2370,150.0,0.5432389378547668,3.25
2371,363.5,0.3651181757450104,7.0
2372,370.0,0.28588446974754333,3.25
2373,233.5,0.24594354629516602,6.25
2374,162.5,0.3596956133842468,3.25
2375,305.0,0.37957990169525146,9.0
2376,225.0,0.39713358879089355,9.0
2377,412.5,0.5912853479385376,9.0
2378,251.5,0.2988981604576111,6.25
2379,333.5,0.2738511562347412,4.375
2380,264.5,0.38827675580978394,3.5
2381,216.5,0.4377050995826721,0.5
2382,202.5,0.39911404252052307,6.25
2383,462.0,0.5026123523712158,6.875
2384,522.0,0.3007398843765259,1.0
2385,230.0,0.24255257844924927,5.5
2386,282.5,0.4313257038593292,6.5
2387,307.5,0.4372718632221222,6.25
2388,597.0,0.4259082078933716,1.5
2389,219.0,0.24102799594402313,2.0
2390,197.0,0.2673308551311493,3.25
2391,176.0,0.3102339208126068,5.5
2392,260.5,0.5409349203109741,9.0
2393,343.5,0.4029546082019806,1.5
2394,413.5,0.32997456192970276,4.125
2395,372.5,0.3424028158187866,3.5
2396,281.5,0.30957114696502686,6.25
2397,304.5,0.3446599841117859,9.0
2398,552.5,0.5553106069564819,0.5
2399,320.0,0.22247157990932465,3.5
2400,444.5,0.3144253194332123,5.75
2401,238.0,0.4212639033794403,3.5
2402,115.0,0.35968562960624695,-0.25
2403,561.0,0.5765673518180847,3.25
2404,181.0,0.09575367718935013,9.0
2405,235.0,0.37137922644615173,4.125
2406,326.5,0.4154767692089081,9.0
2407,253.5,0.4182121157646179,4.0
2408,245.5,0.47792476415634155,9.0
2409,381.5,0.380279004573822,3.5
2410,146.0,0.25016433000564575,3.25
2411,281.5,0.2546718120574951,6.25
2412,280.0,0.4638434648513794,9.0
2413,243.0,0.44528186321258545,0.5
2414,300.5,0.25507423281669617,9.0
2415,101.5,0.3235626220703125,0.5
2416,338.5,0.4809368848800659,3.5
2417,287.5,0.33220428228378296,7.75
2418,86.0,0.41156303882598877,0.5
2419,675.5,0.4937041997909546,-1.0
2420,322.0,0.17954368889331818,6.25
2421,91.0,0.31038591265678406,3.25
2422,261.5,0.3287029564380646,9.0
2423,371.0,0.45277050137519836,7.0
2424,425.0,0.3943215608596802,6.25
2425,178.5,0.35172343254089355,0.5
2426,143.0,0.33499279618263245,3.25
2427,596.0,0.45667898654937744,3.75
2428,107.5,0.3266342878341675,0.5
2429,586.5,0.4527515470981598,1.0
2430,383.5,0.20898649096488953,2.0
2431,243.0,0.3447178900241852,9.0
2432,291.5,0.39633020758628845,3.5
2433,281.0,0.3323174715042114,6.25
2434,384.0,0.47812819480895996,-2.0
2435,181.5,0.16647425293922424,4.125
2436,217.0,0.46290814876556396,9.0
2437,107.5,0.5435923933982849,3.25
2438,459.5,0.41052189469337463,1.5
2439,663.0,0.3808354139328003,0.5
2440,253.0,0.20922133326530457,6.25
2441,338.0,0.4537550210952759,3.5
2442,141.5,0.34172680974006653,-0.25
2443,312.5,0.4304368197917938,6.25
2444,162.5,0.2606390416622162,4.0
2445,741.0,0.5270915627479553,-1.0
2446,100.0,0.1758730411529541,0.5
2447,294.0,0.30489033460617065,3.5
2448,402.5,0.29213380813598633,9.0
2449,343.5,0.28070926666259766,6.875
2450,388.0,0.3868701457977295,4.25
2451,268.0,0.2687973380088806,3.5
2452,768.0,0.4568087160587311,-0.5
2453,83.5,0.20406953990459442,3.25
2454,117.0,0.44238296151161194,1.25
2455,254.5,0.52424156665802,3.25
2456,411.5,0.2685694992542267,9.0
2457,144.5,0.2562156319618225,3.25
2458,104.5,0.38069939613342285,3.25
2459,342.5,0.6295815110206604,7.75
2460,218.0,0.24431821703910828,1.5
2461,304.0,0.6257579326629639,9.0
2462,260.0,0.2521849274635315,9.0
2463,175.0,0.1979975402355194,3.25
2464,305.5,0.17800402641296387,6.25
2465,535.5,0.2243688553571701,0.75
2466,123.0,0.1484186202287674,9.0
2467,541.5,0.7759745121002197,1.0
2468,134.5,0.22887489199638367,3.25
2469,293.5,0.5168389678001404,9.0
2470,306.5,0.4558618664741516,6.25
2471,143.5,0.4750835597515106,5.5
2472,511.5,0.5570662617683411,0.5
2473,592.5,0.16182447969913483,3.75
2474,376.0,0.27526354789733887,3.5
2475,450.0,0.5431082844734192,5.0
2476,230.5,0.2854720652103424,0.5
2477,106.0,0.2095687836408615,0.5
2478,227.0,0.35059666633605957,9.0
2479,111.5,0.37566640973091125,0.5
2480,303.5,0.7290833592414856,2.25
2481,451.0,0.27528148889541626,3.5
2482,135.0,0.24325361847877502,3.25
2483,213.5,0.4860615134239197,0.5
2484,650.0,0.4472866654396057,2.5
2485,175.0,0.1613679826259613,3.25
2486,682.0,0.32913145422935486,3.25
2487,310.0,0.15347148478031158,4.125
2488,103.0,0.2527412176132202,3.25
2489,592.0,0.6547235250473022,2.5
2490,416.0,0.20429155230522156,9.0
2491,302.5,0.24699437618255615,9.0
2492,434.5,0.33368968963623047,3.5
2493,298.0,0.4297608435153961,9.0
2494,225.5,0.3773528039455414,9.0
2495,253.5,0.4461856186389923,9.0
2496,245.0,0.412097692489624,5.5
2497,199.5,0.2960126996040344,6.875
2498,135.0,0.5211449265480042,3.25
2499,309.0,0.5142732262611389,2.0
2500,259.0,0.3635656535625458,9.0
2501,164.5,0.35109615325927734,0.5
2502,150.5,0.3050963878631592,-0.75
2503,127.0,0.5515119433403015,0.5
2504,466.0,0.2449125349521637,6.25
2505,203.5,0.24139179289340973,6.25
2506,236.0,0.393718957901001,4.125
2507,368.0,0.36449360847473145,9.0
2508,113.5,0.264462947845459,3.25
2509,463.0,0.6977269053459167,3.5
2510,190.0,0.2885090708732605,9.0
2511,273.5,0.5896398425102234,-0.25
2512,197.0,0.21004317700862885,0.5
2513,252.0,0.4121721386909485,6.25
2514,349.5,0.3727342486381531,4.125
2515,387.5,0.36002665758132935,9.0
2516,236.5,0.19788016378879547,6.5
2517,207.0,0.5120261311531067,9.0
2518,521.0,0.6455286145210266,6.25
2519,169.5,0.32262346148490906,9.0
2520,193.0,0.5027980208396912,6.875
2521,483.0,0.560296893119812,1.0
2522,243.5,0.316301167011261,6.25
2523,102.5,0.36586588621139526,3.25
2524,365.5,0.3317374587059021,7.0
2525,143.0,0.3053734004497528,0.5
2526,526.0,0.36250871419906616,-1.0
2527,634.5,0.2638806402683258,3.75
2528,163.5,0.2128545492887497,5.5
2529,182.5,0.5260499715805054,3.25
2530,273.0,0.3816455602645874,1.5
2531,145.5,0.38630974292755127,3.25
2532,340.5,0.346314013004303,9.0
2533,232.0,0.34601572155952454,9.0
2534,384.0,0.38914138078689575,-2.0
2535,238.5,0.1488758772611618,9.0
2536,168.5,0.4406028389930725,0.5
2537,222.0,0.29900622367858887,2.75
2538,513.0,0.46887776255607605,1.5
2539,405.5,0.3793594539165497,3.5
2540,241.0,0.36491578817367554,3.5
2541,88.0,0.47889819741249084,3.25
2542,398.0,0.4317415952682495,4.25
2543,151.0,0.2592911422252655,1.5
2544,341.0,0.36777669191360474,9.0
2545,323.0,0.19978073239326477,9.0
2546,312.0,0.331018328666687,5.0
2547,116.0,0.315732479095459,3.25
2548,134.0,0.31383422017097473,0.5
2549,125.5,0.323620468378067,3.25
2550,262.5,0.3339894711971283,9.0
2551,267.5,0.3931208848953247,6.25
2552,479.0,0.4735703468322754,3.5
2553,131.5,0.3889235854148865,0.5
2554,281.0,0.4462691843509674,3.5
2555,246.0,0.3120478093624115,3.5
2556,269.0,0.4044736623764038,3.5
2557,297.0,0.3873610496520996,6.25
2558,182.5,0.2413194328546524,1.5
2559,255.0,0.704698383808136,4.125
2560,469.5,0.4691951274871826,1.0
2561,390.5,0.2650395631790161,3.5
2562,280.5,0.3312784731388092,9.0
2563,688.0,0.4104149341583252,6.25
2564,426.5,0.2410828322172165,4.5
2565,656.5,0.28630027174949646,1.0
2566,348.0,0.1834562122821808,6.25
2567,469.0,0.27002832293510437,1.5
2568,761.5,0.2708893418312073,0.5
2569,227.5,0.22390733659267426,3.25
2570,111.0,0.38488173484802246,3.25
2571,236.0,0.4652320444583893,3.5
2572,113.5,0.33058273792266846,5.5
2573,260.0,0.6486541032791138,-0.75
2574,421.0,0.18497037887573242,6.25
2575,188.5,0.2483411580324173,0.5
2576,347.5,0.3187219202518463,6.25
2577,110.0,0.3585490584373474,3.25
2578,124.0,0.6338635087013245,-0.25
2579,148.5,0.3109198808670044,5.0
2580,455.5,0.6020191311836243,2.75
2581,361.5,0.2972651422023773,-0.75
2582,467.0,0.09173084795475006,4.125
2583,378.5,0.31883859634399414,3.5
2584,768.0,0.337189644575119,-1.5
2585,345.5,0.12729088962078094,9.0
2586,229.5,0.3546087145805359,9.0
2587,253.0,0.5244235396385193,9.0
2588,128.0,0.6312457919120789,0.5
2589,196.5,0.28313499689102173,6.25
2590,469.5,0.7301315665245056,6.25
2591,84.5,0.2539583146572113,-1.0
2592,361.5,0.3139292299747467,3.5
2593,355.0,0.3258000910282135,3.5
2594,409.0,0.2568216025829315,7.25
2595,260.5,0.26686471700668335,9.0
2596,384.0,0.5442216396331787,-2.5
2597,234.5,0.06001581996679306,2.75
2598,575.0,0.5221669673919678,1.0
2599,99.5,0.1862984001636505,0.5
2600,342.0,0.535908579826355,4.125
2601,317.0,0.2974150478839874,6.25
2602,180.0,0.24127094447612762,5.5
2603,252.5,0.21075889468193054,3.25
2604,104.0,0.29658225178718567,3.25
2605,312.0,0.3837776780128479,0.5
2606,329.0,0.26169461011886597,9.0
2607,350.5,0.35043859481811523,3.375
2608,230.0,0.3069497346878052,3.25
2609,635.5,0.33009979128837585,3.75
2610,281.5,0.28388646245002747,6.25
2611,132.5,0.4701738655567169,3.25
2612,284.5,0.41049614548683167,9.0
2613,369.5,0.47881871461868286,6.25
2614,328.0,0.38209348917007446,3.5
2615,189.5,0.23213228583335876,0.5
2616,768.0,0.35930779576301575,-2.5
2617,500.5,0.11124812066555023,1.0
2618,175.5,0.3754507899284363,0.5
2619,288.0,0.32491981983184814,3.5
2620,339.5,0.32300126552581787,9.0
2621,139.5,0.2804497182369232,0.5
2622,358.5,0.3490917980670929,6.25
2623,283.5,0.42961809039115906,9.0
2624,245.0,0.40005481243133545,9.0
2625,333.5,0.4265044033527374,9.0
2626,196.5,0.3679391145706177,3.25
2627,206.0,0.18153740465641022,5.5
2628,320.5,0.45542970299720764,3.5
2629,301.0,0.3566926419734955,6.25
2630,267.5,0.26433616876602173,9.0
2631,619.0,0.4113985300064087,1.75
2632,284.0,0.17059652507305145,6.25
2633,335.0,0.5247856974601746,6.875
2634,417.0,0.363674134016037,3.5
2635,246.0,0.20513470470905304,9.0
2636,357.0,0.3530779182910919,9.0
2637,143.0,0.39663347601890564,3.25
2638,192.0,0.3341887295246124,2.0
2639,426.0,0.27082550525665283,9.0
2640,547.5,0.2696925699710846,4.75
2641,348.0,0.19805306196212769,9.0
2642,421.5,0.45030948519706726,6.25
2643,768.0,0.2927511930465698,-1.5
2644,184.0,0.18025009334087372,0.5
2645,375.5,0.2702244818210602,7.0
2646,273.5,0.3083512485027313,9.0
2647,247.5,0.3211483359336853,0.5
2648,257.0,0.23312760889530182,9.0
2649,440.5,0.45627763867378235,0.5
2650,202.5,0.31690678000450134,3.25
2651,200.0,0.28786253929138184,9.0
2652,287.0,0.26812466979026794,9.0
2653,426.5,0.2573147416114807,3.5
2654,381.0,0.3513046205043793,6.5
2655,86.0,0.31518539786338806,3.25
2656,194.0,0.5076197981834412,0.5
2657,463.5,0.2778475284576416,9.0
2658,200.5,0.15478570759296417,3.25
2659,340.5,0.30545124411582947,4.75
2660,158.5,0.27807217836380005,9.0
2661,255.5,0.4512195289134979,5.25
2662,326.0,0.45735958218574524,3.5
2663,167.5,0.24338898062705994,0.5
2664,411.5,0.3778804540634155,4.125
2665,303.0,0.301852285861969,9.0
2666,224.0,0.46019503474235535,0.5
2667,282.5,0.3839605152606964,9.0
2668,287.5,0.4489993751049042,2.0
2669,379.5,0.4119429290294647,-1.5
2670,254.5,0.24858735501766205,9.0
2671,128.0,0.42618411779403687,0.5
2672,491.5,0.6183276772499084,0.25
2673,175.0,0.27313628792762756,3.25
2674,460.0,0.46596699953079224,0.0
2675,667.0,0.3020007312297821,-0.5
2676,125.5,0.19318467378616333,1.125
2677,465.5,0.23377138376235962,-0.25
2678,262.5,0.11691312491893768,7.0
2679,286.5,0.42919716238975525,3.5
2680,162.0,0.30587995052337646,9.0
2681,263.5,0.5474678874015808,6.25
2682,327.5,0.37508806586265564,4.75
2683,328.5,0.3061787486076355,9.0
2684,126.5,0.3844127357006073,3.25
2685,92.0,0.3826778829097748,3.25
2686,543.5,0.4230723977088928,3.75
2687,187.5,0.2554882764816284,6.25
2688,95.5,0.4669307470321655,3.25
2689,155.5,0.5785632133483887,-2.0
2690,547.5,0.6473881006240845,7.25
2691,450.5,0.38738977909088135,4.25
2692,205.0,0.2705599069595337,3.25
2693,292.5,0.3049374222755432,9.0
2694,132.0,0.3126678168773651,3.25
2695,332.5,0.3944401741027832,9.0
2696,496.5,0.2713634967803955,2.5
2697,144.5,0.25175464153289795,3.25
2698,146.5,0.33234766125679016,0.5
2699,384.0,0.6290159225463867,-2.0
2700,223.5,0.19597741961479187,0.5
2701,768.0,0.29284441471099854,-1.5
2702,159.5,0.18755404651165009,3.25
2703,377.5,0.37328389286994934,3.5
2704,288.5,0.3276200592517853,9.0
2705,179.0,0.30382099747657776,0.5
2706,166.0,0.41644975543022156,0.5
2707,427.5,0.22824428975582123,1.75
2708,265.5,0.2540178894996643,9.0
2709,266.5,0.49738067388534546,4.125
2710,237.0,0.4443047344684601,0.75
2711,196.0,0.27689969539642334,0.5
2712,768.0,0.2911822199821472,-1.5
2713,768.0,0.20802514255046844,-1.5
2714,106.0,0.19520360231399536,3.25
2715,199.5,0.42756378650665283,6.25
2716,254.5,0.5420792102813721,6.25
2717,351.0,0.45341071486473083,2.0
2718,475.5,0.313491553068161,3.75
2719,115.5,0.31045907735824585,0.5
2720,226.0,0.38510388135910034,0.5
2721,404.0,0.5355812907218933,4.75
2722,245.0,0.42054328322410583,0.5
2723,283.0,0.221501424908638,6.25
2724,76.0,0.4044633209705353,3.25
2725,175.5,0.5609384775161743,-0.25
2726,134.5,0.40102875232696533,-1.0
2727,454.0,0.43114688992500305,4.25
2728,601.5,0.23536954820156097,1.75
2729,161.0,0.21146869659423828,-0.25
2730,361.0,0.5145298838615417,3.5
2731,328.5,0.36619091033935547,3.5
2732,130.5,0.43701672554016113,3.25
2733,281.0,0.5315964221954346,3.5
2734,453.0,0.48279160261154175,1.75
2735,347.5,0.24516667425632477,3.5
2736,378.0,0.45748764276504517,3.5
2737,154.0,0.3069418668746948,5.5
2738,259.0,0.5387880206108093,4.75
2739,397.0,0.3526515066623688,4.375
2740,0.5,0.382747620344162,-2.5
2741,169.0,27.315292358398438,1.25
2742,2.5,0.35865283012390137,-2.5
2743,309.0,8.228991508483887,9.0
2744,100.0,0.4004789888858795,0.5
2745,274.5,0.2830355763435364,9.0
2746,405.5,0.349799782037735,1.5
2747,202.5,0.43897297978401184,0.5
2748,372.0,0.3407285809516907,5.0
2749,503.5,0.47618618607521057,1.5
2750,235.5,0.31016266345977783,-1.0
2751,398.0,0.24455399811267853,4.25
2752,169.5,0.29492172598838806,6.875
2753,167.5,0.5352113246917725,3.25
2754,286.5,0.32636648416519165,9.0
2755,204.0,0.3662472069263458,0.5
2756,291.5,0.32117339968681335,5.75
2757,515.0,0.24667558073997498,1.0
2758,411.5,0.30588239431381226,7.25
2759,202.0,0.2850740849971771,6.5
2760,332.5,0.39881211519241333,9.0
2761,221.0,0.325698584318161,4.75
2762,688.5,0.6031098365783691,-1.0
2763,100.5,0.20110869407653809,3.25
2764,432.5,0.39481663703918457,2.0
2765,611.5,0.24884821474552155,-0.5
2766,474.0,0.220637708902359,5.0
2767,113.5,0.27381229400634766,2.0
2768,516.0,0.46943411231040955,3.75
2769,274.0,0.3446514308452606,3.5
2770,326.5,0.39501237869262695,3.5
2771,338.0,0.2915104031562805,9.0
2772,319.5,0.3679288625717163,6.25
2773,255.5,0.3018275499343872,3.5
2774,337.0,0.39717426896095276,3.5
2775,102.5,0.3321547508239746,1.25
2776,119.5,0.39803603291511536,3.25
2777,87.5,0.42849189043045044,-0.25
2778,76.5,0.6263163089752197,3.25
2779,86.5,0.5355412364006042,3.25
2780,112.0,0.9310505390167236,0.5
2781,255.0,0.3479245901107788,6.25
2782,243.5,0.5347313284873962,7.0
2783,151.0,0.34869131445884705,3.25
2784,220.5,0.3751634359359741,-1.0
2785,326.5,0.2960171699523926,2.5
2786,482.5,0.2900741696357727,3.5
2787,265.5,0.22458770871162415,3.5
2788,384.0,0.3132356107234955,-2.0
2789,301.5,0.20304715633392334,9.0
2790,302.0,0.3745648264884949,4.25
2791,249.0,0.3387754261493683,6.25
2792,119.0,0.41382896900177,-0.25
2793,235.0,0.4531497061252594,6.875
2794,134.0,0.5109748244285583,0.5
2795,341.0,0.5186463594436646,1.5
2796,195.5,0.382309228181839,0.5
2797,284.0,0.35869064927101135,9.0
2798,472.5,0.31732478737831116,4.0
2799,444.0,0.23925159871578217,4.875
2800,112.5,0.299263596534729,3.25
2801,347.0,0.486797571182251,9.0
2802,336.0,0.32783669233322144,3.5
2803,606.0,0.2644732892513275,0.5
2804,201.5,0.10352719575166702,1.125
2805,137.5,0.22595256567001343,3.25
2806,297.5,0.5192238092422485,9.0
2807,211.0,0.35189321637153625,9.0
2808,387.5,0.37380146980285645,2.5
2809,278.0,0.33907049894332886,9.0
2810,299.0,0.5689929127693176,9.0
2811,331.0,0.2624686658382416,3.5
2812,393.5,0.3463384211063385,3.5
2813,195.0,0.3682819604873657,3.25
2814,424.0,0.38195347785949707,2.0
2815,398.5,0.3238431215286255,6.5
2816,187.0,0.45252862572669983,3.5
2817,400.0,0.4590342938899994,9.0
2818,304.0,0.33902865648269653,3.5
2819,121.0,0.23906652629375458,0.5
2820,332.0,0.6208284497261047,4.5
2821,307.0,0.40114516019821167,9.0
2822,206.0,0.3894988000392914,9.0
2823,209.5,0.5157726407051086,2.0
2824,135.0,0.5474969744682312,3.25
2825,102.5,0.3844482898712158,0.5
2826,621.5,0.3242114186286926,1.5
2827,162.5,0.13133209943771362,0.5
2828,372.5,0.5061490535736084,4.75
2829,282.0,0.22750109434127808,4.75
2830,525.0,0.31093063950538635,-1.0
2831,299.0,0.1994583159685135,7.0
2832,143.5,0.3981649577617645,0.5
2833,424.5,0.2973395586013794,3.5
2834,188.5,0.28962039947509766,0.5
2835,514.5,0.2597907483577728,1.5
2836,197.5,0.22037263214588165,9.0
2837,264.5,0.4419611990451813,3.25
2838,169.0,0.34566235542297363,0.5
2839,185.5,0.4246137738227844,3.25
2840,258.5,0.4953368902206421,9.0
2841,280.5,0.27788046002388,2.0
2842,87.5,0.3518568277359009,-0.25
2843,537.5,0.3435100018978119,4.25
2844,391.5,0.2646110951900482,4.75
2845,172.0,0.3324100077152252,-0.75
2846,135.0,0.5051511526107788,3.25
2847,123.0,0.28816938400268555,0.5
2848,390.5,0.5274162888526917,1.5
2849,353.0,0.27501180768013,9.0
2850,203.0,0.30949053168296814,7.0
2851,75.0,0.4951878488063812,3.25
2852,432.5,0.6760896444320679,1.5
2853,295.5,0.260032594203949,3.375
2854,200.5,0.44634026288986206,-1.0
2855,307.0,0.411287397146225,9.0
2856,162.5,0.36732709407806396,3.25
2857,281.0,0.4088533818721771,6.25
2858,129.0,0.33997809886932373,1.25
2859,117.5,0.5652453899383545,3.25
2860,331.5,0.6813706159591675,4.25
2861,260.5,0.44669049978256226,9.0
2862,490.5,0.3531067669391632,3.75
2863,511.5,0.2625637948513031,2.125
2864,326.5,0.27404382824897766,4.25
2865,113.5,0.30225613713264465,3.25
2866,140.0,0.3959406018257141,0.5
2867,131.5,0.49962761998176575,0.5
2868,237.0,0.5133063793182373,2.625
2869,370.0,0.41213181614875793,7.0
2870,315.5,0.3753194510936737,6.25
2871,401.0,0.3052845001220703,4.125
2872,489.0,0.2593214511871338,5.0
2873,338.5,0.21431171894073486,4.5
2874,127.5,0.3555302321910858,3.25
2875,280.5,0.4338928163051605,7.0
2876,126.0,0.3033016622066498,3.25
2877,560.0,0.4525303244590759,1.625
2878,176.5,0.15401114523410797,0.5
2879,354.0,0.24311493337154388,3.5
2880,376.0,0.3163875937461853,6.5
2881,590.5,0.3313017189502716,1.75
2882,139.5,0.24716944992542267,3.25
2883,147.0,0.45438042283058167,3.25
2884,119.5,0.5083160400390625,0.5
2885,262.5,0.43970823287963867,9.0
2886,113.0,0.5139342546463013,0.5
2887,101.0,0.26880648732185364,3.25
2888,158.5,0.6233606338500977,0.5
2889,712.0,0.4985073506832123,-1.0
2890,454.0,0.2325432449579239,4.125
2891,330.0,0.2850729525089264,6.25
2892,226.5,0.4082794487476349,9.0
2893,288.0,0.5260838866233826,9.0
2894,384.0,0.32539546489715576,-2.0
2895,768.0,0.3092062175273895,-1.5
2896,331.0,0.15706676244735718,9.0
2897,589.0,0.279316782951355,-0.5
2898,133.5,0.2802751958370209,-0.75
2899,93.5,0.4694127142429352,0.5
2900,660.0,0.5641228556632996,3.5
2901,330.0,0.18244099617004395,0.5
2902,375.5,0.4909341335296631,0.5
2903,247.0,0.46293705701828003,9.0
2904,131.0,0.33801931142807007,0.5
2905,384.0,0.32489562034606934,-1.0
2906,253.5,0.20277166366577148,0.5
2907,251.5,0.32432323694229126,6.25
2908,384.0,0.3364611566066742,-2.0
2909,224.0,0.23736393451690674,9.0
2910,183.5,0.3078194260597229,2.75
2911,384.0,0.7782833576202393,-2.0
2912,116.5,0.23648887872695923,0.5
2913,632.5,0.23311425745487213,0.0
2914,326.5,0.14826276898384094,6.25
2915,125.0,0.42775171995162964,0.5
2916,422.0,0.3566020727157593,3.5
2917,224.5,0.3438504934310913,0.5
2918,397.0,0.1993710696697235,6.25
2919,556.5,0.29706352949142456,3.5
2920,96.5,0.1820347011089325,3.25
2921,246.0,0.44966018199920654,9.0
2922,422.0,0.27194344997406006,4.25
2923,294.0,0.21909251809120178,9.0
2924,144.0,0.5172938108444214,3.25
2925,437.5,0.44832223653793335,9.0
2926,555.5,0.35327860713005066,1.0
2927,149.0,0.2677451968193054,3.25
2928,289.5,0.17445360124111176,6.25
2929,345.5,0.3968871235847473,6.25
2930,493.5,0.4885788559913635,3.75
2931,384.0,0.24620279669761658,-1.5
2932,315.0,0.1268472969532013,3.25
2933,227.5,0.17577709257602692,3.25
2934,726.5,0.24320495128631592,1.0
2935,229.5,0.22815904021263123,9.0
2936,276.0,0.3100425601005554,9.0
2937,537.5,0.3434327244758606,2.0
2938,218.0,0.22066931426525116,3.25
2939,312.0,0.4163036346435547,7.0
2940,128.5,0.29847753047943115,0.5
2941,454.5,0.4483877122402191,9.0
2942,586.5,0.2594521939754486,0.5
2943,170.0,0.18107573688030243,3.25
2944,121.0,0.32105952501296997,3.25
2945,400.0,0.44446897506713867,6.25
2946,480.5,0.37638917565345764,4.25
2947,398.5,0.22391176223754883,-0.5
2948,384.0,0.32123151421546936,7.0
2949,384.0,0.287246435880661,-1.0
2950,93.5,0.2108752578496933,3.25
2951,230.5,0.37152525782585144,4.25
2952,281.5,0.3259502351284027,4.25
2953,384.0,0.3251107335090637,-2.0
2954,119.5,0.24999551475048065,3.25
2955,124.5,0.4565809369087219,3.25
2956,141.5,0.3414279818534851,3.25
2957,295.5,0.376289963722229,3.5
2958,351.5,0.3515605032444,6.25
2959,220.0,0.31570863723754883,9.0
2960,254.0,0.4724745750427246,9.0
2961,270.5,0.3788730502128601,6.25
2962,147.5,0.5279710292816162,0.5
2963,358.0,0.4369828701019287,5.0
2964,265.5,0.28684693574905396,9.0
2965,206.5,0.4836842715740204,6.25
2966,683.0,0.2772679030895233,0.25
2967,222.5,0.2357427477836609,4.75
2968,677.5,0.4470720887184143,1.5
2969,424.5,0.24987711012363434,6.25
2970,438.0,0.35504043102264404,3.5
2971,322.0,0.31483736634254456,9.0
2972,183.5,0.35862645506858826,3.25
2973,264.5,0.3784191608428955,6.25
2974,131.0,0.44163212180137634,3.25
2975,542.5,0.41560038924217224,4.0
2976,107.5,0.27438995242118835,3.25
2977,314.0,0.5869634747505188,1.0
2978,141.0,0.382005900144577,0.5
2979,299.0,0.4581944942474365,7.75
2980,572.5,0.30717653036117554,3.75
2981,566.0,0.23977264761924744,1.25
2982,165.5,0.14332635700702667,0.5
2983,256.5,0.2679493725299835,9.0
2984,272.5,0.4035128355026245,2.125
2985,397.0,0.43025022745132446,3.5
2986,282.5,0.30063173174858093,1.5
2987,278.5,0.49744272232055664,9.0
2988,399.0,0.394368439912796,4.25
2989,100.0,0.25962430238723755,0.5
2990,206.0,0.4514395594596863,5.5
2991,258.5,0.546452522277832,3.5
2992,307.0,0.527528703212738,6.25
2993,197.5,0.37244611978530884,0.5
2994,317.0,0.3573375940322876,6.25
2995,339.5,0.3360026478767395,4.125
2996,262.5,0.34383440017700195,0.5
2997,437.0,0.34538546204566956,4.25
2998,380.0,0.33075782656669617,3.5
2999,227.0,0.2757991552352905,9.0
3000,318.0,0.4292515218257904,5.0
3001,251.5,0.44768136739730835,6.25
3002,285.5,0.39233869314193726,3.5
3003,330.0,0.2652382254600525,3.0
3004,488.0,0.22994188964366913,6.25
3005,333.0,0.26110541820526123,6.25
3006,571.0,0.30315425992012024,1.625
3007,335.0,0.19274269044399261,4.25
3008,285.5,0.4173456132411957,2.75
3009,200.5,0.35429373383522034,9.0
3010,376.0,0.5471329092979431,3.5
3011,401.5,0.3666061460971832,3.5
3012,324.5,0.2978275716304779,6.25
3013,546.0,0.40423619747161865,3.75
3014,103.0,0.15027488768100739,3.25
3015,574.5,0.532328724861145,1.625
3016,149.0,0.21962592005729675,0.5
3017,243.0,0.30608800053596497,9.0
3018,282.5,0.3453148305416107,4.75
3019,162.5,0.5575090050697327,-0.75
3020,659.5,0.42543232440948486,-1.0
3021,182.5,0.23551738262176514,0.5
3022,313.5,0.4539650082588196,9.0
3023,425.5,0.3948934078216553,3.5
3024,174.0,0.31199705600738525,5.0
3025,345.5,0.5865936875343323,0.75
3026,152.0,0.2422872632741928,0.5
3027,289.5,0.4295259416103363,3.25
3028,267.5,0.20563875138759613,9.0
3029,430.0,0.4884100556373596,2.25
3030,158.5,0.332277774810791,9.0
3031,396.5,0.4798687696456909,5.0
3032,352.0,0.2488897293806076,4.25
3033,390.0,0.2180975377559662,9.0
3034,458.5,0.26110878586769104,9.0
3035,269.5,0.3351532816886902,9.0
3036,196.5,0.402003675699234,6.25
3037,264.0,0.34372448921203613,9.0
3038,296.5,0.34384840726852417,4.125
3039,231.5,0.36256134510040283,9.0
3040,252.0,0.4807164669036865,3.25
3041,116.0,0.37856751680374146,3.25
3042,152.0,0.4344061613082886,3.25
3043,250.5,0.3209708333015442,9.0
3044,244.5,0.5211676359176636,6.25
3045,187.5,0.37796032428741455,9.0
3046,144.5,0.4295267164707184,3.25
3047,255.0,0.39733001589775085,9.0
3048,521.0,0.4597235918045044,1.0
3049,757.5,0.23054450750350952,0.25
3050,228.0,0.20704738795757294,4.75
3051,140.5,0.3582465350627899,0.5
3052,280.0,0.3659803569316864,-1.5
3053,200.5,0.2815561592578888,9.0
3054,487.0,0.4532022178173065,5.0
3055,460.0,0.28502699732780457,6.5
3056,423.0,0.2548182010650635,4.0
3057,75.0,0.3415236473083496,3.25
3058,203.0,0.5732897520065308,6.25
3059,490.5,0.5632066130638123,1.5
3060,536.5,0.32618290185928345,1.0
3061,459.5,0.2731735110282898,3.5
3062,468.0,0.31080037355422974,0.5
3063,267.0,0.17613433301448822,-0.25
3064,221.5,0.16734686493873596,3.5
3065,272.5,0.36583441495895386,6.25
3066,473.5,0.36670196056365967,0.0
3067,410.0,0.20900848507881165,4.875
3068,272.5,0.24001511931419373,4.125
3069,455.5,0.3873390555381775,2.0
3070,285.5,0.26398804783821106,9.0
3071,475.5,0.4088131785392761,3.5
3072,148.5,0.5010514855384827,0.5
3073,125.5,0.386707603931427,3.25
3074,231.5,0.4516324996948242,6.25
3075,145.5,0.41361117362976074,3.25
3076,360.5,0.499612033367157,3.5
3077,294.5,0.3030500113964081,9.0
3078,181.0,0.4738243818283081,6.875
3079,123.0,0.4995034635066986,3.25
3080,180.0,0.5417528748512268,3.25
3081,160.0,0.3040909767150879,0.0
3082,134.5,0.6167868971824646,3.25
3083,568.5,0.4458824098110199,3.5
3084,220.0,0.2700784206390381,6.25
3085,283.5,0.5584969520568848,6.25
3086,170.0,0.3629221022129059,9.0
3087,230.5,0.5939010977745056,9.0
3088,608.5,0.4326120913028717,-0.5
3089,339.0,0.226106196641922,9.0
3090,318.0,0.3598705530166626,5.0
3091,175.0,0.3430942893028259,3.25
3092,220.5,0.405172199010849,9.0
3093,381.0,0.35404297709465027,3.5
3094,72.5,0.4573401212692261,-1.0
3095,354.5,0.6865682005882263,6.25
3096,384.0,0.507169246673584,-2.5
3097,259.5,0.05549631267786026,6.25
3098,218.5,0.31050342321395874,3.25
3099,308.0,0.3854362368583679,9.0
3100,150.0,0.35665562748908997,2.0
3101,422.0,0.48236513137817383,3.5
3102,2.5,0.43035250902175903,-2.5
3103,768.0,8.143775939941406,-2.0
3104,468.0,0.2220943570137024,6.25
3105,80.0,0.3451058864593506,3.25
3106,514.5,0.695667564868927,1.75
3107,97.0,0.21549278497695923,3.25
3108,118.0,0.44602906703948975,3.25
3109,102.0,0.5136001706123352,-1.0
3110,413.0,0.4769074618816376,7.0
3111,315.5,0.24147824943065643,-1.5
3112,388.5,0.16154956817626953,9.0
3113,205.0,0.30880650877952576,9.0
3114,137.0,0.3431536853313446,0.5
3115,272.0,0.27801358699798584,9.0
3116,222.5,0.391511470079422,2.0
3117,491.0,0.4106377363204956,4.125
3118,229.5,0.19936378300189972,6.25
3119,227.0,0.35015711188316345,6.25
3120,216.0,0.5281713604927063,1.25
3121,322.5,0.2766804099082947,9.0
3122,516.5,0.4260762929916382,3.25
3123,304.5,0.24979929625988007,3.25
3124,309.0,0.19890688359737396,4.25
3125,102.0,0.2873081862926483,3.25
3126,133.0,0.3735908269882202,0.5
3127,208.0,0.3347587287425995,0.5
3128,389.0,0.22165842354297638,1.5
3129,147.5,0.303180992603302,1.25
3130,367.5,0.33757051825523376,9.0
3131,272.5,0.29022541642189026,3.5
3132,100.0,0.43594300746917725,3.25
3133,369.0,0.43144306540489197,9.0
3134,507.0,0.40435171127319336,5.0
3135,506.5,0.3394409716129303,0.0
3136,339.0,0.23348109424114227,3.5
3137,110.5,0.42232218384742737,1.25
3138,213.5,0.6563316583633423,3.25
3139,445.0,0.3849925398826599,2.0
3140,177.5,0.4046884775161743,3.25
3141,758.0,0.4319937825202942,-1.0
3142,294.5,0.17119497060775757,3.5
3143,677.0,0.4241589903831482,6.25
3144,299.0,0.2499285489320755,6.875
3145,444.0,0.26163607835769653,2.25
3146,528.5,0.3450157344341278,3.75
3147,504.0,0.24762645363807678,1.5
3148,123.5,0.30872663855552673,3.25
3149,271.0,0.4732639193534851,9.0
3150,291.5,0.3309295177459717,3.5
3151,138.0,0.33373743295669556,0.5
3152,150.5,0.4234601557254791,3.25
3153,168.5,0.40702328085899353,0.5
3154,467.5,0.2990333139896393,4.125
3155,564.5,0.25526076555252075,3.5
3156,131.0,0.3188526928424835,0.5
3157,264.0,0.29856425523757935,4.25
3158,380.0,0.23586077988147736,0.75
3159,374.0,0.2956281900405884,4.125
3160,79.0,0.30918771028518677,3.25
3161,218.0,0.48844844102859497,0.5
3162,102.5,0.2600748836994171,3.25
3163,512.5,0.3529279828071594,2.0
3164,190.0,0.31431663036346436,9.0
3165,101.0,0.5514594316482544,3.25
3166,216.0,0.3829740285873413,0.5
3167,247.5,0.23414629697799683,9.0
3168,407.5,0.46265116333961487,6.25
3169,517.0,0.32323795557022095,4.125
3170,538.5,0.2769589126110077,3.25
3171,280.0,0.20324306190013885,6.25
3172,157.5,0.43461742997169495,0.5
3173,475.0,0.2207971066236496,3.5
3174,565.0,0.2373666763305664,1.0
3175,406.0,0.1567057967185974,3.5
3176,281.5,0.3231356739997864,6.25
3177,548.0,0.34109005331993103,1.0
3178,392.0,0.19093286991119385,4.875
3179,448.0,0.32700586318969727,3.5
3180,704.5,0.27209505438804626,1.0
3181,339.0,0.1874360889196396,7.25
3182,378.5,0.33274945616722107,6.25
3183,225.5,0.3294138014316559,6.25
3184,240.5,0.29753774404525757,4.25
3185,496.0,0.3570890426635742,6.25
3186,179.5,0.31426236033439636,9.0
3187,200.0,0.5788004398345947,3.5
3188,650.0,0.5684497356414795,0.5
3189,222.0,0.1210545226931572,6.25
3190,113.5,0.32485371828079224,0.5
3191,208.0,0.48916691541671753,6.875
3192,340.0,0.5170799493789673,6.25
3193,138.0,0.4368181526660919,0.5
3194,111.5,0.31082600355148315,0.5
3195,134.5,0.4963807165622711,3.25
3196,371.0,0.26328301429748535,0.5
3197,156.0,0.21501393616199493,5.5
3198,233.0,0.8081377148628235,9.0
3199,342.0,0.4258899390697479,9.0
3200,316.0,0.3244524598121643,6.25
3201,92.5,0.27881720662117004,3.25
3202,269.0,0.6289365291595459,3.25
3203,414.5,0.27467080950737,4.75
3204,186.5,0.22761967778205872,6.875
3205,212.5,0.45114386081695557,-0.75
3206,368.5,0.3032298982143402,3.5
3207,376.5,0.28217804431915283,0.0
3208,123.0,0.3881599009037018,0.75
3209,228.5,0.4905689060688019,6.5
3210,184.0,0.37952443957328796,9.0
3211,86.0,0.5521487593650818,3.25
3212,651.5,0.5345887541770935,1.25
3213,490.5,0.18033792078495026,3.75
3214,201.5,0.26768502593040466,3.25
3215,452.5,0.44654130935668945,3.5
3216,495.5,0.2959006428718567,5.0
3217,103.5,0.2681853175163269,0.5
3218,194.5,0.5851080417633057,9.0
3219,85.5,0.48944100737571716,0.5
3220,302.0,0.6072955131530762,9.0
3221,413.5,0.4461674094200134,3.5
3222,623.5,0.29250144958496094,1.75
3223,194.0,0.1814180612564087,9.0
3224,124.0,0.7311269640922546,0.5
3225,727.5,0.20039930939674377,3.75
3226,708.0,0.22850401699543,1.0
3227,257.0,0.2215825468301773,9.0
3228,384.0,0.39559683203697205,0.5
3229,140.5,0.25044021010398865,3.25
3230,209.0,0.552664577960968,0.5
3231,343.0,0.2779551148414612,3.5
3232,321.0,0.3263900578022003,6.25
3233,525.0,0.4377691149711609,1.0
3234,487.5,0.22077834606170654,6.5
3235,274.0,0.23179374635219574,3.5
3236,144.5,0.2525627613067627,1.125
3237,179.5,0.6095593571662903,3.375
3238,224.0,0.6203446388244629,0.5
3239,280.0,0.23091545701026917,5.5
3240,283.5,0.28953415155410767,6.25
3241,358.5,0.2882412075996399,4.25
3242,371.0,0.3084883987903595,8.25
3243,237.0,0.32229742407798767,9.0
3244,300.5,0.2731756269931793,9.0
3245,239.5,0.35571739077568054,6.25
3246,552.5,0.43000468611717224,2.0
3247,368.5,0.2899940609931946,6.25
3248,589.0,0.2655543088912964,3.75
3249,359.0,0.2685827314853668,-0.75
3250,398.0,0.18655547499656677,3.5
3251,367.5,0.33496513962745667,6.25
3252,209.5,0.316259503364563,9.0
3253,172.5,0.4674626588821411,3.25
3254,274.5,0.4126434028148651,3.5
3255,624.5,0.3498762845993042,-0.5
3256,564.0,0.24188487231731415,2.125
3257,209.0,0.1609388291835785,5.5
3258,350.0,0.4371144473552704,3.5
3259,262.0,0.2582676112651825,0.5
3260,396.0,0.22437728941440582,6.0
3261,402.0,0.2658035457134247,5.0
3262,585.0,0.25876104831695557,5.5
3263,522.5,0.1881186068058014,6.25
3264,361.0,0.26616406440734863,3.75
3265,81.0,0.22856739163398743,0.5
3266,473.0,0.6258067488670349,5.0
3267,295.0,0.2936633229255676,9.0
3268,261.0,0.3333345353603363,6.875
3269,303.0,0.3751998543739319,4.75
3270,127.0,0.3000880777835846,3.25
3271,308.5,0.5014081001281738,2.0
3272,253.0,0.3398790955543518,9.0
3273,156.0,0.41426530480384827,0.5
3274,468.0,0.5514577031135559,-2.5
3275,384.0,0.14665277302265167,-2.0
3276,539.5,0.20885160565376282,1.5
3277,370.0,0.28448328375816345,0.5
3278,142.5,0.2784864008426666,3.25
3279,112.0,0.517646849155426,3.25
3280,610.5,0.41340577602386475,1.0
3281,452.0,0.18514207005500793,2.75
3282,107.0,0.25886568427085876,3.25
3283,187.0,0.5621539950370789,9.0
3284,251.5,0.5251576900482178,3.5
3285,208.0,0.4995916783809662,9.0
3286,608.5,0.38422155380249023,3.5
3287,444.0,0.1776667833328247,9.0
3288,389.0,0.2723577320575714,3.5
3289,768.0,0.2527845799922943,-1.5
3290,216.0,0.1616945117712021,0.75
3291,377.5,0.18273620307445526,6.25
3292,608.0,0.513091504573822,0.25
3293,193.0,0.22451694309711456,3.25
3294,310.0,0.23799486458301544,3.25
3295,186.5,0.1691880077123642,9.0
3296,168.0,0.486921489238739,3.25
3297,200.0,0.3332708179950714,9.0
3298,188.0,0.3870926797389984,5.0
3299,373.0,0.3536101281642914,6.25
3300,207.5,0.3011826276779175,9.0
3301,307.5,0.41650089621543884,3.5
3302,249.0,0.41130325198173523,9.0
3303,102.5,0.504024863243103,1.5
3304,479.0,0.48271557688713074,6.25
3305,176.0,0.26823553442955017,3.25
3306,279.0,0.6195935010910034,3.5
3307,99.5,0.5520026087760925,0.5
3308,271.0,0.4131678640842438,0.5
3309,217.0,0.3647558391094208,0.5
3310,359.5,0.20628271996974945,6.25
3311,564.0,0.4254395067691803,2.25
3312,277.5,0.15466880798339844,4.25
3313,193.0,0.39622819423675537,0.5
3314,226.0,0.2618333399295807,6.25
3315,266.5,0.505870521068573,7.25
3316,210.5,0.34777846932411194,3.25
3317,302.0,0.23639827966690063,6.25
3318,138.5,0.3607509136199951,0.5
3319,384.0,0.3318271040916443,-2.0
3320,168.0,0.08395864814519882,3.25
3321,285.0,0.31138235330581665,9.0
3322,450.0,0.39418476819992065,5.0
3323,423.5,0.17849308252334595,2.0
3324,188.5,0.3034694492816925,4.75
3325,300.0,0.5340256094932556,5.5
3326,514.0,0.5213944911956787,4.875
3327,150.0,0.23424649238586426,0.5
3328,108.5,0.39437535405158997,0.5
3329,101.5,0.36131566762924194,0.5
3330,230.0,0.8837732672691345,3.5
3331,407.0,0.39027929306030273,9.0
3332,378.0,0.4037829339504242,3.25
3333,305.5,0.1985023468732834,4.0
3334,240.0,0.28735145926475525,2.5
3335,218.5,0.4427812099456787,0.5
3336,563.5,0.3020966649055481,1.0
3337,221.5,0.2904759645462036,9.0
3338,322.5,0.21436336636543274,0.25
3339,149.0,0.3493180572986603,3.25
3340,210.0,0.23942281305789948,9.0
3341,260.0,0.56461501121521,5.5
3342,278.5,0.48260876536369324,9.0
3343,301.0,0.23680777847766876,6.25
3344,112.5,0.4014098048210144,-0.25
3345,241.5,0.40686801075935364,9.0
3346,264.5,0.39865946769714355,0.5
3347,550.0,0.19632017612457275,3.5
3348,564.5,0.4103190302848816,3.75
3349,760.5,0.20698736608028412,-1.0
3350,225.0,0.2451244443655014,9.0
3351,402.5,0.3812478184700012,7.0
3352,335.5,0.32467082142829895,5.25
3353,532.0,0.2521778345108032,3.75
3354,88.5,0.23324352502822876,3.25
3355,421.0,0.5206413269042969,2.125
3356,442.0,0.28172317147254944,4.5
3357,381.5,0.26243892312049866,4.125
3358,273.5,0.3438822031021118,3.25
3359,223.0,0.32396429777145386,9.0
3360,384.0,0.31338831782341003,-2.5
3361,413.5,0.0441623330116272,1.75
3362,252.0,0.21451757848262787,6.5
3363,376.0,0.4554339647293091,1.5
3364,,0.36904892325401306,
