completions/train/mean_length,rewards/train/score/mean,_step,actor/train/kl
249.625,1.0,0,
146.125,1.0,1,-0.0006316046346910298
514.75,-0.9375,2,0.003949905280023813
176.125,1.375,3,0.0002872403129003942
90.5,1.125,4,0.0008724908693693578
100.5,-1.5,5,0.002782279159873724
458.25,-0.8125,6,0.004144353326410055
202.625,1.75,7,-0.00028643006226047873
104.0,0.1875,8,0.0014167753979563713
118.875,1.0,9,0.0032614790834486485
144.125,0.8125,10,0.00039568557986058295
485.875,-1.625,11,0.0033235177397727966
208.0,0.0,12,-0.0013597751967608929
231.875,0.25,13,-8.183030149666592e-05
101.375,1.0,14,0.0004145753337070346
269.0,-0.25,15,-0.01145667489618063
154.75,-0.5,16,0.0008320427150465548
378.25,0.5625,17,-0.0001835615112213418
157.875,-0.0625,18,0.002010934753343463
165.125,0.25,19,0.001185200409963727
56.25,0.125,20,0.001689012860879302
208.75,1.0,21,-0.00430282624438405
351.125,1.0,22,-0.003146936884149909
367.875,0.25,23,-0.0004047680413350463
128.875,0.0625,24,0.00044455158058553934
233.125,1.0,25,-0.008910119533538818
82.625,-0.875,26,0.0009286118438467383
234.0,0.75,27,-0.0014924065908417106
543.125,-1.5,28,-0.0011653931578621268
567.25,-1.75,29,0.0008497459930367768
314.625,-0.5625,30,-0.00018203580111730844
392.5,-0.625,31,0.0010652038035914302
497.75,-0.9375,32,-0.0009001665166579187
250.25,-0.625,33,0.0002732897119130939
276.875,-0.25,34,0.0024902350269258022
345.125,-1.0,35,-6.52562957839109e-05
192.875,1.6875,36,-0.0017582438886165619
113.625,-0.1875,37,-0.0020048916339874268
450.125,0.90625,38,-0.006708264816552401
160.375,1.125,39,-0.00010932428267551586
701.5,-1.875,40,0.003619340481236577
182.625,0.8125,41,-0.000491094368044287
227.375,-0.375,42,-0.004129050765186548
718.5,-0.8125,43,0.001313192187808454
137.875,0.1875,44,-0.0005698974127881229
93.125,-0.5,45,0.0021740177180618048
239.125,1.0,46,0.007395531050860882
307.125,-0.75,47,0.0003345666918903589
142.75,5.0,48,0.0011864097323268652
312.125,2.875,49,0.018057098612189293
171.75,-0.125,50,-0.002620707033202052
408.375,0.6875,51,0.00038734308327548206
156.75,1.4375,52,-0.0005032399785704911
126.375,0.75,53,0.003825352294370532
167.125,4.0625,54,0.0013865726068615913
239.125,-0.75,55,0.0024513197131454945
95.125,1.0,56,-0.0011715985601767898
123.625,6.5,57,0.024266954511404037
327.25,1.9375,58,0.007195089943706989
353.625,-0.8125,59,0.000929575297050178
372.125,1.0,60,-0.001740100677125156
100.5,0.875,61,0.0018705689581111073
145.625,1.0,62,-0.0012338648084551096
149.375,0.8125,63,0.0028514289297163486
152.75,0.9375,64,0.004075166303664446
557.5,-1.1875,65,0.038319721817970276
452.5,-0.875,66,0.0002478992973919958
140.0,0.5,67,0.0051477085798978806
166.625,0.4375,68,0.007351538632065058
285.625,0.125,69,-0.0009489767835475504
343.0,2.125,70,-0.0009676309418864548
525.5,-0.875,71,0.0020406662952154875
86.25,0.5,72,0.00412163557484746
232.75,4.75,73,0.0018042081501334906
141.25,6.34375,74,0.004279736895114183
106.625,-1.0,75,0.003184134606271982
575.75,0.125,76,0.006177224684506655
128.375,7.0,77,0.002074226038530469
152.75,4.375,78,0.018335966393351555
95.625,1.5625,79,0.020662644878029823
242.25,3.1875,80,0.042534239590168
205.75,0.8125,81,0.027705974876880646
402.0,-0.625,82,0.002524803625419736
80.0,2.75,83,0.003681707428768277
356.25,1.875,84,0.031168857589364052
108.5,5.125,85,0.012701394967734814
81.125,-0.125,86,0.024282876402139664
146.625,1.4375,87,0.12513324618339539
163.5,9.3125,88,0.001998387509956956
215.75,4.4375,89,0.0329803042113781
177.25,1.625,90,0.012731914408504963
402.25,0.5625,91,0.05116961896419525
161.125,10.0,92,0.0061709522269666195
133.375,5.53125,93,0.0361383892595768
188.125,7.75,94,0.056380823254585266
177.5,8.25,95,0.023898055776953697
643.5,-0.625,96,0.048493314534425735
235.75,4.65625,97,0.004489861894398928
467.0,3.625,98,0.02471318282186985
165.5,5.125,99,0.007620027754455805
277.625,4.4375,100,0.02275397628545761
191.125,5.375,101,0.021570805460214615
191.875,6.25,102,0.04982481896877289
248.125,3.3125,103,0.03353382274508476
135.875,8.5625,104,0.023651499301195145
160.0,4.59375,105,0.04395362362265587
145.25,5.625,106,0.006460871081799269
195.0,5.375,107,0.05024619773030281
199.0,6.5625,108,0.03730122372508049
350.125,4.0625,109,0.03707118704915047
117.375,6.40625,110,0.03013710305094719
192.25,4.75,111,0.04275743290781975
542.625,0.4375,112,0.03388962149620056
85.25,7.8125,113,0.006347856018692255
198.5,8.0,114,0.11850297451019287
152.25,4.9375,115,0.02203953266143799
295.25,2.375,116,0.016849206760525703
394.125,2.75,117,0.014537862502038479
191.875,4.15625,118,0.006570180878043175
161.625,9.25,119,0.04308420792222023
117.0,9.0,120,0.053348276764154434
140.0,8.375,121,0.060343336313962936
180.75,2.6875,122,0.051187094300985336
241.375,3.53125,123,0.0506291538476944
332.25,4.6875,124,0.02998322620987892
359.875,5.125,125,0.01218183059245348
94.75,9.75,126,0.02366032637655735
218.5,4.46875,127,0.09326779097318649
168.125,8.625,128,0.039887357503175735
339.875,3.5625,129,0.024497520178556442
237.5,3.65625,130,0.02545088157057762
405.625,2.9375,131,0.003087691031396389
133.375,3.8125,132,0.023355990648269653
251.5,4.625,133,0.07732655107975006
190.625,6.0625,134,0.017909491434693336
299.875,4.15625,135,0.04649800434708595
170.125,2.8125,136,0.055881645530462265
283.625,3.125,137,0.08067503571510315
217.0,4.28125,138,0.008678913116455078
194.5,7.9375,139,0.03326111286878586
205.25,8.6875,140,0.032311201095581055
328.875,2.25,141,0.023732712492346764
192.125,4.65625,142,0.018280258402228355
164.25,5.5,143,0.04656398668885231
117.5,9.125,144,0.06421441584825516
105.625,8.625,145,0.02744966372847557
132.375,10.0,146,0.052212685346603394
241.375,4.84375,147,0.04367686063051224
344.625,3.9375,148,0.03431599959731102
162.375,8.625,149,0.01924358308315277
119.625,4.5,150,0.04118093475699425
215.125,8.5625,151,0.0508829727768898
128.625,7.25,152,0.026175882667303085
243.125,9.0,153,0.07527533173561096
355.25,2.75,154,0.1015511006116867
183.75,4.84375,155,0.02906680293381214
130.75,10.0,156,0.05114544928073883
572.125,1.75,157,0.06418637931346893
224.375,8.5,158,0.024476513266563416
123.75,10.0,159,0.051031213253736496
129.0,4.125,160,0.11715928465127945
173.625,6.1875,161,0.09869900345802307
244.375,3.875,162,0.049787018448114395
139.25,7.25,163,0.07400550693273544
179.875,5.875,164,0.06865570694208145
194.625,10.0,165,0.03602062538266182
157.75,5.5,166,0.040781501680612564
176.0,6.0625,167,0.048965662717819214
173.5,8.8125,168,0.05976271629333496
156.25,9.125,169,0.031324949115514755
278.0,6.5,170,0.05867385491728783
211.375,4.5625,171,0.03642817959189415
107.75,10.0,172,0.03646743670105934
180.75,5.1875,173,0.14884422719478607
237.5,4.65625,174,0.060715626925230026
112.625,4.5,175,0.04352109506726265
192.75,8.625,176,0.08604424446821213
188.125,7.25,177,0.037961047142744064
445.75,3.0,178,0.014642731286585331
123.375,10.0,179,0.018250856548547745
294.625,6.0,180,0.05628523603081703
242.125,7.4375,181,0.06328330934047699
198.875,5.875,182,0.04359465464949608
107.375,10.0,183,0.03849358856678009
327.75,1.75,184,0.09153997153043747
118.5,10.0,185,0.03862076997756958
198.0,10.0,186,0.037068407982587814
259.25,5.0625,187,0.09288594126701355
285.25,2.625,188,0.07030469179153442
487.25,2.4375,189,0.02768458053469658
218.625,3.25,190,0.028947509825229645
123.0,8.25,191,0.03072355128824711
582.5,2.0625,192,0.09178982675075531
141.125,5.8125,193,0.007233994547277689
178.625,5.96875,194,0.07588304579257965
200.375,8.625,195,0.06610970199108124
138.5,4.65625,196,0.034342583268880844
283.375,8.4375,197,0.09866693615913391
89.625,8.625,198,0.07933206856250763
122.125,4.8125,199,0.0917545035481453
251.0,6.5,200,0.05866190046072006
92.375,9.3125,201,0.00967356190085411
302.75,2.875,202,0.10562334209680557
147.125,10.0,203,0.04556174576282501
218.375,6.6875,204,0.06686516851186752
244.5,6.5625,205,0.04026753455400467
567.25,4.5625,206,0.06989895552396774
144.625,6.5625,207,0.022488713264465332
163.5,9.5,208,0.042907509952783585
171.375,7.25,209,0.04745585471391678
151.375,7.25,210,0.11331715434789658
245.0,10.0,211,0.059454381465911865
194.0,9.3125,212,0.02715696208178997
163.375,10.0,213,0.03660783916711807
168.875,8.9375,214,0.03979754075407982
179.375,8.5,215,0.08860188722610474
200.25,7.25,216,0.04313061013817787
546.375,2.25,217,0.04257353022694588
188.75,8.625,218,0.012174682691693306
118.375,7.25,219,0.028515860438346863
212.625,9.3125,220,0.14039458334445953
383.375,5.125,221,0.07438384741544724
217.625,6.125,222,0.02779373526573181
168.375,10.0,223,0.06219291314482689
277.375,3.9375,224,0.07404562085866928
369.625,3.9375,225,0.04474863037467003
171.0,10.0,226,0.05090208724141121
514.75,1.375,227,0.08693774044513702
244.25,8.6875,228,0.023723166435956955
217.875,10.0,229,0.03776881471276283
432.625,2.875,230,0.04840586706995964
128.875,10.0,231,0.01927344687283039
121.25,4.65625,232,0.131880521774292
692.5,0.125,233,0.08350329846143723
418.125,3.25,234,0.007246528752148151
400.875,4.03125,235,0.023001765832304955
243.625,10.0,236,0.04199909046292305
128.25,5.0,237,0.07195259630680084
221.75,8.6875,238,0.057455118745565414
282.75,8.6875,239,0.04851730167865753
141.375,10.0,240,0.03559171408414841
550.75,1.8125,241,0.11951282620429993
324.125,3.71875,242,0.012015950866043568
171.625,9.3125,243,0.03157250955700874
275.75,8.6875,244,0.05517664924263954
255.875,9.3125,245,0.03240945190191269
242.125,10.0,246,0.02666737698018551
340.25,6.375,247,0.030529052019119263
214.0,6.4375,248,0.0194421224296093
272.0,4.1875,249,0.03748023137450218
154.875,10.0,250,0.038855139166116714
361.375,3.25,251,0.06039470061659813
344.5,3.71875,252,0.015858357772231102
142.125,10.0,253,0.0379420667886734
111.875,10.0,254,0.07819210737943649
378.25,6.0,255,0.2213602513074875
268.75,6.0,256,0.029710005968809128
293.625,8.3125,257,0.040921151638031006
189.25,5.0,258,0.07486807554960251
240.25,4.1875,259,0.09883074462413788
163.125,5.125,260,0.021358205005526543
205.375,10.0,261,0.0841328501701355
388.625,4.4375,262,0.06867516785860062
300.0,8.125,263,0.03830431401729584
157.125,10.0,264,0.07351553440093994
171.625,4.5,265,0.07679609209299088
449.25,3.25,266,0.1058298647403717
569.0,1.625,267,0.057115525007247925
215.125,9.3125,268,0.014791530556976795
161.375,5.34375,269,0.08816103637218475
203.5,4.75,270,0.06500128656625748
151.75,5.25,271,0.05952334403991699
179.875,7.40625,272,0.07661653310060501
339.625,4.53125,273,0.08371368050575256
113.625,10.0,274,0.018920470029115677
402.0,3.3125,275,0.11284887045621872
355.625,10.0,276,0.035988740622997284
358.5,3.9375,277,0.03531010076403618
394.5,5.875,278,0.037273336201906204
348.25,4.5,279,0.012929794378578663
248.75,5.75,280,0.053330134600400925
116.25,10.0,281,0.0763401985168457
207.625,4.6875,282,0.13377216458320618
246.125,3.875,283,0.06543440371751785
469.625,2.625,284,0.04387990012764931
365.0,6.65625,285,0.0350634828209877
695.375,0.8125,286,0.03579694405198097
582.0,1.375,287,0.011632971465587616
88.375,10.0,288,0.008711189031600952
167.25,8.625,289,0.1314546912908554
190.5,8.9375,290,0.07597366720438004
182.5,4.5,291,0.06013568863272667
253.5,5.1875,292,0.06086033582687378
315.125,7.25,293,0.07228624820709229
174.5,10.0,294,0.04700349271297455
165.375,7.25,295,0.11691451072692871
350.0,3.25,296,0.08823250234127045
273.625,10.0,297,0.02969287894666195
337.125,8.0625,298,0.03969605267047882
183.125,7.9375,299,0.04736649617552757
261.125,5.1875,300,0.11448486894369125
195.125,9.3125,301,0.043409641832113266
220.25,9.3125,302,0.09180967509746552
309.375,7.8125,303,0.09917644411325455
142.5,10.0,304,0.04789094254374504
456.75,2.0,305,0.12410824745893478
232.125,8.3125,306,0.028825800865888596
303.375,6.125,307,0.11624956876039505
419.875,2.96875,308,0.04669177904725075
87.25,10.0,309,0.03016081638634205
588.5,2.4375,310,0.10457010567188263
235.875,5.25,311,0.016762401908636093
195.0,4.5,312,0.06190938875079155
107.625,10.0,313,0.06587512046098709
270.0,4.5625,314,0.16710002720355988
150.125,10.0,315,0.05706566199660301
174.375,10.0,316,0.10455538332462311
489.25,3.8125,317,0.09433314949274063
301.25,4.5,318,0.027405478060245514
117.25,8.625,319,0.053244929760694504
329.125,6.6875,320,0.14113564789295197
216.875,5.1875,321,0.029746253043413162
136.75,10.0,322,0.05787452682852745
330.375,5.4375,323,0.11454519629478455
132.125,9.3125,324,0.027607440948486328
386.25,6.0,325,0.06943926215171814
334.5,8.6875,326,0.03042803704738617
205.625,4.6875,327,0.038286514580249786
544.125,2.6875,328,0.053794849663972855
141.25,7.9375,329,0.030114242807030678
476.875,4.6875,330,0.08834723383188248
154.5,7.9375,331,0.0399862565100193
168.875,10.0,332,0.12627236545085907
189.5,4.4375,333,0.08202611654996872
152.75,6.0,334,0.135280042886734
245.375,5.1875,335,0.13518251478672028
257.75,7.59375,336,0.08359585702419281
523.875,1.4375,337,0.0769367441534996
270.0,4.5625,338,0.017159784212708473
212.125,4.5,339,0.1013697013258934
246.625,10.0,340,0.0991324856877327
252.0,7.65625,341,0.02328946627676487
158.375,9.3125,342,0.05187581852078438
311.5,9.125,343,0.12542656064033508
180.0,10.0,344,0.04727115109562874
329.75,4.0,345,0.0963662788271904
188.75,10.0,346,0.03819648176431656
156.125,10.0,347,0.054874859750270844
571.125,1.53125,348,0.09779974818229675
221.5,10.0,349,0.015637723729014397
570.125,1.5,350,0.043892864137887955
391.75,3.34375,351,0.02226083166897297
139.0,8.78125,352,0.038391321897506714
94.375,5.875,353,0.0722133219242096
370.375,5.5625,354,0.1717412769794464
465.25,2.25,355,0.028885506093502045
218.75,4.875,356,0.03116687759757042
239.125,5.1875,357,0.0967722088098526
351.75,6.75,358,0.05959750711917877
164.625,6.5625,359,0.05581149086356163
588.625,2.0625,360,0.06992322206497192
179.375,10.0,361,0.025864895433187485
165.375,9.3125,362,0.09487183392047882
141.875,6.5625,363,0.15017178654670715
113.25,9.3125,364,0.1089935451745987
183.75,6.03125,365,0.14008203148841858
160.375,8.625,366,0.1125996932387352
193.0,5.03125,367,0.09209534525871277
293.125,6.125,368,0.1138446256518364
187.375,9.46875,369,0.03231726214289665
215.125,8.28125,370,0.03334997221827507
233.625,5.875,371,0.07935939729213715
429.75,3.125,372,0.05938040465116501
156.375,9.3125,373,0.03282468020915985
520.0,2.15625,374,0.10824909061193466
131.75,7.875,375,0.029835307970643044
90.125,6.84375,376,0.07608599960803986
167.875,10.0,377,0.13143256306648254
244.25,8.0,378,0.08062891662120819
281.875,9.46875,379,0.08266638964414597
251.5,5.1875,380,0.044319335371255875
172.25,10.0,381,0.11277853697538376
119.5,10.0,382,0.07140848785638809
331.625,10.0,383,0.12798523902893066
219.375,10.0,384,0.03898279368877411
303.5,10.0,385,0.05108914524316788
272.375,6.9375,386,0.0377114862203598
139.875,9.3125,387,0.05631772056221962
165.0,8.625,388,0.14745578169822693
247.375,9.3125,389,0.11226294934749603
367.5,3.53125,390,0.12027949094772339
145.375,10.0,391,0.05407167226076126
401.625,3.8125,392,0.06733956187963486
164.375,10.0,393,0.05003989115357399
103.375,10.0,394,0.1339777112007141
152.5,9.3125,395,0.18641483783721924
691.5,0.5625,396,0.1565209925174713
244.25,7.9375,397,0.033139269798994064
315.375,6.0625,398,0.0713544636964798
213.875,5.875,399,0.07189202308654785
510.75,2.0,400,0.08842069655656815
525.125,4.6875,401,0.039266251027584076
91.875,9.46875,402,0.0412595272064209
261.625,8.0,403,0.1421559453010559
437.875,3.4375,404,0.06925559788942337
231.25,7.9375,405,0.04176608473062515
375.125,4.21875,406,0.06275034695863724
350.5,4.03125,407,0.06849648058414459
165.125,7.5,408,0.08173762261867523
142.0,7.25,409,0.07305746525526047
167.0,9.3125,410,0.13159601390361786
229.5,9.5,411,0.10776256024837494
228.375,8.625,412,0.0750604048371315
224.75,5.75,413,0.07187699526548386
194.625,5.0625,414,0.07875104993581772
177.0,10.0,415,0.13482309877872467
104.25,8.625,416,0.10889974981546402
267.625,6.71875,417,0.14261551201343536
152.875,6.1875,418,0.06473775207996368
166.375,9.3125,419,0.12661993503570557
327.375,8.1875,420,0.1326202154159546
319.0,8.1875,421,0.04368281736969948
149.125,9.3125,422,0.07139003276824951
147.375,7.375,423,0.11287470161914825
568.75,2.0,424,0.099223293364048
157.875,8.09375,425,0.06645084172487259
217.25,6.03125,426,0.1677648276090622
172.125,4.8125,427,0.12390073388814926
404.5,5.9375,428,0.15450875461101532
217.125,4.8125,429,0.07004786282777786
190.0,6.03125,430,0.09953729808330536
229.625,4.5,431,0.14022867381572723
241.125,8.9375,432,0.08685857802629471
208.875,4.4375,433,0.0847654938697815
186.375,10.0,434,0.10728821158409119
242.625,4.6875,435,0.08642718940973282
486.625,2.6875,436,0.08862394839525223
204.0,10.0,437,0.05241725221276283
476.125,3.3125,438,0.10311027616262436
310.0,7.40625,439,0.0831819400191307
213.5,9.3125,440,0.06493300199508667
491.375,2.625,441,0.0971209853887558
320.75,5.25,442,0.03835182264447212
624.25,0.75,443,0.08151832222938538
171.625,4.5,444,0.04423927888274193
315.375,8.6875,445,0.13074545562267303
373.875,4.5,446,0.06959632784128189
510.375,3.375,447,0.06166256591677666
209.0,10.0,448,0.0514538511633873
408.125,7.375,449,0.09904083609580994
178.5,5.1875,450,0.04023963585495949
685.375,0.6875,451,0.1883222907781601
365.0,5.1875,452,0.04241384193301201
516.75,4.0625,453,0.07949459552764893
636.125,1.4375,454,0.038332000374794006
186.0,10.0,455,0.03254470229148865
259.5,4.5,456,0.1736692637205124
178.5,9.3125,457,0.08778028190135956
188.5,5.1875,458,0.10435712337493896
203.875,8.875,459,0.23454394936561584
163.125,10.0,460,0.11852046847343445
600.875,0.75,461,0.09274514019489288
162.625,8.4375,462,0.04486950486898422
504.375,3.875,463,0.09778977930545807
202.625,5.0,464,0.03037780150771141
279.375,5.59375,465,0.1613873690366745
434.25,2.8125,466,0.0787070021033287
277.875,4.5,467,0.07687871903181076
140.375,4.5,468,0.08616986870765686
768.0,-0.5,469,0.11211618036031723
216.25,8.9375,470,0.01767597906291485
195.125,10.0,471,0.1153518334031105
639.0,0.75,472,0.11872997879981995
449.125,6.0625,473,0.02981289103627205
259.375,10.0,474,0.037575870752334595
100.75,6.5625,475,0.04083483666181564
187.625,4.65625,476,0.18771444261074066
509.0,2.375,477,0.1739567518234253
279.875,4.5,478,0.047935884445905685
218.625,9.5,479,0.0968763455748558
121.875,10.0,480,0.15069884061813354
311.75,4.625,481,0.16736005246639252
320.875,9.46875,482,0.0962345078587532
251.375,8.0,483,0.04189851135015488
344.25,8.125,484,0.09069029986858368
222.375,4.5,485,0.04181512072682381
226.125,6.5625,486,0.15286849439144135
157.75,10.0,487,0.12396802753210068
254.125,9.3125,488,0.13953666388988495
361.625,5.9375,489,0.07931935042142868
178.0,10.0,490,0.07530562579631805
158.375,10.0,491,0.08932575583457947
300.5,4.1875,492,0.07195616513490677
410.875,5.3125,493,0.15554937720298767
234.375,7.5625,494,0.10217590630054474
195.75,6.03125,495,0.10840440541505814
153.875,10.0,496,0.14774221181869507
298.875,5.125,497,0.12374435365200043
220.75,9.3125,498,0.09033410251140594
343.125,7.8125,499,0.08566625416278839
188.0,10.0,500,0.06560356914997101
132.0,10.0,501,0.14145469665527344
538.0,4.0625,502,0.1645340919494629
313.875,8.6875,503,0.05045462027192116
255.5,4.1875,504,0.07634218037128448
162.5,7.625,505,0.09750770777463913
359.5,7.5,506,0.147383451461792
291.875,4.03125,507,0.08635224401950836
82.25,4.3125,508,0.07016726583242416
224.875,5.625,509,0.333779513835907
202.5,9.625,510,0.12607307732105255
132.25,9.25,511,0.20463737845420837
236.5,7.125,512,0.23667404055595398
229.0,9.3125,513,0.11578205227851868
242.875,10.0,514,0.09831508994102478
164.375,5.75,515,0.0907113328576088
442.875,2.875,516,0.25614944100379944
696.5,2.75,517,0.09156320989131927
300.375,10.0,518,0.05145278200507164
211.5,9.0,519,0.08198893070220947
321.0,6.75,520,0.11250372231006622
188.375,5.625,521,0.1314222514629364
210.25,9.3125,522,0.08857052028179169
269.0,10.0,523,0.14112530648708344
182.875,10.0,524,0.06535892188549042
216.75,5.1875,525,0.12341097742319107
191.625,10.0,526,0.15602301061153412
236.625,8.625,527,0.1416538953781128
471.375,6.9375,528,0.12430118769407272
208.5,7.25,529,0.06134164333343506
291.625,4.6875,530,0.11236963421106339
185.25,7.9375,531,0.1267199069261551
348.0,5.9375,532,0.1837097555398941
491.125,4.75,533,0.08374137431383133
238.375,9.46875,534,0.03831961005926132
128.25,7.25,535,0.14314119517803192
634.75,2.375,536,0.24154780805110931
170.125,10.0,537,0.061313528567552567
620.875,0.4375,538,0.15034553408622742
362.125,6.625,539,0.05605650320649147
288.125,10.0,540,0.08854707330465317
402.625,6.3125,541,0.09623762965202332
273.625,7.25,542,0.10736259073019028
399.625,5.9375,543,0.06767015159130096
193.5,6.25,544,0.06953328847885132
235.125,5.53125,545,0.21858030557632446
417.0,3.90625,546,0.14850878715515137
412.75,3.25,547,0.12281889468431473
245.0,10.0,548,0.09312507510185242
206.5,10.0,549,0.08081424236297607
407.5,4.65625,550,0.1202407106757164
283.125,7.9375,551,0.08981911092996597
248.625,10.0,552,0.15146401524543762
208.5,4.5,553,0.18701820075511932
140.875,10.0,554,0.15127600729465485
185.0,10.0,555,0.18049871921539307
298.0,8.1875,556,0.07564859092235565
249.25,10.0,557,0.0915829986333847
141.375,10.0,558,0.11286303400993347
197.0,10.0,559,0.1428230255842209
134.375,10.0,560,0.158772274851799
192.875,8.9375,561,0.19165825843811035
134.25,5.875,562,0.12402217835187912
420.125,6.5,563,0.141618549823761
264.5,10.0,564,0.05929850414395332
262.125,7.0625,565,0.14765168726444244
161.875,10.0,566,0.10255935043096542
242.75,5.84375,567,0.07356054335832596
368.625,4.875,568,0.1488918513059616
205.375,10.0,569,0.06630092859268188
192.125,10.0,570,0.12842167913913727
263.625,7.625,571,0.15075567364692688
404.0,3.25,572,0.13609272241592407
105.25,10.0,573,0.08138678967952728
136.375,10.0,574,0.16691954433918
162.625,10.0,575,0.16421125829219818
144.125,10.0,576,0.18884021043777466
363.875,8.0,577,0.19124199450016022
264.5,5.6875,578,0.09127862751483917
313.625,3.875,579,0.13482557237148285
157.25,5.875,580,0.09409667551517487
178.625,10.0,581,0.13239844143390656
383.5,7.4375,582,0.25793731212615967
277.75,10.0,583,0.07135463505983353
427.125,5.3125,584,0.07237338274717331
111.0,10.0,585,0.10482843965291977
323.875,5.25,586,0.2239977866411209
215.625,8.625,587,0.09190858900547028
206.625,7.21875,588,0.14461569488048553
174.375,9.3125,589,0.11531190574169159
186.625,6.1875,590,0.13539473712444305
198.25,8.0,591,0.19598938524723053
277.0,7.3125,592,0.24805213510990143
219.375,7.25,593,0.16541323065757751
295.5,7.25,594,0.1754317283630371
297.375,7.75,595,0.10356484353542328
205.75,5.1875,596,0.13290075957775116
224.0,10.0,597,0.11519163101911545
210.375,10.0,598,0.1373920887708664
196.25,9.3125,599,0.12072858959436417
262.125,4.0625,600,0.10257044434547424
218.25,9.46875,601,0.18650424480438232
221.375,9.5,602,0.0987231656908989
274.25,8.6875,603,0.09171952307224274
275.5,10.0,604,0.09881936013698578
543.125,2.0,605,0.07274884730577469
129.125,10.0,606,0.0891827717423439
196.125,5.875,607,0.15067249536514282
155.375,10.0,608,0.12265793234109879
345.75,3.25,609,0.09739869087934494
186.0,10.0,610,0.06711325794458389
247.25,9.3125,611,0.20664891600608826
346.125,6.03125,612,0.12753774225711823
454.125,4.0625,613,0.08951020240783691
316.375,7.3125,614,0.08897195756435394
180.5,8.625,615,0.12388765066862106
228.25,4.0,616,0.12042492628097534
99.125,5.1875,617,0.13967137038707733
263.625,10.0,618,0.3239205777645111
241.625,10.0,619,0.09788628667593002
184.625,10.0,620,0.1061662882566452
686.75,0.125,621,0.1344744712114334
168.375,4.96875,622,0.06029559299349785
220.875,10.0,623,0.17040187120437622
173.75,10.0,624,0.1414373815059662
128.0,7.34375,625,0.16329151391983032
339.0,6.9375,626,0.18662956357002258
396.75,3.25,627,0.13372735679149628
296.625,4.65625,628,0.13218332827091217
199.25,9.3125,629,0.17430900037288666
386.875,5.0,630,0.22463591396808624
261.125,8.625,631,0.0679684653878212
579.5,2.1875,632,0.09444653242826462
319.0,10.0,633,0.10469696670770645
374.5,3.0625,634,0.12515820562839508
164.5,8.625,635,0.11040221154689789
147.875,6.5,636,0.23103541135787964
440.875,6.4375,637,0.20043234527111053
262.75,4.65625,638,0.09600157290697098
193.5,4.125,639,0.09185831993818283
230.75,9.5,640,0.24214786291122437
128.75,9.3125,641,0.2358950525522232
162.625,7.9375,642,0.24862739443778992
199.375,5.875,643,0.35719284415245056
227.125,9.125,644,0.18454504013061523
300.125,5.1875,645,0.0912187397480011
254.0,7.5625,646,0.1015796810388565
187.125,10.0,647,0.13439854979515076
257.875,9.5,648,0.26704829931259155
588.625,2.0,649,0.06260279566049576
439.75,5.375,650,0.05960996821522713
164.75,10.0,651,0.06728354841470718
142.375,10.0,652,0.2141101211309433
256.125,6.5625,653,0.26216331124305725
434.375,3.9375,654,0.13315542042255402
288.25,8.9375,655,0.09863496571779251
212.625,7.9375,656,0.1576928049325943
219.5,4.8125,657,0.15325918793678284
332.375,5.125,658,0.30054008960723877
296.5,6.375,659,0.11618559807538986
197.25,9.3125,660,0.1020331159234047
302.625,7.25,661,0.18926289677619934
232.875,7.9375,662,0.10176858305931091
286.5,3.875,663,0.1451680213212967
463.125,3.625,664,0.06785804033279419
419.125,5.75,665,0.0732540413737297
370.875,4.8125,666,0.09213680773973465
229.875,8.25,667,0.07854552567005157
402.875,4.0625,668,0.0819442942738533
175.5,8.09375,669,0.07552541792392731
437.0,2.625,670,0.2556913495063782
287.375,5.8125,671,0.046532854437828064
227.125,10.0,672,0.15663962066173553
188.0,10.0,673,0.07209551334381104
219.0,8.4375,674,0.12789468467235565
228.375,5.1875,675,0.09376630932092667
403.625,3.375,676,0.19519659876823425
212.375,8.625,677,0.12225194275379181
160.625,10.0,678,0.11138886213302612
417.75,3.875,679,0.09802573174238205
381.875,4.75,680,0.10176067799329758
214.5,6.5625,681,0.11412607133388519
221.125,7.40625,682,0.16462242603302002
237.75,10.0,683,0.3439498543739319
499.875,3.3125,684,0.0726972445845604
113.25,8.625,685,0.06368297338485718
237.875,10.0,686,0.24002282321453094
255.5,9.6875,687,0.13694286346435547
465.625,7.375,688,0.24574285745620728
341.0,5.9375,689,0.06866341084241867
180.0,9.3125,690,0.15681792795658112
143.5,10.0,691,0.1296853870153427
176.5,10.0,692,0.3281411826610565
141.5,7.9375,693,0.13099844753742218
196.0,5.1875,694,0.16844862699508667
153.625,10.0,695,0.1168469488620758
99.125,10.0,696,0.14511427283287048
510.75,4.1875,697,0.2439689040184021
205.125,4.6875,698,0.06398214399814606
205.375,7.71875,699,0.2014126181602478
163.75,5.875,700,0.13396906852722168
142.5,8.625,701,0.2866838872432709
484.875,2.40625,702,0.1962510198354721
141.625,9.3125,703,0.07042358815670013
106.5,5.875,704,0.19584114849567413
148.125,10.0,705,0.2071245014667511
432.5,3.25,706,0.22919785976409912
419.0,3.53125,707,0.09329555183649063
227.25,5.375,708,0.10776077955961227
143.0,9.3125,709,0.19509725272655487
292.125,6.75,710,0.15324313938617706
216.375,10.0,711,0.11364033818244934
257.125,9.3125,712,0.17213280498981476
223.0,8.625,713,0.11044047772884369
139.5,10.0,714,0.16141977906227112
222.625,7.09375,715,0.08857801556587219
384.625,3.875,716,0.1603180468082428
190.0,8.625,717,0.084990493953228
148.875,10.0,718,0.17632748186588287
227.25,6.5625,719,0.1753891408443451
330.0,6.375,720,0.14472118020057678
221.25,10.0,721,0.21241401135921478
128.75,8.625,722,0.145597904920578
145.125,10.0,723,0.30378758907318115
187.25,10.0,724,0.14558181166648865
225.75,9.875,725,0.04966375604271889
155.125,9.5,726,0.13477151095867157
156.625,8.625,727,0.09649207442998886
302.75,4.5,728,0.26935404539108276
132.5,4.5,729,0.11710499972105026
335.625,6.4375,730,0.2922026515007019
250.75,5.875,731,0.12346047163009644
298.625,10.0,732,0.13579826056957245
289.375,5.4375,733,0.1285879909992218
171.5,5.875,734,0.1416161209344864
181.75,10.0,735,0.27476873993873596
139.5,9.3125,736,0.1743062436580658
193.625,10.0,737,0.33480390906333923
183.5,8.625,738,0.09395365417003632
223.875,10.0,739,0.14690905809402466
211.75,10.0,740,0.11364594846963882
209.125,4.65625,741,0.09558899700641632
768.0,-0.5,742,0.20112267136573792
183.625,9.3125,743,0.019245784729719162
216.625,10.0,744,0.163778617978096
134.125,10.0,745,0.08845832198858261
417.625,3.375,746,0.3245777189731598
202.125,8.9375,747,0.13154730200767517
380.0,5.5625,748,0.13465465605258942
147.125,10.0,749,0.14106544852256775
147.375,10.0,750,0.21518486738204956
153.625,7.25,751,0.16507478058338165
167.25,7.9375,752,0.32248347997665405
135.0,8.625,753,0.15733672678470612
243.75,10.0,754,0.21444754302501678
673.875,0.25,755,0.07781750708818436
248.5,8.625,756,0.04783288761973381
123.375,10.0,757,0.11971653997898102
115.5,10.0,758,0.2620358467102051
132.0,10.0,759,0.3912048637866974
320.25,4.5625,760,0.21176555752754211
190.625,9.5,761,0.13147607445716858
223.625,5.28125,762,0.15007220208644867
315.75,10.0,763,0.13542522490024567
235.0,9.3125,764,0.08399975299835205
222.625,7.03125,765,0.13762401044368744
313.75,4.5,766,0.1655329316854477
211.625,7.8125,767,0.04052566736936569
281.375,10.0,768,0.21965205669403076
226.625,10.0,769,0.06684617698192596
313.125,7.25,770,0.08148885518312454
244.75,6.71875,771,0.06331267952919006
223.5,8.625,772,0.14918817579746246
265.75,5.1875,773,0.1519157737493515
305.875,9.5,774,0.11985894292593002
189.0,4.5625,775,0.1271795928478241
256.875,5.875,776,0.15979674458503723
169.75,5.1875,777,0.13675661385059357
197.0,10.0,778,0.096716970205307
253.75,10.0,779,0.10754525661468506
233.25,7.25,780,0.11032665520906448
415.75,3.875,781,0.1705363392829895
248.875,7.25,782,0.12308476865291595
212.125,5.1875,783,0.1692444384098053
236.25,10.0,784,0.1657235026359558
415.375,3.25,785,0.08089538663625717
228.375,5.6875,786,0.09857363998889923
324.0,10.0,787,0.17706358432769775
177.375,10.0,788,0.09538298845291138
250.75,10.0,789,0.17073369026184082
162.375,10.0,790,0.07811237126588821
274.125,7.40625,791,0.11328648775815964
258.5,9.3125,792,0.07422222942113876
186.5,5.1875,793,0.12932276725769043
261.75,5.75,794,0.14435124397277832
266.75,9.3125,795,0.09784842282533646
224.25,10.0,796,0.10491062700748444
516.75,2.75,797,0.09930391609668732
110.5,10.0,798,0.077452152967453
165.625,7.25,799,0.2686651647090912
211.25,10.0,800,0.17023761570453644
266.375,8.1875,801,0.10523432493209839
238.25,4.6875,802,0.09533649682998657
391.0,3.75,803,0.13026781380176544
401.125,5.9375,804,0.09809491783380508
194.875,4.125,805,0.07394688576459885
258.0,9.0,806,0.14233405888080597
313.0,4.5,807,0.0649048462510109
184.375,8.625,808,0.12543998658657074
299.875,7.25,809,0.18164467811584473
258.0,10.0,810,0.12340577691793442
505.625,2.875,811,0.1779535859823227
392.0,3.75,812,0.07084697484970093
236.125,8.6875,813,0.08263597637414932
238.5,5.875,814,0.12904195487499237
216.75,5.1875,815,0.11747915297746658
251.0,5.0,816,0.25464150309562683
303.625,4.0,817,0.1397635042667389
177.0,4.6875,818,0.11929391324520111
211.5,10.0,819,0.14933042228221893
449.375,4.625,820,0.08052319288253784
171.75,10.0,821,0.06752104312181473
184.25,6.5625,822,0.10332595556974411
210.375,10.0,823,0.13432471454143524
213.625,6.5625,824,0.09642072767019272
479.5,3.5,825,0.12863105535507202
230.25,10.0,826,0.1143442913889885
151.0,10.0,827,0.09142180532217026
351.625,3.875,828,0.18806536495685577
356.0,5.1875,829,0.07957339286804199
212.125,5.875,830,0.09816717356443405
204.375,4.5,831,0.19819623231887817
163.875,8.625,832,0.06981479376554489
316.875,4.375,833,0.18107721209526062
220.75,10.0,834,0.11201504617929459
202.625,5.875,835,0.07154392451047897
152.625,10.0,836,0.1437431424856186
212.625,10.0,837,0.20572970807552338
275.25,3.875,838,0.12208603322505951
428.5,4.6875,839,0.09611256420612335
236.25,5.03125,840,0.09311848133802414
198.625,8.625,841,0.07780684530735016
326.75,10.0,842,0.3530248701572418
276.625,10.0,843,0.10044166445732117
314.375,4.1875,844,0.10113602876663208
351.5,10.0,845,0.12338964641094208
194.125,9.5,846,0.05944409593939781
565.25,2.0,847,0.1969933956861496
260.25,5.875,848,0.047936346381902695
481.625,4.65625,849,0.08723993599414825
183.375,10.0,850,0.08004945516586304
178.25,5.1875,851,0.09794054180383682
288.0,5.875,852,0.17142193019390106
199.375,9.46875,853,0.1326465904712677
142.375,10.0,854,0.18600700795650482
272.125,8.15625,855,0.3453380763530731
144.5,10.0,856,0.07676351815462112
197.875,10.0,857,0.08472684770822525
383.75,6.6875,858,0.16852477192878723
241.125,8.625,859,0.09077489376068115
137.375,8.625,860,0.21059082448482513
412.5,4.25,861,0.2792460322380066
169.0,10.0,862,0.07003683596849442
174.75,10.0,863,0.12934426963329315
152.0,7.9375,864,0.06738654524087906
372.375,3.25,865,0.2336745709180832
267.0,5.0,866,0.09592395275831223
333.25,7.3125,867,0.09242938458919525
231.625,9.3125,868,0.15530864894390106
252.875,4.3125,869,0.13731873035430908
290.0,4.5,870,0.1175229474902153
254.375,6.5,871,0.1126767098903656
282.125,4.96875,872,0.14775243401527405
211.75,6.53125,873,0.07733774185180664
143.75,4.5,874,0.17620441317558289
768.0,-0.5,875,0.17394492030143738
290.75,5.9375,876,0.04149261862039566
246.0,4.5,877,0.1713363379240036
260.875,10.0,878,0.16584745049476624
166.0,10.0,879,0.07556039094924927
161.25,10.0,880,0.15624988079071045
413.25,4.03125,881,0.263129860162735
337.0,3.875,882,0.12402835488319397
673.375,0.875,883,0.11146458238363266
253.625,7.9375,884,0.062394119799137115
223.0,6.125,885,0.09680484980344772
271.375,10.0,886,0.12539902329444885
182.875,6.65625,887,0.0757315531373024
265.5,9.8125,888,0.1616859883069992
195.75,10.0,889,0.12059837579727173
184.75,8.625,890,0.09800984710454941
202.75,9.0,891,0.1499350219964981
229.125,7.40625,892,0.19532661139965057
235.0,7.25,893,0.12880700826644897
417.75,7.09375,894,0.13955198228359222
273.625,4.8125,895,0.11352010816335678
170.625,10.0,896,0.19283618032932281
122.0,10.0,897,0.14682170748710632
262.625,5.1875,898,0.23446974158287048
471.125,4.3125,899,0.1734340935945511
768.0,-0.5,900,0.06960739940404892
189.125,9.3125,901,0.036262545734643936
147.5,10.0,902,0.13243529200553894
199.875,10.0,903,0.10255920886993408
320.0,5.25,904,0.06035358086228371
307.125,7.9375,905,0.18541276454925537
227.0,6.5625,906,0.09344799071550369
135.0,6.5625,907,0.14833061397075653
212.375,7.3125,908,0.25034037232398987
176.5,6.0,909,0.159915030002594
187.625,10.0,910,0.1478046178817749
201.125,8.25,911,0.1637786626815796
189.125,10.0,912,0.14269471168518066
309.25,4.5625,913,0.1865067332983017
342.5,5.5,914,0.21063312888145447
247.75,4.0,915,0.13201232254505157
174.0,10.0,916,0.20173025131225586
212.25,10.0,917,0.1465783715248108
312.875,7.6875,918,0.10107553750276566
270.625,8.3125,919,0.13538677990436554
536.625,3.9375,920,0.15694843232631683
218.0,8.09375,921,0.06214675307273865
220.0,10.0,922,0.12177120894193649
173.875,5.5,923,0.14767251908779144
623.5,1.5,924,0.20252402126789093
219.25,10.0,925,0.0778624564409256
133.0,10.0,926,0.13789327442646027
196.75,10.0,927,0.1942168027162552
194.0,9.3125,928,0.08754794299602509
319.625,6.625,929,0.22841757535934448
180.5,9.3125,930,0.09875613451004028
268.0,5.0,931,0.17565588653087616
258.25,8.625,932,0.07950387895107269
166.25,10.0,933,0.09432173520326614
164.75,8.625,934,0.1455927938222885
228.625,7.40625,935,0.19566060602664948
141.75,10.0,936,0.14834171533584595
199.0,6.5625,937,0.19026169180870056
179.25,9.3125,938,0.08881103247404099
208.75,10.0,939,0.12189003825187683
222.0,7.9375,940,0.07523411512374878
131.75,7.9375,941,0.1314038336277008
257.625,10.0,942,0.30172234773635864
476.625,3.5,943,0.09126849472522736
201.25,5.875,944,0.0594775415956974
236.25,4.5625,945,0.1395740956068039
157.125,10.0,946,0.14219863712787628
189.5,4.5,947,0.2457229197025299
178.25,10.0,948,0.18124260008335114
332.0,3.9375,949,0.11619413644075394
252.0,5.625,950,0.1649000346660614
130.75,6.34375,951,0.11694355309009552
180.0,10.0,952,0.2724427580833435
254.25,7.25,953,0.17870520055294037
138.0,4.5,954,0.1170753762125969
289.375,4.34375,955,0.1748557984828949
226.375,4.0,956,0.14444825053215027
136.875,8.96875,957,0.19185981154441833
135.625,4.4375,958,0.2517562210559845
251.5,10.0,959,0.14948298037052155
183.25,8.625,960,0.08581200987100601
263.875,6.4375,961,0.1763521283864975
165.0,10.0,962,0.1177353635430336
232.625,2.5,963,0.24357570707798004
133.875,5.34375,964,0.114791639149189
335.625,4.5,965,0.18458223342895508
143.0,7.25,966,0.1932140737771988
231.125,5.25,967,0.17023538053035736
215.375,5.53125,968,0.22025610506534576
105.875,10.0,969,0.11484570801258087
490.5,2.625,970,0.1994277983903885
195.0,10.0,971,0.09653584659099579
141.375,6.5625,972,0.1686849147081375
129.625,10.0,973,0.25587862730026245
147.375,6.9375,974,0.20994825661182404
231.0,7.9375,975,0.18256095051765442
134.25,5.0,976,0.12487073242664337
105.375,10.0,977,0.2301771342754364
216.625,10.0,978,0.35019373893737793
140.875,10.0,979,0.07733864337205887
228.625,9.3125,980,0.17090605199337006
111.0,10.0,981,0.19702178239822388
202.25,7.9375,982,0.2524838149547577
349.0,3.8125,983,0.13459108769893646
202.75,10.0,984,0.10280914604663849
179.875,10.0,985,0.1471530795097351
182.125,5.875,986,0.15258610248565674
111.125,4.65625,987,0.16246093809604645
325.625,8.0625,988,0.280544638633728
200.375,9.3125,989,0.09341641515493393
155.0,10.0,990,0.18424013257026672
359.5,3.75,991,0.13657121360301971
392.5,4.3125,992,0.1294310837984085
264.5,10.0,993,0.10429523140192032
304.25,7.25,994,0.1536642611026764
210.25,10.0,995,0.1265685260295868
261.5,10.0,996,0.1088705062866211
161.5,8.625,997,0.1332661211490631
477.75,3.40625,998,0.18092480301856995
287.0,8.8125,999,0.10291796922683716
208.25,10.0,1000,0.08881521224975586
164.125,9.3125,1001,0.17889079451560974
283.25,4.5,1002,0.2060519903898239
160.375,5.75,1003,0.13273568451404572
103.875,8.9375,1004,0.23063620924949646
157.375,7.9375,1005,0.3074832856655121
248.875,6.0625,1006,0.135183185338974
156.125,10.0,1007,0.24011658132076263
207.75,10.0,1008,0.17416512966156006
390.75,8.6875,1009,0.09311772882938385
364.125,4.1875,1010,0.11226306110620499
346.375,5.4375,1011,0.12722259759902954
485.0,8.6875,1012,0.18312279880046844
328.0,8.625,1013,0.07835467904806137
271.125,10.0,1014,0.1318909078836441
174.75,5.875,1015,0.16000552475452423
240.125,9.46875,1016,0.24345724284648895
153.0,10.0,1017,0.20883454382419586
512.375,7.5,1018,0.08376407623291016
242.875,4.5,1019,0.06786437332630157
145.875,6.875,1020,0.13587452471256256
165.125,10.0,1021,0.3514619469642639
220.625,5.1875,1022,0.1555107831954956
235.0,8.875,1023,0.21879559755325317
166.0,9.3125,1024,0.18988746404647827
207.5,9.3125,1025,0.2063637524843216
424.375,4.6875,1026,0.28637272119522095
176.0,5.15625,1027,0.1253078430891037
208.375,10.0,1028,0.21074223518371582
157.625,8.625,1029,0.12566837668418884
332.125,4.71875,1030,0.2950722873210907
134.125,5.875,1031,0.14547812938690186
211.75,9.3125,1032,0.30758136510849
166.125,8.78125,1033,0.14326608180999756
256.75,8.6875,1034,0.3240624666213989
237.125,10.0,1035,0.1478823870420456
420.75,4.59375,1036,0.14378497004508972
134.875,10.0,1037,0.0883370190858841
181.5,10.0,1038,0.20823803544044495
241.625,8.625,1039,0.2201143205165863
157.5,9.3125,1040,0.16673314571380615
263.125,5.59375,1041,0.1803831309080124
197.0,10.0,1042,0.12936587631702423
152.75,8.625,1043,0.13539940118789673
145.5,10.0,1044,0.2357148379087448
284.375,9.3125,1045,0.22390511631965637
500.875,2.375,1046,0.1292988806962967
195.125,10.0,1047,0.0814983919262886
163.625,8.625,1048,0.11966706812381744
458.25,4.75,1049,0.24886775016784668
191.875,4.65625,1050,0.12934564054012299
508.75,4.0,1051,0.23348969221115112
176.375,5.34375,1052,0.1190718561410904
259.75,10.0,1053,0.25174471735954285
217.875,5.125,1054,0.1310768574476242
241.375,9.3125,1055,0.1497965008020401
226.375,8.78125,1056,0.09639238566160202
211.75,0.75,1057,0.15874086320400238
389.125,10.0,1058,0.14688336849212646
155.625,7.25,1059,0.08551503717899323
247.625,10.0,1060,0.2061849683523178
199.125,8.625,1061,0.12652632594108582
159.125,10.0,1062,0.15202605724334717
153.25,10.0,1063,0.13433143496513367
173.5,10.0,1064,0.1091751903295517
142.875,10.0,1065,0.20263448357582092
366.875,3.875,1066,0.13795192539691925
606.125,2.6875,1067,0.16795966029167175
220.625,6.625,1068,0.06351935863494873
323.25,3.875,1069,0.1353287398815155
582.125,3.375,1070,0.14858929812908173
312.125,4.5625,1071,0.09362376481294632
193.625,10.0,1072,0.0966963842511177
215.875,8.625,1073,0.0823950245976448
265.375,8.625,1074,0.1882818043231964
243.125,10.0,1075,0.15658989548683167
230.5,5.1875,1076,0.10697834938764572
221.375,9.46875,1077,0.18271125853061676
139.125,10.0,1078,0.07356270402669907
420.0,6.125,1079,0.21328800916671753
152.0,9.3125,1080,0.123480886220932
137.0,9.5,1081,0.19724006950855255
338.25,5.875,1082,0.10650607198476791
223.625,6.625,1083,0.1660424917936325
281.375,8.96875,1084,0.1407240480184555
231.25,5.1875,1085,0.13379256427288055
96.25,7.9375,1086,0.13530495762825012
159.625,10.0,1087,0.34847649931907654
273.5,9.5,1088,0.1464104801416397
560.0,2.1875,1089,0.0707266628742218
246.375,10.0,1090,0.10923232138156891
228.125,5.875,1091,0.17089426517486572
303.75,4.5625,1092,0.20768338441848755
449.375,4.0,1093,0.08899020403623581
203.375,10.0,1094,0.11970777809619904
350.5,6.71875,1095,0.10336688905954361
209.5,9.3125,1096,0.10000941157341003
192.5,10.0,1097,0.12412849813699722
298.375,10.0,1098,0.13351298868656158
135.0,10.0,1099,0.1282680481672287
201.0,7.25,1100,0.26397597789764404
489.75,2.4375,1101,0.10844876617193222
233.75,6.8125,1102,0.06515327841043472
312.25,5.1875,1103,0.1095276027917862
582.125,1.4375,1104,0.13538821041584015
179.625,7.40625,1105,0.07367295771837234
189.375,10.0,1106,0.16029129922389984
222.75,8.625,1107,0.1271253526210785
196.875,10.0,1108,0.14311549067497253
192.375,5.875,1109,0.15459983050823212
149.25,9.125,1110,0.3198537826538086
456.625,3.0625,1111,0.2500185966491699
230.0,10.0,1112,0.11844919621944427
329.875,6.5625,1113,0.09500247985124588
188.75,9.46875,1114,0.162467822432518
203.875,9.3125,1115,0.16063472628593445
362.75,9.3125,1116,0.13641764223575592
200.125,10.0,1117,0.13062138855457306
189.5,5.0625,1118,0.08084391057491302
184.75,10.0,1119,0.269127756357193
184.25,10.0,1120,0.1784931868314743
239.875,7.25,1121,0.09452415257692337
303.125,7.4375,1122,0.22882972657680511
276.375,6.5625,1123,0.12559901177883148
353.625,6.0,1124,0.16592775285243988
264.0,4.5,1125,0.1537512242794037
711.875,0.375,1126,0.19478411972522736
148.0,10.0,1127,0.04257595166563988
223.5,10.0,1128,0.30522575974464417
164.75,8.625,1129,0.13929730653762817
189.875,9.3125,1130,0.17417678236961365
180.75,5.1875,1131,0.16129858791828156
172.5,10.0,1132,0.22864487767219543
244.0,4.5,1133,0.1645728200674057
219.375,4.5,1134,0.17786581814289093
270.25,4.8125,1135,0.21889133751392365
111.5,10.0,1136,0.16024674475193024
223.75,8.625,1137,0.2853216230869293
183.0,10.0,1138,0.1671816110610962
249.125,5.875,1139,0.06264544278383255
331.625,9.3125,1140,0.22452908754348755
140.5,8.625,1141,0.0823705792427063
177.25,10.0,1142,0.24425874650478363
231.0,7.25,1143,0.14556828141212463
269.75,8.625,1144,0.13467934727668762
378.125,7.25,1145,0.10545802861452103
160.75,10.0,1146,0.12174083292484283
282.0,5.1875,1147,0.10688818991184235
114.375,10.0,1148,0.1674320101737976
247.375,4.0,1149,0.14868946373462677
378.75,4.75,1150,0.21296018362045288
265.75,10.0,1151,0.11043921113014221
161.0,10.0,1152,0.09597916901111603
235.125,10.0,1153,0.07256889343261719
296.75,9.125,1154,0.12476922571659088
553.25,4.1875,1155,0.13353200256824493
166.25,10.0,1156,0.06451895087957382
158.25,10.0,1157,0.24265243113040924
234.625,5.6875,1158,0.22355473041534424
254.75,4.5,1159,0.2268899530172348
154.625,6.1875,1160,0.1853151023387909
229.125,9.3125,1161,0.280539870262146
322.375,3.375,1162,0.14719949662685394
283.75,8.25,1163,0.14184445142745972
156.125,5.875,1164,0.16834187507629395
172.125,7.9375,1165,0.3046380579471588
173.375,4.8125,1166,0.2267412692308426
175.625,10.0,1167,0.2334846556186676
150.375,8.5,1168,0.15964384377002716
217.875,3.75,1169,0.2654569149017334
115.125,8.40625,1170,0.2432916760444641
577.5,1.75,1171,0.3869662582874298
154.75,10.0,1172,0.11572504788637161
283.875,3.28125,1173,0.11303075402975082
127.25,6.625,1174,0.1855461746454239
124.625,9.5,1175,0.2436814308166504
139.25,8.625,1176,0.23580589890480042
323.25,4.8125,1177,0.20543622970581055
358.875,3.25,1178,0.11168163269758224
219.0,6.9375,1179,0.16282600164413452
384.125,3.5625,1180,0.12617669999599457
322.625,6.4375,1181,0.1969771385192871
238.75,5.1875,1182,0.11997511237859726
203.125,10.0,1183,0.1476079225540161
204.875,10.0,1184,0.1281571239233017
175.25,7.59375,1185,0.13046684861183167
174.375,8.625,1186,0.17118136584758759
683.5,1.75,1187,0.13305334746837616
182.5,10.0,1188,0.06841691583395004
287.75,7.15625,1189,0.12295497208833694
325.125,4.125,1190,0.0939498022198677
381.75,6.3125,1191,0.1814836710691452
319.75,5.875,1192,0.11224810034036636
243.25,5.3125,1193,0.15904384851455688
145.125,10.0,1194,0.1279427409172058
242.25,7.9375,1195,0.1584700495004654
144.375,10.0,1196,0.14034345746040344
116.0,9.125,1197,0.20370787382125854
212.375,7.9375,1198,0.22910311818122864
207.0,7.9375,1199,0.16154246032238007
240.75,5.0625,1200,0.1728661209344864
176.0,5.0,1201,0.13471786677837372
163.25,9.125,1202,0.15360185503959656
233.375,10.0,1203,0.14593550562858582
213.5,7.9375,1204,0.15818537771701813
208.0,8.4375,1205,0.2640106976032257
239.75,10.0,1206,0.14165829122066498
262.625,9.3125,1207,0.06816152483224869
187.0,10.0,1208,0.10832884907722473
390.125,6.25,1209,0.16299200057983398
176.25,10.0,1210,0.0991998240351677
313.0,10.0,1211,0.10692489892244339
309.875,7.25,1212,0.1413036733865738
194.5,10.0,1213,0.15389573574066162
181.5,9.46875,1214,0.12149220705032349
186.125,10.0,1215,0.07916058599948883
188.875,10.0,1216,0.09969890117645264
253.375,9.3125,1217,0.19330289959907532
139.375,10.0,1218,0.21698205173015594
399.625,5.25,1219,0.16278448700904846
259.5,5.625,1220,0.09038716554641724
454.5,3.0625,1221,0.11257278174161911
190.375,7.3125,1222,0.11512889713048935
249.0,10.0,1223,0.20800501108169556
170.25,10.0,1224,0.058346789330244064
203.375,8.625,1225,0.08294163644313812
189.25,3.0625,1226,0.17339804768562317
198.0,6.96875,1227,0.24054859578609467
222.875,2.8125,1228,0.10821135342121124
294.5,6.9375,1229,0.1270822137594223
422.875,4.25,1230,0.12997405230998993
313.375,8.3125,1231,0.11075028032064438
198.75,8.5,1232,0.12984880805015564
279.25,7.375,1233,0.13982729613780975
202.5,6.40625,1234,0.1105431616306305
156.25,8.3125,1235,0.14916573464870453
212.25,10.0,1236,0.21100099384784698
158.25,10.0,1237,0.11968199908733368
207.5,9.5,1238,0.1677440106868744
356.0,5.1875,1239,0.19197535514831543
309.5,4.3125,1240,0.1738780438899994
131.0,8.4375,1241,0.1644568145275116
124.75,8.9375,1242,0.35350877046585083
309.0,6.9375,1243,0.24043779075145721
204.75,10.0,1244,0.15131424367427826
565.625,2.625,1245,0.12196367233991623
211.375,10.0,1246,0.04760062322020531
244.0,8.875,1247,0.13271474838256836
242.75,5.875,1248,0.22425809502601624
166.75,9.0,1249,0.11749030649662018
135.5,10.0,1250,0.15952959656715393
358.5,5.0625,1251,0.274249792098999
112.0,8.625,1252,0.1265813708305359
104.25,3.375,1253,0.24672716856002808
241.625,7.21875,1254,0.4941553473472595
210.0,5.875,1255,0.22606107592582703
108.125,10.0,1256,0.13311325013637543
316.75,6.5625,1257,0.2688254117965698
515.0,2.375,1258,0.14709830284118652
152.75,10.0,1259,0.11388183385133743
385.75,8.0,1260,0.27333077788352966
436.0,8.0,1261,0.10446394979953766
498.375,2.9375,1262,0.12457919865846634
335.125,10.0,1263,0.11219850927591324
140.875,10.0,1264,0.12376700341701508
220.625,9.3125,1265,0.28743359446525574
143.75,8.625,1266,0.11410433799028397
239.375,10.0,1267,0.1650274097919464
190.5,3.75,1268,0.08446428179740906
472.5,3.28125,1269,0.2789728045463562
183.875,10.0,1270,0.16055583953857422
210.625,10.0,1271,0.2792796790599823
345.75,4.125,1272,0.15055109560489655
462.625,3.9375,1273,0.14756979048252106
365.5,6.75,1274,0.13176773488521576
324.25,4.6875,1275,0.11277107894420624
135.75,6.5,1276,0.1744745522737503
320.375,4.75,1277,0.24984736740589142
136.375,7.375,1278,0.1507980078458786
485.5,1.75,1279,0.14200656116008759
215.125,10.0,1280,0.1482449620962143
732.75,0.9375,1281,0.10991024225950241
155.875,8.25,1282,0.08407788723707199
561.75,2.25,1283,0.13511908054351807
203.125,4.75,1284,0.10075569897890091
208.375,10.0,1285,0.16534289717674255
306.25,7.4375,1286,0.20110543072223663
199.875,7.9375,1287,0.13571108877658844
233.5,7.0625,1288,0.17162498831748962
186.0,9.125,1289,0.2770373225212097
195.5,10.0,1290,0.21167275309562683
339.875,3.875,1291,0.17570853233337402
154.75,10.0,1292,0.18533942103385925
237.5,8.625,1293,0.22025084495544434
244.0,5.9375,1294,0.22401045262813568
125.625,9.3125,1295,0.13808554410934448
206.25,9.3125,1296,0.29048454761505127
243.625,10.0,1297,0.1766386330127716
191.625,3.9375,1298,0.10827092081308365
450.375,2.75,1299,0.15038245916366577
491.25,4.0625,1300,0.12382831424474716
496.5,5.3125,1301,0.08905945718288422
249.75,10.0,1302,0.07512784749269485
182.5,9.125,1303,0.12278202921152115
187.125,6.1875,1304,0.21378298103809357
177.875,9.3125,1305,0.2771592438220978
247.875,8.625,1306,0.1633676141500473
222.75,10.0,1307,0.14858520030975342
636.875,2.25,1308,0.08356373757123947
242.125,7.4375,1309,0.08811372518539429
220.75,9.3125,1310,0.1500987559556961
230.75,7.25,1311,0.12239402532577515
293.875,6.4375,1312,0.15320926904678345
296.875,10.0,1313,0.12622210383415222
179.625,10.0,1314,0.11605504155158997
348.5,4.34375,1315,0.08938188850879669
277.0,8.28125,1316,0.17470477521419525
355.125,7.3125,1317,0.19925788044929504
155.125,10.0,1318,0.13819360733032227
239.125,7.25,1319,0.10605354607105255
397.25,6.125,1320,0.1818770319223404
418.25,4.875,1321,0.13315460085868835
352.0,6.375,1322,0.13348588347434998
197.0,10.0,1323,0.10864865034818649
165.125,10.0,1324,0.12348766624927521
346.375,4.5,1325,0.1210494413971901
199.375,10.0,1326,0.11490695178508759
226.875,10.0,1327,0.1899653822183609
221.5,9.3125,1328,0.08780310302972794
110.375,10.0,1329,0.19460251927375793
419.125,5.25,1330,0.2223009318113327
462.375,3.28125,1331,0.09953457117080688
449.25,7.3125,1332,0.1675698161125183
335.875,6.5625,1333,0.11253725737333298
207.75,10.0,1334,0.18425635993480682
197.25,10.0,1335,0.115199014544487
257.875,10.0,1336,0.1506786346435547
148.625,9.0,1337,0.11791644245386124
257.75,8.625,1338,0.17948409914970398
206.875,10.0,1339,0.1882140040397644
166.875,10.0,1340,0.19947658479213715
768.0,-0.5,1341,0.1436135321855545
353.75,7.9375,1342,0.08496730774641037
198.5,4.71875,1343,0.11615666002035141
228.75,4.5,1344,0.2323080450296402
354.75,6.71875,1345,0.16656295955181122
241.75,9.3125,1346,0.11537395417690277
166.75,8.5,1347,0.08176424354314804
278.25,9.3125,1348,0.14831741154193878
410.5,8.625,1349,0.12925975024700165
225.75,9.3125,1350,0.12886227667331696
320.75,7.25,1351,0.19507764279842377
408.75,5.3125,1352,0.14423128962516785
195.625,8.625,1353,0.09783224761486053
357.625,8.625,1354,0.22121067345142365
361.375,4.0625,1355,0.11703335493803024
120.0,10.0,1356,0.1558692902326584
303.875,9.1875,1357,0.3641851544380188
208.125,6.5625,1358,0.2087714672088623
134.625,10.0,1359,0.1766144186258316
452.25,4.125,1360,0.20074540376663208
349.5,3.25,1361,0.10143453627824783
297.0,7.625,1362,0.13612698018550873
263.625,10.0,1363,0.14392785727977753
171.5,9.3125,1364,0.19052833318710327
331.0,6.5625,1365,0.23465006053447723
308.75,4.5,1366,0.1470065712928772
232.0,7.9375,1367,0.1851368397474289
284.125,5.5625,1368,0.2142992615699768
210.5,5.1875,1369,0.19810816645622253
152.875,9.3125,1370,0.15342707931995392
151.125,10.0,1371,0.17376025021076202
202.875,4.5,1372,0.12977072596549988
323.5,6.75,1373,0.12982863187789917
222.875,4.65625,1374,0.1551511436700821
302.375,8.0,1375,0.20760886371135712
344.625,4.5,1376,0.15114863216876984
388.375,8.28125,1377,0.17424319684505463
322.375,8.625,1378,0.11957889050245285
221.625,4.96875,1379,0.13943146169185638
318.25,8.625,1380,0.22888174653053284
290.0,10.0,1381,0.14024044573307037
170.875,10.0,1382,0.06826047599315643
239.25,5.1875,1383,0.13871987164020538
136.625,5.8125,1384,0.1673869788646698
267.875,6.5625,1385,0.1622331291437149
218.125,10.0,1386,0.14587777853012085
179.75,10.0,1387,0.08503316342830658
197.875,5.59375,1388,0.16190072894096375
351.5,9.125,1389,0.2561410665512085
247.875,5.875,1390,0.11598871648311615
166.5,10.0,1391,0.1634085327386856
209.0,5.1875,1392,0.10812656581401825
299.5,6.0625,1393,0.27900487184524536
165.625,5.875,1394,0.21711908280849457
177.375,10.0,1395,0.22369647026062012
220.75,7.25,1396,0.1596483588218689
275.0,5.875,1397,0.21787315607070923
180.5,5.0,1398,0.17639422416687012
227.375,10.0,1399,0.2097863256931305
268.75,10.0,1400,0.06888440996408463
303.625,9.3125,1401,0.0798913985490799
192.25,10.0,1402,0.08200810849666595
276.125,8.625,1403,0.20787762105464935
249.75,5.5,1404,0.1568540781736374
257.75,10.0,1405,0.23713566362857819
248.875,5.34375,1406,0.09531383961439133
278.75,8.6875,1407,0.1571281999349594
175.375,9.3125,1408,0.10079734027385712
282.125,10.0,1409,0.1840018332004547
155.875,10.0,1410,0.06299516558647156
184.125,10.0,1411,0.21198225021362305
190.75,9.3125,1412,0.17320768535137177
402.125,8.78125,1413,0.17493067681789398
170.0,10.0,1414,0.1223316490650177
325.0,7.25,1415,0.10302407294511795
146.875,9.3125,1416,0.10952169448137283
154.75,9.3125,1417,0.17860090732574463
155.0,10.0,1418,0.15116296708583832
235.25,5.9375,1419,0.11896013468503952
229.625,5.1875,1420,0.17365610599517822
300.25,6.3125,1421,0.14557567238807678
359.625,6.5625,1422,0.14435890316963196
208.25,9.3125,1423,0.18471139669418335
211.625,7.25,1424,0.1942516267299652
155.625,10.0,1425,0.17596185207366943
190.625,7.25,1426,0.1992677003145218
291.5,10.0,1427,0.21677270531654358
141.125,10.0,1428,0.13555194437503815
489.375,7.3125,1429,0.30216774344444275
193.875,8.625,1430,0.110439732670784
260.375,10.0,1431,0.1897360235452652
213.0,7.25,1432,0.12597021460533142
185.0,9.3125,1433,0.22036641836166382
263.875,10.0,1434,0.10084811598062515
286.5,8.625,1435,0.15899883210659027
579.0,2.125,1436,0.17386893928050995
264.625,7.25,1437,0.11531594395637512
212.0,4.5,1438,0.12200906872749329
259.375,4.65625,1439,0.37778693437576294
153.625,7.9375,1440,0.20401951670646667
149.0,7.40625,1441,0.2533978819847107
205.125,8.4375,1442,0.2999666929244995
326.375,10.0,1443,0.15934886038303375
219.625,5.875,1444,0.1193254292011261
270.875,6.0625,1445,0.10193668305873871
455.25,3.3125,1446,0.2388293296098709
220.125,5.125,1447,0.16231192648410797
211.75,7.5625,1448,0.21205122768878937
358.0,4.65625,1449,0.19958755373954773
164.875,8.625,1450,0.15707165002822876
263.25,10.0,1451,0.30023500323295593
284.125,8.78125,1452,0.19591856002807617
339.25,5.25,1453,0.1971144825220108
359.25,5.5625,1454,0.15573720633983612
196.375,5.1875,1455,0.1989102065563202
199.75,6.0,1456,0.20981678366661072
301.5,4.5,1457,0.1282321959733963
157.875,6.0,1458,0.12548619508743286
169.25,10.0,1459,0.19818615913391113
215.0,10.0,1460,0.14946410059928894
248.625,10.0,1461,0.1461074948310852
247.125,10.0,1462,0.06657292693853378
162.625,6.6875,1463,0.10410869121551514
166.875,10.0,1464,0.2101573795080185
743.0,-0.375,1465,0.1288415640592575
171.75,8.625,1466,0.049183428287506104
209.375,10.0,1467,0.1824042797088623
589.875,2.6875,1468,0.12208209931850433
251.5,4.5,1469,0.10316049307584763
234.875,6.375,1470,0.13276314735412598
250.75,10.0,1471,0.19450053572654724
365.75,10.0,1472,0.14044874906539917
324.875,4.5,1473,0.09462403506040573
305.875,8.625,1474,0.15135139226913452
178.25,10.0,1475,0.20168866217136383
392.0,7.5,1476,0.1747789978981018
360.875,3.875,1477,0.12941215932369232
323.25,8.8125,1478,0.17194077372550964
229.125,5.0,1479,0.11164967715740204
190.625,4.65625,1480,0.1754230409860611
148.5,10.0,1481,0.23650534451007843
592.375,3.1875,1482,0.11849543452262878
268.0,8.625,1483,0.12234631180763245
327.625,4.65625,1484,0.09924148768186569
178.625,10.0,1485,0.21232105791568756
247.25,9.3125,1486,0.24265290796756744
198.375,10.0,1487,0.14941707253456116
309.75,6.3125,1488,0.20369493961334229
153.0,8.4375,1489,0.1505461186170578
200.75,10.0,1490,0.18268513679504395
317.625,8.6875,1491,0.17052023112773895
122.625,10.0,1492,0.11581559479236603
344.625,5.875,1493,0.10557923465967178
198.875,10.0,1494,0.1098480075597763
340.375,4.84375,1495,0.18601977825164795
275.75,8.5,1496,0.18518587946891785
157.625,4.75,1497,0.12173327803611755
218.0,5.5,1498,0.20598845183849335
209.625,8.25,1499,0.23351682722568512
173.5,8.3125,1500,0.23800092935562134
250.25,7.125,1501,0.16649343073368073
278.75,7.71875,1502,0.19668087363243103
442.625,4.8125,1503,0.05897192284464836
177.125,9.3125,1504,0.12207682430744171
376.0,4.875,1505,0.10018303245306015
228.5,10.0,1506,0.17315103113651276
193.625,10.0,1507,0.10740288347005844
229.125,9.3125,1508,0.09815807640552521
120.375,10.0,1509,0.09973359107971191
224.75,6.6875,1510,0.26018717885017395
275.375,6.28125,1511,0.15042084455490112
387.875,5.25,1512,0.09054099768400192
303.0,5.1875,1513,0.11590810865163803
238.125,5.5625,1514,0.17302075028419495
348.5,5.875,1515,0.2639175057411194
273.75,10.0,1516,0.17901968955993652
191.25,9.125,1517,0.14004948735237122
381.25,5.40625,1518,0.12604697048664093
155.75,3.6875,1519,0.19240668416023254
265.375,10.0,1520,0.26807522773742676
283.375,10.0,1521,0.10133428871631622
182.5,7.375,1522,0.10201654583215714
209.625,10.0,1523,0.18445472419261932
172.625,9.125,1524,0.09097757190465927
424.875,3.4375,1525,0.13957376778125763
189.5,9.3125,1526,0.109871044754982
435.875,4.0625,1527,0.1843934953212738
228.375,5.875,1528,0.1346440464258194
213.25,8.28125,1529,0.1595613956451416
246.875,8.625,1530,0.22516506910324097
211.75,9.34375,1531,0.1959189921617508
269.0,10.0,1532,0.13257014751434326
175.875,5.125,1533,0.10158998519182205
260.5,10.0,1534,0.2906617522239685
307.375,9.3125,1535,0.18417830765247345
147.75,6.5625,1536,0.18650434911251068
231.0,7.25,1537,0.31096065044403076
286.75,8.09375,1538,0.23406562209129333
296.0,4.8125,1539,0.22079063951969147
444.0,6.0,1540,0.17108982801437378
516.375,5.25,1541,0.08383487910032272
289.25,4.5,1542,0.09522806107997894
281.5,4.0625,1543,0.17663152515888214
229.25,3.875,1544,0.1863899827003479
172.875,10.0,1545,0.1932845115661621
212.5,8.125,1546,0.15534758567810059
188.5,5.625,1547,0.1156882718205452
168.75,10.0,1548,0.21763096749782562
274.25,6.3125,1549,0.24173593521118164
431.125,3.28125,1550,0.12297654151916504
282.0,9.875,1551,0.16837072372436523
318.875,9.46875,1552,0.11739514768123627
319.25,6.5625,1553,0.11783740669488907
200.125,8.625,1554,0.18881270289421082
235.875,4.5,1555,0.2645553946495056
191.625,10.0,1556,0.15827462077140808
191.875,9.3125,1557,0.18876594305038452
207.75,9.3125,1558,0.24745073914527893
222.625,4.5,1559,0.10286170989274979
202.0,10.0,1560,0.09119640290737152
186.875,8.625,1561,0.1166219413280487
137.25,10.0,1562,0.22421163320541382
343.625,4.8125,1563,0.2505130171775818
181.625,10.0,1564,0.14018407464027405
242.25,10.0,1565,0.14282512664794922
143.875,8.5,1566,0.13220477104187012
185.625,5.875,1567,0.32838162779808044
537.5,2.78125,1568,0.18279528617858887
211.5,10.0,1569,0.1614738553762436
255.875,4.5,1570,0.09189004451036453
434.125,4.53125,1571,0.2442397028207779
657.375,0.75,1572,0.19939102232456207
280.125,10.0,1573,0.09913311153650284
464.5,1.0,1574,0.06297801434993744
272.625,10.0,1575,0.09877555817365646
168.625,10.0,1576,0.1865033656358719
311.375,5.6875,1577,0.2682605981826782
267.5,9.3125,1578,0.1499689519405365
108.375,10.0,1579,0.1703774482011795
310.125,7.4375,1580,0.30041995644569397
335.75,6.25,1581,0.19933947920799255
250.75,10.0,1582,0.1747557520866394
329.125,8.96875,1583,0.1233157142996788
454.0,4.125,1584,0.1222040131688118
257.125,6.0625,1585,0.1366812288761139
352.5,7.96875,1586,0.1549149602651596
254.0,8.0625,1587,0.23566684126853943
225.5,9.125,1588,0.12388962507247925
346.375,4.78125,1589,0.08757036924362183
253.375,9.875,1590,0.15802671015262604
351.125,9.75,1591,0.13968190550804138
250.75,9.3125,1592,0.10954482108354568
299.875,3.0625,1593,0.10786609351634979
310.0,7.9375,1594,0.20500707626342773
317.75,8.375,1595,0.22936813533306122
479.125,8.625,1596,0.10810093581676483
221.625,5.1875,1597,0.09563763439655304
192.75,9.875,1598,0.242510125041008
402.875,5.75,1599,0.17916803061962128
245.0,9.3125,1600,0.18106544017791748
425.75,7.125,1601,0.11757026612758636
149.875,10.0,1602,0.08845676481723785
260.625,5.1875,1603,0.18635275959968567
444.125,8.125,1604,0.14508943259716034
171.375,10.0,1605,0.16174305975437164
413.625,9.46875,1606,0.17173752188682556
164.625,8.4375,1607,0.09010777622461319
238.375,10.0,1608,0.1899053156375885
203.125,9.3125,1609,0.08440428227186203
245.75,5.21875,1610,0.09778200834989548
339.5,4.6875,1611,0.16524353623390198
210.25,8.625,1612,0.17369474470615387
256.875,10.0,1613,0.19889579713344574
199.25,10.0,1614,0.13733810186386108
374.125,9.3125,1615,0.21977119147777557
272.875,10.0,1616,0.11660066992044449
215.0,6.375,1617,0.12711824476718903
307.25,7.9375,1618,0.23185712099075317
303.5,9.46875,1619,0.18479092419147491
244.125,8.625,1620,0.08423594385385513
445.125,3.53125,1621,0.23072580993175507
309.625,9.3125,1622,0.14582987129688263
287.0,4.6875,1623,0.11936236172914505
130.0,10.0,1624,0.15575771033763885
336.875,5.1875,1625,0.3360598385334015
329.375,9.0,1626,0.183966264128685
318.5,5.25,1627,0.10508564114570618
145.875,10.0,1628,0.1663943976163864
306.0,9.0,1629,0.11006045341491699
254.125,9.3125,1630,0.1700534224510193
231.375,7.5625,1631,0.1739712655544281
206.125,6.5625,1632,0.24780023097991943
214.125,4.75,1633,0.18035688996315002
206.5,8.9375,1634,0.19443482160568237
359.5,6.34375,1635,0.18148456513881683
158.375,9.125,1636,0.18505632877349854
217.75,9.125,1637,0.3158276379108429
421.125,8.28125,1638,0.17200635373592377
410.0,6.5625,1639,0.08313526213169098
230.375,7.25,1640,0.14105409383773804
437.375,6.625,1641,0.1374666541814804
434.0,3.25,1642,0.15827929973602295
355.25,8.8125,1643,0.11532505601644516
398.25,6.6875,1644,0.12861628830432892
248.875,10.0,1645,0.232863187789917
361.375,5.59375,1646,0.13480450212955475
388.625,4.5,1647,0.18049252033233643
384.5,4.4375,1648,0.17051132023334503
456.5,5.9375,1649,0.18011713027954102
159.5,10.0,1650,0.08953872323036194
245.5,3.5625,1651,0.15195108950138092
193.25,9.875,1652,0.19600559771060944
415.25,4.625,1653,0.1038399413228035
227.375,8.0625,1654,0.1638820767402649
482.625,4.4375,1655,0.20620952546596527
205.5,5.625,1656,0.15871132910251617
357.5,3.875,1657,0.1631590873003006
602.0,3.875,1658,0.1516619473695755
185.875,10.0,1659,0.12922634184360504
481.125,5.0,1660,0.18576118350028992
278.75,4.5,1661,0.10892285406589508
322.125,4.5,1662,0.238508403301239
169.125,10.0,1663,0.11621149629354477
474.25,5.3125,1664,0.30517256259918213
283.625,4.6875,1665,0.13714276254177094
436.75,3.25,1666,0.1291539967060089
484.375,7.25,1667,0.14742739498615265
290.625,5.40625,1668,0.15025798976421356
429.5,2.625,1669,0.20476087927818298
219.375,10.0,1670,0.1304243505001068
221.25,10.0,1671,0.16295135021209717
386.875,3.6875,1672,0.1529095470905304
373.5,5.5,1673,0.15044726431369781
263.0,7.9375,1674,0.22482846677303314
364.625,10.0,1675,0.2254050374031067
339.25,5.53125,1676,0.150593563914299
334.875,5.875,1677,0.18613950908184052
450.625,3.875,1678,0.1317025125026703
208.75,8.625,1679,0.16683343052864075
465.75,6.0625,1680,0.18083511292934418
349.25,2.96875,1681,0.16336174309253693
311.125,6.5625,1682,0.15650241076946259
207.25,10.0,1683,0.1492103636264801
197.5,8.625,1684,0.15761058032512665
481.25,3.40625,1685,0.19293725490570068
354.5,8.6875,1686,0.1410486102104187
140.25,10.0,1687,0.10258863866329193
426.5,5.1875,1688,0.24670052528381348
252.0,10.0,1689,0.15641725063323975
131.875,9.125,1690,0.06434550136327744
313.625,5.375,1691,0.24298179149627686
221.125,8.78125,1692,0.2422843724489212
409.0,9.5,1693,0.17128553986549377
274.125,7.25,1694,0.1292371153831482
155.5,6.3125,1695,0.23451004922389984
160.5,7.9375,1696,0.2805767357349396
297.0,7.0625,1697,0.21293018758296967
197.25,9.875,1698,0.12028419226408005
356.25,10.0,1699,0.13169462978839874
204.875,9.0,1700,0.13175168633460999
182.75,4.5,1701,0.12982633709907532
273.0,9.3125,1702,0.2151252180337906
263.75,9.5,1703,0.1913100630044937
207.25,9.3125,1704,0.13634447753429413
230.75,6.0,1705,0.3269180357456207
270.875,4.5,1706,0.1542150378227234
224.875,8.78125,1707,0.24521352350711823
199.375,10.0,1708,0.2081482857465744
386.5,9.3125,1709,0.13097961246967316
218.625,9.3125,1710,0.07311496138572693
161.25,10.0,1711,0.1313069462776184
214.5,9.3125,1712,0.19275541603565216
163.125,9.875,1713,0.09866572171449661
307.0,7.9375,1714,0.2818091809749603
298.25,7.0625,1715,0.1715857833623886
470.0,6.0,1716,0.17963121831417084
382.5,4.5625,1717,0.1221022754907608
233.75,9.3125,1718,0.22399169206619263
525.0,3.25,1719,0.09663210809230804
196.5,10.0,1720,0.17582662403583527
768.0,-0.5,1721,0.22453008592128754
294.5,9.125,1722,0.08933772146701813
143.5,8.25,1723,0.22969527542591095
307.25,4.8125,1724,0.22390922904014587
142.25,5.8125,1725,0.1567150205373764
225.75,4.5,1726,0.28398633003234863
235.5,9.21875,1727,0.2062874436378479
225.625,10.0,1728,0.1549893170595169
228.875,10.0,1729,0.10266610234975815
157.0,7.3125,1730,0.09842506796121597
137.75,7.375,1731,0.23729416728019714
271.0,5.875,1732,0.2723754942417145
281.625,10.0,1733,0.22896327078342438
656.375,0.75,1734,0.09367464482784271
188.375,10.0,1735,0.11836021393537521
175.625,10.0,1736,0.13528163731098175
601.875,2.8125,1737,0.145982027053833
126.25,4.375,1738,0.12229086458683014
485.75,3.875,1739,0.2301044762134552
332.5,9.1875,1740,0.12001990526914597
576.375,5.46875,1741,0.20052799582481384
293.375,6.65625,1742,0.09439573436975479
228.0,10.0,1743,0.08473876863718033
217.875,9.625,1744,0.16302841901779175
226.0,8.875,1745,0.1217350885272026
227.125,7.8125,1746,0.19024956226348877
197.375,6.5625,1747,0.19694335758686066
426.625,4.71875,1748,0.1767430603504181
457.75,2.8125,1749,0.12202654033899307
306.25,5.0,1750,0.1954500675201416
245.5,9.0,1751,0.13819894194602966
233.25,10.0,1752,0.08115413784980774
644.75,2.875,1753,0.1050904393196106
192.75,10.0,1754,0.11189977079629898
768.0,-0.5,1755,0.1986173689365387
311.0,10.0,1756,0.040554992854595184
292.625,10.0,1757,0.19608786702156067
239.125,8.6875,1758,0.11713376641273499
427.875,4.4375,1759,0.13856177031993866
142.0,8.4375,1760,0.15351413190364838
435.25,6.625,1761,0.2846362590789795
336.875,9.5,1762,0.11183474212884903
367.625,4.21875,1763,0.08603176474571228
284.5,9.0,1764,0.19775375723838806
163.125,10.0,1765,0.2100653201341629
523.375,5.9375,1766,0.14934216439723969
619.5,3.625,1767,0.16875961422920227
382.375,8.6875,1768,0.15954428911209106
290.125,10.0,1769,0.17395120859146118
311.0,7.9375,1770,0.10622216761112213
316.125,10.0,1771,0.26097360253334045
700.125,0.75,1772,0.1373731791973114
481.25,8.78125,1773,0.1014479324221611
542.125,4.21875,1774,0.10209980607032776
259.375,8.1875,1775,0.13635709881782532
191.125,9.3125,1776,0.24474167823791504
310.0,8.78125,1777,0.21875923871994019
151.75,6.5,1778,0.11023648828268051
347.875,9.1875,1779,0.23948560655117035
427.625,3.9375,1780,0.18396173417568207
201.0,7.5625,1781,0.19932261109352112
149.0,5.5,1782,0.3175167143344879
314.875,6.125,1783,0.253731906414032
367.125,3.53125,1784,0.24811474978923798
628.875,2.0,1785,0.19972674548625946
520.75,4.09375,1786,0.15709328651428223
155.5,9.875,1787,0.11578666418790817
219.75,10.0,1788,0.38568785786628723
328.25,5.40625,1789,0.125253826379776
466.375,3.6875,1790,0.2164015769958496
419.625,5.0,1791,0.12712740898132324
262.875,10.0,1792,0.19577480852603912
383.875,4.65625,1793,0.11980167031288147
317.0,10.0,1794,0.12156207859516144
415.25,4.0625,1795,0.22935320436954498
317.0,7.40625,1796,0.2205522507429123
411.0,7.125,1797,0.15263378620147705
504.125,3.4375,1798,0.14089076220989227
451.5,5.21875,1799,0.127097025513649
411.375,7.25,1800,0.17586380243301392
442.375,4.03125,1801,0.1543850153684616
274.75,9.3125,1802,0.1935446858406067
220.125,9.3125,1803,0.20482522249221802
600.25,2.0,1804,0.23704653978347778
190.875,10.0,1805,0.16751666367053986
417.25,10.0,1806,0.25517192482948303
202.5,9.125,1807,0.09640073776245117
292.875,7.9375,1808,0.1831151396036148
388.0,4.0625,1809,0.21021808683872223
273.125,10.0,1810,0.15396428108215332
356.375,8.625,1811,0.2218470722436905
517.75,4.6875,1812,0.20758125185966492
359.625,4.5625,1813,0.18098630011081696
201.25,10.0,1814,0.284249871969223
561.875,2.5,1815,0.2511443793773651
286.125,6.5625,1816,0.17232036590576172
179.875,10.0,1817,0.21406646072864532
278.0,7.40625,1818,0.23626001179218292
595.25,5.375,1819,0.27777835726737976
374.875,4.71875,1820,0.13543511927127838
237.75,10.0,1821,0.12354748696088791
740.75,2.125,1822,0.2193271815776825
229.125,9.3125,1823,0.07751042395830154
640.875,2.21875,1824,0.16992154717445374
245.0,10.0,1825,0.1508103907108307
482.0,4.8125,1826,0.2088993340730667
292.125,9.3125,1827,0.13217079639434814
287.875,9.3125,1828,0.15652380883693695
423.75,5.125,1829,0.18631473183631897
217.75,10.0,1830,0.145888552069664
682.5,2.75,1831,0.25849801301956177
302.5,6.5625,1832,0.07851199060678482
140.625,10.0,1833,0.19625432789325714
322.0,7.6875,1834,0.2454625964164734
324.125,6.6875,1835,0.14916260540485382
334.0,10.0,1836,0.19322077929973602
473.125,6.0,1837,0.11084047704935074
223.125,8.875,1838,0.1605118066072464
226.0,8.4375,1839,0.11067919433116913
238.0,7.6875,1840,0.12257538735866547
257.5,9.3125,1841,0.27480635046958923
346.0,9.0,1842,0.15679018199443817
210.5,8.625,1843,0.16086652874946594
144.0,7.75,1844,0.28498145937919617
294.125,8.625,1845,0.3032257854938507
167.5,10.0,1846,0.2285965383052826
204.375,9.46875,1847,0.34610554575920105
154.0,5.625,1848,0.17534899711608887
161.25,9.5,1849,0.26157790422439575
258.125,7.5,1850,0.2472948431968689
360.125,8.6875,1851,0.1684473305940628
283.0,7.25,1852,0.13219180703163147
508.75,3.25,1853,0.23727983236312866
262.75,10.0,1854,0.1302855759859085
178.0,10.0,1855,0.126424178481102
299.125,10.0,1856,0.1758829802274704
384.5,10.0,1857,0.14080755412578583
216.875,9.875,1858,0.21347105503082275
228.375,4.5,1859,0.28623560070991516
233.625,7.03125,1860,0.22755415737628937
245.625,10.0,1861,0.1996096819639206
346.375,10.0,1862,0.1865958422422409
244.125,9.1875,1863,0.13924776017665863
322.0,5.5625,1864,0.2306644171476364
269.25,7.9375,1865,0.15485496819019318
411.625,5.625,1866,0.3163563311100006
210.375,7.625,1867,0.19320626556873322
318.25,6.5625,1868,0.24181394279003143
462.75,4.40625,1869,0.25224611163139343
267.625,10.0,1870,0.18137232959270477
348.25,8.0,1871,0.10760953277349472
283.375,4.8125,1872,0.15218602120876312
276.75,10.0,1873,0.2405887097120285
279.5,10.0,1874,0.14293213188648224
358.125,5.1875,1875,0.1721094846725464
262.5,3.3125,1876,0.19426888227462769
236.5,6.03125,1877,0.2291659265756607
280.5,10.0,1878,0.3435288965702057
190.5,9.0,1879,0.15208423137664795
329.25,6.4375,1880,0.2319667786359787
339.5,8.625,1881,0.13148316740989685
470.5,3.4375,1882,0.13310158252716064
239.625,5.875,1883,0.1677847057580948
296.875,10.0,1884,0.3842509388923645
289.0,7.96875,1885,0.12166780978441238
389.25,4.3125,1886,0.2774442732334137
322.0,4.5,1887,0.1258426308631897
342.625,5.875,1888,0.1510612666606903
531.0,3.375,1889,0.19259120523929596
240.125,10.0,1890,0.13547059893608093
412.25,9.3125,1891,0.19552262127399445
406.5,10.0,1892,0.15806815028190613
270.5,6.25,1893,0.10159529000520706
365.25,5.1875,1894,0.31641659140586853
472.125,4.125,1895,0.17287087440490723
258.875,7.9375,1896,0.14553160965442657
672.875,0.5,1897,0.18587200343608856
277.25,10.0,1898,0.13855692744255066
331.0,8.9375,1899,0.13311737775802612
151.0,8.75,1900,0.11290279775857925
377.125,10.0,1901,0.3069455623626709
366.375,8.4375,1902,0.21542152762413025
172.625,10.0,1903,0.15665645897388458
377.0,5.375,1904,0.3064376413822174
644.25,3.5,1905,0.1782757192850113
275.375,4.3125,1906,0.14932234585285187
214.25,7.125,1907,0.23759976029396057
442.375,6.5625,1908,0.3055877983570099
408.625,6.625,1909,0.2527896761894226
191.5,10.0,1910,0.2018570750951767
154.75,8.25,1911,0.21589717268943787
201.125,4.375,1912,0.310523122549057
340.625,8.6875,1913,0.19102272391319275
167.75,6.1875,1914,0.15348127484321594
352.25,6.65625,1915,0.2102203220129013
272.625,10.0,1916,0.21567101776599884
469.875,3.40625,1917,0.08122186362743378
628.5,3.625,1918,0.14552313089370728
701.375,1.4375,1919,0.08889070153236389
468.875,6.6875,1920,0.0977969765663147
330.875,10.0,1921,0.1308622658252716
476.875,2.78125,1922,0.05893394351005554
305.75,5.1875,1923,0.1689596176147461
173.625,7.9375,1924,0.07611388713121414
198.625,10.0,1925,0.21138939261436462
377.875,7.5625,1926,0.2194313406944275
672.625,0.75,1927,0.18457233905792236
571.625,3.5625,1928,0.07223112881183624
280.25,10.0,1929,0.1253320425748825
304.875,5.6875,1930,0.17499957978725433
393.375,6.03125,1931,0.2150675505399704
305.875,10.0,1932,0.15453077852725983
345.0,4.71875,1933,0.14800426363945007
273.5,4.5,1934,0.20297113060951233
326.75,7.25,1935,0.24807223677635193
424.875,6.25,1936,0.24360144138336182
499.75,9.3125,1937,0.223957359790802
229.0,4.625,1938,0.1011272743344307
436.125,5.1875,1939,0.2124677151441574
319.625,4.65625,1940,0.18854168057441711
209.875,8.9375,1941,0.168106347322464
258.125,8.8125,1942,0.19608883559703827
208.0,10.0,1943,0.1854763925075531
664.25,2.0,1944,0.12934885919094086
200.25,10.0,1945,0.13955402374267578
316.0,9.3125,1946,0.10456570982933044
244.0,8.625,1947,0.17252351343631744
358.375,8.78125,1948,0.19813691079616547
405.5,4.5,1949,0.1776689738035202
204.125,10.0,1950,0.15339520573616028
184.875,10.0,1951,0.3014677166938782
220.625,9.875,1952,0.2294001579284668
175.25,3.75,1953,0.1638854444026947
292.0,10.0,1954,0.30315539240837097
261.625,7.5625,1955,0.10425618290901184
214.75,10.0,1956,0.1627333015203476
360.25,5.875,1957,0.17260053753852844
273.125,10.0,1958,0.19517749547958374
176.625,8.5,1959,0.2666366994380951
392.375,6.6875,1960,0.2526727616786957
224.375,7.75,1961,0.16143390536308289
278.25,6.25,1962,0.21637262403964996
155.25,9.5,1963,0.1624666303396225
227.125,8.3125,1964,0.18170367181301117
284.0,7.9375,1965,0.16941297054290771
210.625,10.0,1966,0.26300132274627686
168.625,10.0,1967,0.20266583561897278
232.0,9.3125,1968,0.2462732046842575
224.0,9.75,1969,0.22786186635494232
232.0,7.9375,1970,0.12706324458122253
304.625,10.0,1971,0.1273081749677658
308.0,4.25,1972,0.12302284687757492
593.75,2.25,1973,0.16585703194141388
230.75,5.875,1974,0.12626120448112488
567.75,4.9375,1975,0.18508540093898773
235.375,7.125,1976,0.11543700844049454
285.625,4.5,1977,0.2432336062192917
518.75,5.78125,1978,0.33280670642852783
313.125,6.4375,1979,0.15958333015441895
213.625,9.3125,1980,0.21975937485694885
394.25,6.9375,1981,0.26795220375061035
151.0,9.125,1982,0.16962864995002747
473.5,4.625,1983,0.3940405547618866
262.25,7.9375,1984,0.14585968852043152
360.125,9.3125,1985,0.26620203256607056
167.75,9.125,1986,0.15480610728263855
340.5,5.53125,1987,0.27217525243759155
275.5,10.0,1988,0.2642909288406372
190.5,9.125,1989,0.1520574688911438
417.375,3.25,1990,0.20322847366333008
182.25,10.0,1991,0.17581209540367126
448.25,7.3125,1992,0.2857860326766968
240.125,9.3125,1993,0.2187158614397049
271.0,5.75,1994,0.18052038550376892
167.25,6.6875,1995,0.14514335989952087
421.25,7.375,1996,0.35438016057014465
222.625,10.0,1997,0.2090085744857788
343.875,9.3125,1998,0.20900018513202667
264.5,6.0625,1999,0.2190357744693756
189.625,5.0,2000,0.3598736524581909
224.625,6.53125,2001,0.2317758947610855
367.75,8.75,2002,0.21769900619983673
216.25,8.3125,2003,0.12338074296712875
270.75,8.625,2004,0.21448418498039246
227.75,9.0,2005,0.18067890405654907
314.625,7.59375,2006,0.16558381915092468
280.375,7.5625,2007,0.16463863849639893
186.625,9.3125,2008,0.23384881019592285
165.5,10.0,2009,0.1810973584651947
203.25,10.0,2010,0.33906301856040955
253.0,7.9375,2011,0.20487208664417267
167.625,9.0,2012,0.20403952896595
768.0,-0.5,2013,0.16805799305438995
187.625,7.9375,2014,0.1316612958908081
379.125,5.1875,2015,0.32064852118492126
620.0,2.875,2016,0.22651369869709015
264.375,4.8125,2017,0.13029630482196808
287.25,8.625,2018,0.29294702410697937
228.75,10.0,2019,0.29132533073425293
298.75,9.46875,2020,0.1873900145292282
696.0,0.75,2021,0.21491797268390656
681.375,1.375,2022,0.11099706590175629
254.0,7.25,2023,0.11265145987272263
335.625,5.0,2024,0.23989734053611755
320.875,4.8125,2025,0.24322830140590668
199.375,10.0,2026,0.2543657124042511
180.5,10.0,2027,0.15362367033958435
321.75,10.0,2028,0.22648809850215912
215.25,10.0,2029,0.15017199516296387
239.625,10.0,2030,0.13311605155467987
391.875,10.0,2031,0.18407092988491058
273.25,10.0,2032,0.12776747345924377
481.125,4.1875,2033,0.21902969479560852
399.125,10.0,2034,0.13220171630382538
507.25,6.5625,2035,0.13386547565460205
285.125,9.625,2036,0.13225609064102173
232.125,9.3125,2037,0.16021105647087097
270.25,5.9375,2038,0.3323506712913513
372.75,7.9375,2039,0.19333340227603912
249.625,9.3125,2040,0.17078015208244324
194.125,9.0,2041,0.1851671189069748
620.125,4.5625,2042,0.2650150656700134
343.875,8.5,2043,0.10203582793474197
271.5,8.8125,2044,0.18634018301963806
715.25,1.5625,2045,0.13276661932468414
185.375,6.90625,2046,0.1380435973405838
529.0,4.25,2047,0.2698639929294586
217.125,5.75,2048,0.1768575757741928
270.25,6.0,2049,0.3014466166496277
166.125,10.0,2050,0.3495746850967407
205.25,8.75,2051,0.17087742686271667
601.375,4.5625,2052,0.15216799080371857
715.875,6.375,2053,0.11406198143959045
378.75,8.8125,2054,0.09771996736526489
278.25,6.03125,2055,0.191177099943161
223.375,10.0,2056,0.3158518671989441
284.375,9.3125,2057,0.13483618199825287
226.5,9.0625,2058,0.14929845929145813
201.125,6.78125,2059,0.1778317093849182
297.375,7.25,2060,0.28881415724754333
329.125,5.0625,2061,0.2475888580083847
340.875,6.5625,2062,0.2411176562309265
387.75,3.75,2063,0.19239181280136108
196.125,8.4375,2064,0.1865912675857544
622.5,2.625,2065,0.13511019945144653
236.375,5.6875,2066,0.09828395396471024
221.875,8.625,2067,0.2186535894870758
373.875,6.75,2068,0.21584202349185944
416.75,3.9375,2069,0.2736871838569641
353.125,5.3125,2070,0.1258057802915573
238.0,9.1875,2071,0.22142592072486877
422.875,8.0,2072,0.24314270913600922
194.75,10.0,2073,0.09792657196521759
158.625,10.0,2074,0.2632007896900177
404.625,10.0,2075,0.30988287925720215
201.75,9.3125,2076,0.07926248759031296
258.0,7.25,2077,0.27125492691993713
411.25,4.5,2078,0.16461369395256042
312.125,10.0,2079,0.1871694177389145
387.375,10.0,2080,0.13005764782428741
430.5,3.875,2081,0.138212651014328
218.0,7.75,2082,0.18346981704235077
215.5,9.3125,2083,0.26895612478256226
677.5,2.0625,2084,0.3163278102874756
430.25,3.875,2085,0.14989233016967773
333.625,8.78125,2086,0.18156059086322784
267.125,6.5625,2087,0.18487796187400818
195.0,9.3125,2088,0.1974935233592987
240.25,7.25,2089,0.28155383467674255
186.125,6.875,2090,0.23152868449687958
353.625,5.5,2091,0.24473001062870026
471.875,5.9375,2092,0.18094506859779358
308.875,7.25,2093,0.18029530346393585
483.375,6.6875,2094,0.24481824040412903
419.375,6.0,2095,0.21331536769866943
301.25,9.3125,2096,0.13249196112155914
161.5,10.0,2097,0.18122249841690063
213.75,6.59375,2098,0.2594057023525238
245.5,9.3125,2099,0.2583986222743988
312.0,7.59375,2100,0.3032227158546448
272.875,10.0,2101,0.2036643624305725
188.125,5.375,2102,0.16942596435546875
310.75,10.0,2103,0.12458638846874237
265.125,9.6875,2104,0.1542137712240219
321.875,4.125,2105,0.16120821237564087
177.25,9.0,2106,0.19574083387851715
336.25,6.3125,2107,0.2892006039619446
431.375,4.09375,2108,0.18098968267440796
401.25,9.0,2109,0.16934917867183685
344.5,4.96875,2110,0.2052629590034485
292.125,9.875,2111,0.18463219702243805
204.75,4.1875,2112,0.1711558699607849
298.375,6.75,2113,0.2596813142299652
258.125,4.125,2114,0.2116464525461197
613.375,2.6875,2115,0.2927180528640747
177.125,9.3125,2116,0.11363082379102707
314.125,8.0,2117,0.2033013254404068
171.0,7.8125,2118,0.1850711703300476
240.375,10.0,2119,0.21202173829078674
172.375,9.3125,2120,0.25282642245292664
93.0,7.0,2121,0.26742953062057495
234.5,7.9375,2122,0.5097325444221497
425.625,5.5625,2123,0.19477123022079468
445.5,6.3125,2124,0.1818242371082306
335.625,5.375,2125,0.09814462065696716
172.875,10.0,2126,0.1443447768688202
168.375,7.375,2127,0.22513137757778168
231.0,3.375,2128,0.27959898114204407
185.625,10.0,2129,0.34249523282051086
352.875,5.875,2130,0.12616801261901855
157.5,10.0,2131,0.1985655277967453
258.0,9.5,2132,0.23671521246433258
179.125,7.75,2133,0.16098201274871826
579.5,3.125,2134,0.22523337602615356
224.875,6.5,2135,0.130083367228508
227.25,6.75,2136,0.43208611011505127
150.0,9.875,2137,0.28342077136039734
144.625,8.25,2138,0.26114270091056824
288.625,10.0,2139,0.36783936619758606
404.5,5.34375,2140,0.12989340722560883
331.5,4.90625,2141,0.17884396016597748
262.125,7.4375,2142,0.17058420181274414
256.0,7.9375,2143,0.17173074185848236
260.375,9.3125,2144,0.13531416654586792
333.625,10.0,2145,0.25709885358810425
142.875,5.5625,2146,0.13129152357578278
338.875,8.25,2147,0.2873349189758301
260.75,8.625,2148,0.15779410302639008
271.875,10.0,2149,0.2589154839515686
257.375,9.3125,2150,0.18818582594394684
228.75,10.0,2151,0.1838672161102295
165.875,7.375,2152,0.1660412698984146
422.75,7.1875,2153,0.34805992245674133
235.25,10.0,2154,0.11894142627716064
310.375,7.9375,2155,0.13498154282569885
249.375,10.0,2156,0.15644221007823944
228.625,7.25,2157,0.20755361020565033
263.5,8.25,2158,0.26586294174194336
279.0,5.875,2159,0.18922150135040283
192.25,9.125,2160,0.2572474181652069
189.0,4.9375,2161,0.1758217215538025
255.125,4.28125,2162,0.3936777114868164
204.5,9.125,2163,0.2878257632255554
765.5,0.625,2164,0.18973661959171295
289.875,9.3125,2165,0.08952030539512634
320.25,4.5,2166,0.15170332789421082
244.125,5.875,2167,0.1991259753704071
230.75,7.9375,2168,0.287920206785202
180.5,10.0,2169,0.1394670605659485
199.625,9.125,2170,0.20604020357131958
353.5,10.0,2171,0.25626999139785767
358.75,8.0,2172,0.13183718919754028
166.625,8.0625,2173,0.18608903884887695
228.875,10.0,2174,0.2437896430492401
268.5,10.0,2175,0.10040714591741562
236.25,10.0,2176,0.19063818454742432
141.625,8.125,2177,0.14815928041934967
110.125,10.0,2178,0.414776086807251
534.25,5.25,2179,0.201510488986969
648.5,1.625,2180,0.19020909070968628
195.75,9.0,2181,0.11911086738109589
279.5,4.5,2182,0.1900828778743744
349.75,5.03125,2183,0.2645334005355835
219.75,9.875,2184,0.14270776510238647
311.25,4.96875,2185,0.2074451744556427
296.0,5.03125,2186,0.22861036658287048
151.25,7.75,2187,0.1986885666847229
350.125,8.0,2188,0.3759754002094269
287.875,4.875,2189,0.11507467180490494
189.875,9.875,2190,0.22075633704662323
240.875,7.25,2191,0.16939903795719147
224.0,10.0,2192,0.13755343854427338
186.875,10.0,2193,0.14619134366512299
208.5,6.875,2194,0.19463329017162323
206.5,8.4375,2195,0.323707640171051
246.875,10.0,2196,0.3356008231639862
317.375,4.5,2197,0.2314126193523407
457.25,6.0625,2198,0.09870430082082748
455.25,5.9375,2199,0.20901629328727722
260.125,9.3125,2200,0.17257969081401825
448.25,3.875,2201,0.16970877349376678
321.125,4.34375,2202,0.1848534643650055
360.125,4.5625,2203,0.20216453075408936
209.125,10.0,2204,0.2721364200115204
224.5,7.75,2205,0.18269026279449463
300.875,7.3125,2206,0.24928398430347443
196.125,5.4375,2207,0.17428603768348694
391.5,8.6875,2208,0.18913182616233826
215.5,8.9375,2209,0.13064567744731903
452.375,5.25,2210,0.15047691762447357
342.625,4.8125,2211,0.1570034772157669
251.625,5.875,2212,0.2026858776807785
324.375,8.09375,2213,0.2253807634115219
236.125,10.0,2214,0.281281977891922
278.875,10.0,2215,0.13045856356620789
261.875,7.25,2216,0.18833070993423462
363.375,7.9375,2217,0.13699282705783844
359.25,5.5,2218,0.18284478783607483
704.875,1.0,2219,0.235982283949852
157.875,8.25,2220,0.14285729825496674
391.125,3.9375,2221,0.24696838855743408
469.375,5.25,2222,0.273030549287796
229.0,9.3125,2223,0.15257787704467773
272.25,7.34375,2224,0.2913323938846588
288.25,8.3125,2225,0.22003212571144104
555.875,5.875,2226,0.205376997590065
623.875,3.125,2227,0.10229235142469406
303.375,6.625,2228,0.167287677526474
256.875,8.3125,2229,0.1475200355052948
192.375,8.1875,2230,0.13711032271385193
228.625,8.3125,2231,0.20750172436237335
219.0,7.25,2232,0.3230070173740387
304.0,6.5625,2233,0.1566375195980072
190.375,9.3125,2234,0.23842290043830872
255.5,10.0,2235,0.2312120497226715
247.875,10.0,2236,0.20185551047325134
512.5,7.8125,2237,0.10351524502038956
296.0,8.875,2238,0.13280002772808075
412.75,5.1875,2239,0.15905188024044037
245.0,8.625,2240,0.16710832715034485
434.875,5.25,2241,0.25783979892730713
359.75,3.875,2242,0.1406816989183426
149.25,10.0,2243,0.1690971702337265
166.25,4.875,2244,0.45404744148254395
314.25,9.3125,2245,0.37502750754356384
248.5,4.1875,2246,0.18014180660247803
523.75,3.25,2247,0.3439474403858185
207.875,5.4375,2248,0.12447164952754974
182.0,10.0,2249,0.2415562868118286
621.625,2.6875,2250,0.25711503624916077
236.25,10.0,2251,0.10178691893815994
237.625,4.5,2252,0.1531207412481308
363.5,6.0,2253,0.24563013017177582
437.0,5.0,2254,0.21840937435626984
189.625,8.9375,2255,0.1913066953420639
195.125,8.8125,2256,0.3271508812904358
257.375,9.125,2257,0.19525083899497986
380.75,7.875,2258,0.11623497307300568
436.5,5.4375,2259,0.16668270528316498
183.25,10.0,2260,0.15015925467014313
324.625,5.0625,2261,0.20138701796531677
198.125,8.125,2262,0.2510942816734314
221.0,8.125,2263,0.27866947650909424
277.625,5.59375,2264,0.20956993103027344
244.0,6.5625,2265,0.13587550818920135
602.625,1.625,2266,0.2618979811668396
273.125,10.0,2267,0.0976775512099266
574.25,5.03125,2268,0.13233092427253723
550.875,0.6875,2269,0.11898672580718994
206.125,4.5,2270,0.09967578202486038
273.125,4.5,2271,0.267905592918396
334.5,4.3125,2272,0.22506141662597656
368.0,10.0,2273,0.22689642012119293
586.0,4.625,2274,0.10983745008707047
304.5,7.25,2275,0.13072358071804047
172.625,9.875,2276,0.13660798966884613
227.875,7.9375,2277,0.2594018578529358
250.75,7.0,2278,0.1917584389448166
682.75,2.5,2279,0.23142102360725403
358.125,4.75,2280,0.09651625901460648
214.125,10.0,2281,0.1896381676197052
338.25,10.0,2282,0.25672125816345215
255.0,9.0,2283,0.11784892529249191
385.25,3.5625,2284,0.1658976674079895
300.25,10.0,2285,0.1982710361480713
500.25,4.625,2286,0.24537499248981476
260.25,5.875,2287,0.12066279351711273
186.25,10.0,2288,0.2374843806028366
592.875,3.5625,2289,0.16878248751163483
550.25,4.4375,2290,0.114051453769207
474.5,4.3125,2291,0.1651194840669632
207.5,10.0,2292,0.2001398652791977
199.875,10.0,2293,0.14805880188941956
567.375,4.6875,2294,0.1257413625717163
201.375,10.0,2295,0.163704052567482
247.75,8.25,2296,0.15861286222934723
213.625,6.5625,2297,0.1439990997314453
520.0,2.28125,2298,0.32525885105133057
455.125,3.3125,2299,0.21533262729644775
264.875,7.25,2300,0.17880739271640778
451.375,4.5,2301,0.21047130227088928
340.625,8.8125,2302,0.15971454977989197
370.0,2.875,2303,0.18186654150485992
264.625,4.5,2304,0.15015029907226562
372.0,9.3125,2305,0.17313019931316376
244.125,4.5,2306,0.12987937033176422
223.75,10.0,2307,0.20495527982711792
310.625,8.5,2308,0.23992742598056793
399.125,10.0,2309,0.1443323791027069
148.125,6.0,2310,0.1129513680934906
744.875,1.4375,2311,0.43057385087013245
326.375,6.0,2312,0.06851328909397125
446.5,4.1875,2313,0.19565439224243164
181.375,10.0,2314,0.14900876581668854
740.625,0.8125,2315,0.16031046211719513
162.5,9.125,2316,0.0937747210264206
221.5,8.1875,2317,0.33892935514450073
573.75,2.0,2318,0.19549204409122467
365.625,8.6875,2319,0.16493600606918335
454.0,4.9375,2320,0.1570993959903717
261.5,5.625,2321,0.2047804743051529
296.625,10.0,2322,0.14195594191551208
217.875,7.9375,2323,0.22318005561828613
414.125,8.4375,2324,0.2681137025356293
193.75,10.0,2325,0.11448100209236145
225.375,7.75,2326,0.1896577775478363
155.625,5.34375,2327,0.16724731028079987
406.5,4.96875,2328,0.247077077627182
577.625,3.3125,2329,0.2427687793970108
311.5,6.625,2330,0.1354023665189743
407.0,5.40625,2331,0.2423962950706482
536.25,4.625,2332,0.1696338653564453
437.125,9.3125,2333,0.14928050339221954
288.875,10.0,2334,0.13632847368717194
283.0,10.0,2335,0.12810491025447845
175.125,7.75,2336,0.09464635699987411
378.625,5.25,2337,0.22369858622550964
149.125,10.0,2338,0.18030089139938354
351.75,10.0,2339,0.2620483636856079
280.25,5.875,2340,0.23071731626987457
378.0,5.875,2341,0.2832300364971161
422.125,3.875,2342,0.14055587351322174
399.625,5.9375,2343,0.22170422971248627
359.0,7.9375,2344,0.17963388562202454
427.25,4.5625,2345,0.17677322030067444
184.25,7.375,2346,0.16186074912548065
224.375,9.0,2347,0.27739769220352173
286.5,10.0,2348,0.17734244465827942
248.5,8.9375,2349,0.12088947743177414
175.5,9.125,2350,0.2364736646413803
204.625,10.0,2351,0.13132581114768982
238.75,10.0,2352,0.2168986201286316
229.5,4.5,2353,0.23265302181243896
160.375,4.0625,2354,0.27416837215423584
470.0,6.6875,2355,0.2564134895801544
344.875,7.03125,2356,0.17467081546783447
719.0,2.6875,2357,0.1896248459815979
266.875,4.5,2358,0.07030847668647766
173.5,10.0,2359,0.2358812838792801
440.0,4.125,2360,0.34544458985328674
304.25,9.3125,2361,0.14102573692798615
166.25,5.6875,2362,0.12413955479860306
169.5,3.125,2363,0.25574439764022827
522.75,6.4375,2364,0.33571237325668335
229.875,5.8125,2365,0.11160196363925934
238.125,10.0,2366,0.20923690497875214
303.875,6.5,2367,0.21722547709941864
613.125,2.6875,2368,0.2280024141073227
266.0,6.5625,2369,0.1106051579117775
460.5,6.9375,2370,0.27004775404930115
337.75,7.625,2371,0.1711549609899521
310.375,6.875,2372,0.17367658019065857
312.875,9.3125,2373,0.22585038840770721
269.375,10.0,2374,0.20012106001377106
197.5,6.0,2375,0.1213768869638443
240.375,10.0,2376,0.2191065549850464
404.0,6.28125,2377,0.13560131192207336
275.125,4.8125,2378,0.17283278703689575
540.125,3.25,2379,0.22170163691043854
431.625,2.9375,2380,0.13465778529644012
211.875,10.0,2381,0.24205705523490906
167.375,10.0,2382,0.20521284639835358
324.875,10.0,2383,0.1308840662240982
528.75,3.9375,2384,0.20250460505485535
200.75,8.0625,2385,0.1560545712709427
226.0,8.0625,2386,0.22709423303604126
406.75,4.3125,2387,0.20654289424419403
721.75,2.625,2388,0.16545267403125763
262.0,6.125,2389,0.08273595571517944
203.125,10.0,2390,0.22159945964813232
179.0,8.125,2391,0.15773695707321167
189.875,9.1875,2392,0.23172205686569214
314.375,8.625,2393,0.1670813411474228
307.5,5.84375,2394,0.19160188734531403
524.125,4.1875,2395,0.23449347913265228
250.375,8.625,2396,0.17312514781951904
237.5,10.0,2397,0.19910269975662231
620.125,2.125,2398,0.22760680317878723
435.125,4.1875,2399,0.12599003314971924
294.25,7.375,2400,0.18666426837444305
174.25,7.5625,2401,0.24918073415756226
327.375,7.3125,2402,0.35911887884140015
250.375,8.25,2403,0.14506496489048004
171.625,9.3125,2404,0.21521355211734772
174.875,5.1875,2405,0.3153338134288788
189.5,7.25,2406,0.33888670802116394
231.25,4.5625,2407,0.2787456512451172
256.25,7.9375,2408,0.22115160524845123
386.875,3.75,2409,0.2561172544956207
210.25,8.25,2410,0.17064698040485382
251.125,5.5,2411,0.35189923644065857
244.125,10.0,2412,0.28370484709739685
420.0,4.46875,2413,0.1829490214586258
316.125,10.0,2414,0.13367219269275665
346.25,5.625,2415,0.1035943552851677
342.625,6.1875,2416,0.16903318464756012
231.25,10.0,2417,0.1032484769821167
239.125,9.3125,2418,0.15735377371311188
757.125,0.375,2419,0.1505567878484726
296.875,5.25,2420,0.09647735208272934
156.0,8.4375,2421,0.2346964329481125
261.875,10.0,2422,0.28420141339302063
313.125,10.0,2423,0.25375908613204956
212.625,8.0625,2424,0.14600442349910736
252.0,10.0,2425,0.24516434967517853
152.125,8.25,2426,0.1878228783607483
233.875,9.46875,2427,0.18928277492523193
227.75,10.0,2428,0.18763001263141632
487.375,6.3125,2429,0.19434387981891632
268.375,7.4375,2430,0.14669427275657654
247.125,9.3125,2431,0.2313767969608307
311.25,4.1875,2432,0.10771363228559494
154.25,10.0,2433,0.15566220879554749
745.875,0.125,2434,0.1908726543188095
179.625,10.0,2435,0.10164008289575577
291.75,8.625,2436,0.343692421913147
197.0,8.75,2437,0.12748877704143524
366.375,7.0625,2438,0.1978447139263153
544.75,3.375,2439,0.2510947287082672
161.625,6.75,2440,0.11896319687366486
305.125,4.8125,2441,0.31558728218078613
374.875,4.4375,2442,0.24149058759212494
342.125,6.25,2443,0.18014924228191376
181.125,4.4375,2444,0.17846742272377014
458.5,3.875,2445,0.30411556363105774
378.625,5.1875,2446,0.1284283697605133
230.75,10.0,2447,0.13746148347854614
198.625,7.3125,2448,0.18930278718471527
340.0,9.875,2449,0.29557669162750244
283.25,4.4375,2450,0.1430531144142151
236.875,7.9375,2451,0.1854485422372818
481.625,3.625,2452,0.2578141391277313
171.625,7.6875,2453,0.1292673647403717
211.125,4.0,2454,0.4082457721233368
362.625,8.4375,2455,0.26934918761253357
348.5,10.0,2456,0.15787756443023682
203.875,7.5625,2457,0.13976946473121643
247.625,7.9375,2458,0.2431267499923706
278.125,5.1875,2459,0.20772257447242737
142.25,3.6875,2460,0.16394279897212982
332.875,10.0,2461,0.4593605101108551
239.5,5.875,2462,0.14016875624656677
329.25,8.25,2463,0.20228824019432068
323.375,6.5625,2464,0.11115150153636932
637.625,0.875,2465,0.1922854334115982
164.0,10.0,2466,0.11065861582756042
397.625,3.75,2467,0.2903771996498108
231.375,9.125,2468,0.1455446034669876
196.375,10.0,2469,0.15471889078617096
198.375,10.0,2470,0.2593841254711151
154.875,9.125,2471,0.2389775663614273
507.5,3.0,2472,0.2840231955051422
321.5,7.9375,2473,0.10714954882860184
221.25,10.0,2474,0.17650023102760315
458.375,5.1875,2475,0.17867648601531982
264.125,6.5,2476,0.23859640955924988
315.25,6.09375,2477,0.2104026824235916
231.5,9.3125,2478,0.182533860206604
220.5,9.125,2479,0.231280118227005
315.5,4.5625,2480,0.1669747531414032
474.75,3.6875,2481,0.14795580506324768
178.125,5.625,2482,0.15432201325893402
299.0,9.3125,2483,0.2673942446708679
277.5,5.1875,2484,0.1411742866039276
214.5,6.0625,2485,0.32500189542770386
613.0,4.3125,2486,0.2818107008934021
416.0,5.0,2487,0.0992325022816658
156.375,10.0,2488,0.15258970856666565
374.0,7.9375,2489,0.29886341094970703
306.625,8.8125,2490,0.18626464903354645
257.25,6.5625,2491,0.1731337010860443
309.375,4.65625,2492,0.23037664592266083
340.5,10.0,2493,0.17605696618556976
198.25,7.125,2494,0.12755423784255981
246.125,10.0,2495,0.21777351200580597
209.125,9.3125,2496,0.1575004607439041
289.625,7.71875,2497,0.22308465838432312
208.0,7.625,2498,0.12959840893745422
185.0,7.0625,2499,0.19856330752372742
255.5,10.0,2500,0.22095292806625366
463.0,5.0625,2501,0.13227905333042145
260.125,8.625,2502,0.13867898285388947
296.0,8.625,2503,0.12781520187854767
370.875,8.625,2504,0.13126859068870544
96.0,4.625,2505,0.138140007853508
316.625,3.375,2506,0.4016210734844208
608.75,6.875,2507,0.19735956192016602
189.375,9.875,2508,0.12288106977939606
261.0,3.53125,2509,0.21359995007514954
117.25,9.125,2510,0.2915908098220825
364.0,8.625,2511,0.37785106897354126
343.75,4.65625,2512,0.10589922964572906
191.875,8.625,2513,0.1662186235189438
314.375,6.03125,2514,0.23944567143917084
412.375,10.0,2515,0.19943247735500336
143.5,10.0,2516,0.12810401618480682
149.75,5.4375,2517,0.4184826612472534
229.875,8.625,2518,0.3067406415939331
174.875,9.125,2519,0.20855914056301117
156.875,10.0,2520,0.13636250793933868
586.5,1.375,2521,0.3104264438152313
334.0,8.6875,2522,0.13830223679542542
237.25,9.125,2523,0.14040441811084747
510.75,3.28125,2524,0.1631205826997757
329.375,4.3125,2525,0.19941864907741547
435.375,8.625,2526,0.20130126178264618
378.125,4.96875,2527,0.11207856237888336
172.125,9.0,2528,0.2118859887123108
288.25,9.375,2529,0.23400604724884033
327.25,5.75,2530,0.2182588428258896
255.25,10.0,2531,0.13737063109874725
268.5,10.0,2532,0.13379360735416412
266.875,7.25,2533,0.10780464112758636
331.375,6.5625,2534,0.2808826267719269
218.5,10.0,2535,0.13105587661266327
146.5,9.125,2536,0.17902334034442902
210.125,10.0,2537,0.26501497626304626
283.0,5.1875,2538,0.16200962662696838
528.375,4.34375,2539,0.17680539190769196
220.25,7.25,2540,0.13907641172409058
188.875,9.75,2541,0.14734940230846405
243.375,5.9375,2542,0.16845159232616425
237.75,9.3125,2543,0.26143771409988403
255.25,10.0,2544,0.17822350561618805
228.5,9.125,2545,0.14448285102844238
194.25,8.40625,2546,0.1538725346326828
222.75,7.375,2547,0.22375327348709106
230.625,6.25,2548,0.19092585146427155
247.75,6.0,2549,0.30592599511146545
260.25,9.3125,2550,0.16086018085479736
204.375,6.34375,2551,0.17861835658550262
215.875,6.5625,2552,0.22798800468444824
358.625,4.4375,2553,0.28298723697662354
328.625,8.0,2554,0.175582617521286
358.0,6.09375,2555,0.16753335297107697
227.25,9.3125,2556,0.1840234100818634
276.625,9.46875,2557,0.16651056706905365
180.5,5.625,2558,0.12135323137044907
194.25,7.9375,2559,0.23965533077716827
454.25,8.9375,2560,0.2616565227508545
309.375,10.0,2561,0.18691511452198029
246.375,6.6875,2562,0.10537713766098022
296.75,5.875,2563,0.18016330897808075
356.875,7.4375,2564,0.1781197339296341
687.625,0.75,2565,0.213527113199234
215.5,10.0,2566,0.11849187314510345
381.125,6.25,2567,0.09217462688684464
234.125,5.21875,2568,0.15970435738563538
333.125,9.3125,2569,0.26379966735839844
487.5,3.0,2570,0.18230490386486053
319.375,4.3125,2571,0.11911895871162415
142.0,10.0,2572,0.25047340989112854
184.5,6.875,2573,0.24654679000377655
266.875,10.0,2574,0.18317146599292755
290.375,6.3125,2575,0.12993857264518738
369.625,9.3125,2576,0.2083849012851715
248.75,9.3125,2577,0.19417263567447662
184.25,9.125,2578,0.0967332199215889
155.75,10.0,2579,0.16281285881996155
314.625,6.5625,2580,0.34103313088417053
420.875,9.46875,2581,0.1953655332326889
272.25,6.0625,2582,0.11708417534828186
505.75,3.65625,2583,0.20827293395996094
608.625,2.875,2584,0.13592636585235596
256.125,8.09375,2585,0.14726747572422028
229.375,9.625,2586,0.3031459450721741
162.25,7.375,2587,0.23623861372470856
222.875,5.875,2588,0.24841777980327606
169.875,8.75,2589,0.20532694458961487
274.0,8.25,2590,0.23310092091560364
214.0,9.125,2591,0.11294049024581909
313.375,5.9375,2592,0.16629837453365326
362.125,3.9375,2593,0.24022038280963898
387.375,6.625,2594,0.1737663894891739
265.0,9.3125,2595,0.19758808612823486
249.875,7.0,2596,0.2098233550786972
273.875,8.25,2597,0.23836147785186768
463.5,6.625,2598,0.15238046646118164
185.25,4.0,2599,0.1503407508134842
198.0,10.0,2600,0.3206142783164978
466.75,5.9375,2601,0.20392683148384094
260.0,10.0,2602,0.17272070050239563
310.625,8.78125,2603,0.15670868754386902
175.875,10.0,2604,0.2360079437494278
273.625,5.1875,2605,0.29048478603363037
392.625,9.3125,2606,0.23135381937026978
354.125,4.4375,2607,0.16011089086532593
140.125,4.75,2608,0.1894218772649765
316.5,8.375,2609,0.19707709550857544
295.0,8.625,2610,0.10630640387535095
259.875,7.25,2611,0.17300933599472046
364.5,5.25,2612,0.23775485157966614
379.625,5.125,2613,0.16486768424510956
299.125,5.1875,2614,0.1321249157190323
412.875,3.875,2615,0.11647830903530121
559.875,3.875,2616,0.21777833998203278
231.625,4.0,2617,0.1189788356423378
554.875,4.0,2618,0.43684905767440796
420.75,6.625,2619,0.16660551726818085
240.75,10.0,2620,0.1457027792930603
373.375,4.75,2621,0.1543673872947693
256.875,5.1875,2622,0.237248033285141
236.625,6.1875,2623,0.13549385964870453
241.25,10.0,2624,0.17605586349964142
404.0,6.09375,2625,0.11148978024721146
386.125,6.5,2626,0.1636376678943634
135.0,7.375,2627,0.2270372062921524
328.0,3.375,2628,0.3808661103248596
230.25,6.875,2629,0.18145352602005005
176.75,9.0,2630,0.14975707232952118
508.375,5.3125,2631,0.17958463728427887
328.75,6.0625,2632,0.09534160047769547
387.25,7.4375,2633,0.2697807848453522
376.0,3.75,2634,0.19081827998161316
174.875,7.25,2635,0.17362932860851288
213.25,8.625,2636,0.37377896904945374
248.25,6.375,2637,0.23889675736427307
197.25,10.0,2638,0.24701406061649323
230.375,10.0,2639,0.19586677849292755
313.75,10.0,2640,0.14913372695446014
219.5,10.0,2641,0.1304185539484024
157.75,8.25,2642,0.17790010571479797
502.25,4.75,2643,0.34053072333335876
291.875,4.65625,2644,0.15544340014457703
226.0,6.71875,2645,0.1622055023908615
290.125,9.875,2646,0.27529388666152954
281.75,9.5,2647,0.09636956453323364
162.5,8.8125,2648,0.10633161664009094
479.625,3.875,2649,0.30463579297065735
404.75,5.9375,2650,0.19316954910755157
232.125,9.0,2651,0.16052792966365814
198.0,9.0,2652,0.13368676602840424
209.625,7.0625,2653,0.16316446661949158
236.875,9.3125,2654,0.2058454155921936
155.0,9.875,2655,0.14304877817630768
305.75,6.5625,2656,0.3725360929965973
508.625,6.5625,2657,0.1677575409412384
332.625,7.8125,2658,0.14505945146083832
322.625,5.28125,2659,0.18832488358020782
155.25,10.0,2660,0.11985567957162857
229.25,8.09375,2661,0.2975323796272278
435.375,3.875,2662,0.2587408125400543
318.25,4.5,2663,0.14481724798679352
399.75,8.625,2664,0.19774892926216125
275.5,8.46875,2665,0.19309554994106293
219.5,3.875,2666,0.2927955687046051
326.5,10.0,2667,0.2575729489326477
321.75,8.78125,2668,0.16140377521514893
217.0,8.625,2669,0.1635742336511612
241.625,7.25,2670,0.18690188229084015
204.0,10.0,2671,0.1784026324748993
269.5,6.5625,2672,0.1724400520324707
173.5,10.0,2673,0.2583629786968231
199.0,7.25,2674,0.20736247301101685
453.5,6.8125,2675,0.23948858678340912
248.375,7.5625,2676,0.12731723487377167
167.625,8.25,2677,0.19111210107803345
231.125,10.0,2678,0.2985096871852875
342.25,7.25,2679,0.1980496197938919
211.375,8.625,2680,0.14058704674243927
335.5,6.875,2681,0.24244046211242676
326.125,9.0,2682,0.19442380964756012
493.0,6.46875,2683,0.06723783910274506
218.375,8.6875,2684,0.16949988901615143
180.75,6.875,2685,0.17698465287685394
359.75,10.0,2686,0.2448435127735138
311.25,5.125,2687,0.13767769932746887
176.625,7.375,2688,0.21152307093143463
250.125,10.0,2689,0.2854056656360626
288.0,9.3125,2690,0.19625578820705414
227.875,8.25,2691,0.14744240045547485
232.75,9.125,2692,0.19771069288253784
283.875,6.5,2693,0.14505334198474884
322.0,5.875,2694,0.22307854890823364
235.625,8.8125,2695,0.25575020909309387
358.375,10.0,2696,0.2610193192958832
251.75,10.0,2697,0.15707801282405853
184.125,4.5,2698,0.17880895733833313
267.625,4.75,2699,0.25743865966796875
712.125,0.75,2700,0.16525007784366608
478.375,3.625,2701,0.165073424577713
351.25,9.3125,2702,0.1207001581788063
493.625,4.1875,2703,0.1479465365409851
252.625,9.3125,2704,0.19028368592262268
292.625,4.5,2705,0.2245001196861267
306.375,10.0,2706,0.163272425532341
234.75,4.84375,2707,0.19272537529468536
199.125,9.0,2708,0.24847114086151123
165.0,3.875,2709,0.16514045000076294
330.625,5.875,2710,0.30964332818984985
227.5,6.6875,2711,0.18281196057796478
736.875,0.125,2712,0.26371365785598755
604.0,1.28125,2713,0.08434442430734634
189.5,10.0,2714,0.12738417088985443
262.875,10.0,2715,0.23241887986660004
233.625,10.0,2716,0.1238265335559845
526.75,4.5,2717,0.23317815363407135
292.75,7.4375,2718,0.17349426448345184
169.75,5.5,2719,0.2538008987903595
448.5,3.75,2720,0.35176900029182434
267.25,10.0,2721,0.14358963072299957
436.5,5.84375,2722,0.2391946166753769
228.125,9.125,2723,0.14181393384933472
167.625,10.0,2724,0.18809044361114502
239.625,7.75,2725,0.24832694232463837
248.75,10.0,2726,0.2082197517156601
426.0,5.25,2727,0.2114706188440323
652.0,3.375,2728,0.11933160573244095
257.875,9.3125,2729,0.10240165144205093
384.875,4.5,2730,0.206753671169281
276.5,5.8125,2731,0.20981860160827637
185.125,9.3125,2732,0.2400788962841034
260.625,5.875,2733,0.20619702339172363
231.5,5.0,2734,0.21841268241405487
497.125,3.9375,2735,0.23596405982971191
309.875,9.3125,2736,0.08474534004926682
178.375,10.0,2737,0.20075486600399017
308.25,9.3125,2738,0.21615128219127655
251.75,7.03125,2739,0.20127740502357483
281.25,10.0,2740,0.23105710744857788
252.875,10.0,2741,0.1934642791748047
302.0,10.0,2742,0.14482223987579346
171.125,4.125,2743,0.09634412080049515
311.375,8.0,2744,0.3441190719604492
307.375,9.8125,2745,0.23525428771972656
445.5,2.25,2746,0.1541663408279419
291.75,7.25,2747,0.11724448204040527
254.875,8.1875,2748,0.19666436314582825
316.25,5.5,2749,0.14073333144187927
385.375,5.875,2750,0.19590671360492706
440.75,4.9375,2751,0.19781163334846497
99.875,6.5,2752,0.1748805195093155
298.75,10.0,2753,0.38434427976608276
198.25,8.0,2754,0.14416459202766418
303.125,9.3125,2755,0.26498687267303467
325.625,8.78125,2756,0.15095219016075134
209.625,5.40625,2757,0.19778427481651306
275.75,8.625,2758,0.21508710086345673
305.75,9.3125,2759,0.2565195560455322
261.375,10.0,2760,0.14304451644420624
177.0,8.625,2761,0.12615539133548737
607.875,5.1875,2762,0.37095919251441956
218.0,8.375,2763,0.06771812587976456
262.625,9.0,2764,0.2911317050457001
591.125,3.5625,2765,0.09357142448425293
390.5,6.125,2766,0.1022501140832901
281.5,8.25,2767,0.1217598021030426
158.625,8.25,2768,0.28775882720947266
361.875,5.8125,2769,0.19671684503555298
318.25,6.125,2770,0.27934467792510986
237.75,8.25,2771,0.2317734807729721
581.625,3.875,2772,0.07814551889896393
320.0,10.0,2773,0.08468478173017502
303.75,10.0,2774,0.17795757949352264
192.125,7.625,2775,0.1378459334373474
248.75,9.1875,2776,0.23155008256435394
130.625,10.0,2777,0.23114465177059174
164.5,8.46875,2778,0.3481099605560303
158.375,9.125,2779,0.3375835716724396
347.5,4.375,2780,0.3314475417137146
329.0,8.96875,2781,0.1250675469636917
245.375,9.5,2782,0.17243650555610657
190.125,10.0,2783,0.23449113965034485
468.875,4.03125,2784,0.26257723569869995
468.0,3.5625,2785,0.24918517470359802
271.0,5.0625,2786,0.17776945233345032
264.625,5.875,2787,0.2653566598892212
161.875,10.0,2788,0.19542299211025238
199.25,8.875,2789,0.16378051042556763
365.0,5.375,2790,0.17991988360881805
246.125,10.0,2791,0.12098478525876999
221.125,7.9375,2792,0.21874232590198517
208.0,5.875,2793,0.22517895698547363
609.75,2.0625,2794,0.25733116269111633
256.125,6.5625,2795,0.14773356914520264
227.375,4.46875,2796,0.2848256230354309
192.5,9.125,2797,0.26622897386550903
555.5,1.875,2798,0.14581456780433655
466.25,3.8125,2799,0.10757843405008316
162.125,9.875,2800,0.20712098479270935
292.125,10.0,2801,0.3013787567615509
436.5,4.90625,2802,0.11227580904960632
469.375,5.25,2803,0.18373803794384003
227.25,9.46875,2804,0.14001241326332092
183.0,4.8125,2805,0.1885441541671753
219.25,10.0,2806,0.2428530603647232
171.375,10.0,2807,0.16256384551525116
497.125,3.875,2808,0.23583775758743286
249.125,10.0,2809,0.1349116414785385
215.375,9.125,2810,0.17674484848976135
496.5,5.25,2811,0.14766763150691986
328.125,4.5,2812,0.17609821259975433
244.625,9.0,2813,0.2388882040977478
348.375,4.5,2814,0.2476940155029297
203.375,8.25,2815,0.2028881460428238
213.125,3.625,2816,0.350760281085968
206.125,9.125,2817,0.2746179401874542
267.625,5.1875,2818,0.1496102213859558
202.125,8.4375,2819,0.25031065940856934
400.875,5.4375,2820,0.14843352138996124
206.75,7.875,2821,0.14999279379844666
172.5,8.875,2822,0.19469788670539856
179.25,3.5625,2823,0.22087283432483673
168.25,10.0,2824,0.31141453981399536
242.875,4.25,2825,0.2527763247489929
641.75,3.375,2826,0.23796354234218597
331.25,6.5625,2827,0.11667563766241074
565.625,4.03125,2828,0.1883535236120224
240.75,5.15625,2829,0.14272646605968475
340.0,4.5,2830,0.19061289727687836
455.375,5.15625,2831,0.1845920830965042
133.625,7.75,2832,0.12227097898721695
432.625,2.375,2833,0.38888078927993774
284.125,4.6875,2834,0.2094436138868332
381.875,5.25,2835,0.2195163071155548
177.125,8.25,2836,0.16912448406219482
374.0,7.46875,2837,0.20568020641803741
228.25,3.75,2838,0.15541492402553558
195.5,10.0,2839,0.1266358345746994
296.125,10.0,2840,0.1825593262910843
191.5,6.875,2841,0.15372703969478607
184.5,9.3125,2842,0.23183566331863403
627.5,5.09375,2843,0.2695598602294922
213.25,4.6875,2844,0.13118876516819
197.375,9.125,2845,0.19430410861968994
300.5,9.1875,2846,0.24327513575553894
194.875,10.0,2847,0.18735121190547943
621.5,2.3125,2848,0.21037940680980682
277.375,9.875,2849,0.12801997363567352
261.375,9.0625,2850,0.15966841578483582
182.0,10.0,2851,0.17851687967777252
432.625,6.0,2852,0.22824598848819733
318.25,5.5625,2853,0.1020732894539833
200.375,10.0,2854,0.08551248162984848
269.875,10.0,2855,0.21537846326828003
237.875,10.0,2856,0.2068886011838913
271.25,9.3125,2857,0.12823505699634552
300.625,9.3125,2858,0.20046749711036682
179.125,10.0,2859,0.17521603405475616
161.25,4.875,2860,0.17475347220897675
210.0,6.75,2861,0.34024450182914734
464.125,3.6875,2862,0.20130865275859833
622.0,3.875,2863,0.2195311039686203
332.0,6.9375,2864,0.1172780767083168
359.875,5.4375,2865,0.20403678715229034
309.25,4.8125,2866,0.24216774106025696
299.125,5.375,2867,0.1919155716896057
273.25,5.59375,2868,0.2749972343444824
267.25,8.0625,2869,0.20698173344135284
235.375,10.0,2870,0.19403161108493805
307.0,5.875,2871,0.17549890279769897
238.5,9.3125,2872,0.16120411455631256
246.0,9.3125,2873,0.16406317055225372
310.5,10.0,2874,0.21493719518184662
351.75,6.4375,2875,0.17309720814228058
277.375,8.9375,2876,0.11919191479682922
692.375,2.4375,2877,0.17878934741020203
273.5,7.9375,2878,0.07698511332273483
249.5,9.3125,2879,0.13183866441249847
274.5,10.0,2880,0.20254790782928467
300.75,4.5625,2881,0.17770269513130188
223.125,9.3125,2882,0.14364460110664368
181.0,10.0,2883,0.22058582305908203
316.0,4.5,2884,0.24067121744155884
198.0,10.0,2885,0.2187143713235855
226.375,7.25,2886,0.20358966290950775
260.875,9.875,2887,0.19374121725559235
291.875,4.875,2888,0.07496926188468933
610.125,5.1875,2889,0.22484071552753448
438.5,8.0,2890,0.10275056213140488
240.75,8.625,2891,0.13816682994365692
203.375,8.75,2892,0.21129688620567322
315.5,7.25,2893,0.25310367345809937
352.125,8.6875,2894,0.12958146631717682
624.75,5.625,2895,0.17014053463935852
254.625,6.875,2896,0.12677453458309174
508.5,4.0625,2897,0.1862812340259552
256.25,9.3125,2898,0.13342757523059845
292.875,10.0,2899,0.24693071842193604
642.125,3.5625,2900,0.177438884973526
321.375,5.59375,2901,0.10597208887338638
204.5,7.9375,2902,0.23229657113552094
238.5,8.125,2903,0.21539941430091858
233.0,7.25,2904,0.1658446341753006
481.25,5.9375,2905,0.188452810049057
480.625,4.5,2906,0.1708700805902481
215.5,10.0,2907,0.16987337172031403
274.5,4.5,2908,0.19466282427310944
300.125,10.0,2909,0.2563190460205078
136.125,6.875,2910,0.14653076231479645
411.625,5.5,2911,0.33545544743537903
357.125,6.875,2912,0.17704689502716064
345.75,4.125,2913,0.1710871011018753
227.25,8.1875,2914,0.12178809940814972
299.875,8.09375,2915,0.14146733283996582
298.375,4.5,2916,0.17443609237670898
587.25,3.25,2917,0.19205956161022186
274.625,7.5625,2918,0.11455962806940079
605.625,2.625,2919,0.18144308030605316
177.875,7.4375,2920,0.10556308180093765
324.5,7.8125,2921,0.3069666624069214
418.125,4.4375,2922,0.14581798017024994
249.75,6.5625,2923,0.1672440767288208
308.125,10.0,2924,0.2985207438468933
211.375,6.875,2925,0.23133675754070282
279.875,3.0625,2926,0.2754938006401062
394.625,4.5,2927,0.31948235630989075
242.375,7.625,2928,0.1897498220205307
219.75,7.9375,2929,0.27904731035232544
526.25,4.5625,2930,0.29044798016548157
768.0,-0.5,2931,0.16240151226520538
197.875,9.875,2932,0.06001371890306473
371.875,6.5625,2933,0.19160272181034088
490.25,2.25,2934,0.20484237372875214
208.25,9.75,2935,0.12511761486530304
223.625,7.75,2936,0.19498874247074127
482.75,2.125,2937,0.19061611592769623
259.5,8.5,2938,0.14038607478141785
272.5,8.625,2939,0.2270963490009308
256.625,8.625,2940,0.1475609540939331
270.5,9.125,2941,0.16607840359210968
532.125,4.5,2942,0.09356293082237244
305.875,7.1875,2943,0.19618955254554749
182.875,5.3125,2944,0.165737122297287
422.25,8.0,2945,0.34173068404197693
687.125,2.0625,2946,0.09722328931093216
391.375,4.03125,2947,0.10697019845247269
306.625,9.3125,2948,0.14659155905246735
478.625,5.5,2949,0.12788182497024536
225.5,5.03125,2950,0.17521728575229645
292.25,5.4375,2951,0.3089214265346527
273.875,9.3125,2952,0.20629701018333435
221.75,9.125,2953,0.14954935014247894
221.375,10.0,2954,0.1594344824552536
192.75,8.25,2955,0.19770389795303345
216.75,8.5,2956,0.20397208631038666
229.125,5.21875,2957,0.18631510436534882
271.375,8.625,2958,0.20806172490119934
196.5,8.875,2959,0.2384350448846817
467.125,5.1875,2960,0.2875397801399231
142.625,4.8125,2961,0.15875160694122314
380.0,5.875,2962,0.3981243968009949
372.0,9.0,2963,0.24418313801288605
214.125,10.0,2964,0.17169789969921112
329.625,10.0,2965,0.15683141350746155
529.0,6.8125,2966,0.11989615857601166
286.625,5.125,2967,0.10114221274852753
631.75,1.6875,2968,0.24219989776611328
355.25,10.0,2969,0.11386420577764511
602.5,4.5,2970,0.15742254257202148
242.125,9.5,2971,0.13988032937049866
212.375,8.9375,2972,0.17298541963100433
222.75,6.875,2973,0.1934167891740799
312.125,10.0,2974,0.31452274322509766
376.125,4.5625,2975,0.18687863647937775
207.875,9.0,2976,0.1535477191209793
257.125,3.71875,2977,0.11207109689712524
329.0,4.8125,2978,0.28191834688186646
257.0,10.0,2979,0.16796596348285675
280.375,9.375,2980,0.1456654965877533
427.25,4.3125,2981,0.2022896409034729
238.5,6.1875,2982,0.24524524807929993
181.375,10.0,2983,0.28233638405799866
281.625,10.0,2984,0.20621724426746368
412.5,4.5,2985,0.17221878468990326
221.375,7.1875,2986,0.20585431158542633
281.5,9.3125,2987,0.17761053144931793
381.75,5.125,2988,0.150833398103714
150.0,7.5625,2989,0.23270583152770996
164.625,10.0,2990,0.1558883637189865
137.0,2.625,2991,0.18280142545700073
225.75,10.0,2992,0.3385721743106842
259.5,7.25,2993,0.16439619660377502
411.625,9.3125,2994,0.2191115915775299
206.625,5.21875,2995,0.14749890565872192
374.375,6.5625,2996,0.15867063403129578
280.125,5.1875,2997,0.21229682862758636
272.625,5.0,2998,0.3077058792114258
223.5,8.4375,2999,0.23589618504047394
196.0,7.875,3000,0.18907806277275085
213.5,7.5625,3001,0.199995756149292
483.625,4.84375,3002,0.20154109597206116
239.5,10.0,3003,0.16700147092342377
241.25,4.5,3004,0.11838211864233017
376.625,9.3125,3005,0.17580197751522064
284.625,4.5,3006,0.12540869414806366
270.0,10.0,3007,0.2513890564441681
246.5,7.375,3008,0.1369803547859192
161.125,7.125,3009,0.26897475123405457
375.0,5.5,3010,0.13596217334270477
442.75,4.09375,3011,0.23423975706100464
359.0,5.65625,3012,0.11574354767799377
439.625,5.3125,3013,0.1450532078742981
148.125,8.4375,3014,0.1664494425058365
523.25,4.6875,3015,0.35291701555252075
289.0,10.0,3016,0.13717101514339447
269.75,8.625,3017,0.14729827642440796
149.375,10.0,3018,0.19806723296642303
265.375,10.0,3019,0.20599520206451416
305.75,8.09375,3020,0.16877280175685883
236.375,5.375,3021,0.19908513128757477
232.5,9.3125,3022,0.22952188551425934
318.75,5.15625,3023,0.21715721487998962
148.875,5.75,3024,0.1592613309621811
132.375,7.375,3025,0.3296980857849121
309.5,5.59375,3026,0.35729464888572693
354.5,6.5625,3027,0.18472392857074738
185.875,10.0,3028,0.17176535725593567
260.375,8.625,3029,0.10047031939029694
275.125,10.0,3030,0.17430809140205383
325.0,10.0,3031,0.1857215017080307
429.75,5.9375,3032,0.0945950523018837
416.625,10.0,3033,0.17788781225681305
328.875,10.0,3034,0.06062331795692444
281.25,9.0,3035,0.21780049800872803
239.125,8.125,3036,0.16325119137763977
234.0,10.0,3037,0.2440304160118103
413.5,3.71875,3038,0.11950311064720154
181.75,9.125,3039,0.13747209310531616
219.625,7.9375,3040,0.14622223377227783
280.5,9.1875,3041,0.22434315085411072
309.25,8.625,3042,0.16829009354114532
220.75,10.0,3043,0.1555694043636322
251.5,9.0625,3044,0.22641688585281372
133.875,10.0,3045,0.1888752281665802
272.5,10.0,3046,0.2698296010494232
256.75,9.875,3047,0.18762317299842834
666.0,2.1875,3048,0.13940711319446564
556.125,5.375,3049,0.11215058714151382
338.75,6.5625,3050,0.12292303144931793
208.375,5.875,3051,0.16700156033039093
193.625,10.0,3052,0.2651405334472656
233.25,10.0,3053,0.22188419103622437
302.5,6.5625,3054,0.17635148763656616
406.25,7.25,3055,0.19255143404006958
325.875,5.0,3056,0.14180614054203033
191.75,10.0,3057,0.17905260622501373
209.5,5.875,3058,0.28532594442367554
405.5,9.3125,3059,0.2554534673690796
416.375,5.90625,3060,0.16728414595127106
502.5,4.625,3061,0.17393270134925842
271.125,5.9375,3062,0.15457728505134583
327.0,8.125,3063,0.18252043426036835
191.25,4.0,3064,0.162041574716568
350.5,4.5,3065,0.18472519516944885
267.5,4.5,3066,0.15878498554229736
510.0,5.8125,3067,0.2240743190050125
448.625,6.0625,3068,0.13830015063285828
259.25,6.0,3069,0.17392098903656006
178.75,5.53125,3070,0.23013362288475037
431.125,8.09375,3071,0.38548579812049866
384.875,7.25,3072,0.2189420610666275
239.875,10.0,3073,0.12413743883371353
365.625,8.09375,3074,0.18603721261024475
217.875,6.5625,3075,0.22106818854808807
374.25,6.1875,3076,0.23154041171073914
178.75,10.0,3077,0.28979191184043884
116.0,4.4375,3078,0.16484995186328888
211.0,8.09375,3079,0.4060977101325989
202.25,9.125,3080,0.25810185074806213
144.625,4.0,3081,0.22358804941177368
172.625,10.0,3082,0.42406389117240906
304.5,4.3125,3083,0.2993057668209076
178.625,8.25,3084,0.2751229703426361
312.25,10.0,3085,0.1281503140926361
118.75,7.375,3086,0.1197163388133049
136.875,10.0,3087,0.22563466429710388
346.375,10.0,3088,0.22366900742053986
330.0,10.0,3089,0.1614723950624466
356.625,5.8125,3090,0.12716107070446014
297.0,7.3125,3091,0.13366346061229706
317.75,7.09375,3092,0.17207223176956177
288.625,5.875,3093,0.1937253326177597
184.5,10.0,3094,0.17130662500858307
255.25,10.0,3095,0.31654757261276245
453.375,3.875,3096,0.14015920460224152
269.375,10.0,3097,0.19110967218875885
266.125,5.03125,3098,0.09594371169805527
312.0,7.125,3099,0.18382371962070465
241.375,10.0,3100,0.18582622706890106
218.375,4.125,3101,0.17433108389377594
280.125,10.0,3102,0.3381616175174713
381.0,5.5625,3103,0.0959886983036995
263.75,8.625,3104,0.2249733954668045
268.25,9.375,3105,0.1546599417924881
512.25,2.8125,3106,0.1915573626756668
176.125,9.125,3107,0.09765559434890747
152.875,10.0,3108,0.1922353208065033
267.375,5.3125,3109,0.22163283824920654
316.125,10.0,3110,0.2724139094352722
524.0,7.1875,3111,0.15768852829933167
337.5,7.3125,3112,0.12055864185094833
208.75,4.5,3113,0.1253596544265747
329.0,5.53125,3114,0.27169790863990784
183.625,2.75,3115,0.19480419158935547
349.875,5.875,3116,0.3560207784175873
339.125,8.78125,3117,0.21316646039485931
255.125,8.25,3118,0.13817964494228363
167.25,9.875,3119,0.16015547513961792
246.0,8.5,3120,0.2683391571044922
274.875,8.9375,3121,0.1849951446056366
328.0,4.25,3122,0.2205861657857895
284.375,6.5625,3123,0.13533596694469452
363.125,5.8125,3124,0.17718659341335297
158.5,9.125,3125,0.1191120520234108
208.75,4.8125,3126,0.31119903922080994
578.75,1.125,3127,0.20534208416938782
376.0,4.125,3128,0.1640292853116989
381.375,6.5625,3129,0.21535293757915497
193.375,10.0,3130,0.15655386447906494
275.75,4.5,3131,0.17261630296707153
125.25,8.25,3132,0.20973382890224457
277.375,9.3125,3133,0.2787781059741974
235.5,10.0,3134,0.08992471545934677
440.125,3.875,3135,0.17185060679912567
173.125,10.0,3136,0.11948279291391373
256.875,9.5,3137,0.24077506363391876
253.0,8.625,3138,0.15403418242931366
301.625,6.375,3139,0.18734660744667053
273.125,9.125,3140,0.25506991147994995
247.5,10.0,3141,0.23628008365631104
470.0,3.9375,3142,0.1235043853521347
361.375,10.0,3143,0.17961165308952332
424.5,6.6875,3144,0.09432482719421387
464.25,3.875,3145,0.10546522587537766
260.25,10.0,3146,0.19543640315532684
436.625,9.3125,3147,0.17009958624839783
225.875,8.3125,3148,0.12725168466567993
270.875,10.0,3149,0.232808917760849
292.875,4.5,3150,0.14095734059810638
272.375,7.25,3151,0.20932802557945251
180.875,10.0,3152,0.2849656045436859
328.375,4.125,3153,0.3003251552581787
290.875,3.125,3154,0.22046305239200592
280.5,4.65625,3155,0.21350546181201935
191.875,7.25,3156,0.19178849458694458
385.375,7.25,3157,0.2191072404384613
256.75,5.875,3158,0.13760408759117126
382.875,6.03125,3159,0.25458192825317383
151.5,7.375,3160,0.13133810460567474
313.375,7.875,3161,0.34805986285209656
261.25,8.1875,3162,0.2154599279165268
497.5,3.0625,3163,0.18799437582492828
186.5,9.3125,3164,0.144154354929924
216.0,10.0,3165,0.2482384294271469
346.125,6.3125,3166,0.25720658898353577
230.625,6.625,3167,0.12324649840593338
343.0,6.1875,3168,0.1341594010591507
426.625,4.5,3169,0.23161852359771729
321.875,5.875,3170,0.12085406482219696
297.25,10.0,3171,0.20888985693454742
348.875,5.0,3172,0.1371108442544937
695.25,3.25,3173,0.23200249671936035
378.25,5.0625,3174,0.12007854133844376
268.25,5.6875,3175,0.12486422806978226
364.875,8.5,3176,0.17761607468128204
349.25,7.9375,3177,0.18291431665420532
301.375,6.0625,3178,0.19028259813785553
405.75,4.5,3179,0.10347821563482285
673.5,1.375,3180,0.22248780727386475
236.75,10.0,3181,0.1306067556142807
297.25,7.9375,3182,0.1724228709936142
299.75,10.0,3183,0.18944497406482697
252.75,6.3125,3184,0.16491468250751495
195.625,9.125,3185,0.20955103635787964
185.25,9.875,3186,0.256595253944397
269.0,4.6875,3187,0.21115459501743317
574.875,3.25,3188,0.254752516746521
210.0,10.0,3189,0.11816804111003876
213.75,9.0,3190,0.21254213154315948
320.25,8.6875,3191,0.2648008167743683
310.5,7.25,3192,0.13227704167366028
328.875,5.0625,3193,0.19649329781532288
273.25,8.625,3194,0.2113409787416458
248.125,8.53125,3195,0.21879389882087708
490.375,3.875,3196,0.19508157670497894
132.375,7.25,3197,0.1898936778306961
235.375,10.0,3198,0.2437267005443573
246.125,9.3125,3199,0.1145506501197815
280.875,5.875,3200,0.13076037168502808
188.625,9.125,3201,0.24236388504505157
382.25,4.34375,3202,0.1905784159898758
320.125,8.4375,3203,0.2029217630624771
268.75,9.875,3204,0.10917478054761887
245.625,8.25,3205,0.11325016617774963
489.5,7.4375,3206,0.15424388647079468
250.5,3.75,3207,0.1484258621931076
214.25,4.5625,3208,0.12864023447036743
237.5,10.0,3209,0.2304956018924713
186.75,9.46875,3210,0.15347881615161896
171.875,8.25,3211,0.19840200245380402
495.5,3.5,3212,0.17795515060424805
219.25,9.0,3213,0.1684594601392746
192.125,9.125,3214,0.1290527731180191
584.375,2.625,3215,0.17126619815826416
352.125,8.625,3216,0.12633834779262543
155.25,9.125,3217,0.12813740968704224
215.5,9.125,3218,0.22125212848186493
175.75,10.0,3219,0.1838553100824356
206.125,8.125,3220,0.1374642550945282
300.25,8.9375,3221,0.3198677897453308
625.25,3.25,3222,0.1569196581840515
168.375,10.0,3223,0.13227607309818268
315.75,4.8125,3224,0.15636156499385834
530.375,3.9375,3225,0.17171131074428558
348.625,4.5,3226,0.12829537689685822
229.125,10.0,3227,0.17225298285484314
204.0,8.5,3228,0.1877894401550293
264.875,10.0,3229,0.2874194085597992
259.125,7.34375,3230,0.22446228563785553
341.75,3.75,3231,0.22276943922042847
403.0,9.3125,3232,0.15355730056762695
658.625,3.1875,3233,0.140445739030838
281.5,10.0,3234,0.13969096541404724
327.0,5.1875,3235,0.13492488861083984
275.375,4.5,3236,0.24743497371673584
175.0,5.40625,3237,0.19562169909477234
393.125,6.03125,3238,0.29877588152885437
575.5,6.0625,3239,0.16780246794223785
289.0,10.0,3240,0.11526146531105042
265.375,10.0,3241,0.11292469501495361
352.375,9.3125,3242,0.16945670545101166
274.875,10.0,3243,0.21117819845676422
201.875,9.3125,3244,0.1304287314414978
305.5,7.9375,3245,0.26252490282058716
257.875,3.4375,3246,0.14823651313781738
272.75,8.6875,3247,0.36164766550064087
443.75,6.6875,3248,0.1404365450143814
383.375,7.3125,3249,0.10356464982032776
529.5,6.75,3250,0.10836132615804672
428.5,10.0,3251,0.2087400257587433
155.75,10.0,3252,0.08977621048688889
297.125,6.90625,3253,0.264337420463562
212.875,10.0,3254,0.16597574949264526
553.125,3.1875,3255,0.2418779730796814
433.25,5.8125,3256,0.12578755617141724
183.0,10.0,3257,0.09058700501918793
505.75,4.5625,3258,0.1713239550590515
409.25,4.6875,3259,0.13572436571121216
317.375,10.0,3260,0.15803225338459015
258.75,10.0,3261,0.14032620191574097
281.75,10.0,3262,0.18532024323940277
366.375,5.125,3263,0.1364394575357437
253.25,10.0,3264,0.1413915753364563
138.625,3.0,3265,0.14371547102928162
292.0,8.4375,3266,0.16100355982780457
290.125,10.0,3267,0.2129894644021988
252.5,9.3125,3268,0.19963380694389343
306.875,6.65625,3269,0.17268867790699005
195.5,6.8125,3270,0.11612876504659653
338.875,4.71875,3271,0.289636492729187
232.125,10.0,3272,0.1812921166419983
245.875,7.9375,3273,0.23018860816955566
381.125,9.375,3274,0.1959037035703659
404.375,5.4375,3275,0.11506534367799759
387.5,5.15625,3276,0.13179875910282135
273.125,4.375,3277,0.17945902049541473
270.5,8.625,3278,0.20847222208976746
185.375,9.125,3279,0.12947383522987366
305.0,6.34375,3280,0.20004016160964966
278.625,5.875,3281,0.20231564342975616
235.875,10.0,3282,0.1976647973060608
168.75,7.75,3283,0.14389635622501373
451.375,4.3125,3284,0.30995386838912964
269.875,10.0,3285,0.2147921770811081
600.25,4.5625,3286,0.14371508359909058
229.0,10.0,3287,0.13027073442935944
589.0,3.9375,3288,0.08353331685066223
723.0,1.5625,3289,0.14661791920661926
306.75,5.5,3290,0.09157643467187881
254.125,7.5625,3291,0.1696116328239441
279.875,10.0,3292,0.19383504986763
332.625,5.03125,3293,0.11543136090040207
187.5,9.3125,3294,0.18153643608093262
269.875,10.0,3295,0.20130792260169983
189.875,7.0,3296,0.18358562886714935
263.625,10.0,3297,0.13963507115840912
286.0,9.125,3298,0.2071273773908615
181.25,10.0,3299,0.12351588904857635
183.25,10.0,3300,0.18304865062236786
288.625,5.34375,3301,0.22963523864746094
183.125,10.0,3302,0.20460349321365356
260.125,8.3125,3303,0.19246914982795715
395.75,6.03125,3304,0.1464724838733673
220.25,9.1875,3305,0.2026558667421341
219.5,4.5,3306,0.2577937841415405
137.125,4.5,3307,0.1610695868730545
314.5,6.53125,3308,0.2925575077533722
241.25,7.03125,3309,0.19015318155288696
198.0,8.875,3310,0.2667977213859558
491.625,9.875,3311,0.21494081616401672
238.0,10.0,3312,0.1142958328127861
545.5,6.0625,3313,0.21026575565338135
217.875,7.0625,3314,0.14867952466011047
364.5,7.9375,3315,0.15031632781028748
265.375,10.0,3316,0.16595004498958588
255.125,6.4375,3317,0.12544260919094086
228.75,5.65625,3318,0.22338218986988068
255.25,4.5,3319,0.2220815271139145
169.25,8.625,3320,0.25867336988449097
406.875,6.875,3321,0.21972951292991638
318.25,10.0,3322,0.15204580128192902
256.25,4.8125,3323,0.1463143676519394
263.75,6.28125,3324,0.3106336295604706
162.75,9.125,3325,0.1870230734348297
451.75,6.1875,3326,0.2567993402481079
235.875,9.46875,3327,0.13925686478614807
199.5,6.09375,3328,0.16264165937900543
235.25,8.25,3329,0.22756147384643555
227.0,9.3125,3330,0.1306166648864746
237.75,10.0,3331,0.1728670746088028
358.5,7.9375,3332,0.1292598396539688
456.25,4.3125,3333,0.1855488121509552
298.75,10.0,3334,0.1114668995141983
281.375,4.5,3335,0.13229189813137054
232.0,8.09375,3336,0.13864146173000336
207.25,9.125,3337,0.24438436329364777
282.875,10.0,3338,0.15607666969299316
308.0,8.9375,3339,0.1348852515220642
171.25,8.875,3340,0.13720528781414032
160.875,4.8125,3341,0.24355153739452362
254.5,10.0,3342,0.22734948992729187
265.5,9.3125,3343,0.049223970621824265
205.5,9.3125,3344,0.2636728286743164
283.0,10.0,3345,0.18291139602661133
440.625,4.96875,3346,0.13266214728355408
258.375,5.875,3347,0.13502341508865356
426.625,4.875,3348,0.19857406616210938
509.875,4.5625,3349,0.1071343645453453
245.625,6.875,3350,0.1940603256225586
370.125,5.875,3351,0.25415727496147156
276.125,7.9375,3352,0.20258022844791412
492.5,5.71875,3353,0.22906097769737244
166.5,6.5,3354,0.12880651652812958
443.625,5.8125,3355,0.18373151123523712
247.25,5.875,3356,0.13001888990402222
236.0,9.0,3357,0.2843358516693115
373.5,7.375,3358,0.25657549500465393
224.0,10.0,3359,0.13109886646270752
154.25,9.125,3360,0.17716234922409058
334.625,10.0,3361,0.3173534870147705
313.875,8.625,3362,0.09349717199802399
532.5,4.1875,3363,0.1274016946554184
,,3364,0.15608924627304077
