completions/train/mean_length,actor/train/kl,rewards/train/score/mean,_step
249.625,,1.0,0
146.125,-0.0006316046346910298,1.0,1
514.75,0.003949905280023813,-0.9375,2
170.75,0.0002872403129003942,0.375,3
91.0,0.0029772650450468063,0.0,4
112.0,0.006513344123959541,-1.125,5
520.5,0.0013457451714202762,-0.375,6
190.25,-0.0001365669013466686,0.6875,7
87.0,0.0007281071157194674,0.1875,8
119.875,0.0006538397283293307,1.0,9
136.125,-0.0011280246544629335,0.0,10
392.25,0.001238760887645185,-1.0,11
224.875,-0.0013243849389255047,0.0,12
157.75,-0.005164548754692078,-0.125,13
100.625,0.015666503459215164,0.6875,14
279.0,-0.0022246132139116526,0.3125,15
193.0,0.0005292893038131297,-0.625,16
358.875,0.0002671795373316854,0.75,17
186.625,0.0026258782017976046,0.3125,18
154.0,3.559191782187554e-06,-0.125,19
59.25,0.011923258192837238,-0.125,20
217.625,-0.007219335064291954,1.0,21
337.75,0.00166765705216676,0.625,22
224.125,-0.00038609057082794607,-0.25,23
146.25,0.0014889946905896068,0.5,24
235.875,0.0016275503439828753,1.0,25
80.875,-0.00017498280794825405,-0.75,26
210.375,-0.0005127908661961555,0.0,27
627.25,-0.0009304687846451998,-1.8125,28
487.75,0.0008487561135552824,-1.75,29
269.375,0.0015476106200367212,-0.3125,30
245.25,0.0018878201954066753,-1.125,31
312.75,-2.0879733710899018e-05,-1.375,32
154.625,0.0007626489968970418,-0.625,33
421.625,0.0008648600778542459,-0.875,34
412.0,-0.0003283574478700757,-0.25,35
197.875,7.210484181996435e-05,1.0,36
133.375,-0.003534031333401799,0.6875,37
490.625,-0.00442622322589159,0.25,38
161.0,-0.0019751449581235647,-0.9375,39
639.25,0.0009227924747392535,-1.75,40
153.25,-0.0024913735687732697,0.8125,41
155.5,-0.00042106510954909027,-0.4375,42
733.375,0.0011102318530902267,-1.3125,43
196.75,0.0007700555142946541,0.375,44
97.125,0.0012045573676005006,-0.5,45
217.375,-0.002928904490545392,1.0,46
292.75,0.0011611892841756344,-0.75,47
137.125,0.003219986567273736,1.0,48
385.25,-0.001133731915615499,3.0625,49
179.375,0.0004652321513276547,-0.125,50
402.5,0.00028656216454692185,-0.5,51
172.5,0.004058245103806257,0.4375,52
123.625,0.001858313218690455,0.75,53
163.625,0.003362040501087904,-0.5,54
258.625,0.019126972183585167,-0.5625,55
96.75,0.0037324721924960613,0.6875,56
185.5,0.0004184042918495834,0.5625,57
241.25,0.0067185829393565655,-0.25,58
336.25,0.003186843590810895,-0.625,59
469.75,-0.00019926617096643895,-0.875,60
95.25,-0.0018165212823078036,0.875,61
163.5,0.002859180560335517,1.0,62
128.5,-0.0009438955457881093,1.0,63
304.75,0.02697426825761795,-0.75,64
481.75,0.003448295406997204,-0.5,65
354.875,0.000838297070004046,-1.0625,66
187.875,-0.002729554194957018,0.25,67
160.75,0.02027660608291626,-0.25,68
193.75,0.00041108406730927527,1.0,69
300.75,-0.0003172425494994968,-0.375,70
768.0,0.0039783320389688015,-2.5,71
90.25,-0.0015734139597043395,0.4375,72
258.375,-0.003959598019719124,2.3125,73
144.75,0.0014331635320559144,2.125,74
114.875,-0.0019256217638030648,-1.25,75
564.5,-0.003702854737639427,-1.625,76
99.25,0.0007319201249629259,1.0,77
140.25,0.0006215698085725307,1.0,78
201.0,0.005679139401763678,0.1875,79
173.25,-0.0002959771081805229,2.78125,80
208.875,0.0259974654763937,1.0,81
295.5,-0.0012297284556552768,0.625,82
87.75,0.000754403998143971,-0.3125,83
563.375,0.003786896588280797,-1.3125,84
87.0,-0.00169555249158293,0.625,85
87.625,0.001517323311418295,-0.75,86
135.5,0.015416528098285198,0.8125,87
85.375,0.003493636380881071,1.0,88
200.875,0.0013766365591436625,-0.3125,89
147.75,0.0007765342597849667,0.625,90
350.625,0.0013421957846730947,1.0,91
154.875,0.0004048944392707199,1.125,92
222.75,0.0012796908849850297,0.8125,93
190.25,-0.00017988802574109286,1.5,94
147.375,0.0015300569357350469,0.875,95
611.0,0.0023934717755764723,-1.5,96
329.125,0.00048745868843980134,-0.875,97
295.5,-0.00046642316738143563,2.0625,98
168.875,-0.003446762217208743,5.125,99
478.5,0.011840438470244408,-0.75,100
134.625,-0.0017739771865308285,4.875,101
214.125,0.06707073748111725,1.0,102
229.75,0.0006584416842088103,-0.3125,103
120.0,0.006115422584116459,3.25,104
168.25,0.005761546082794666,1.46875,105
166.0,0.010721391066908836,3.3125,106
266.25,0.00835853349417448,0.9375,107
198.625,-0.0015170746482908726,0.8125,108
235.5,-0.0006738174124620855,-0.25,109
143.625,-0.001064026146195829,6.03125,110
182.25,0.029054660350084305,5.25,111
464.5,0.017753923311829567,0.625,112
86.0,0.004984995350241661,0.75,113
194.375,0.01031632162630558,6.1875,114
150.0,0.025821195915341377,7.125,115
355.125,0.015822045505046844,3.0,116
351.25,0.011744385585188866,2.5,117
166.0,0.011951099149882793,4.1875,118
174.0,0.04549587145447731,6.0625,119
132.375,0.020250316709280014,9.125,120
138.0,0.05431383103132248,9.125,121
261.625,0.04659891128540039,0.0,122
486.875,0.0068580592051148415,3.53125,123
312.25,0.014792535454034805,4.125,124
289.625,0.013659241609275341,4.8125,125
97.5,0.03469971939921379,10.0,126
207.0,0.08645767718553543,8.09375,127
157.625,0.04176001623272896,8.625,128
175.625,0.03571109473705292,3.625,129
205.875,0.05042285844683647,3.0,130
444.125,0.015584249049425125,-0.5,131
213.5,0.004670776426792145,4.8125,132
335.0,0.04836044833064079,3.59375,133
158.125,0.018749840557575226,6.5625,134
450.5,0.06632078438997269,1.1875,135
200.5,0.013559432700276375,3.0,136
227.625,0.03614691272377968,5.4375,137
140.375,0.05436314642429352,5.0,138
173.375,0.053703077137470245,6.5625,139
129.0,0.02987903729081154,9.3125,140
378.375,0.032533738762140274,3.0,141
170.0,0.016373706981539726,5.5625,142
157.125,0.0929642766714096,5.375,143
114.875,0.07470189034938812,9.125,144
105.5,0.03675145283341408,10.0,145
129.125,0.04322127625346184,10.0,146
246.875,0.050821177661418915,5.375,147
456.375,0.033617470413446426,3.8125,148
182.75,0.017720401287078857,7.5625,149
104.5,0.049399346113204956,4.5,150
199.0,0.061912018805742264,8.25,151
126.25,0.04921993985772133,6.5625,152
196.625,0.07796730101108551,9.3125,153
344.75,0.06721252202987671,4.25,154
225.75,0.02638833597302437,4.4375,155
157.625,0.04430534690618515,10.0,156
444.0,0.05846700072288513,2.8125,157
210.0,0.03503856807947159,9.3125,158
118.0,0.04839729145169258,10.0,159
128.625,0.11112336069345474,4.5,160
166.125,0.07967066764831543,6.5625,161
244.625,0.052486106753349304,3.875,162
145.625,0.06694069504737854,4.0,163
179.625,0.062225792557001114,5.1875,164
160.625,0.027265479788184166,10.0,165
151.75,0.04128214344382286,5.25,166
212.0,0.058132924139499664,8.0625,167
195.0,0.05359109863638878,8.25,168
155.5,0.04427371919155121,10.0,169
226.5,0.04158880189061165,7.5625,170
141.375,0.040815431624650955,5.1875,171
86.5,0.03849830478429794,10.0,172
174.125,0.17096084356307983,6.5625,173
208.875,0.06096987426280975,4.65625,174
122.25,0.046093329787254333,4.5,175
390.375,0.08278000354766846,5.5625,176
227.5,0.02322663739323616,5.125,177
355.375,0.023524412885308266,4.28125,178
118.0,0.026734987273812294,10.0,179
180.0,0.0747099220752716,9.3125,180
103.125,0.10361350327730179,5.25,181
333.75,0.11993575096130371,0.1875,182
110.75,0.006399554666131735,10.0,183
233.75,0.08887504041194916,-1.0,184
196.5,0.010481100529432297,8.1875,185
210.125,0.012936098501086235,10.0,186
265.25,0.10779914259910583,4.6875,187
412.625,0.07705052942037582,3.0625,188
319.125,0.035156652331352234,3.71875,189
218.5,0.05120982602238655,4.5,190
102.5,0.047204744070768356,3.1875,191
631.125,0.0669679343700409,2.125,192
131.875,0.011208861134946346,9.0,193
146.75,0.013519588857889175,6.5,194
148.25,0.06465932726860046,3.0,195
135.875,0.028646690770983696,1.9375,196
188.625,0.04987502470612526,9.46875,197
158.875,0.08859532326459885,7.0625,198
108.5,0.04338134452700615,1.71875,199
381.625,0.0234826747328043,2.25,200
70.375,0.01625371351838112,9.3125,201
259.0,0.12744222581386566,3.375,202
158.75,0.03173992410302162,8.625,203
209.0,0.06067981943488121,10.0,204
259.125,0.04465842247009277,7.9375,205
549.625,0.06601469963788986,2.4375,206
115.25,0.019974268972873688,5.1875,207
143.125,0.04410358518362045,10.0,208
194.0,0.05648491904139519,5.875,209
125.0,0.08525855839252472,9.3125,210
239.5,0.06504736095666885,8.25,211
175.25,0.013873342424631119,8.4375,212
169.125,0.02812384068965912,10.0,213
144.875,0.03383112698793411,10.0,214
186.0,0.1026730164885521,8.0,215
217.875,0.03755494952201843,7.4375,216
705.625,0.034016914665699005,0.3125,217
166.375,0.008725938387215137,10.0,218
132.0,0.0404498390853405,8.4375,219
186.5,0.12463672459125519,7.25,220
345.25,0.09066113829612732,6.25,221
249.25,0.040204424411058426,7.71875,222
169.75,0.04721476137638092,10.0,223
301.125,0.06877398490905762,4.5625,224
401.0,0.03622833639383316,3.5625,225
174.125,0.058843668550252914,8.25,226
442.5,0.06561979651451111,3.625,227
197.375,0.026399288326501846,10.0,228
189.25,0.052741602063179016,10.0,229
385.5,0.06257499754428864,4.5625,230
103.5,0.022592153400182724,10.0,231
225.125,0.13351520895957947,3.875,232
737.625,0.05219826474785805,-0.375,233
476.125,0.006875999271869659,2.6875,234
466.625,0.016625862568616867,3.75,235
185.75,0.038592077791690826,9.46875,236
135.125,0.08486513048410416,5.0,237
213.0,0.06696171313524246,10.0,238
160.25,0.056413713842630386,10.0,239
132.375,0.05612488463521004,10.0,240
449.25,0.12926849722862244,3.9375,241
382.125,0.020774468779563904,4.0,242
153.125,0.022883499041199684,6.5625,243
224.5,0.05461413413286209,9.125,244
264.375,0.042139701545238495,10.0,245
224.375,0.02657710388302803,10.0,246
661.375,0.024865657091140747,1.125,247
223.0,0.006442675366997719,7.25,248
217.5,0.05008244514465332,5.5,249
173.25,0.049245815724134445,7.9375,250
590.25,0.06295318156480789,2.1875,251
484.0,0.018878968432545662,1.875,252
133.125,0.030466144904494286,10.0,253
117.25,0.06470619142055511,9.3125,254
411.125,0.23280079662799835,2.625,255
365.25,0.027353543788194656,4.03125,256
336.5,0.027909355238080025,6.8125,257
299.25,0.07704733312129974,3.625,258
336.75,0.07756250351667404,2.90625,259
173.625,0.017938166856765747,4.4375,260
240.5,0.09540918469429016,10.0,261
113.375,0.06155160441994667,5.875,262
291.125,0.12914752960205078,10.0,263
132.875,0.08491989970207214,10.0,264
196.625,0.09325581043958664,4.5,265
419.125,0.11856777966022491,4.6875,266
692.0,0.0677005723118782,0.375,267
226.25,0.017463169991970062,9.34375,268
163.875,0.10570858418941498,5.375,269
253.625,0.07883673906326294,5.5,270
169.875,0.0944458469748497,6.375,271
135.0,0.1310727894306183,7.25,272
443.625,0.12188883870840073,4.125,273
113.75,0.01792449876666069,10.0,274
567.875,0.09615015983581543,1.65625,275
329.25,0.02521369233727455,10.0,276
457.375,0.0377812460064888,3.1875,277
467.125,0.037050481885671616,7.3125,278
346.0,0.0181092731654644,4.5,279
142.5,0.043464627116918564,9.3125,280
95.5,0.13052360713481903,3.625,281
203.125,0.18544937670230865,5.5625,282
145.375,0.0947180986404419,4.5,283
551.75,0.10844137519598007,1.375,284
292.5,0.02584986574947834,5.625,285
516.625,0.041594430804252625,2.0625,286
499.375,0.030281968414783478,2.15625,287
92.5,0.021089063957333565,6.8125,288
151.75,0.14736372232437134,6.5625,289
167.0,0.09532993286848068,9.46875,290
154.875,0.07944843173027039,4.5,291
218.0,0.10271526128053665,4.5,292
234.375,0.10752113163471222,7.9375,293
183.875,0.05293852463364601,8.9375,294
130.625,0.11421898007392883,6.4375,295
206.625,0.1586276888847351,4.5,296
266.0,0.06548520922660828,8.8125,297
191.875,0.049382321536540985,7.8125,298
196.0,0.11612328886985779,9.0625,299
292.25,0.16418848931789398,3.625,300
198.0,0.085373155772686,7.25,301
213.5,0.09814175963401794,8.0,302
183.875,0.13415226340293884,10.0,303
85.25,0.09250591695308685,10.0,304
234.5,0.15526387095451355,3.875,305
169.0,0.0883091539144516,5.25,306
488.0,0.15575286746025085,2.625,307
322.75,0.04567676782608032,5.21875,308
107.25,0.06194615736603737,9.1875,309
425.25,0.13383081555366516,4.5,310
174.75,0.04842201992869377,7.25,311
224.0,0.08199089765548706,4.5,312
117.25,0.05717131868004799,10.0,313
336.0,0.169145405292511,4.625,314
144.0,0.06146584823727608,10.0,315
194.5,0.13214683532714844,10.0,316
455.0,0.10554685443639755,3.5625,317
281.375,0.06909722834825516,4.5,318
116.0,0.08104218542575836,8.625,319
499.125,0.17393185198307037,4.75,320
191.875,0.04284268245100975,7.9375,321
143.125,0.10633980482816696,9.5,322
402.0,0.1794256865978241,4.09375,323
166.125,0.04565811529755592,7.4375,324
464.375,0.17917390167713165,5.625,325
302.25,0.05453905835747719,9.46875,326
310.875,0.05105124041438103,4.8125,327
533.625,0.07133708149194717,2.15625,328
270.625,0.06455979496240616,8.25,329
434.75,0.12081335484981537,4.625,330
193.375,0.06123556196689606,9.3125,331
333.625,0.14944708347320557,6.625,332
231.25,0.06909234076738358,7.4375,333
169.5,0.20085947215557098,4.5625,334
342.0,0.15520398318767548,3.625,335
292.0,0.09093603491783142,8.9375,336
522.0,0.07732687145471573,1.875,337
280.25,0.029098475351929665,5.75,338
351.25,0.15284523367881775,4.125,339
210.0,0.09831348806619644,10.0,340
246.375,0.07691717892885208,7.875,341
190.875,0.08900462090969086,8.625,342
398.625,0.15256527066230774,7.09375,343
169.5,0.12393800169229507,10.0,344
277.625,0.10794162005186081,5.75,345
161.375,0.08514317870140076,10.0,346
168.0,0.07618804275989532,10.0,347
632.5,0.11444482207298279,1.25,348
197.875,0.033822089433670044,10.0,349
588.625,0.05807390809059143,1.625,350
678.5,0.027719765901565552,0.5625,351
186.75,0.044599972665309906,8.09375,352
121.25,0.12419737875461578,5.1875,353
435.5,0.26444128155708313,5.0,354
418.375,0.06305670738220215,2.625,355
270.25,0.04535110294818878,4.8125,356
341.125,0.06572706252336502,5.5,357
525.875,0.07670576870441437,4.9375,358
129.0,0.06715382635593414,6.5625,359
683.875,0.1248447597026825,0.125,360
162.5,0.02834521420300007,9.3125,361
178.625,0.13469325006008148,10.0,362
186.125,0.15883684158325195,7.9375,363
128.25,0.15699343383312225,10.0,364
202.625,0.294206440448761,4.5,365
191.75,0.1353994607925415,9.3125,366
404.25,0.15181192755699158,3.25,367
382.125,0.08016271889209747,4.375,368
196.5,0.08404815196990967,10.0,369
227.625,0.058103688061237335,10.0,370
313.25,0.09626515954732895,5.6875,371
680.125,0.08383535593748093,1.4375,372
145.625,0.045137181878089905,9.3125,373
768.0,0.25015318393707275,-0.5,374
180.125,0.0228697769343853,9.3125,375
104.25,0.12129582464694977,10.0,376
264.0,0.21783651411533356,9.125,377
243.0,0.13231387734413147,7.9375,378
321.0,0.10877733677625656,10.0,379
199.0,0.057002387940883636,6.03125,380
127.625,0.2797081470489502,9.3125,381
121.0,0.16665039956569672,10.0,382
339.375,0.16029855608940125,10.0,383
251.875,0.04834014177322388,10.0,384
293.25,0.09581665694713593,10.0,385
374.25,0.0506402812898159,7.375,386
166.625,0.06586010009050369,10.0,387
145.625,0.15458464622497559,10.0,388
264.5,0.14090219140052795,7.9375,389
446.25,0.14381739497184753,4.5,390
136.0,0.05650288984179497,10.0,391
441.5,0.08874576538801193,3.0625,392
172.0,0.075772725045681,9.5625,393
108.625,0.17447970807552338,10.0,394
154.875,0.1949179321527481,10.0,395
711.875,0.21043139696121216,0.8125,396
220.0,0.03469553589820862,9.3125,397
377.75,0.12088707834482193,6.75,398
541.75,0.06412681937217712,3.0,399
636.0,0.0476946122944355,1.4375,400
582.625,0.03834827244281769,3.625,401
98.5,0.04172833636403084,10.0,402
285.125,0.1832340806722641,9.3125,403
531.0,0.09131330251693726,1.875,404
174.875,0.04234980419278145,6.5625,405
533.625,0.10784120857715607,2.1875,406
660.25,0.07580598443746567,0.5,407
212.375,0.05431998893618584,9.46875,408
123.25,0.06258901953697205,10.0,409
226.375,0.20408639311790466,8.4375,410
217.625,0.10905923694372177,9.46875,411
338.25,0.061949606984853745,6.9375,412
218.875,0.07563900202512741,8.625,413
292.625,0.12520205974578857,5.28125,414
237.0,0.10848762094974518,10.0,415
128.125,0.13146138191223145,9.3125,416
304.75,0.3053106963634491,7.03125,417
237.125,0.08948839455842972,8.625,418
198.25,0.09181594848632812,8.4375,419
279.25,0.11462841182947159,9.0,420
434.5,0.06132339686155319,5.0,421
148.875,0.06785401701927185,10.0,422
198.0,0.10405679792165756,7.8125,423
530.75,0.07048332691192627,3.0,424
221.875,0.09189305454492569,6.03125,425
233.375,0.1823127716779709,8.0,426
264.25,0.09986533224582672,5.1875,427
528.875,0.15830905735492706,3.125,428
230.625,0.046707309782505035,5.25,429
202.125,0.11136631667613983,5.1875,430
221.0,0.1837320625782013,4.5,431
262.625,0.07715712487697601,8.0,432
152.5,0.07910006493330002,7.25,433
190.125,0.16388115286827087,10.0,434
213.125,0.0991041511297226,4.5,435
382.125,0.18046849966049194,6.0,436
160.25,0.07746095210313797,10.0,437
374.0,0.12515060603618622,2.75,438
367.875,0.1157698705792427,5.28125,439
185.5,0.07082018256187439,9.3125,440
516.25,0.15368570387363434,1.625,441
341.75,0.041102971881628036,4.5625,442
341.75,0.10618384182453156,6.34375,443
170.75,0.11031346768140793,9.3125,444
334.625,0.1934272050857544,7.53125,445
313.75,0.09897060692310333,4.65625,446
375.375,0.07452242076396942,4.9375,447
250.875,0.11165747046470642,10.0,448
454.125,0.10116203874349594,6.5,449
197.5,0.060267526656389236,4.5,450
582.125,0.21178552508354187,4.0,451
357.5,0.058209821581840515,4.15625,452
455.125,0.10794281214475632,5.5,453
321.25,0.06378333270549774,5.75,454
171.875,0.08795306831598282,10.0,455
288.875,0.1797160655260086,4.8125,456
159.25,0.09247403591871262,8.625,457
200.25,0.14275699853897095,5.25,458
304.75,0.2092302292585373,6.625,459
180.625,0.11662143468856812,10.0,460
356.375,0.14074558019638062,4.03125,461
147.0,0.08838929235935211,6.6875,462
289.625,0.1287546157836914,7.25,463
398.125,0.07532667368650436,4.125,464
348.25,0.1304168999195099,4.90625,465
552.5,0.09780288487672806,1.0,466
253.875,0.07705660909414291,4.5,467
113.625,0.14631110429763794,4.5,468
768.0,0.14121735095977783,-0.5,469
230.75,0.014958873391151428,6.5625,470
142.5,0.10785053670406342,10.0,471
768.0,0.10561320930719376,-0.5,472
546.75,0.03484523296356201,5.0,473
281.0,0.05702514573931694,10.0,474
100.25,0.09581926465034485,9.3125,475
279.625,0.263931542634964,5.9375,476
440.375,0.19791251420974731,2.25,477
329.625,0.0810636430978775,6.28125,478
203.75,0.10857368260622025,9.3125,479
147.75,0.15569178760051727,10.0,480
173.375,0.2786020040512085,7.25,481
286.25,0.1958005279302597,5.875,482
487.75,0.08881634473800659,5.875,483
375.875,0.08367907255887985,4.125,484
246.25,0.09994355589151382,4.28125,485
346.125,0.1493394672870636,6.6875,486
297.5,0.10383336991071701,6.4375,487
297.625,0.18848241865634918,5.875,488
452.75,0.13030210137367249,2.625,489
113.625,0.08159414678812027,10.0,490
198.25,0.16359451413154602,7.9375,491
281.5,0.11719679087400436,5.4375,492
304.5,0.1729954481124878,6.625,493
350.25,0.0960419774055481,7.8125,494
244.0,0.12418597936630249,4.8125,495
154.625,0.18407002091407776,10.0,496
192.625,0.17520761489868164,6.125,497
188.0,0.23489251732826233,8.625,498
213.5,0.16589030623435974,9.3125,499
158.75,0.10720174759626389,10.0,500
114.5,0.1305811107158661,10.0,501
412.125,0.1914740800857544,6.6875,502
408.25,0.08241239190101624,7.375,503
313.125,0.06585779786109924,6.625,504
213.25,0.06782591342926025,7.9375,505
456.375,0.0848107635974884,5.375,506
262.75,0.055006157606840134,5.34375,507
101.375,0.15079917013645172,10.0,508
192.0,0.20735301077365875,9.6875,509
254.5,0.10766379535198212,7.3125,510
115.625,0.13523149490356445,10.0,511
291.875,0.1130426749587059,8.0,512
297.75,0.11392673850059509,8.3125,513
201.25,0.09838180989027023,10.0,514
117.125,0.08099488168954849,9.875,515
476.75,0.27607226371765137,3.125,516
638.375,0.10850144922733307,1.375,517
191.875,0.06000424921512604,10.0,518
183.75,0.06528161466121674,8.5,519
278.875,0.07749120891094208,5.875,520
259.25,0.11039826273918152,9.375,521
172.0,0.12642991542816162,10.0,522
261.125,0.1401866376399994,10.0,523
181.25,0.07600241899490356,9.6875,524
193.625,0.13157202303409576,6.5625,525
143.25,0.15346772968769073,8.625,526
177.75,0.11171701550483704,10.0,527
278.125,0.11140505224466324,8.625,528
195.375,0.10761652141809464,10.0,529
273.875,0.2095331996679306,4.875,530
284.5,0.11138758063316345,7.3125,531
314.25,0.09822346270084381,6.0,532
348.125,0.07877815514802933,7.375,533
222.125,0.09423084557056427,8.25,534
152.0,0.15592308342456818,10.0,535
676.0,0.24222494661808014,0.75,536
136.625,0.06565465778112411,10.0,537
766.75,0.2180621325969696,-0.5,538
394.375,0.053067319095134735,7.0,539
322.0,0.10147976130247116,9.125,540
356.625,0.08416382968425751,6.6875,541
261.25,0.12803062796592712,9.3125,542
444.375,0.0694790855050087,3.9375,543
240.375,0.10401077568531036,7.9375,544
253.875,0.24261388182640076,5.625,545
444.625,0.16804872453212738,3.5625,546
255.5,0.16370704770088196,4.8125,547
255.875,0.18227353692054749,10.0,548
266.0,0.06747766584157944,8.875,549
349.375,0.08058741688728333,5.875,550
210.875,0.08693411201238632,9.3125,551
241.5,0.16397732496261597,10.0,552
229.0,0.2034771591424942,4.5,553
115.25,0.195061594247818,10.0,554
117.125,0.21706551313400269,10.0,555
275.875,0.06992299854755402,9.3125,556
252.75,0.10794401913881302,5.625,557
128.5,0.09691721946001053,10.0,558
202.625,0.16835014522075653,9.1875,559
125.125,0.26545584201812744,10.0,560
158.875,0.23673735558986664,7.875,561
193.375,0.16087399423122406,7.9375,562
448.25,0.12489070743322372,7.9375,563
260.0,0.07516765594482422,8.125,564
312.375,0.0766783356666565,5.25,565
161.75,0.08900272846221924,8.25,566
291.5,0.15845687687397003,6.90625,567
390.125,0.17735634744167328,7.375,568
421.75,0.07972264289855957,5.3125,569
151.375,0.12084896117448807,10.0,570
229.25,0.19032907485961914,6.625,571
374.0,0.14530518651008606,3.875,572
114.125,0.10822632908821106,10.0,573
109.25,0.2333851158618927,10.0,574
150.625,0.26502561569213867,10.0,575
120.5,0.17049169540405273,10.0,576
312.875,0.23699498176574707,8.3125,577
360.5,0.08352106809616089,4.6875,578
267.375,0.12575538456439972,4.5,579
401.375,0.13812477886676788,6.4375,580
208.875,0.117238849401474,10.0,581
505.875,0.17622660100460052,3.71875,582
286.625,0.05736147612333298,9.3125,583
349.75,0.10971588641405106,6.75,584
118.625,0.16073304414749146,10.0,585
535.75,0.22229453921318054,2.6875,586
311.5,0.09386122226715088,10.0,587
175.25,0.09798631817102432,7.5625,588
188.375,0.17076949775218964,10.0,589
310.5,0.14969834685325623,7.9375,590
212.125,0.20916055142879486,8.625,591
282.75,0.2946615517139435,4.5,592
233.5,0.19299793243408203,5.875,593
242.0,0.2067645937204361,6.5625,594
435.5,0.1637040376663208,6.4375,595
255.375,0.09166575223207474,6.5625,596
227.5,0.16240733861923218,9.0625,597
202.75,0.12530244886875153,10.0,598
225.25,0.15902023017406464,10.0,599
160.75,0.173565074801445,4.5,600
186.875,0.26619935035705566,8.25,601
225.0,0.17703446745872498,10.0,602
257.5,0.10107914358377457,9.3125,603
359.25,0.07783303409814835,10.0,604
559.25,0.08249000459909439,2.6875,605
139.0,0.11388660222291946,10.0,606
184.875,0.2187003642320633,7.9375,607
209.375,0.1758846640586853,8.625,608
362.75,0.0949537381529808,5.59375,609
209.125,0.10424083471298218,9.3125,610
378.0,0.19022607803344727,5.875,611
347.5,0.1084175854921341,4.84375,612
364.0,0.10730718821287155,8.0,613
361.0,0.09534759819507599,8.625,614
237.5,0.1311095505952835,9.3125,615
391.75,0.09228405356407166,3.25,616
200.75,0.13440880179405212,6.5625,617
374.0,0.252702534198761,8.0,618
268.875,0.12242983281612396,8.78125,619
209.25,0.12176460027694702,10.0,620
768.0,0.15421004593372345,-0.5,621
248.375,0.058844681829214096,7.1875,622
230.0,0.1392243355512619,10.0,623
262.0,0.12517470121383667,8.6875,624
172.5,0.1457953155040741,8.96875,625
255.25,0.17933134734630585,6.25,626
274.125,0.168836310505867,4.5,627
300.125,0.20382922887802124,5.78125,628
382.75,0.14536167681217194,6.09375,629
457.875,0.11958438903093338,4.0625,630
338.375,0.06811119616031647,5.25,631
468.875,0.10387787222862244,3.25,632
324.0,0.13161060214042664,9.3125,633
431.25,0.09676355868577957,3.25,634
197.625,0.12355023622512817,9.3125,635
200.0,0.1807292252779007,7.25,636
504.625,0.15866719186306,6.5,637
326.375,0.06028284505009651,4.5,638
268.25,0.08222956955432892,4.5,639
275.375,0.17031562328338623,7.25,640
185.25,0.16562813520431519,6.5625,641
194.375,0.2205916941165924,8.28125,642
296.375,0.2513967752456665,6.5625,643
247.25,0.1820930689573288,9.3125,644
330.5,0.11955516040325165,5.1875,645
295.25,0.1351584941148758,5.71875,646
241.5,0.13938923180103302,10.0,647
217.0,0.15733946859836578,9.3125,648
500.125,0.09631241112947464,6.9375,649
517.25,0.08273714780807495,4.6875,650
184.625,0.08306194096803665,9.3125,651
141.75,0.1828555166721344,10.0,652
377.5,0.28144386410713196,7.4375,653
483.375,0.12349246442317963,2.875,654
270.125,0.11674822121858597,8.3125,655
313.75,0.10832522809505463,10.0,656
237.25,0.15329933166503906,5.1875,657
532.125,0.24602557718753815,4.0625,658
387.625,0.11777784675359726,5.21875,659
205.625,0.15103678405284882,10.0,660
354.625,0.16983662545681,10.0,661
248.375,0.1284121721982956,7.25,662
333.25,0.21115586161613464,4.5,663
228.875,0.12906573712825775,5.25,664
603.5,0.12792626023292542,2.0625,665
427.625,0.09770138561725616,4.1875,666
221.625,0.12421898543834686,9.3125,667
527.0,0.16014932096004486,3.25,668
207.75,0.0954364538192749,6.875,669
306.625,0.23793531954288483,4.5,670
275.625,0.10431498289108276,5.0,671
353.125,0.23963135480880737,9.375,672
186.625,0.09890595078468323,10.0,673
269.875,0.15574957430362701,9.3125,674
394.25,0.13172468543052673,4.0,675
316.5,0.17113162577152252,8.25,676
194.0,0.1859869807958603,10.0,677
256.125,0.19117136299610138,8.8125,678
280.0,0.14066031575202942,4.5,679
302.375,0.1776995211839676,7.9375,680
194.625,0.20334501564502716,8.9375,681
174.125,0.22731994092464447,8.09375,682
254.375,0.2054351270198822,9.46875,683
586.625,0.132259801030159,4.6875,684
121.875,0.06885554641485214,10.0,685
230.625,0.2796749472618103,9.3125,686
223.375,0.152399942278862,9.375,687
481.625,0.20795150101184845,8.0,688
504.75,0.10792341828346252,3.3125,689
181.75,0.15744909644126892,10.0,690
156.375,0.13676518201828003,10.0,691
322.75,0.1441114991903305,9.125,692
164.375,0.106513611972332,9.3125,693
241.625,0.3505808413028717,4.65625,694
152.375,0.2024564892053604,10.0,695
128.5,0.13680067658424377,8.9375,696
544.5,0.18670693039894104,2.0,697
242.5,0.1359153538942337,4.6875,698
269.75,0.20104362070560455,5.8125,699
287.25,0.16247358918190002,6.5625,700
403.125,0.21386462450027466,4.5625,701
438.0,0.1579025685787201,3.71875,702
221.0,0.13910456001758575,5.8125,703
115.25,0.33143559098243713,4.5,704
198.25,0.16395987570285797,9.3125,705
597.75,0.22704319655895233,2.9375,706
465.875,0.1662510484457016,3.5625,707
233.0,0.14651644229888916,6.4375,708
256.375,0.26193416118621826,8.625,709
504.375,0.14329612255096436,4.25,710
321.0,0.09467410296201706,6.5625,711
282.625,0.2064138501882553,8.625,712
275.25,0.1448219269514084,9.3125,713
179.375,0.14661121368408203,10.0,714
486.75,0.17877821624279022,3.71875,715
520.375,0.07898765802383423,4.8125,716
329.375,0.13265059888362885,5.9375,717
167.0,0.16908368468284607,10.0,718
280.0,0.15307022631168365,6.5625,719
283.0,0.18881776928901672,5.875,720
256.375,0.19761759042739868,8.625,721
203.875,0.12676511704921722,9.3125,722
263.125,0.20657876133918762,5.4375,723
232.75,0.14522472023963928,10.0,724
240.5,0.1160648912191391,7.875,725
230.625,0.18753080070018768,7.0,726
164.625,0.1849984973669052,6.5625,727
399.25,0.20700743794441223,3.875,728
186.875,0.1520794779062271,4.5,729
211.75,0.19125227630138397,10.0,730
494.75,0.13504789769649506,4.625,731
305.0,0.12405001372098923,10.0,732
260.875,0.22563719749450684,6.75,733
389.375,0.16801847517490387,6.5,734
201.375,0.18450289964675903,10.0,735
143.75,0.13658425211906433,10.0,736
188.375,0.4020932614803314,10.0,737
191.5,0.10952405631542206,9.3125,738
182.0,0.17384544014930725,6.875,739
312.375,0.2509900629520416,6.375,740
302.625,0.1343027502298355,4.6875,741
714.625,0.17459018528461456,0.8125,742
315.5,0.045279279351234436,6.625,743
211.625,0.16327129304409027,8.625,744
215.5,0.16850116848945618,9.125,745
454.5,0.19283965229988098,4.71875,746
199.0,0.14261993765830994,10.0,747
708.75,0.2386074960231781,1.0625,748
174.5,0.10190213471651077,10.0,749
188.5,0.16983731091022491,9.125,750
227.375,0.14284972846508026,5.6875,751
268.875,0.1595287173986435,5.25,752
184.125,0.23264700174331665,7.25,753
286.125,0.1699678748846054,9.3125,754
624.875,0.10346713662147522,2.5625,755
265.0,0.1020384356379509,7.25,756
188.0,0.11867403984069824,10.0,757
114.375,0.22152197360992432,10.0,758
146.75,0.34063512086868286,10.0,759
371.25,0.21827779710292816,3.875,760
227.0,0.1995556503534317,9.5,761
281.625,0.16710039973258972,4.65625,762
349.375,0.16276484727859497,10.0,763
289.125,0.09368346631526947,9.125,764
337.25,0.14856791496276855,5.65625,765
313.625,0.14666533470153809,4.5,766
329.0,0.0918811783194542,7.96875,767
290.875,0.21919675171375275,8.625,768
488.375,0.12923333048820496,4.6875,769
307.25,0.1200525090098381,5.875,770
323.75,0.12658751010894775,7.4375,771
439.625,0.14291994273662567,4.5625,772
431.125,0.14019480347633362,5.40625,773
270.625,0.1302916407585144,8.625,774
350.125,0.11102817207574844,4.625,775
373.75,0.24601319432258606,4.5625,776
170.125,0.1281636357307434,4.5,777
254.625,0.19029954075813293,10.0,778
303.875,0.11054104566574097,7.75,779
329.5,0.1780620664358139,7.25,780
368.5,0.1628279834985733,4.5,781
449.375,0.19712550938129425,5.3125,782
405.25,0.12959182262420654,3.9375,783
206.25,0.15644356608390808,10.0,784
374.75,0.11736378073692322,3.9375,785
294.75,0.15117590129375458,4.65625,786
410.0,0.21641536056995392,7.3125,787
249.375,0.09729733318090439,10.0,788
236.625,0.13587255775928497,5.875,789
162.375,0.11340371519327164,10.0,790
328.25,0.12143851071596146,4.5625,791
313.125,0.12050098180770874,7.25,792
276.125,0.19130295515060425,7.25,793
281.5,0.17020170390605927,5.75,794
330.625,0.17124119400978088,8.0,795
271.125,0.15628957748413086,10.0,796
572.5,0.12307073920965195,2.46875,797
102.75,0.09440729767084122,10.0,798
199.125,0.35422083735466003,4.5625,799
248.375,0.22114138305187225,9.3125,800
278.375,0.20918777585029602,7.40625,801
233.375,0.17576776444911957,3.875,802
459.625,0.1737624555826187,3.9375,803
503.625,0.12256648391485214,6.15625,804
161.125,0.10304107517004013,4.5,805
187.5,0.1450088620185852,6.5,806
539.25,0.11217856407165527,3.375,807
235.875,0.13267193734645844,6.5625,808
279.125,0.18977287411689758,5.1875,809
213.0,0.11981049180030823,10.0,810
411.625,0.2736574411392212,5.1875,811
423.0,0.11176479607820511,3.46875,812
136.0,0.12262893468141556,10.0,813
230.5,0.20778335630893707,5.1875,814
173.5,0.1271737515926361,6.5625,815
293.875,0.3545324206352234,5.0,816
451.125,0.16819186508655548,3.34375,817
164.25,0.13754096627235413,4.5,818
271.5,0.2511998414993286,9.3125,819
586.375,0.1393125057220459,2.125,820
171.625,0.08612114936113358,10.0,821
180.75,0.22724106907844543,8.625,822
205.875,0.18170574307441711,5.1875,823
287.625,0.22205866873264313,7.9375,824
293.125,0.20326869189739227,5.875,825
228.125,0.19985264539718628,10.0,826
211.25,0.16562403738498688,7.25,827
481.125,0.20024238526821136,4.875,828
612.875,0.11158061027526855,3.5625,829
286.75,0.10762052983045578,3.875,830
219.875,0.256070613861084,4.5,831
141.5,0.24723616242408752,10.0,832
349.375,0.3872922956943512,7.3125,833
329.75,0.20144039392471313,8.6875,834
248.75,0.12621721625328064,6.5625,835
163.125,0.30031585693359375,10.0,836
249.625,0.3511778712272644,10.0,837
266.25,0.18363504111766815,4.5,838
327.25,0.18328163027763367,8.0,839
446.25,0.20194731652736664,4.8125,840
256.875,0.10673718899488449,5.34375,841
397.0,0.40901580452919006,8.6875,842
384.625,0.12257977575063705,5.6875,843
349.25,0.1934640109539032,5.1875,844
288.375,0.1944553256034851,9.3125,845
209.0,0.1015029102563858,9.46875,846
605.875,0.33423376083374023,3.5625,847
311.25,0.11024752259254456,7.3125,848
493.875,0.14882102608680725,5.5,849
152.5,0.16765616834163666,10.0,850
481.0,0.24812714755535126,4.625,851
430.875,0.16405770182609558,6.0,852
367.125,0.1818574219942093,8.78125,853
195.375,0.20171654224395752,10.0,854
288.25,0.36367347836494446,7.3125,855
178.625,0.15341368317604065,10.0,856
383.125,0.26196756958961487,7.375,857
465.875,0.23437345027923584,6.0625,858
221.5,0.15145398676395416,3.875,859
422.5,0.33929774165153503,7.375,860
665.375,0.24005982279777527,2.0,861
262.75,0.11518929898738861,8.625,862
262.75,0.2662738561630249,10.0,863
252.125,0.18243055045604706,9.3125,864
611.375,0.3176170587539673,1.53125,865
538.875,0.138263538479805,2.5,866
536.875,0.12134186923503876,2.84375,867
264.375,0.1661144345998764,10.0,868
397.375,0.1958855837583542,4.34375,869
396.5,0.18220332264900208,5.25,870
397.25,0.1473466157913208,5.78125,871
430.75,0.21389073133468628,5.25,872
473.125,0.13600105047225952,3.75,873
242.75,0.22206240892410278,3.75,874
631.25,0.22741900384426117,1.0,875
445.25,0.15975068509578705,6.15625,876
253.75,0.16136500239372253,3.75,877
340.25,0.19791455566883087,8.15625,878
221.25,0.1537364423274994,10.0,879
217.625,0.28035858273506165,10.0,880
553.125,0.27423280477523804,2.78125,881
537.5,0.17596496641635895,3.4375,882
714.625,0.20811727643013,1.375,883
221.75,0.15457715094089508,10.0,884
349.875,0.23465020954608917,5.65625,885
504.375,0.23128655552864075,6.0625,886
388.875,0.17501752078533173,5.3125,887
328.375,0.23739326000213623,10.0,888
302.125,0.28914549946784973,10.0,889
283.375,0.1855664849281311,9.3125,890
194.125,0.20641592144966125,10.0,891
357.25,0.39480188488960266,4.34375,892
207.25,0.24257421493530273,5.1875,893
453.75,0.3386748731136322,6.625,894
360.75,0.19458267092704773,3.875,895
330.375,0.25270429253578186,10.0,896
171.25,0.2810569107532501,10.0,897
404.875,0.3499540388584137,4.375,898
291.125,0.2511080205440521,5.9375,899
724.0,0.2049681842327118,0.125,900
272.875,0.0721207857131958,9.3125,901
189.25,0.3085688352584839,10.0,902
274.125,0.22344276309013367,10.0,903
335.375,0.166949063539505,7.9375,904
424.125,0.22325767576694489,9.3125,905
274.5,0.16847607493400574,4.5,906
186.25,0.21442070603370667,5.1875,907
211.5,0.40464988350868225,7.9375,908
330.75,0.32491692900657654,5.8125,909
242.75,0.15595164895057678,10.0,910
202.25,0.266646146774292,6.8125,911
299.25,0.2785506546497345,8.15625,912
309.0,0.23010173439979553,4.5,913
511.375,0.2886369526386261,4.75,914
301.625,0.16401466727256775,4.5,915
264.625,0.3126901388168335,10.0,916
241.25,0.29235053062438965,10.0,917
398.0,0.16539548337459564,6.0,918
333.75,0.19942881166934967,6.75,919
673.75,0.2503446936607361,4.75,920
243.375,0.1508123278617859,6.8125,921
242.625,0.2873735725879669,10.0,922
185.125,0.23925365507602692,8.625,923
446.25,0.2955630123615265,5.25,924
256.125,0.19111761450767517,10.0,925
178.375,0.18797503411769867,8.8125,926
223.5,0.29021522402763367,8.8125,927
256.25,0.2372700721025467,8.625,928
646.25,0.3119828701019287,2.5625,929
262.5,0.17364157736301422,9.46875,930
236.25,0.24074719846248627,5.0,931
450.625,0.20998640358448029,6.9375,932
194.875,0.194454163312912,10.0,933
195.125,0.2036599963903427,6.5625,934
353.5,0.5319997072219849,7.3125,935
201.875,0.253307968378067,10.0,936
276.0,0.31703126430511475,8.6875,937
345.375,0.1710176020860672,8.625,938
305.875,0.22368113696575165,10.0,939
175.75,0.0954599678516388,9.3125,940
255.625,0.2969343066215515,7.9375,941
317.125,0.2773101031780243,10.0,942
317.125,0.18641099333763123,-0.0625,943
480.375,0.2283293753862381,5.9375,944
516.625,0.12085030227899551,4.625,945
176.125,0.16887599229812622,10.0,946
383.5,0.26165300607681274,4.03125,947
225.625,0.16853037476539612,10.0,948
380.875,0.30050894618034363,5.4375,949
455.5,0.2636480927467346,4.21875,950
200.75,0.2037246972322464,6.03125,951
235.625,0.346305787563324,10.0,952
298.0,0.28686970472335815,7.25,953
327.0,0.20422402024269104,4.28125,954
493.75,0.22373263537883759,6.4375,955
504.0,0.2043030709028244,3.40625,956
222.625,0.19825661182403564,10.0,957
196.875,0.34165680408477783,10.0,958
373.0,0.2413659542798996,7.9375,959
295.375,0.185171976685524,9.3125,960
389.0,0.2590186297893524,9.3125,961
252.25,0.19635722041130066,8.625,962
332.625,0.32610759139060974,9.375,963
182.375,0.13699768483638763,6.71875,964
379.5,0.24064752459526062,5.1875,965
218.625,0.1904258280992508,7.9375,966
413.25,0.24551215767860413,4.875,967
333.625,0.1837032437324524,5.28125,968
149.125,0.26751700043678284,7.25,969
519.375,0.30446678400039673,3.25,970
234.5,0.14597517251968384,9.3125,971
183.875,0.22544993460178375,7.25,972
204.75,0.2819308936595917,10.0,973
225.625,0.2658883333206177,8.3125,974
252.875,0.28445395827293396,6.5625,975
176.25,0.23383063077926636,5.0,976
183.25,0.28704455494880676,5.875,977
251.5,0.25450021028518677,10.0,978
190.625,0.2027314305305481,10.0,979
252.375,0.2243158221244812,9.3125,980
150.875,0.2098006308078766,10.0,981
234.75,0.373169481754303,7.25,982
492.875,0.3051326274871826,3.4375,983
303.125,0.15831740200519562,9.3125,984
242.375,0.21623347699642181,8.8125,985
305.75,0.17431175708770752,5.40625,986
151.5,0.2146381139755249,4.5,987
358.5,0.3183267414569855,8.0,988
292.125,0.1554935723543167,10.0,989
248.5,0.1581355631351471,10.0,990
316.5,0.32252979278564453,6.5625,991
437.0,0.20777392387390137,5.25,992
356.5,0.11613500863313675,9.46875,993
214.125,0.1570284217596054,5.875,994
245.375,0.19277141988277435,10.0,995
274.25,0.22725631296634674,10.0,996
263.75,0.1856125146150589,6.03125,997
575.5,0.2861725687980652,2.625,998
291.125,0.1387953758239746,9.46875,999
287.75,0.13380928337574005,10.0,1000
194.25,0.21783673763275146,10.0,1001
474.875,0.2867622673511505,4.28125,1002
241.125,0.194179505109787,8.28125,1003
128.0,0.2867644131183624,7.34375,1004
231.625,0.39944323897361755,7.9375,1005
322.875,0.24180299043655396,7.46875,1006
329.0,0.2442678064107895,3.8125,1007
258.5,0.25813761353492737,9.3125,1008
547.5,0.16313186287879944,6.5,1009
380.625,0.13324648141860962,4.25,1010
475.5,0.1856217384338379,4.9375,1011
574.375,0.1858803629875183,8.6875,1012
438.0,0.11172434687614441,6.78125,1013
362.625,0.183196559548378,8.6875,1014
193.5,0.1552601307630539,5.1875,1015
268.5,0.3767898976802826,9.46875,1016
207.0,0.3030422031879425,10.0,1017
561.5,0.2214888334274292,5.1875,1018
268.0,0.10868603736162186,5.875,1019
272.625,0.19377614557743073,7.40625,1020
197.375,0.2613618075847626,9.3125,1021
289.0,0.20487891137599945,5.34375,1022
336.75,0.22758424282073975,3.375,1023
192.25,0.180267333984375,7.9375,1024
343.125,0.38987448811531067,6.5625,1025
485.5,0.30351707339286804,5.65625,1026
257.5,0.1703062802553177,4.8125,1027
260.625,0.21187669038772583,10.0,1028
217.625,0.1559152901172638,10.0,1029
263.0,0.31545567512512207,5.4375,1030
312.5,0.2348330020904541,5.25,1031
232.625,0.2030002474784851,9.3125,1032
204.75,0.18942292034626007,9.3125,1033
294.875,0.3235166370868683,7.9375,1034
245.25,0.22080256044864655,9.3125,1035
623.375,0.32646265625953674,2.53125,1036
141.875,0.1467324048280716,9.3125,1037
217.125,0.34272828698158264,8.625,1038
269.875,0.2400733083486557,5.875,1039
203.25,0.3015969693660736,7.25,1040
251.0,0.32093536853790283,5.78125,1041
278.25,0.22959092259407043,10.0,1042
150.125,0.14887316524982452,9.3125,1043
248.5,0.390513151884079,10.0,1044
407.875,0.1637803316116333,7.3125,1045
448.375,0.1415712982416153,4.5625,1046
172.375,0.1555815041065216,10.0,1047
202.25,0.18067017197608948,9.3125,1048
356.125,0.21928386390209198,4.1875,1049
251.0,0.16782860457897186,4.5,1050
548.375,0.17541596293449402,4.75,1051
200.375,0.171193465590477,6.71875,1052
385.125,0.33567187190055847,9.8125,1053
271.25,0.1593378186225891,5.875,1054
228.25,0.21104829013347626,8.0,1055
390.375,0.15284430980682373,6.0625,1056
250.875,0.17036345601081848,4.125,1057
558.25,0.23169323801994324,4.65625,1058
204.625,0.0906991958618164,5.84375,1059
332.875,0.21014469861984253,4.1875,1060
261.25,0.09274674952030182,6.875,1061
123.625,0.17441213130950928,10.0,1062
184.625,0.2617245614528656,10.0,1063
123.875,0.3410572111606598,10.0,1064
173.875,0.29436200857162476,10.0,1065
456.375,0.1841668337583542,3.4375,1066
768.0,0.23625439405441284,-0.5,1067
409.875,0.12724320590496063,5.0,1068
188.0,0.12833353877067566,4.5,1069
719.125,0.43336379528045654,1.4375,1070
289.75,0.1465049833059311,5.1875,1071
327.5,0.12279960513114929,9.3125,1072
242.125,0.22340600192546844,10.0,1073
259.375,0.2667636275291443,9.3125,1074
300.125,0.22457671165466309,10.0,1075
240.125,0.09117235988378525,5.875,1076
283.5,0.27470049262046814,9.3125,1077
216.5,0.15811491012573242,10.0,1078
356.0,0.3224039673805237,5.375,1079
257.125,0.24653156101703644,9.375,1080
210.5,0.2509602904319763,10.0,1081
395.0,0.24408261477947235,5.3125,1082
264.375,0.23233599960803986,6.5625,1083
306.75,0.311394602060318,10.0,1084
335.25,0.18803152441978455,3.875,1085
137.5,0.2400403767824173,9.3125,1086
176.5,0.4293147325515747,10.0,1087
286.125,0.3144431710243225,6.9375,1088
572.375,0.14860208332538605,3.5625,1089
300.75,0.1832587718963623,10.0,1090
265.625,0.25219571590423584,4.03125,1091
474.125,0.3240230679512024,2.625,1092
453.375,0.17351973056793213,4.78125,1093
224.625,0.1473667472600937,10.0,1094
388.375,0.2516796588897705,7.5625,1095
221.0,0.19990551471710205,9.3125,1096
201.25,0.3256371319293976,7.9375,1097
306.125,0.30248939990997314,10.0,1098
212.375,0.21491259336471558,8.625,1099
196.25,0.309206485748291,4.5,1100
622.125,0.2759428918361664,3.84375,1101
314.0,0.10728225857019424,10.0,1102
397.125,0.18315275013446808,5.1875,1103
682.0,0.32222050428390503,1.21875,1104
167.625,0.1311667263507843,5.53125,1105
214.0,0.3276216387748718,10.0,1106
214.25,0.3567458987236023,8.15625,1107
190.5,0.2731645107269287,9.0,1108
265.5,0.2102879136800766,4.15625,1109
178.625,0.35324084758758545,9.3125,1110
257.125,0.35005632042884827,5.25,1111
406.0,0.30752941966056824,5.5,1112
437.375,0.20911751687526703,7.25,1113
208.625,0.2575128376483917,8.1875,1114
242.875,0.21962091326713562,10.0,1115
350.875,0.17094095051288605,9.0,1116
211.875,0.17880241572856903,2.25,1117
294.875,0.1599828004837036,5.9375,1118
246.125,0.22554358839988708,2.25,1119
207.0,0.24271167814731598,10.0,1120
281.625,0.2050773650407791,8.625,1121
376.75,0.37855905294418335,4.8125,1122
390.375,0.20122358202934265,5.53125,1123
502.125,0.23378701508045197,2.6875,1124
309.625,0.17083010077476501,6.5625,1125
747.875,0.31766852736473083,0.125,1126
206.0,0.0726059228181839,10.0,1127
246.625,0.33405426144599915,10.0,1128
212.5,0.18772201240062714,10.0,1129
196.25,0.22076688706874847,9.3125,1130
232.25,0.37386128306388855,5.1875,1131
210.75,0.37555035948753357,10.0,1132
386.125,0.22252389788627625,3.5625,1133
169.375,0.2524155080318451,4.5,1134
335.25,0.4077826142311096,6.40625,1135
107.25,0.29585590958595276,10.0,1136
300.625,0.5440031886100769,9.3125,1137
187.5,0.2548738420009613,8.78125,1138
327.5,0.23249991238117218,7.25,1139
459.25,0.2684498429298401,10.0,1140
166.125,0.1367298662662506,9.3125,1141
187.25,0.48050153255462646,5.1875,1142
277.25,0.3775515854358673,10.0,1143
288.75,0.19000257551670074,7.9375,1144
397.125,0.2147466540336609,3.875,1145
208.875,0.23889212310314178,9.46875,1146
315.0,0.33968809247016907,5.1875,1147
137.0,0.34342262148857117,10.0,1148
287.75,0.46539270877838135,3.875,1149
711.75,0.46614301204681396,2.0,1150
340.125,0.17371122539043427,9.46875,1151
186.0,0.17437097430229187,9.3125,1152
373.125,0.20547285676002502,4.5625,1153
348.625,0.24989168345928192,9.0,1154
512.625,0.18490995466709137,6.0625,1155
299.75,0.1493549346923828,8.0,1156
163.875,0.30941274762153625,9.3125,1157
105.0,0.18700219690799713,10.0,1158
619.375,0.48725324869155884,1.4375,1159
231.5,0.18398721516132355,10.0,1160
296.0,0.21632231771945953,9.3125,1161
428.625,0.21650828421115875,3.25,1162
573.375,0.23050521314144135,3.9375,1163
185.125,0.18611203134059906,7.25,1164
305.75,0.5787121057510376,8.625,1165
228.125,0.2929467260837555,8.4375,1166
274.25,0.3566630780696869,8.0,1167
194.125,0.39066600799560547,9.3125,1168
257.125,0.36857473850250244,4.5,1169
135.875,0.3393167555332184,10.0,1170
506.125,0.5088751316070557,2.9375,1171
202.125,0.267322838306427,10.0,1172
529.75,0.13527943193912506,2.15625,1173
199.5,0.20672452449798584,8.09375,1174
134.625,0.49728041887283325,10.0,1175
149.125,0.541832447052002,10.0,1176
418.25,0.49943462014198303,5.5625,1177
248.75,0.2486877590417862,4.5,1178
168.75,0.3618679940700531,10.0,1179
439.25,0.40612688660621643,2.625,1180
336.75,0.3049442768096924,6.5625,1181
315.375,0.27316465973854065,5.875,1182
248.75,0.2853732109069824,10.0,1183
240.875,0.19456420838832855,10.0,1184
158.0,0.14730620384216309,7.5625,1185
198.875,0.3548554480075836,9.375,1186
420.125,0.20157206058502197,6.0,1187
186.75,0.18229156732559204,10.0,1188
336.875,0.2838985025882721,5.71875,1189
398.625,0.2646704912185669,4.5,1190
447.5,0.2979123294353485,4.625,1191
318.0,0.17299674451351166,5.9375,1192
296.625,0.32524245977401733,5.875,1193
134.25,0.19871948659420013,8.9375,1194
218.75,0.5039045810699463,8.625,1195
126.5,0.3221677541732788,10.0,1196
150.5,0.5670673847198486,9.3125,1197
233.625,0.4618590772151947,10.0,1198
241.0,0.2525131106376648,9.3125,1199
439.5,0.37479424476623535,4.0625,1200
304.25,0.22310608625411987,4.3125,1201
174.375,0.2188246250152588,10.0,1202
292.625,0.37523457407951355,8.0,1203
221.875,0.33533719182014465,7.9375,1204
282.875,0.4557666480541229,10.0,1205
403.625,0.23987777531147003,6.6875,1206
525.5,0.29109105467796326,4.0625,1207
232.25,0.1296413689851761,10.0,1208
432.5,0.40128186345100403,3.9375,1209
176.75,0.2080744504928589,10.0,1210
379.75,0.2523045241832733,6.625,1211
298.75,0.3399769961833954,5.875,1212
232.875,0.26086655259132385,9.3125,1213
187.625,0.19301091134548187,9.46875,1214
228.125,0.27141937613487244,10.0,1215
167.125,0.28471073508262634,10.0,1216
299.125,0.5024559497833252,9.375,1217
152.5,0.22868087887763977,10.0,1218
368.625,0.5607612729072571,5.1875,1219
299.5,0.2623344957828522,10.0,1220
471.75,0.34036481380462646,3.875,1221
211.0,0.23204942047595978,9.3125,1222
266.5,0.3468502163887024,9.3125,1223
180.0,0.21345996856689453,10.0,1224
162.5,0.2546085715293884,8.625,1225
244.25,0.538855254650116,4.5,1226
204.875,0.37381917238235474,10.0,1227
165.5,0.201694056391716,6.03125,1228
321.25,0.4125834107398987,5.5625,1229
456.0,0.26638010144233704,4.0625,1230
306.75,0.14524734020233154,7.9375,1231
311.125,0.3168533146381378,8.8125,1232
347.5,0.2027140110731125,7.0625,1233
248.875,0.13703931868076324,8.625,1234
188.375,0.20186124742031097,10.0,1235
237.875,0.3930649161338806,10.0,1236
188.625,0.21744555234909058,9.5,1237
223.625,0.3651164770126343,9.3125,1238
349.875,0.21329106390476227,3.9375,1239
348.125,0.3191128373146057,3.875,1240
141.875,0.19886116683483124,10.0,1241
161.125,0.495911568403244,9.3125,1242
269.25,0.4676101803779602,8.46875,1243
198.125,0.3250736594200134,9.46875,1244
321.25,0.24758094549179077,4.5,1245
233.25,0.15024730563163757,8.9375,1246
396.875,0.2792554497718811,4.8125,1247
240.75,0.31618043780326843,7.25,1248
136.875,0.22472988069057465,10.0,1249
164.0,0.43894731998443604,10.0,1250
348.5,0.4261799156665802,5.75,1251
193.875,0.246295765042305,7.25,1252
107.0,0.5053542256355286,0.875,1253
231.375,0.2981199026107788,7.03125,1254
246.875,0.4047836661338806,4.5,1255
139.375,0.33679527044296265,10.0,1256
269.75,0.4041588008403778,7.59375,1257
170.0,0.25218868255615234,4.5,1258
177.5,0.42603442072868347,8.625,1259
399.5,0.4489422142505646,5.3125,1260
662.5,0.15949633717536926,3.4375,1261
500.375,0.17076215147972107,3.3125,1262
229.5,0.22035600244998932,10.0,1263
190.125,0.16386139392852783,9.3125,1264
254.25,0.3751053214073181,8.4375,1265
153.5,0.2443544864654541,7.1875,1266
342.75,0.37546929717063904,10.0,1267
247.75,0.2018367350101471,5.1875,1268
309.125,0.43608325719833374,4.5,1269
224.875,0.26629289984703064,6.5625,1270
253.625,0.4006052017211914,8.625,1271
260.5,0.3159293830394745,4.5,1272
611.125,0.32215598225593567,2.0,1273
499.125,0.2568853199481964,4.875,1274
379.625,0.24213016033172607,6.125,1275
187.625,0.26532864570617676,7.8125,1276
279.375,0.4331914782524109,4.5,1277
129.5,0.33141717314720154,10.0,1278
422.375,0.5179589986801147,3.25,1279
320.875,0.24098660051822662,8.625,1280
396.875,0.2648889124393463,3.875,1281
185.125,0.22545060515403748,9.8125,1282
579.75,0.2949364185333252,3.25,1283
264.125,0.17165550589561462,7.25,1284
186.5,0.3165266215801239,10.0,1285
388.625,0.45867928862571716,7.25,1286
202.0,0.266555517911911,4.5,1287
350.75,0.32050102949142456,6.9375,1288
160.875,0.30893152952194214,9.3125,1289
240.625,0.38279521465301514,7.9375,1290
280.125,0.33987072110176086,8.78125,1291
177.75,0.32453957200050354,7.9375,1292
259.375,0.32124611735343933,5.5625,1293
196.5,0.4120585024356842,5.1875,1294
156.125,0.424594521522522,9.3125,1295
213.875,0.4955272078514099,9.3125,1296
385.875,0.35143429040908813,7.46875,1297
316.625,0.19695855677127838,5.9375,1298
254.5,0.28341177105903625,3.75,1299
357.25,0.33372339606285095,7.65625,1300
562.125,0.2346281111240387,1.375,1301
312.625,0.26500651240348816,10.0,1302
192.0,0.22220700979232788,10.0,1303
254.5,0.41287171840667725,9.3125,1304
180.25,0.4968215227127075,10.0,1305
320.5,0.30503174662590027,7.9375,1306
305.0,0.2913103699684143,9.3125,1307
522.25,0.1826271116733551,4.5,1308
293.75,0.1288057118654251,9.3125,1309
221.125,0.2853410840034485,10.0,1310
358.25,0.40487784147262573,6.625,1311
253.25,0.331947386264801,8.625,1312
344.5,0.5026264190673828,6.5625,1313
195.75,0.2454628050327301,9.0,1314
310.75,0.2516506612300873,4.5,1315
287.875,0.3882329761981964,3.9375,1316
533.0,0.4293506145477295,4.625,1317
167.125,0.24582539498806,10.0,1318
271.125,0.33208438754081726,8.625,1319
509.125,0.5092093348503113,5.375,1320
529.0,0.2827378511428833,4.1875,1321
317.5,0.227754607796669,9.0,1322
263.125,0.3859456777572632,9.46875,1323
197.5,0.276120126247406,10.0,1324
631.125,0.2860509753227234,3.25,1325
223.5,0.2124367356300354,10.0,1326
305.875,0.2929513156414032,9.3125,1327
274.125,0.23142005503177643,9.3125,1328
163.5,0.39893481135368347,10.0,1329
258.75,0.40542346239089966,5.1875,1330
272.0,0.36231330037117004,6.125,1331
303.0,0.3525044023990631,9.3125,1332
471.625,0.22285519540309906,4.875,1333
221.875,0.3500010371208191,8.625,1334
198.75,0.2614448368549347,10.0,1335
420.625,0.29522210359573364,7.3125,1336
215.75,0.24029991030693054,8.125,1337
261.875,0.4303499162197113,5.875,1338
233.5,0.39462682604789734,10.0,1339
257.625,0.42949143052101135,10.0,1340
646.875,0.22522097826004028,1.375,1341
349.75,0.17324014008045197,7.9375,1342
238.875,0.17499056458473206,4.8125,1343
415.5,0.4273137152194977,4.5,1344
406.5,0.2697611153125763,6.9375,1345
253.75,0.19837310910224915,6.5625,1346
208.375,0.19466392695903778,9.3125,1347
267.25,0.35277578234672546,6.75,1348
359.125,0.31250518560409546,7.25,1349
295.0,0.28463101387023926,9.3125,1350
664.75,0.3164364695549011,2.0,1351
436.125,0.23310524225234985,5.25,1352
375.875,0.18337979912757874,6.0,1353
406.125,0.26509684324264526,7.25,1354
506.625,0.21311220526695251,3.75,1355
141.625,0.3075554370880127,10.0,1356
285.0,0.4492465853691101,8.1875,1357
259.5,0.3019416630268097,5.1875,1358
168.375,0.27570030093193054,8.625,1359
247.375,0.39625805616378784,8.8125,1360
365.5,0.32065853476524353,3.875,1361
330.75,0.1984262615442276,7.28125,1362
333.25,0.2972804009914398,10.0,1363
297.125,0.1982276439666748,6.5,1364
505.375,0.20597383379936218,3.3125,1365
254.375,0.2080196738243103,4.5,1366
313.625,0.33173078298568726,5.875,1367
343.625,0.22768619656562805,4.125,1368
280.625,0.2621122896671295,7.9375,1369
182.875,0.2573224604129791,10.0,1370
149.125,0.3801349103450775,8.625,1371
274.125,0.34497809410095215,4.5,1372
270.25,0.2599906027317047,5.875,1373
316.375,0.22207264602184296,4.90625,1374
350.5,0.2773270905017853,8.6875,1375
562.125,0.19427011907100677,3.25,1376
405.75,0.17041584849357605,7.6875,1377
366.0,0.23287411034107208,7.9375,1378
259.75,0.2586343288421631,5.125,1379
353.125,0.27614784240722656,10.0,1380
367.875,0.20548269152641296,7.625,1381
206.25,0.1905709058046341,10.0,1382
262.625,0.19869443774223328,6.25,1383
204.0,0.2528470754623413,6.5,1384
350.5,0.22012926638126373,7.3125,1385
228.875,0.1394530087709427,10.0,1386
203.75,0.4959211051464081,10.0,1387
341.125,0.20465146005153656,4.65625,1388
312.875,0.32572561502456665,7.46875,1389
280.375,0.2827392518520355,6.375,1390
211.75,0.3360966145992279,10.0,1391
292.125,0.32599368691444397,5.1875,1392
424.875,0.3572969138622284,4.96875,1393
225.375,0.2647331655025482,4.6875,1394
249.875,0.2897881269454956,9.3125,1395
308.375,0.22143088281154633,8.0,1396
288.25,0.23453389108181,9.3125,1397
181.25,0.2603180706501007,5.0,1398
275.5,0.3691065013408661,10.0,1399
307.5,0.17670199275016785,10.0,1400
344.5,0.23745304346084595,10.0,1401
326.0,0.17658446729183197,9.3125,1402
388.0,0.20441991090774536,7.9375,1403
241.75,0.22485798597335815,5.65625,1404
223.625,0.4340626895427704,7.25,1405
303.0,0.2503337562084198,7.25,1406
304.625,0.19581139087677002,8.625,1407
134.625,0.15056945383548737,10.0,1408
310.125,0.27617573738098145,9.3125,1409
189.75,0.14652752876281738,10.0,1410
170.375,0.3159816265106201,10.0,1411
205.375,0.39382296800613403,10.0,1412
359.875,0.2986235022544861,8.625,1413
188.75,0.19307664036750793,10.0,1414
438.0,0.24798546731472015,7.9375,1415
352.75,0.09762106090784073,6.6875,1416
218.5,0.15145619213581085,10.0,1417
166.25,0.22515161335468292,10.0,1418
295.75,0.20978127419948578,5.59375,1419
324.5,0.25066128373146057,5.875,1420
403.375,0.20409195125102997,6.3125,1421
543.75,0.17159609496593475,2.96875,1422
258.875,0.1912616789340973,8.0,1423
254.875,0.22082002460956573,8.625,1424
199.75,0.28001081943511963,10.0,1425
298.125,0.29465264081954956,3.6875,1426
424.875,0.24661631882190704,8.8125,1427
154.0,0.15290018916130066,9.0,1428
479.75,0.4125256836414337,4.03125,1429
205.75,0.14050966501235962,9.3125,1430
332.125,0.30770179629325867,8.46875,1431
341.5,0.253717839717865,5.1875,1432
190.125,0.2324097454547882,10.0,1433
335.75,0.129022479057312,10.0,1434
358.625,0.20075513422489166,6.625,1435
574.5,0.16768091917037964,2.6875,1436
365.375,0.13934578001499176,9.3125,1437
291.25,0.1137656420469284,4.5,1438
282.875,0.3011687994003296,4.5625,1439
196.875,0.2379617840051651,9.3125,1440
163.875,0.2563748061656952,10.0,1441
262.5,0.42313268780708313,7.25,1442
589.625,0.26449719071388245,4.75,1443
319.625,0.09405747801065445,8.0,1444
284.75,0.18255147337913513,6.1875,1445
410.625,0.2969348728656769,5.25,1446
308.5,0.24838945269584656,4.5,1447
325.0,0.22703467309474945,5.5,1448
336.875,0.17027528584003448,7.4375,1449
183.25,0.24750405550003052,6.5625,1450
257.375,0.4749384820461273,10.0,1451
542.875,0.2404056042432785,5.375,1452
464.25,0.18836143612861633,5.625,1453
586.0,0.19091428816318512,2.625,1454
207.5,0.19705326855182648,4.125,1455
275.875,0.3175176978111267,7.0,1456
310.0,0.297620564699173,4.6875,1457
173.0,0.17316682636737823,5.96875,1458
245.375,0.3430902659893036,10.0,1459
266.125,0.17066027224063873,10.0,1460
339.0,0.18466787040233612,8.6875,1461
296.875,0.10085510462522507,10.0,1462
201.25,0.15530654788017273,6.6875,1463
163.875,0.3082026243209839,10.0,1464
619.625,0.17918874323368073,2.0625,1465
228.75,0.11291433125734329,9.3125,1466
257.5,0.28181228041648865,10.0,1467
551.125,0.17271050810813904,2.5625,1468
249.375,0.1393735259771347,4.5,1469
212.875,0.1944345086812973,5.875,1470
269.375,0.31804871559143066,8.625,1471
347.5,0.21714241802692413,8.6875,1472
334.25,0.08914928138256073,5.1875,1473
387.125,0.27208518981933594,6.0,1474
235.5,0.20926493406295776,9.3125,1475
425.125,0.29305222630500793,6.8125,1476
440.5,0.1497551053762436,3.75,1477
413.5,0.2436879426240921,7.9375,1478
209.5,0.1624998301267624,5.0,1479
223.875,0.3156314790248871,5.0625,1480
203.0,0.38198691606521606,10.0,1481
744.125,0.29101696610450745,0.125,1482
452.25,0.11937900632619858,4.5625,1483
306.25,0.14069585502147675,4.5,1484
191.125,0.34320226311683655,9.3125,1485
298.125,0.19149328768253326,8.8125,1486
229.75,0.2011762261390686,10.0,1487
403.375,0.1802712082862854,5.4375,1488
169.0,0.24831151962280273,7.9375,1489
221.125,0.22126436233520508,7.75,1490
252.375,0.24195772409439087,9.875,1491
219.875,0.2357328087091446,10.0,1492
383.625,0.1429925560951233,5.28125,1493
250.0,0.1384720653295517,9.3125,1494
261.375,0.22848844528198242,4.84375,1495
502.875,0.23641857504844666,4.3125,1496
202.625,0.18177951872348785,7.25,1497
243.125,0.26421523094177246,5.1875,1498
230.75,0.21560770273208618,6.625,1499
266.125,0.3120172917842865,8.625,1500
190.75,0.17842327058315277,9.3125,1501
319.0,0.3277694880962372,7.03125,1502
490.875,0.0911157950758934,4.75,1503
213.125,0.10612107813358307,9.875,1504
459.25,0.1154201552271843,4.4375,1505
227.625,0.1789347380399704,10.0,1506
288.625,0.19907908141613007,10.0,1507
282.875,0.15423782169818878,10.0,1508
145.125,0.10014288872480392,10.0,1509
389.75,0.2909933626651764,5.9375,1510
291.75,0.1584523469209671,6.15625,1511
434.875,0.14161178469657898,4.625,1512
333.5,0.1315944790840149,5.1875,1513
270.375,0.17018763720989227,10.0,1514
223.625,0.1630883663892746,4.5,1515
328.875,0.2779872715473175,10.0,1516
198.75,0.19679050147533417,10.0,1517
295.25,0.15009906888008118,5.34375,1518
198.375,0.3424694240093231,7.9375,1519
332.0,0.22905823588371277,10.0,1520
349.0,0.12956218421459198,10.0,1521
195.875,0.13691669702529907,9.3125,1522
247.0,0.19344988465309143,10.0,1523
176.25,0.14697818458080292,10.0,1524
517.75,0.23079288005828857,4.6875,1525
223.5,0.17180103063583374,8.09375,1526
362.875,0.32354891300201416,4.5,1527
277.625,0.23345035314559937,6.5625,1528
215.5,0.23421096801757812,8.3125,1529
219.75,0.23714318871498108,10.0,1530
272.875,0.2268141806125641,9.46875,1531
272.625,0.1935913860797882,7.9375,1532
268.875,0.20481429994106293,5.1875,1533
242.125,0.2946670353412628,10.0,1534
324.75,0.17535091936588287,8.625,1535
160.125,0.1600552499294281,8.3125,1536
272.25,0.2934204936027527,4.5,1537
268.125,0.237873375415802,8.625,1538
332.25,0.24301011860370636,5.5,1539
550.25,0.24633978307247162,3.53125,1540
452.75,0.12083008885383606,5.375,1541
217.375,0.17550043761730194,7.25,1542
357.125,0.2931114435195923,3.875,1543
258.625,0.18469233810901642,4.5625,1544
177.125,0.3275320827960968,10.0,1545
244.75,0.36806732416152954,5.875,1546
232.125,0.16744893789291382,9.5,1547
113.75,0.24099978804588318,10.0,1548
305.0,0.3130142092704773,7.375,1549
268.875,0.15489453077316284,7.25,1550
339.375,0.2454511970281601,9.0,1551
338.125,0.2095494121313095,10.0,1552
307.25,0.1696740686893463,6.71875,1553
205.75,0.19431617856025696,5.1875,1554
222.125,0.4800766706466675,4.5,1555
191.375,0.18920817971229553,10.0,1556
161.625,0.4428085386753082,9.3125,1557
305.5,0.4251108169555664,8.6875,1558
306.375,0.11650647222995758,4.5,1559
210.5,0.21569424867630005,9.3125,1560
201.875,0.21714335680007935,10.0,1561
165.0,0.3425499200820923,10.0,1562
308.0,0.31777000427246094,2.5,1563
186.625,0.232305645942688,7.875,1564
286.75,0.22872427105903625,9.375,1565
198.625,0.19266372919082642,9.75,1566
202.125,0.30268600583076477,9.3125,1567
597.25,0.20804353058338165,2.53125,1568
216.75,0.17077481746673584,10.0,1569
514.0,0.10524577647447586,3.8125,1570
332.375,0.26118409633636475,6.25,1571
656.25,0.3400872051715851,1.90625,1572
452.75,0.12593822181224823,7.9375,1573
345.75,0.07811582088470459,6.625,1574
291.375,0.1507413536310196,10.0,1575
270.0,0.22238585352897644,8.5,1576
422.25,0.28285911679267883,6.25,1577
260.0,0.20371754467487335,7.9375,1578
116.0,0.1796136051416397,10.0,1579
310.375,0.4553414285182953,6.5625,1580
296.375,0.17179156839847565,7.5,1581
309.875,0.16744831204414368,9.3125,1582
237.0,0.15004180371761322,8.625,1583
447.875,0.17881125211715698,4.5625,1584
263.0,0.20686106383800507,5.25,1585
323.25,0.27355411648750305,6.9375,1586
267.25,0.23783732950687408,6.25,1587
231.625,0.15821625292301178,9.375,1588
354.375,0.1845136433839798,6.34375,1589
205.375,0.20976898074150085,5.9375,1590
359.25,0.21574096381664276,10.0,1591
274.75,0.16950321197509766,6.5625,1592
388.375,0.22043751180171967,2.75,1593
376.375,0.14654646813869476,5.5625,1594
320.375,0.24087539315223694,7.28125,1595
459.375,0.161814346909523,7.25,1596
238.625,0.16778863966464996,4.5,1597
225.875,0.22550521790981293,8.5,1598
261.125,0.18894562125205994,8.0,1599
261.75,0.1943352073431015,8.625,1600
366.375,0.15091347694396973,9.375,1601
169.625,0.07292494922876358,9.5,1602
219.875,0.2570056617259979,5.1875,1603
502.75,0.22337648272514343,10.0,1604
182.5,0.14717024564743042,7.34375,1605
432.0,0.3366769254207611,9.0,1606
240.375,0.12188518047332764,7.9375,1607
240.75,0.36182165145874023,10.0,1608
167.375,0.0839872658252716,8.09375,1609
189.875,0.17559067904949188,7.03125,1610
423.875,0.17977356910705566,3.25,1611
199.875,0.18980036675930023,8.625,1612
398.875,0.31237319111824036,9.3125,1613
191.625,0.15496401488780975,9.3125,1614
401.25,0.31167465448379517,8.625,1615
329.75,0.10115189105272293,10.0,1616
141.25,0.14225633442401886,6.03125,1617
271.375,0.43223077058792114,5.1875,1618
308.125,0.2606818974018097,10.0,1619
184.375,0.09361187368631363,10.0,1620
461.375,0.32158157229423523,3.9375,1621
299.0,0.1397259682416916,10.0,1622
348.625,0.12919554114341736,5.1875,1623
149.625,0.20446205139160156,10.0,1624
445.25,0.3544248640537262,5.875,1625
428.5,0.20086902379989624,9.125,1626
284.25,0.14378121495246887,6.625,1627
154.625,0.2053767442703247,10.0,1628
329.125,0.09734630584716797,5.90625,1629
240.5,0.1336192637681961,8.625,1630
296.125,0.2748948037624359,6.75,1631
210.875,0.3230270743370056,7.25,1632
178.125,0.2591320276260376,10.0,1633
212.625,0.30841201543807983,10.0,1634
335.375,0.2384343445301056,6.625,1635
164.375,0.2162034660577774,10.0,1636
242.0,0.35729944705963135,10.0,1637
388.625,0.2972801625728607,8.5,1638
481.125,0.11617549508810043,5.71875,1639
228.75,0.16302932798862457,7.5,1640
279.25,0.22043614089488983,9.3125,1641
714.875,0.26252779364585876,1.375,1642
284.5,0.11832832545042038,8.78125,1643
235.25,0.19066199660301208,9.46875,1644
253.5,0.1843215823173523,8.625,1645
282.125,0.16597966849803925,7.4375,1646
383.25,0.32741278409957886,4.5,1647
357.125,0.1789458990097046,4.65625,1648
475.625,0.21023757755756378,5.40625,1649
155.75,0.14473068714141846,9.75,1650
238.375,0.25447410345077515,5.875,1651
187.25,0.23553411662578583,10.0,1652
457.375,0.13982993364334106,4.84375,1653
249.5,0.18775847554206848,9.5,1654
314.25,0.16412773728370667,4.5,1655
214.0,0.2406562715768814,10.0,1656
344.25,0.2278437614440918,4.65625,1657
402.0,0.21312592923641205,8.78125,1658
217.625,0.16060833632946014,9.3125,1659
388.375,0.28040602803230286,5.0,1660
337.25,0.18202418088912964,4.6875,1661
383.125,0.27366703748703003,5.1875,1662
162.0,0.14324837923049927,10.0,1663
500.5,0.4743845462799072,6.6875,1664
316.625,0.18748798966407776,5.1875,1665
580.75,0.22033901512622833,2.0,1666
740.0,0.11927355080842972,0.125,1667
323.75,0.10582631081342697,5.28125,1668
516.75,0.25091707706451416,6.5625,1669
370.875,0.12486381828784943,8.1875,1670
325.25,0.21185436844825745,8.625,1671
411.75,0.21466021239757538,4.3125,1672
489.625,0.20844672620296478,5.3125,1673
330.125,0.1958564668893814,8.625,1674
424.625,0.21799704432487488,9.3125,1675
546.25,0.15237762033939362,5.75,1676
337.375,0.17132528126239777,6.9375,1677
458.75,0.1815318614244461,5.1875,1678
363.125,0.2468378096818924,7.875,1679
464.875,0.22186951339244843,5.375,1680
341.0,0.17391367256641388,5.1875,1681
300.875,0.1795014590024948,8.625,1682
220.875,0.11173274368047714,10.0,1683
299.75,0.17952415347099304,8.625,1684
507.5,0.21571294963359833,4.5,1685
402.625,0.1327761709690094,7.46875,1686
166.375,0.15848985314369202,10.0,1687
290.625,0.33343589305877686,7.0,1688
263.5,0.1424233764410019,10.0,1689
194.0,0.14934688806533813,10.0,1690
435.5,0.2856997847557068,3.875,1691
255.125,0.22567126154899597,8.78125,1692
484.25,0.22017142176628113,5.5,1693
205.75,0.1603836864233017,10.0,1694
156.5,0.23637080192565918,8.125,1695
220.125,0.5205973386764526,8.625,1696
335.0,0.2701680064201355,7.375,1697
242.625,0.15293985605239868,8.875,1698
315.375,0.17969757318496704,10.0,1699
277.25,0.12804296612739563,7.0,1700
168.25,0.17564177513122559,4.5,1701
302.25,0.17330561578273773,10.0,1702
293.25,0.16113097965717316,9.3125,1703
274.25,0.19227895140647888,8.875,1704
351.5,0.2738002836704254,7.9375,1705
198.0,0.2036134898662567,4.5,1706
289.125,0.3647802472114563,7.625,1707
268.375,0.240725576877594,10.0,1708
413.75,0.16794972121715546,7.9375,1709
312.0,0.11687430739402771,8.6875,1710
201.25,0.10071569681167603,10.0,1711
251.625,0.2537688910961151,7.25,1712
187.125,0.21715351939201355,10.0,1713
307.125,0.3222607374191284,7.0,1714
281.75,0.26602017879486084,7.25,1715
344.875,0.22323119640350342,4.875,1716
452.75,0.17854221165180206,3.3125,1717
257.375,0.26856186985969543,6.5625,1718
467.125,0.14017991721630096,3.875,1719
224.75,0.30106306076049805,7.875,1720
712.75,0.28973400592803955,1.5,1721
381.625,0.12464174628257751,9.3125,1722
173.25,0.3160196542739868,8.75,1723
277.625,0.3018840551376343,4.8125,1724
191.375,0.2539357542991638,6.9375,1725
294.5,0.35157129168510437,5.34375,1726
213.125,0.23961244523525238,10.0,1727
223.875,0.10051281005144119,9.3125,1728
237.375,0.14007361233234406,9.875,1729
155.0,0.09871421009302139,8.625,1730
151.875,0.3132261633872986,10.0,1731
283.75,0.32704979181289673,5.1875,1732
287.5,0.29623109102249146,10.0,1733
611.375,0.11299688369035721,3.25,1734
240.0,0.224673330783844,10.0,1735
235.0,0.2012428492307663,8.625,1736
521.375,0.17875751852989197,3.9375,1737
168.875,0.20399035513401031,10.0,1738
387.0,0.2690761089324951,3.9375,1739
404.75,0.12984396517276764,8.6875,1740
565.25,0.18110597133636475,4.6875,1741
301.875,0.13226935267448425,7.71875,1742
207.75,0.1682388186454773,9.3125,1743
221.25,0.3007655143737793,10.0,1744
179.0,0.16059237718582153,9.875,1745
239.0,0.35536935925483704,9.3125,1746
238.75,0.2658654451370239,6.5625,1747
371.375,0.15359343588352203,4.65625,1748
357.5,0.1907988041639328,4.875,1749
377.625,0.26320892572402954,3.875,1750
286.375,0.18700455129146576,10.0,1751
247.125,0.10548018664121628,10.0,1752
636.125,0.10078296810388565,2.8125,1753
259.25,0.12095530331134796,10.0,1754
572.875,0.2716273069381714,4.9375,1755
289.5,0.08469278365373611,6.375,1756
383.25,0.1681777983903885,7.8125,1757
238.5,0.13231827318668365,9.3125,1758
347.625,0.2253379076719284,5.875,1759
171.625,0.2746822237968445,9.3125,1760
337.875,0.3716638684272766,8.09375,1761
416.375,0.21284523606300354,9.3125,1762
409.5,0.20752520859241486,8.0,1763
204.375,0.25957828760147095,9.3125,1764
198.125,0.3047947585582733,10.0,1765
475.75,0.243393674492836,4.5,1766
318.125,0.21333709359169006,6.5,1767
260.875,0.20929771661758423,8.625,1768
400.75,0.21418797969818115,8.6875,1769
290.25,0.13307112455368042,8.625,1770
356.0,0.21653775870800018,10.0,1771
506.75,0.16050423681735992,3.875,1772
590.5,0.1599413901567459,8.6875,1773
600.875,0.12958276271820068,3.4375,1774
407.875,0.15403643250465393,5.3125,1775
183.5,0.25118130445480347,10.0,1776
329.0,0.23883956670761108,6.75,1777
157.0,0.14749515056610107,8.4375,1778
292.5,0.3525058627128601,8.0,1779
405.0,0.20398622751235962,4.75,1780
255.25,0.28688156604766846,6.5625,1781
181.375,0.4267021417617798,8.625,1782
319.125,0.32004645466804504,6.5625,1783
390.5,0.3314024806022644,6.75,1784
574.125,0.23829682171344757,3.25,1785
500.625,0.1768692433834076,4.875,1786
185.25,0.13253039121627808,9.875,1787
204.5,0.3515664041042328,10.0,1788
407.25,0.23451556265354156,5.375,1789
360.25,0.22284568846225739,5.9375,1790
307.625,0.19841617345809937,5.0,1791
264.25,0.2479402869939804,10.0,1792
449.625,0.1878943145275116,3.9375,1793
224.75,0.1430937647819519,5.1875,1794
259.25,0.34778204560279846,5.03125,1795
251.375,0.26770269870758057,4.5,1796
312.125,0.2310016006231308,6.5625,1797
572.625,0.24438811838626862,4.5625,1798
294.25,0.17439024150371552,6.25,1799
331.75,0.24735428392887115,7.25,1800
317.0,0.21185705065727234,4.625,1801
290.0,0.3127911388874054,10.0,1802
250.875,0.2619917094707489,10.0,1803
510.5,0.2974306344985962,4.71875,1804
170.5,0.22378408908843994,10.0,1805
288.75,0.48245999217033386,10.0,1806
194.0,0.08779682219028473,10.0,1807
333.5,0.3142058849334717,8.625,1808
270.125,0.2518899440765381,5.1875,1809
180.875,0.26871469616889954,10.0,1810
363.75,0.23768725991249084,10.0,1811
650.75,0.2515016496181488,2.3125,1812
242.75,0.20687063038349152,5.1875,1813
247.625,0.37865686416625977,10.0,1814
541.5,0.28622981905937195,3.875,1815
262.25,0.20760153234004974,4.5,1816
206.625,0.31654593348503113,9.3125,1817
234.5,0.24504536390304565,5.875,1818
481.125,0.4231778681278229,3.3125,1819
414.25,0.15851452946662903,7.3125,1820
219.25,0.14107047021389008,7.8125,1821
514.125,0.39157429337501526,4.3125,1822
238.625,0.12421523034572601,9.0,1823
560.0,0.2753988206386566,3.4375,1824
230.75,0.23552760481834412,7.9375,1825
361.0,0.35195192694664,4.0625,1826
473.75,0.17455682158470154,8.84375,1827
374.0,0.21274317800998688,7.9375,1828
410.625,0.2236754149198532,6.34375,1829
200.0,0.2126934826374054,8.9375,1830
673.0,0.32461312413215637,2.1875,1831
266.125,0.12579575181007385,7.71875,1832
141.625,0.36994239687919617,10.0,1833
327.25,0.3295900225639343,7.875,1834
325.0,0.1766977459192276,7.5625,1835
403.25,0.2365991175174713,8.6875,1836
464.375,0.11901342123746872,7.25,1837
289.375,0.20217448472976685,10.0,1838
244.5,0.22070451080799103,8.75,1839
282.125,0.1425897628068924,9.3125,1840
239.625,0.2223331779241562,9.3125,1841
338.125,0.15146425366401672,10.0,1842
237.0,0.1842331439256668,7.9375,1843
151.75,0.4455599784851074,5.875,1844
413.375,0.4769945442676544,10.0,1845
116.125,0.23281578719615936,10.0,1846
255.25,0.37748774886131287,9.75,1847
150.5,0.2676686644554138,10.0,1848
183.0,0.3935796022415161,10.0,1849
189.75,0.22162634134292603,6.3125,1850
323.375,0.21763962507247925,9.3125,1851
271.375,0.22547626495361328,6.59375,1852
438.75,0.19718995690345764,4.5,1853
255.5,0.20604892075061798,10.0,1854
184.5,0.12747634947299957,10.0,1855
286.125,0.3121751546859741,10.0,1856
234.125,0.18972156941890717,10.0,1857
208.875,0.22240452468395233,9.3125,1858
286.75,0.3478925824165344,5.1875,1859
281.875,0.2643696665763855,7.9375,1860
300.875,0.22507105767726898,9.875,1861
386.75,0.16626913845539093,9.5,1862
262.875,0.13693499565124512,7.875,1863
286.75,0.3151930570602417,4.5,1864
192.25,0.11488296836614609,8.625,1865
423.125,0.3763338029384613,3.25,1866
318.25,0.21981608867645264,5.5,1867
304.5,0.26983100175857544,7.03125,1868
397.625,0.302584171295166,7.53125,1869
258.25,0.21105673909187317,10.0,1870
357.0,0.12012835592031479,9.875,1871
256.5,0.21618513762950897,7.0,1872
291.625,0.3273831009864807,10.0,1873
280.625,0.20646516978740692,7.9375,1874
262.25,0.14755532145500183,5.875,1875
280.5,0.2045724242925644,5.0,1876
289.25,0.21058696508407593,6.71875,1877
281.25,0.3120270371437073,9.46875,1878
204.625,0.23564773797988892,10.0,1879
496.625,0.18193013966083527,6.84375,1880
346.75,0.11738786101341248,9.3125,1881
553.625,0.12498888373374939,3.25,1882
207.0,0.20247502624988556,5.75,1883
320.625,0.418623685836792,9.3125,1884
295.75,0.14294634759426117,7.5,1885
434.5,0.2713727355003357,3.9375,1886
340.875,0.17828162014484406,6.5625,1887
348.875,0.23666240274906158,6.03125,1888
287.75,0.20476031303405762,5.9375,1889
239.25,0.2700440585613251,9.5,1890
355.75,0.2675468921661377,10.0,1891
415.625,0.19542178511619568,9.3125,1892
296.0,0.15919221937656403,7.34375,1893
348.625,0.3025016784667969,6.625,1894
306.625,0.17083768546581268,8.6875,1895
233.125,0.185917928814888,4.125,1896
471.125,0.2897384464740753,3.4375,1897
273.875,0.14323017001152039,10.0,1898
322.5,0.08690739423036575,9.3125,1899
168.0,0.15302497148513794,8.875,1900
297.125,0.3787674307823181,8.78125,1901
332.75,0.22950077056884766,10.0,1902
163.5,0.19536668062210083,10.0,1903
468.5,0.403534471988678,3.25,1904
374.625,0.14826664328575134,4.53125,1905
355.0,0.19277715682983398,3.25,1906
216.375,0.20444424450397491,7.9375,1907
496.75,0.34439030289649963,4.6875,1908
492.75,0.24603091180324554,5.375,1909
205.75,0.15078680217266083,7.96875,1910
118.125,0.3218955993652344,10.0,1911
298.75,0.4265493154525757,6.5625,1912
351.0,0.20305997133255005,8.625,1913
178.625,0.16027525067329407,9.3125,1914
426.5,0.3329952359199524,5.4375,1915
285.75,0.21368131041526794,10.0,1916
443.625,0.06939692050218582,5.9375,1917
597.125,0.22473929822444916,6.0,1918
448.375,0.16357854008674622,7.9375,1919
484.5,0.1610151082277298,6.6875,1920
297.375,0.1625310629606247,10.0,1921
455.75,0.09030353277921677,4.9375,1922
467.75,0.21944081783294678,5.3125,1923
182.5,0.08443202823400497,10.0,1924
181.625,0.273451030254364,10.0,1925
340.5,0.1878342479467392,8.625,1926
712.125,0.16162502765655518,1.4375,1927
314.625,0.09086627513170242,5.1875,1928
303.25,0.25234290957450867,9.3125,1929
313.875,0.13966302573680878,5.1875,1930
460.5,0.2455839216709137,8.625,1931
469.625,0.14230792224407196,8.625,1932
268.625,0.15902899205684662,4.5,1933
247.875,0.1796301305294037,6.25,1934
312.25,0.2671234905719757,7.25,1935
366.375,0.24921195209026337,5.4375,1936
515.125,0.308657705783844,7.9375,1937
283.875,0.16081024706363678,8.21875,1938
530.375,0.26083409786224365,4.1875,1939
310.5,0.16741663217544556,4.5,1940
271.5,0.17435726523399353,9.3125,1941
261.625,0.2845165729522705,8.5,1942
242.625,0.24329768121242523,10.0,1943
554.0,0.22066251933574677,3.9375,1944
221.25,0.22008389234542847,10.0,1945
467.625,0.13827094435691833,8.1875,1946
387.625,0.18179984390735626,8.0,1947
378.25,0.28218260407447815,8.15625,1948
410.625,0.17849181592464447,3.875,1949
287.125,0.20049701631069183,10.0,1950
195.625,0.3033089339733124,8.875,1951
246.625,0.15148459374904633,8.625,1952
179.5,0.18228045105934143,6.5625,1953
334.125,0.4023721218109131,6.5,1954
246.25,0.17261789739131927,9.5,1955
234.875,0.23642835021018982,10.0,1956
317.625,0.12848570942878723,6.5625,1957
311.0,0.2330128699541092,9.875,1958
332.0,0.2836979329586029,7.0,1959
517.125,0.24987342953681946,8.15625,1960
227.5,0.14223353564739227,7.4375,1961
352.125,0.23423996567726135,6.875,1962
176.625,0.18864643573760986,10.0,1963
270.875,0.2626689374446869,9.3125,1964
367.5,0.2544799745082855,8.09375,1965
250.75,0.2183731198310852,8.125,1966
269.125,0.23153771460056305,7.46875,1967
310.875,0.20927725732326508,8.875,1968
264.75,0.27270424365997314,9.75,1969
291.0,0.16911530494689941,8.625,1970
288.125,0.1891135722398758,9.3125,1971
366.125,0.11321878433227539,4.375,1972
558.25,0.17957140505313873,5.40625,1973
264.625,0.17632153630256653,5.875,1974
466.375,0.23778851330280304,4.5625,1975
186.625,0.17166748642921448,10.0,1976
241.5,0.353726863861084,6.5625,1977
512.625,0.3420749604701996,3.6875,1978
258.25,0.15673120319843292,9.625,1979
214.25,0.20005108416080475,10.0,1980
584.125,0.31756094098091125,4.0,1981
173.125,0.1892712563276291,9.3125,1982
685.75,0.4415263533592224,3.5625,1983
275.75,0.1587587594985962,5.34375,1984
327.0,0.27217963337898254,9.46875,1985
172.75,0.15235674381256104,10.0,1986
443.25,0.31934502720832825,5.9375,1987
403.625,0.23038442432880402,10.0,1988
224.625,0.1681048572063446,10.0,1989
394.125,0.21907168626785278,4.5,1990
219.375,0.22004495561122894,9.5,1991
432.875,0.4220782220363617,4.875,1992
265.75,0.23492871224880219,10.0,1993
280.875,0.21445629000663757,5.78125,1994
271.125,0.23510275781154633,10.0,1995
442.875,0.33393117785453796,5.25,1996
197.625,0.18682025372982025,9.3125,1997
292.5,0.2757461369037628,8.8125,1998
260.125,0.21199192106723785,8.8125,1999
236.625,0.41101688146591187,5.0,2000
252.0,0.42471760511398315,9.6875,2001
333.25,0.32003670930862427,7.25,2002
207.5,0.14427997171878815,9.3125,2003
283.125,0.29421642422676086,5.96875,2004
253.75,0.16445674002170563,10.0,2005
266.875,0.14372104406356812,7.3125,2006
323.5,0.24676164984703064,9.3125,2007
170.75,0.30371716618537903,8.625,2008
194.5,0.28208187222480774,10.0,2009
256.0,0.49231353402137756,10.0,2010
270.5,0.2658842206001282,7.25,2011
167.625,0.216400146484375,10.0,2012
674.625,0.19152052700519562,1.4375,2013
230.125,0.1417868733406067,6.5625,2014
449.25,0.34422972798347473,4.71875,2015
573.25,0.18456897139549255,3.9375,2016
374.875,0.15126705169677734,3.9375,2017
386.625,0.21424365043640137,6.5625,2018
252.375,0.24965770542621613,10.0,2019
301.5,0.34082770347595215,10.0,2020
693.25,0.25202688574790955,2.0,2021
647.5,0.18812090158462524,1.375,2022
241.75,0.133339062333107,10.0,2023
210.375,0.290031373500824,5.0625,2024
367.125,0.25598371028900146,5.1875,2025
204.75,0.2790887951850891,10.0,2026
159.875,0.2514151334762573,10.0,2027
359.125,0.32780471444129944,7.9375,2028
230.5,0.19712203741073608,10.0,2029
236.5,0.16172544658184052,8.4375,2030
381.25,0.27950912714004517,7.40625,2031
281.75,0.24961766600608826,10.0,2032
564.375,0.18822509050369263,3.375,2033
423.125,0.1754142791032791,9.3125,2034
581.875,0.21276099979877472,6.0,2035
274.0,0.13238687813282013,10.0,2036
286.875,0.23817448318004608,8.6875,2037
324.375,0.3468887209892273,6.1875,2038
371.5,0.301477313041687,9.3125,2039
211.125,0.14331665635108948,8.625,2040
159.875,0.29604843258857727,10.0,2041
429.75,0.2589454650878906,4.5,2042
315.0,0.2018125206232071,8.125,2043
399.375,0.27800482511520386,7.3125,2044
593.0,0.1254526525735855,2.6875,2045
187.875,0.1667090803384781,8.875,2046
498.875,0.23527242243289948,3.625,2047
300.25,0.2074933499097824,8.125,2048
288.75,0.2207534909248352,5.875,2049
211.875,0.35649484395980835,10.0,2050
236.25,0.24966508150100708,9.5,2051
477.625,0.2137165367603302,3.25,2052
746.5,0.16924336552619934,2.125,2053
318.25,0.11257354170084,8.9375,2054
206.625,0.22543109953403473,4.65625,2055
207.875,0.34879666566848755,10.0,2056
261.75,0.1456448882818222,10.0,2057
228.625,0.20755040645599365,7.9375,2058
277.625,0.24387726187705994,5.875,2059
331.125,0.37344229221343994,6.5625,2060
338.75,0.31043359637260437,6.9375,2061
542.375,0.30642616748809814,5.25,2062
373.0,0.19473612308502197,4.6875,2063
226.875,0.20887251198291779,9.3125,2064
670.375,0.31187406182289124,1.5,2065
160.0,0.1592077910900116,10.0,2066
267.75,0.5513050556182861,10.0,2067
317.875,0.22549593448638916,5.625,2068
532.875,0.31858450174331665,2.625,2069
375.5,0.1372750848531723,5.875,2070
189.25,0.3062644302845001,9.5,2071
398.125,0.3471652865409851,6.25,2072
247.625,0.1346651017665863,9.3125,2073
124.625,0.33290672302246094,10.0,2074
522.75,0.4922328591346741,6.9375,2075
270.125,0.12076125293970108,9.3125,2076
298.875,0.3054344952106476,8.75,2077
365.125,0.31053560972213745,3.875,2078
311.875,0.2277403175830841,10.0,2079
447.375,0.16760140657424927,10.0,2080
555.75,0.16893978416919708,3.375,2081
180.25,0.15666094422340393,5.875,2082
235.875,0.27427801489830017,6.875,2083
670.375,0.3590741455554962,2.0,2084
494.875,0.15380118787288666,3.40625,2085
335.75,0.17319726943969727,8.75,2086
335.75,0.1425243616104126,7.25,2087
221.375,0.20373578369617462,9.0,2088
213.25,0.31066158413887024,8.09375,2089
241.625,0.41260474920272827,9.3125,2090
306.5,0.3277892768383026,7.375,2091
399.375,0.2470836639404297,4.5625,2092
462.125,0.2359890341758728,6.5625,2093
350.375,0.187665194272995,6.5625,2094
494.75,0.21826647222042084,4.75,2095
374.375,0.14833512902259827,8.625,2096
177.375,0.1862928718328476,9.3125,2097
186.25,0.39921703934669495,5.1875,2098
221.375,0.26949772238731384,4.6875,2099
415.375,0.40284523367881775,7.0625,2100
316.125,0.22054287791252136,10.0,2101
223.875,0.2896033823490143,10.0,2102
315.375,0.23468665778636932,8.625,2103
283.375,0.18017330765724182,10.0,2104
280.25,0.2188783884048462,5.1875,2105
189.75,0.27386757731437683,8.1875,2106
357.375,0.209044948220253,6.5625,2107
474.625,0.22120186686515808,5.59375,2108
469.5,0.21031244099140167,8.625,2109
432.75,0.21097543835639954,4.65625,2110
339.875,0.21403342485427856,9.3125,2111
206.375,0.2265283465385437,5.0625,2112
269.25,0.4225390553474426,7.4375,2113
218.75,0.23161424696445465,4.5,2114
474.5,0.42317888140678406,5.25,2115
191.5,0.14148306846618652,10.0,2116
272.0,0.2782592475414276,6.28125,2117
312.75,0.18793369829654694,5.9375,2118
217.125,0.21368354558944702,9.125,2119
236.75,0.3233690857887268,10.0,2120
143.375,0.3022380471229553,10.0,2121
370.5,0.5545443296432495,6.625,2122
441.5,0.23710864782333374,5.375,2123
308.25,0.16803999245166779,10.0,2124
380.75,0.16533155739307404,4.6875,2125
186.625,0.2051691859960556,8.875,2126
172.125,0.23190857470035553,8.96875,2127
252.5,0.4040527045726776,4.5,2128
231.75,0.3523362874984741,10.0,2129
434.25,0.12448689341545105,7.25,2130
177.875,0.1911763846874237,9.3125,2131
259.625,0.4573717713356018,8.375,2132
183.375,0.19686411321163177,10.0,2133
369.0,0.2248045951128006,8.5,2134
262.625,0.1304946392774582,6.5625,2135
225.375,0.3889916241168976,6.5625,2136
188.5,0.3769037425518036,7.9375,2137
133.875,0.23997634649276733,8.25,2138
308.75,0.3932313323020935,9.3125,2139
423.625,0.16235031187534332,4.8125,2140
463.375,0.23178644478321075,4.75,2141
286.75,0.22700107097625732,8.78125,2142
268.5,0.21846383810043335,8.78125,2143
267.875,0.19757720828056335,8.9375,2144
403.625,0.25855591893196106,10.0,2145
143.875,0.1320340931415558,5.875,2146
282.25,0.4702140688896179,9.46875,2147
320.625,0.22316840291023254,10.0,2148
309.5,0.2446451485157013,8.625,2149
257.625,0.19798941910266876,9.3125,2150
271.75,0.12965957820415497,10.0,2151
163.75,0.1893712431192398,6.5625,2152
637.375,0.45475849509239197,3.4375,2153
232.0,0.10578317195177078,9.3125,2154
295.0,0.18134699761867523,8.625,2155
265.125,0.2656296193599701,10.0,2156
250.875,0.2953876554965973,6.5625,2157
277.25,0.3007291257381439,9.3125,2158
338.875,0.23123744130134583,4.0,2159
224.0,0.2983674705028534,10.0,2160
250.0,0.24604590237140656,5.875,2161
196.375,0.3492448627948761,5.8125,2162
187.125,0.3697006106376648,10.0,2163
714.875,0.3493778109550476,1.4375,2164
275.25,0.11100886762142181,10.0,2165
267.625,0.17764456570148468,4.5,2166
342.0,0.35937491059303284,7.25,2167
285.5,0.40148690342903137,7.25,2168
176.875,0.3025701642036438,9.0,2169
226.0,0.3389187753200531,10.0,2170
415.75,0.2955342233181,9.5,2171
509.375,0.13993863761425018,6.625,2172
193.75,0.1990669220685959,9.5,2173
243.75,0.2556835114955902,10.0,2174
230.25,0.16025827825069427,8.1875,2175
278.0,0.2930152416229248,9.875,2176
157.125,0.13207517564296722,9.3125,2177
168.875,0.4983196556568146,10.0,2178
466.625,0.24879176914691925,5.25,2179
519.75,0.23633746802806854,3.25,2180
226.75,0.15079514682292938,10.0,2181
385.375,0.30356767773628235,3.90625,2182
385.0,0.2784806191921234,4.875,2183
511.625,0.2050033062696457,5.3125,2184
343.25,0.23115591704845428,4.5,2185
305.625,0.19031529128551483,5.1875,2186
178.75,0.3602991998195648,8.625,2187
422.5,0.46536874771118164,9.46875,2188
327.125,0.15714484453201294,10.0,2189
232.25,0.23291411995887756,7.625,2190
288.0,0.20288261771202087,7.125,2191
257.5,0.19965369999408722,9.3125,2192
231.625,0.4170820713043213,10.0,2193
163.25,0.2296205759048462,9.5,2194
271.25,0.4568902552127838,7.9375,2195
211.875,0.3743385374546051,10.0,2196
434.0,0.2799520492553711,4.25,2197
572.0,0.1430613398551941,3.46875,2198
370.25,0.22656197845935822,4.0625,2199
311.75,0.26151084899902344,9.3125,2200
486.0,0.29814305901527405,3.875,2201
333.625,0.21780958771705627,5.5,2202
461.375,0.3112984895706177,4.5,2203
213.875,0.2544805705547333,10.0,2204
233.375,0.25582295656204224,10.0,2205
334.125,0.29457899928092957,9.46875,2206
183.0,0.20451410114765167,6.125,2207
513.375,0.2489183247089386,6.0625,2208
226.25,0.11743821948766708,8.625,2209
376.75,0.20191237330436707,5.875,2210
423.625,0.21118977665901184,5.125,2211
273.625,0.2825256288051605,5.65625,2212
295.625,0.3117896318435669,8.09375,2213
310.125,0.36338192224502563,10.0,2214
289.125,0.1461145430803299,10.0,2215
352.125,0.2305334359407425,7.03125,2216
388.5,0.20183789730072021,7.9375,2217
368.0,0.209083691239357,5.5,2218
562.0,0.258394718170166,2.625,2219
200.25,0.23332397639751434,10.0,2220
303.75,0.44562435150146484,4.6875,2221
455.125,0.4172663986682892,7.375,2222
223.25,0.19129061698913574,10.0,2223
307.375,0.3534688651561737,7.5625,2224
386.875,0.27392590045928955,7.625,2225
727.375,0.24775075912475586,2.125,2226
684.125,0.07691314071416855,1.375,2227
249.5,0.16397292912006378,10.0,2228
404.75,0.17559266090393066,7.3125,2229
194.625,0.2187194675207138,9.3125,2230
275.25,0.24437488615512848,8.625,2231
243.5,0.42412665486335754,6.75,2232
221.25,0.2943640351295471,4.5,2233
219.375,0.4209881126880646,10.0,2234
236.75,0.2152218073606491,9.3125,2235
317.625,0.33432742953300476,9.3125,2236
623.25,0.1521226316690445,4.75,2237
330.75,0.11177010089159012,10.0,2238
437.125,0.20484302937984467,5.875,2239
257.0,0.20715953409671783,8.625,2240
426.75,0.34173527359962463,6.5625,2241
364.125,0.21346049010753632,4.65625,2242
154.0,0.23743321001529694,9.6875,2243
140.625,0.5034937262535095,5.75,2244
347.625,0.46963611245155334,9.3125,2245
433.875,0.287945032119751,5.90625,2246
337.0,0.21134734153747559,3.875,2247
222.125,0.21037685871124268,7.5,2248
172.25,0.3045721650123596,10.0,2249
440.5,0.35327741503715515,3.9375,2250
297.0,0.15051603317260742,10.0,2251
406.5,0.22672440111637115,3.9375,2252
358.125,0.22296521067619324,7.25,2253
504.875,0.271319180727005,5.0,2254
227.375,0.18188557028770447,9.46875,2255
195.25,0.43331384658813477,9.5,2256
288.25,0.2876615524291992,10.0,2257
427.375,0.20887933671474457,7.3125,2258
376.5,0.1922740638256073,6.625,2259
276.125,0.21670502424240112,10.0,2260
301.5,0.31419485807418823,5.96875,2261
228.25,0.1865767240524292,8.125,2262
324.625,0.37609660625457764,8.625,2263
390.125,0.2025875300168991,7.875,2264
241.875,0.18156413733959198,7.9375,2265
616.0,0.39553189277648926,2.0,2266
290.375,0.14500866830348969,10.0,2267
656.0,0.1554969698190689,2.84375,2268
507.0,0.13849642872810364,10.0,2269
190.375,0.1511230319738388,5.1875,2270
343.75,0.44427311420440674,3.875,2271
288.5,0.21518562734127045,8.1875,2272
645.25,0.2936849296092987,3.9375,2273
578.0,0.15173552930355072,4.0,2274
285.375,0.14055274426937103,6.5625,2275
208.75,0.1964138299226761,7.25,2276
263.75,0.3205677270889282,10.0,2277
257.25,0.19484956562519073,10.0,2278
679.125,0.22272880375385284,1.5625,2279
269.875,0.10377433896064758,5.4375,2280
173.125,0.28701794147491455,10.0,2281
381.5,0.4123009443283081,10.0,2282
276.875,0.18949542939662933,8.9375,2283
462.375,0.2792069613933563,3.09375,2284
296.75,0.1751604974269867,9.3125,2285
565.5,0.3119550347328186,4.0625,2286
366.0,0.1781967580318451,6.25,2287
183.375,0.20981448888778687,7.9375,2288
398.375,0.35964927077293396,6.5,2289
576.625,0.1984994113445282,5.9375,2290
588.75,0.17018485069274902,4.5625,2291
216.5,0.1916719228029251,10.0,2292
225.375,0.3078612983226776,10.0,2293
438.375,0.176838681101799,4.5,2294
201.375,0.20822274684906006,10.0,2295
366.25,0.3033525347709656,8.1875,2296
216.875,0.1311669796705246,4.0,2297
580.125,0.3845295310020447,1.5,2298
491.75,0.2174106240272522,5.1875,2299
266.5,0.24086016416549683,8.625,2300
590.5,0.2765755355358124,3.25,2301
301.125,0.21705523133277893,8.25,2302
381.25,0.2149144858121872,6.1875,2303
339.125,0.20413744449615479,7.25,2304
396.625,0.20239941775798798,8.8125,2305
310.5,0.1512400358915329,4.5,2306
270.375,0.24730128049850464,9.875,2307
290.75,0.3366018831729889,8.0625,2308
556.25,0.2144881784915924,10.0,2309
199.25,0.11687101423740387,5.75,2310
700.375,0.35616350173950195,0.75,2311
358.875,0.08531017601490021,10.0,2312
402.25,0.13101831078529358,5.34375,2313
273.0,0.2259369194507599,10.0,2314
698.25,0.18539679050445557,1.4375,2315
178.625,0.138911172747612,10.0,2316
229.75,0.3751579523086548,8.875,2317
492.5,0.1749960035085678,3.25,2318
279.125,0.22832810878753662,7.875,2319
657.25,0.21008659899234772,2.125,2320
360.25,0.16766765713691711,6.3125,2321
372.625,0.18912217020988464,9.0,2322
247.75,0.23338767886161804,10.0,2323
329.5,0.2591624855995178,8.75,2324
214.25,0.15463240444660187,9.0,2325
247.875,0.33261874318122864,9.3125,2326
265.125,0.21766570210456848,5.875,2327
380.625,0.2557756304740906,4.8125,2328
621.125,0.2724044620990753,2.0,2329
334.0,0.18572016060352325,7.25,2330
398.125,0.24822525680065155,6.5625,2331
611.0,0.24892473220825195,3.3125,2332
321.875,0.1809590458869934,10.0,2333
356.25,0.15554557740688324,10.0,2334
357.25,0.17586439847946167,10.0,2335
258.25,0.14304618537425995,10.0,2336
386.125,0.3254399001598358,7.9375,2337
234.75,0.21272793412208557,10.0,2338
465.75,0.34670567512512207,6.875,2339
428.125,0.20006012916564941,4.75,2340
460.25,0.21386048197746277,4.5,2341
485.5,0.2050314098596573,5.4375,2342
575.875,0.22861875593662262,2.6875,2343
327.625,0.18807533383369446,8.8125,2344
509.75,0.2153664380311966,7.3125,2345
193.125,0.20237207412719727,10.0,2346
278.125,0.28466856479644775,10.0,2347
291.875,0.1728966236114502,10.0,2348
261.5,0.1607571542263031,10.0,2349
244.875,0.37451881170272827,10.0,2350
226.625,0.2842007875442505,10.0,2351
249.75,0.19208727777004242,7.8125,2352
274.0,0.3613946735858917,5.875,2353
241.25,0.25310027599334717,8.6875,2354
499.0,0.32426291704177856,5.5,2355
424.5,0.2027508169412613,9.3125,2356
562.75,0.18305443227291107,3.875,2357
437.875,0.15524066984653473,4.25,2358
164.75,0.30637484788894653,10.0,2359
565.5,0.3461400270462036,4.5,2360
325.25,0.1900542676448822,10.0,2361
255.25,0.1897740662097931,10.0,2362
282.5,0.2550516128540039,8.0625,2363
473.25,0.3182276487350464,10.0,2364
247.5,0.14114028215408325,7.75,2365
279.375,0.35761258006095886,8.8125,2366
378.625,0.2619769275188446,7.3125,2367
570.25,0.24905388057231903,4.6875,2368
263.875,0.1165865957736969,8.3125,2369
511.125,0.3613787889480591,7.375,2370
328.75,0.16824863851070404,8.5,2371
379.5,0.1709909290075302,5.875,2372
328.75,0.28663378953933716,5.25,2373
281.625,0.2618987560272217,10.0,2374
246.75,0.14650382101535797,8.875,2375
249.0,0.2046506106853485,10.0,2376
606.875,0.1598440557718277,3.375,2377
437.625,0.15461285412311554,3.65625,2378
631.125,0.2058926522731781,4.125,2379
332.5,0.12787099182605743,4.3125,2380
269.25,0.34661027789115906,9.3125,2381
139.375,0.2377234250307083,10.0,2382
311.75,0.31833240389823914,10.0,2383
312.375,0.23661768436431885,6.71875,2384
247.875,0.24757426977157593,10.0,2385
288.25,0.37474775314331055,10.0,2386
626.625,0.3317018449306488,2.0625,2387
375.75,0.18410544097423553,3.875,2388
415.375,0.18482641875743866,9.3125,2389
249.25,0.2073870450258255,9.3125,2390
254.25,0.2802029252052307,9.0,2391
304.75,0.258514940738678,8.875,2392
361.875,0.2513769865036011,7.9375,2393
389.0,0.28236353397369385,4.84375,2394
522.625,0.25343653559684753,4.65625,2395
366.5,0.22093509137630463,10.0,2396
236.375,0.16848871111869812,8.9375,2397
653.75,0.3048604130744934,2.625,2398
601.375,0.17796958982944489,3.3125,2399
370.125,0.1738920658826828,6.59375,2400
317.625,0.25685039162635803,8.0,2401
474.25,0.29183605313301086,5.5,2402
381.5,0.26606500148773193,6.5625,2403
286.5,0.24574381113052368,9.3125,2404
204.0,0.31210339069366455,5.875,2405
220.375,0.34975379705429077,9.3125,2406
293.75,0.35893261432647705,5.0,2407
274.625,0.24844998121261597,7.59375,2408
436.875,0.35402414202690125,4.5,2409
198.625,0.1869763880968094,10.0,2410
351.75,0.4307068884372711,6.5625,2411
376.25,0.27921968698501587,9.125,2412
343.0,0.16169431805610657,4.8125,2413
387.125,0.21208767592906952,10.0,2414
387.625,0.15896806120872498,5.4375,2415
383.25,0.23440849781036377,7.25,2416
238.0,0.18507379293441772,10.0,2417
280.25,0.283201664686203,7.25,2418
720.125,0.2347317487001419,1.6875,2419
355.625,0.11863767355680466,5.375,2420
176.5,0.21719306707382202,10.0,2421
350.75,0.376898854970932,9.3125,2422
376.0,0.3005901575088501,9.5,2423
307.625,0.20097774267196655,8.625,2424
322.125,0.2810540497303009,8.625,2425
231.625,0.22355718910694122,9.3125,2426
261.875,0.383611261844635,9.875,2427
229.75,0.2378675937652588,10.0,2428
467.25,0.26667559146881104,5.9375,2429
199.375,0.14689674973487854,10.0,2430
308.5,0.3886612057685852,8.78125,2431
310.0,0.2656630575656891,4.5,2432
191.375,0.23722490668296814,10.0,2433
747.875,0.2908552289009094,0.75,2434
198.625,0.1537054181098938,10.0,2435
254.75,0.36388108134269714,9.3125,2436
267.0,0.2331121265888214,10.0,2437
432.125,0.4127618074417114,5.3125,2438
440.875,0.2858276069164276,4.28125,2439
268.875,0.22237755358219147,7.375,2440
387.75,0.17749665677547455,5.03125,2441
561.0,0.2501508295536041,2.375,2442
493.25,0.1837904006242752,5.25,2443
181.5,0.20917950570583344,4.3125,2444
750.25,0.349048912525177,0.125,2445
462.125,0.0994681790471077,3.25,2446
259.625,0.1410171091556549,10.0,2447
347.25,0.29183778166770935,9.3125,2448
411.625,0.19434930384159088,9.46875,2449
266.25,0.1680109202861786,6.875,2450
363.375,0.2680244445800781,8.0,2451
609.75,0.2808133065700531,2.6875,2452
202.5,0.21082322299480438,10.0,2453
209.375,0.4203167259693146,5.0625,2454
425.25,0.4817526340484619,10.0,2455
406.25,0.17176930606365204,8.625,2456
253.25,0.18576854467391968,9.3125,2457
246.375,0.3408128321170807,10.0,2458
415.875,0.3948678970336914,8.0,2459
168.75,0.2016935795545578,5.875,2460
347.75,0.6127620339393616,9.8125,2461
262.875,0.1641613245010376,7.25,2462
334.125,0.2747267484664917,10.0,2463
448.5,0.12761926651000977,5.4375,2464
359.375,0.18075111508369446,5.0,2465
217.75,0.25667545199394226,10.0,2466
414.375,0.3867843449115753,4.3125,2467
220.125,0.2971743047237396,10.0,2468
164.125,0.14625854790210724,10.0,2469
216.625,0.37571752071380615,9.3125,2470
139.625,0.2626117467880249,8.75,2471
490.375,0.4661361575126648,3.25,2472
397.625,0.12672045826911926,6.6875,2473
283.875,0.21822920441627502,10.0,2474
473.875,0.24071983993053436,5.5,2475
216.625,0.286310076713562,9.3125,2476
291.5,0.19727455079555511,9.3125,2477
224.5,0.20827430486679077,10.0,2478
237.125,0.32293400168418884,9.3125,2479
339.5,0.2829023599624634,5.0,2480
539.375,0.22075456380844116,4.6875,2481
191.625,0.21161769330501556,5.0,2482
357.0,0.4044651389122009,7.875,2483
339.75,0.18856747448444366,4.5,2484
242.625,0.24302534759044647,4.5,2485
668.25,0.3056672513484955,2.21875,2486
555.75,0.12894968688488007,2.6875,2487
211.875,0.18255507946014404,9.0,2488
452.75,0.4332391917705536,6.25,2489
369.25,0.1703702062368393,10.0,2490
302.75,0.23926547169685364,7.8125,2491
305.875,0.2921445965766907,7.25,2492
388.375,0.25882235169410706,3.0,2493
226.625,0.1665000170469284,9.3125,2494
236.625,0.28126898407936096,10.0,2495
248.5,0.19731256365776062,10.0,2496
261.25,0.3756352365016937,6.125,2497
333.125,0.17716865241527557,7.625,2498
235.875,0.262788861989975,8.5,2499
289.375,0.2957752048969269,10.0,2500
406.625,0.11061497777700424,4.65625,2501
291.75,0.20494413375854492,4.9375,2502
289.0,0.25900229811668396,8.625,2503
425.625,0.19127219915390015,9.3125,2504
170.625,0.19094699621200562,7.1875,2505
455.875,0.45479243993759155,4.1875,2506
591.75,0.21506227552890778,5.375,2507
219.125,0.16391943395137787,9.0,2508
374.75,0.28369128704071045,4.5,2509
158.375,0.270251989364624,10.0,2510
442.0,0.5769369006156921,7.25,2511
371.125,0.2330540269613266,4.5,2512
250.5,0.20423051714897156,8.3125,2513
426.25,0.3095906376838684,4.78125,2514
448.875,0.2276056855916977,8.6875,2515
133.25,0.10620627552270889,8.25,2516
213.0,0.5119768977165222,10.0,2517
450.25,0.28339388966560364,7.375,2518
181.875,0.2608104944229126,10.0,2519
225.375,0.3068738877773285,10.0,2520
610.0,0.38399621844291687,2.78125,2521
285.375,0.21451523900032043,9.3125,2522
244.375,0.24144743382930756,10.0,2523
416.25,0.2569834589958191,5.78125,2524
310.0,0.24643664062023163,5.1875,2525
445.25,0.32686179876327515,7.25,2526
364.875,0.2028292566537857,4.8125,2527
209.125,0.2238687425851822,10.0,2528
274.25,0.30005183815956116,9.3125,2529
349.0,0.2973455488681793,4.5,2530
263.125,0.19791331887245178,10.0,2531
308.625,0.11324082314968109,10.0,2532
359.25,0.14326292276382446,7.25,2533
488.25,0.3001166582107544,8.0,2534
271.25,0.18124638497829437,10.0,2535
186.625,0.26007598638534546,10.0,2536
208.625,0.46418917179107666,10.0,2537
320.75,0.27947506308555603,4.65625,2538
622.625,0.2738497257232666,2.0,2539
337.25,0.16113430261611938,5.9375,2540
228.125,0.16160714626312256,7.625,2541
305.625,0.2156790792942047,3.0625,2542
283.625,0.3569973409175873,9.3125,2543
369.75,0.22461813688278198,10.0,2544
322.5,0.27478042244911194,10.0,2545
258.375,0.2415405809879303,8.625,2546
280.75,0.2967583239078522,9.0,2547
205.5,0.2382827252149582,9.0,2548
363.0,0.25814324617385864,5.875,2549
350.375,0.2711327373981476,8.3125,2550
327.25,0.2508513629436493,7.5625,2551
284.875,0.27204206585884094,5.375,2552
322.125,0.37190768122673035,3.875,2553
481.5,0.2719179093837738,4.6875,2554
377.875,0.16177122294902802,6.78125,2555
314.5,0.24645349383354187,8.625,2556
295.375,0.26327309012413025,10.0,2557
185.625,0.15427111089229584,9.125,2558
316.0,0.44056153297424316,9.3125,2559
528.375,0.32046034932136536,6.8125,2560
417.25,0.1983688473701477,9.3125,2561
278.125,0.15655650198459625,10.0,2562
373.875,0.2001214474439621,9.3125,2563
358.375,0.2731674611568451,6.28125,2564
768.0,0.27897587418556213,-0.5,2565
402.375,0.13476607203483582,8.6875,2566
360.75,0.12989431619644165,9.3125,2567
337.875,0.22541746497154236,7.71875,2568
487.25,0.3376511335372925,5.25,2569
352.75,0.16417594254016876,3.875,2570
424.5,0.1687541902065277,3.875,2571
140.375,0.277004212141037,9.125,2572
229.625,0.3790057599544525,8.625,2573
324.375,0.36757415533065796,10.0,2574
342.375,0.15273447334766388,5.25,2575
299.75,0.24486587941646576,10.0,2576
365.375,0.2877958416938782,10.0,2577
255.25,0.1715986281633377,9.0,2578
163.125,0.275059312582016,8.875,2579
400.25,0.5060197114944458,5.875,2580
448.125,0.2329549938440323,8.5625,2581
370.25,0.15148773789405823,6.65625,2582
526.375,0.2383071333169937,4.3125,2583
613.875,0.1647133231163025,2.9375,2584
280.25,0.17734751105308533,10.0,2585
271.25,0.3498530983924866,8.3125,2586
212.875,0.284821093082428,9.5,2587
263.25,0.4161325991153717,5.1875,2588
210.125,0.2688092887401581,9.3125,2589
391.375,0.37930330634117126,7.25,2590
304.875,0.19503344595432281,8.0,2591
531.0,0.24504299461841583,5.4375,2592
423.625,0.25743889808654785,4.5625,2593
359.75,0.18058453500270844,10.0,2594
333.625,0.22328531742095947,9.3125,2595
317.125,0.29300862550735474,10.0,2596
310.5,0.2586526572704315,8.625,2597
517.875,0.22501561045646667,6.625,2598
174.375,0.1831674426794052,4.0,2599
307.25,0.5010625123977661,9.75,2600
381.75,0.2618110477924347,7.3125,2601
322.0,0.20980852842330933,8.75,2602
368.5,0.1694888472557068,7.9375,2603
212.25,0.21533292531967163,9.875,2604
399.25,0.3303692638874054,7.4375,2605
368.25,0.2376633882522583,9.3125,2606
350.375,0.21593593060970306,4.5,2607
197.0,0.24702246487140656,9.3125,2608
330.5,0.40310895442962646,7.9375,2609
303.5,0.1555088758468628,8.78125,2610
249.25,0.2489681988954544,7.9375,2611
457.75,0.33438530564308167,6.625,2612
375.5,0.21895240247249603,7.03125,2613
353.625,0.16368943452835083,5.5,2614
379.875,0.1484535038471222,7.3125,2615
453.875,0.2519797086715698,6.6875,2616
281.625,0.12253135442733765,5.1875,2617
689.25,0.405036985874176,1.375,2618
457.375,0.203506201505661,5.1875,2619
306.5,0.23379020392894745,10.0,2620
292.0,0.17175035178661346,6.21875,2621
283.0,0.25960004329681396,9.3125,2622
313.0,0.264991819858551,7.3125,2623
296.375,0.2755588889122009,10.0,2624
385.875,0.1910523772239685,8.625,2625
522.5,0.1845204085111618,4.75,2626
163.125,0.20086611807346344,8.0,2627
251.375,0.5156242847442627,4.5,2628
302.875,0.3188036382198334,9.1875,2629
181.375,0.18439961969852448,10.0,2630
589.875,0.34224361181259155,4.1875,2631
283.75,0.10748168081045151,5.6875,2632
421.375,0.2818588316440582,8.625,2633
462.875,0.18916769325733185,4.65625,2634
196.5,0.24665391445159912,8.625,2635
232.125,0.30320462584495544,8.625,2636
312.0,0.3158372640609741,5.34375,2637
255.25,0.25982725620269775,10.0,2638
281.625,0.24653121829032898,9.3125,2639
343.5,0.23370876908302307,9.3125,2640
287.875,0.2052714079618454,8.9375,2641
193.125,0.2483980655670166,10.0,2642
645.625,0.45734530687332153,2.84375,2643
406.75,0.1488381326198578,4.96875,2644
236.75,0.25911083817481995,5.625,2645
304.0,0.24173755943775177,10.0,2646
343.5,0.08466364443302155,10.0,2647
185.375,0.15270617604255676,9.875,2648
515.875,0.4144537150859833,4.53125,2649
557.0,0.1987881362438202,6.75,2650
304.875,0.17645478248596191,10.0,2651
245.0,0.21900677680969238,10.0,2652
240.0,0.21540893614292145,9.3125,2653
284.375,0.2719588279724121,9.3125,2654
194.75,0.19168320298194885,10.0,2655
369.25,0.40072911977767944,6.5625,2656
461.25,0.21111741662025452,9.3125,2657
258.375,0.18373975157737732,9.3125,2658
437.5,0.1481226086616516,5.15625,2659
146.625,0.16251003742218018,10.0,2660
249.125,0.2912188470363617,8.4375,2661
414.375,0.29599690437316895,6.71875,2662
418.875,0.1881742775440216,5.1875,2663
479.5,0.2801818251609802,9.46875,2664
344.5,0.2120542824268341,8.0,2665
221.875,0.2756120562553406,6.5625,2666
327.625,0.36395925283432007,10.0,2667
334.125,0.18852774798870087,8.0625,2668
336.625,0.15723757445812225,7.9375,2669
262.75,0.23121364414691925,7.25,2670
267.25,0.2824351489543915,10.0,2671
229.5,0.3004862666130066,3.5,2672
207.875,0.34817633032798767,10.0,2673
233.625,0.366433322429657,8.1875,2674
621.75,0.3006879985332489,6.8125,2675
355.75,0.17530971765518188,5.65625,2676
179.25,0.2711782157421112,10.0,2677
361.0,0.3018324375152588,8.5,2678
425.75,0.2598440945148468,7.25,2679
235.625,0.19644053280353546,9.3125,2680
338.125,0.23234188556671143,7.25,2681
352.0,0.2060568928718567,10.0,2682
582.875,0.13241542875766754,5.125,2683
250.875,0.17974348366260529,10.0,2684
229.25,0.1619560420513153,10.0,2685
362.375,0.29583296179771423,8.6875,2686
360.75,0.1523902714252472,8.625,2687
213.125,0.3778798282146454,10.0,2688
262.75,0.4025491774082184,10.0,2689
414.75,0.26977264881134033,8.0,2690
360.375,0.23113524913787842,7.8125,2691
221.375,0.24594467878341675,10.0,2692
220.0,0.14045830070972443,8.625,2693
349.25,0.2929554581642151,4.5,2694
205.375,0.25392335653305054,7.4375,2695
427.625,0.38011133670806885,7.375,2696
433.25,0.1887453943490982,8.625,2697
174.5,0.19703419506549835,4.5,2698
252.125,0.32843029499053955,7.9375,2699
736.0,0.26034635305404663,1.375,2700
499.875,0.22000384330749512,4.40625,2701
335.0,0.15541648864746094,9.3125,2702
562.875,0.18337659537792206,3.1875,2703
273.25,0.201295867562294,10.0,2704
394.375,0.19621208310127258,5.6875,2705
306.625,0.17105981707572937,9.3125,2706
275.875,0.20404022932052612,5.3125,2707
237.125,0.31773847341537476,10.0,2708
295.625,0.2432696521282196,8.125,2709
498.25,0.23998109996318817,7.25,2710
400.5,0.22899121046066284,7.3125,2711
768.0,0.28362220525741577,-0.5,2712
677.625,0.11791335791349411,1.0625,2713
233.0,0.15038053691387177,9.0,2714
303.375,0.3175114393234253,10.0,2715
199.625,0.21441829204559326,9.3125,2716
628.5,0.322081983089447,2.78125,2717
308.625,0.20302779972553253,7.25,2718
205.625,0.27287331223487854,6.03125,2719
537.5,0.43006402254104614,2.625,2720
280.625,0.1980774998664856,9.3125,2721
543.375,0.2520716190338135,7.25,2722
287.0,0.19199906289577484,9.5,2723
269.875,0.21639923751354218,6.375,2724
347.0,0.31716200709342957,8.25,2725
385.375,0.3000980615615845,7.9375,2726
413.0,0.29990217089653015,7.3125,2727
617.75,0.16374529898166656,2.6875,2728
237.5,0.12904144823551178,9.125,2729
439.0,0.28815293312072754,4.5,2730
302.875,0.22036391496658325,5.65625,2731
296.25,0.25515198707580566,8.0625,2732
377.0,0.28875023126602173,6.5625,2733
221.0,0.20763753354549408,5.0,2734
524.25,0.3092420995235443,3.25,2735
347.625,0.13432163000106812,10.0,2736
206.0,0.2378198355436325,8.625,2737
373.75,0.31811589002609253,10.0,2738
295.25,0.2094111442565918,8.25,2739
327.25,0.3028012216091156,8.9375,2740
283.0,0.23683172464370728,9.875,2741
352.625,0.26977235078811646,8.625,2742
209.125,0.18263061344623566,9.875,2743
380.375,0.2732122838497162,9.1875,2744
340.125,0.2606765329837799,10.0,2745
444.125,0.244426429271698,3.5,2746
343.25,0.22957743704319,7.9375,2747
340.125,0.23018059134483337,10.0,2748
378.0,0.19912976026535034,6.34375,2749
378.625,0.20294788479804993,5.875,2750
584.125,0.19867944717407227,4.1875,2751
126.0,0.20718444883823395,9.125,2752
334.5,0.5754340887069702,10.0,2753
228.375,0.18303978443145752,7.125,2754
408.75,0.2960365414619446,2.125,2755
343.375,0.17106741666793823,7.9375,2756
253.75,0.2875765264034271,4.5,2757
538.75,0.3018627464771271,4.0625,2758
329.625,0.21563367545604706,8.625,2759
360.25,0.18976479768753052,7.9375,2760
194.0,0.20108355581760406,8.625,2761
629.375,0.40993532538414,3.0625,2762
425.125,0.1284599006175995,6.6875,2763
359.75,0.23078180849552155,8.78125,2764
744.5,0.1947808712720871,0.75,2765
465.0,0.083411306142807,6.125,2766
262.25,0.1882234811782837,9.875,2767
226.0,0.3667970597743988,9.3125,2768
432.625,0.2065034806728363,3.0,2769
328.25,0.2971453368663788,7.0625,2770
284.0,0.23910479247570038,9.125,2771
327.25,0.16238853335380554,10.0,2772
449.625,0.1897999495267868,8.625,2773
325.375,0.26913121342658997,10.0,2774
288.0,0.1672976016998291,8.3125,2775
276.125,0.25936731696128845,8.75,2776
175.875,0.23802310228347778,6.375,2777
200.0,0.5548932552337646,10.0,2778
225.75,0.42850494384765625,10.0,2779
254.375,0.2971124053001404,5.8125,2780
320.875,0.1303267925977707,6.75,2781
211.75,0.19301582872867584,10.0,2782
254.0,0.3190256655216217,10.0,2783
733.625,0.3299713432788849,0.75,2784
455.625,0.17251363396644592,8.0,2785
345.5,0.24917449057102203,5.875,2786
350.25,0.2651899456977844,4.5,2787
177.25,0.22951067984104156,10.0,2788
235.0,0.3784544765949249,7.6875,2789
328.0,0.2453955113887787,7.9375,2790
293.125,0.17166578769683838,9.3125,2791
273.0,0.21014836430549622,10.0,2792
246.75,0.22526592016220093,4.5,2793
515.25,0.3771851658821106,4.0,2794
291.625,0.20089603960514069,6.1875,2795
267.125,0.3560396730899811,6.5625,2796
264.75,0.37066617608070374,8.75,2797
700.25,0.23967806994915009,1.90625,2798
414.625,0.16033458709716797,5.15625,2799
210.625,0.3144160211086273,10.0,2800
339.625,0.2929675877094269,9.3125,2801
354.875,0.18293102085590363,5.0,2802
447.875,0.2400156706571579,6.5625,2803
311.625,0.18112820386886597,6.71875,2804
222.875,0.3259425759315491,6.5625,2805
263.625,0.3635798692703247,8.9375,2806
205.625,0.26660478115081787,9.125,2807
519.75,0.40104106068611145,3.875,2808
318.5,0.1963799148797989,9.3125,2809
267.25,0.20254479348659515,8.3125,2810
572.875,0.3139876127243042,3.3125,2811
519.25,0.19255678355693817,4.0,2812
278.125,0.27394208312034607,8.75,2813
487.625,0.2562270164489746,4.625,2814
265.25,0.1977345049381256,10.0,2815
249.5,0.35387536883354187,4.625,2816
222.625,0.3422500491142273,10.0,2817
289.125,0.22024638950824738,4.5,2818
257.875,0.28376713395118713,8.09375,2819
238.25,0.2529280185699463,7.0625,2820
204.75,0.26874592900276184,10.0,2821
244.125,0.17214776575565338,10.0,2822
305.625,0.31005486845970154,4.375,2823
277.125,0.2808723747730255,10.0,2824
333.625,0.22376973927021027,5.0625,2825
526.75,0.2655697464942932,6.375,2826
412.5,0.22034285962581635,5.875,2827
433.75,0.18918490409851074,4.8125,2828
382.5,0.23688943684101105,6.90625,2829
462.125,0.24975505471229553,3.875,2830
349.375,0.22682659327983856,7.3125,2831
175.625,0.24706953763961792,9.3125,2832
474.75,0.35934948921203613,5.1875,2833
305.5,0.29714569449424744,4.6875,2834
520.0,0.24782414734363556,5.9375,2835
214.25,0.1844046264886856,8.25,2836
392.5,0.35384470224380493,7.3125,2837
310.625,0.18154795467853546,4.5,2838
225.5,0.24308350682258606,10.0,2839
349.625,0.2349303811788559,9.3125,2840
240.25,0.14979562163352966,7.0625,2841
215.875,0.3560934066772461,10.0,2842
608.625,0.28807559609413147,3.375,2843
269.625,0.14169028401374817,5.75,2844
275.125,0.28244873881340027,10.0,2845
293.625,0.224035382270813,9.3125,2846
228.75,0.29998746514320374,9.0,2847
483.5,0.28884273767471313,3.1875,2848
353.625,0.2261446863412857,9.0,2849
425.125,0.23534177243709564,10.0,2850
230.75,0.16647285223007202,9.0,2851
406.0,0.3868977427482605,3.75,2852
287.125,0.17615291476249695,5.875,2853
276.375,0.21187633275985718,8.625,2854
349.25,0.25658005475997925,10.0,2855
245.375,0.21263183653354645,10.0,2856
365.5,0.2125011831521988,8.625,2857
334.875,0.27347108721733093,10.0,2858
237.125,0.18954907357692719,10.0,2859
204.0,0.3455902934074402,5.625,2860
319.0,0.2875228524208069,10.0,2861
455.875,0.2489565759897232,4.5,2862
702.25,0.2480921447277069,1.375,2863
368.875,0.12500624358654022,6.25,2864
387.25,0.24671082198619843,8.8125,2865
383.125,0.16311891376972198,5.875,2866
305.25,0.20577536523342133,7.25,2867
319.75,0.2625293433666229,5.59375,2868
384.25,0.2890619933605194,9.875,2869
332.125,0.24339264631271362,10.0,2870
416.125,0.16254250705242157,4.75,2871
267.25,0.2163199931383133,8.625,2872
292.625,0.21415045857429504,7.9375,2873
326.75,0.2505957782268524,9.3125,2874
416.625,0.22765247523784637,9.3125,2875
306.875,0.21163107454776764,10.0,2876
713.875,0.21137405931949615,2.53125,2877
286.0,0.09872197359800339,7.9375,2878
301.875,0.2081804871559143,6.625,2879
302.5,0.2376457005739212,10.0,2880
321.625,0.21260257065296173,5.0,2881
305.875,0.23960670828819275,9.3125,2882
244.125,0.4162042438983917,9.3125,2883
529.0,0.3516574501991272,5.15625,2884
220.5,0.25359848141670227,8.4375,2885
240.875,0.3781733810901642,6.1875,2886
327.5,0.2560785710811615,10.0,2887
384.25,0.200383260846138,3.875,2888
701.5,0.24968284368515015,2.9375,2889
438.75,0.20113496482372284,7.25,2890
233.125,0.17856304347515106,9.3125,2891
293.25,0.313800573348999,9.0,2892
285.75,0.31435394287109375,10.0,2893
471.75,0.26107320189476013,8.6875,2894
709.375,0.16500751674175262,1.4375,2895
282.875,0.1456642597913742,9.5,2896
413.375,0.24341024458408356,5.0,2897
282.125,0.1667531132698059,10.0,2898
474.5,0.21912546455860138,7.375,2899
496.0,0.17690409719944,5.9375,2900
327.25,0.16814656555652618,7.375,2901
189.0,0.2755313813686371,9.3125,2902
324.875,0.4148179590702057,10.0,2903
384.875,0.2490190714597702,5.875,2904
549.375,0.30446165800094604,5.375,2905
429.5,0.15784867107868195,4.5,2906
278.25,0.22828525304794312,9.3125,2907
324.75,0.2546255886554718,4.5,2908
343.375,0.2737065255641937,10.0,2909
183.25,0.16286121308803558,10.0,2910
318.625,0.5075750946998596,5.4375,2911
361.0,0.28413206338882446,7.75,2912
330.875,0.26082509756088257,5.1875,2913
267.75,0.20562875270843506,10.0,2914
259.5,0.2299378216266632,4.65625,2915
426.625,0.2941266596317291,5.875,2916
518.875,0.18985122442245483,3.9375,2917
268.5,0.17245236039161682,10.0,2918
695.75,0.21038085222244263,3.6875,2919
245.375,0.13469111919403076,9.875,2920
297.25,0.3050510883331299,7.40625,2921
403.5,0.28105029463768005,4.6875,2922
219.5,0.18911883234977722,8.0625,2923
355.5,0.4145357608795166,10.0,2924
303.375,0.23693570494651794,7.9375,2925
362.125,0.3719647526741028,4.5625,2926
358.125,0.28493842482566833,5.9375,2927
325.25,0.24906809628009796,6.5625,2928
300.0,0.2923830449581146,9.3125,2929
463.875,0.2908484637737274,5.25,2930
753.125,0.24197056889533997,-0.125,2931
246.375,0.10800141096115112,10.0,2932
630.25,0.4102780222892761,2.75,2933
580.125,0.1647227257490158,2.625,2934
255.0,0.13962745666503906,9.875,2935
250.5,0.24690887331962585,9.125,2936
451.375,0.2847684621810913,2.75,2937
282.125,0.21560920774936676,7.75,2938
354.25,0.2744840979576111,7.75,2939
201.875,0.2719660997390747,8.625,2940
314.625,0.36281660199165344,10.0,2941
441.25,0.12874391674995422,4.5,2942
315.125,0.25401291251182556,9.3125,2943
214.5,0.14349818229675293,8.09375,2944
590.625,0.38674089312553406,8.0,2945
625.75,0.12718945741653442,3.25,2946
420.0,0.17317405343055725,4.5,2947
337.125,0.2201312780380249,9.5,2948
672.875,0.20172816514968872,2.625,2949
235.25,0.16424348950386047,10.0,2950
324.875,0.2907317876815796,9.1875,2951
420.75,0.3150443136692047,6.09375,2952
299.25,0.22336718440055847,8.8125,2953
246.875,0.2730359137058258,10.0,2954
264.125,0.2435486763715744,8.625,2955
306.75,0.3033508360385895,9.3125,2956
263.875,0.25688207149505615,5.25,2957
438.625,0.33265239000320435,6.625,2958
211.75,0.24882012605667114,8.0625,2959
405.5,0.44995445013046265,7.25,2960
209.25,0.23685461282730103,8.3125,2961
362.375,0.49020591378211975,5.9375,2962
439.875,0.2744084596633911,9.6875,2963
389.75,0.2062613070011139,7.6875,2964
356.625,0.21818622946739197,10.0,2965
550.0,0.16605624556541443,5.3125,2966
336.875,0.15351054072380066,5.0,2967
651.625,0.30203351378440857,2.75,2968
292.625,0.1641358882188797,8.625,2969
597.375,0.2096792757511139,4.8125,2970
383.125,0.2109319269657135,9.3125,2971
348.25,0.14369453489780426,5.125,2972
293.0,0.24458499252796173,8.625,2973
258.0,0.32160043716430664,9.875,2974
470.875,0.2949587106704712,5.0,2975
270.75,0.14682593941688538,10.0,2976
265.375,0.28997287154197693,4.65625,2977
439.25,0.41309261322021484,3.3125,2978
280.75,0.2053939700126648,10.0,2979
378.875,0.18750613927841187,8.9375,2980
382.125,0.2531031370162964,3.125,2981
336.25,0.2833138108253479,5.875,2982
263.875,0.265543669462204,9.3125,2983
367.875,0.30459609627723694,9.46875,2984
460.625,0.2684096395969391,3.875,2985
241.25,0.254670113325119,5.875,2986
341.5,0.37692713737487793,10.0,2987
308.875,0.1807699203491211,4.8125,2988
231.375,0.3919556736946106,7.75,2989
207.875,0.2692372798919678,10.0,2990
290.0,0.3468559980392456,4.5,2991
252.5,0.35494264960289,10.0,2992
370.625,0.21122731268405914,7.9375,2993
484.5,0.27686476707458496,7.1875,2994
283.125,0.22073625028133392,5.75,2995
472.75,0.17678022384643555,6.5,2996
327.875,0.21223771572113037,5.1875,2997
310.5,0.30781301856040955,4.5,2998
235.125,0.2749876081943512,10.0,2999
252.5,0.2507752776145935,8.75,3000
291.375,0.2701563835144043,7.25,3001
395.125,0.19003507494926453,4.8125,3002
292.625,0.20492565631866455,10.0,3003
304.125,0.20969940721988678,4.5,3004
401.625,0.24868986010551453,9.3125,3005
448.5,0.20397327840328217,4.0,3006
317.5,0.271528959274292,8.75,3007
292.5,0.18773606419563293,9.125,3008
188.875,0.2911381423473358,10.0,3009
313.625,0.27013009786605835,5.1875,3010
516.0,0.36168378591537476,3.40625,3011
419.875,0.2311677187681198,5.875,3012
556.25,0.20330961048603058,4.6875,3013
188.75,0.19340185821056366,7.5625,3014
653.5,0.3468155562877655,3.375,3015
285.25,0.20280446112155914,10.0,3016
307.875,0.2767198085784912,10.0,3017
214.875,0.2204197645187378,10.0,3018
239.25,0.2601777911186218,8.4375,3019
400.75,0.26653042435646057,6.78125,3020
336.75,0.18398945033550262,5.875,3021
262.125,0.2409815788269043,7.25,3022
359.125,0.33057501912117004,5.0,3023
186.25,0.2808600068092346,9.3125,3024
182.5,0.34662044048309326,9.125,3025
304.5,0.5120587348937988,4.9375,3026
462.0,0.19329680502414703,5.3125,3027
230.125,0.19682033360004425,10.0,3028
329.0,0.2378987967967987,9.3125,3029
277.625,0.21582919359207153,9.3125,3030
329.625,0.2958201467990875,10.0,3031
390.125,0.12427958101034164,9.0,3032
516.75,0.197113499045372,10.0,3033
396.5,0.08238314837217331,10.0,3034
461.875,0.2281409353017807,10.0,3035
333.125,0.250881552696228,8.0,3036
302.625,0.29211002588272095,10.0,3037
483.875,0.18601250648498535,4.875,3038
237.875,0.18050317466259003,9.46875,3039
253.375,0.19758906960487366,5.34375,3040
293.875,0.3564980924129486,10.0,3041
306.875,0.3040429949760437,10.0,3042
271.0,0.21571603417396545,10.0,3043
282.75,0.304517537355423,10.0,3044
136.5,0.20697367191314697,8.0625,3045
341.625,0.3303159177303314,9.5,3046
333.125,0.23808147013187408,10.0,3047
682.625,0.21457287669181824,2.75,3048
359.375,0.1507076472043991,10.0,3049
418.375,0.11937975883483887,5.8125,3050
303.25,0.17819459736347198,6.625,3051
235.625,0.22211690247058868,6.5625,3052
337.375,0.269131600856781,8.6875,3053
371.5,0.2887803018093109,9.3125,3054
503.5,0.19795064628124237,6.5625,3055
366.75,0.17561589181423187,5.0,3056
240.0,0.27087628841400146,7.9375,3057
321.875,0.38908621668815613,5.25,3058
475.5,0.2795831561088562,7.375,3059
603.875,0.241437628865242,3.40625,3060
579.375,0.19584457576274872,6.5625,3061
368.25,0.2048453986644745,5.625,3062
454.0,0.21708561480045319,9.3125,3063
204.75,0.2070675790309906,2.5,3064
495.0,0.19027958810329437,3.875,3065
340.875,0.1638496369123459,4.5,3066
508.25,0.23765435814857483,5.53125,3067
460.0,0.15302541851997375,5.4375,3068
319.25,0.15333710610866547,8.125,3069
243.625,0.26805078983306885,8.625,3070
452.625,0.3491646349430084,6.625,3071
344.625,0.26883018016815186,5.1875,3072
271.25,0.21884475648403168,5.375,3073
321.625,0.31698185205459595,8.625,3074
260.375,0.324737012386322,4.6875,3075
456.375,0.3088819086551666,5.875,3076
220.75,0.26030170917510986,10.0,3077
150.875,0.20659887790679932,4.8125,3078
218.625,0.3954829275608063,5.875,3079
221.875,0.3400920629501343,10.0,3080
147.875,0.338466078042984,5.5,3081
238.25,0.5390069484710693,10.0,3082
552.75,0.2656659185886383,4.09375,3083
261.5,0.2500138580799103,10.0,3084
368.0,0.19762670993804932,9.3125,3085
129.875,0.1321585476398468,9.125,3086
210.75,0.3499390184879303,10.0,3087
437.25,0.24020229279994965,8.09375,3088
547.875,0.19999217987060547,6.6875,3089
497.375,0.14558859169483185,4.4375,3090
354.125,0.16311705112457275,7.8125,3091
254.625,0.2566261887550354,9.3125,3092
342.125,0.17072747647762299,5.1875,3093
209.75,0.2212546169757843,10.0,3094
296.375,0.3805803954601288,10.0,3095
656.625,0.18795594573020935,1.375,3096
307.125,0.1528431475162506,8.625,3097
309.375,0.176211416721344,5.0625,3098
323.0,0.25604328513145447,9.3125,3099
312.875,0.2506929337978363,10.0,3100
243.25,0.23743769526481628,4.5,3101
262.625,0.2884204089641571,10.0,3102
546.0,0.15190143883228302,3.3125,3103
308.0,0.19283893704414368,9.3125,3104
501.75,0.2327435165643692,7.375,3105
570.375,0.19119468331336975,3.0,3106
203.125,0.12245319038629532,9.3125,3107
164.5,0.300430029630661,10.0,3108
254.625,0.289683073759079,6.125,3109
422.25,0.34563544392585754,8.625,3110
607.5,0.20712697505950928,7.6875,3111
257.0,0.12066313624382019,6.03125,3112
247.75,0.24473123252391815,7.25,3113
275.5,0.2750632166862488,5.6875,3114
303.75,0.28891873359680176,6.375,3115
326.75,0.3300752341747284,8.625,3116
528.0,0.25993672013282776,6.625,3117
371.875,0.1917002648115158,10.0,3118
227.0,0.2023313343524933,10.0,3119
364.875,0.37731805443763733,7.5,3120
257.375,0.24450412392616272,10.0,3121
587.875,0.27893826365470886,3.9375,3122
391.625,0.16455776989459991,7.25,3123
437.0,0.19153836369514465,8.78125,3124
218.625,0.19000102579593658,10.0,3125
301.375,0.3576563894748688,5.1875,3126
703.5,0.2539992332458496,0.8125,3127
476.5,0.16151778399944305,3.875,3128
425.25,0.23881182074546814,4.5625,3129
349.0,0.228805273771286,10.0,3130
262.375,0.18503442406654358,5.1875,3131
123.5,0.34095996618270874,7.375,3132
389.375,0.45756930112838745,10.0,3133
279.375,0.19600728154182434,10.0,3134
657.25,0.31233343482017517,1.8125,3135
219.0,0.11141986399888992,7.9375,3136
292.5,0.30307021737098694,8.0,3137
261.875,0.19007301330566406,10.0,3138
314.0,0.2300247699022293,7.28125,3139
317.375,0.3417387306690216,10.0,3140
471.125,0.3002893328666687,6.5625,3141
297.625,0.2704310119152069,6.0625,3142
417.875,0.3205317556858063,10.0,3143
415.625,0.12533482909202576,6.625,3144
401.875,0.1847347915172577,3.875,3145
296.0,0.2961385250091553,9.3125,3146
388.375,0.20615699887275696,6.5625,3147
248.875,0.1927613914012909,10.0,3148
297.5,0.2590816020965576,10.0,3149
344.375,0.26883816719055176,4.5,3150
362.875,0.2567407190799713,7.25,3151
215.5,0.27987152338027954,9.125,3152
340.625,0.35624152421951294,3.5,3153
323.25,0.22412697970867157,4.5,3154
392.625,0.36014261841773987,4.5625,3155
281.625,0.24596083164215088,9.1875,3156
411.875,0.39772894978523254,5.875,3157
260.5,0.1778712123632431,7.9375,3158
426.25,0.37420669198036194,7.75,3159
155.5,0.21280117332935333,4.75,3160
351.75,0.44601595401763916,10.0,3161
325.25,0.2702691853046417,10.0,3162
475.625,0.2174212783575058,3.875,3163
226.625,0.2164548635482788,8.625,3164
209.25,0.4183224141597748,10.0,3165
508.25,0.3673071265220642,5.875,3166
272.75,0.19323156774044037,8.0,3167
396.125,0.2332228422164917,6.625,3168
577.375,0.25505098700523376,2.625,3169
499.25,0.1804429441690445,3.9375,3170
417.625,0.21254481375217438,10.0,3171
396.875,0.24071313440799713,4.875,3172
577.5,0.32594573497772217,3.4375,3173
444.125,0.15343889594078064,4.875,3174
367.0,0.22650901973247528,6.0625,3175
410.375,0.233219712972641,9.0,3176
294.875,0.218664288520813,9.3125,3177
373.375,0.2883955240249634,6.5625,3178
473.375,0.22301264107227325,5.1875,3179
644.875,0.2339155226945877,2.0,3180
228.625,0.1704620122909546,10.0,3181
261.875,0.28024744987487793,7.9375,3182
288.375,0.25847747921943665,10.0,3183
227.625,0.2477388083934784,7.9375,3184
210.625,0.34953323006629944,10.0,3185
218.875,0.28440314531326294,10.0,3186
249.75,0.26433685421943665,4.5,3187
752.875,0.29032716155052185,0.125,3188
445.375,0.14029988646507263,9.375,3189
277.75,0.2528129518032074,9.3125,3190
292.125,0.36185529828071594,9.46875,3191
416.625,0.27010202407836914,7.25,3192
376.25,0.2368362694978714,4.5,3193
286.625,0.3265262842178345,7.9375,3194
242.375,0.26959094405174255,10.0,3195
552.5,0.2908713221549988,4.5,3196
181.625,0.2303192913532257,9.125,3197
234.875,0.3928297460079193,10.0,3198
327.5,0.19872339069843292,8.28125,3199
322.75,0.23816613852977753,5.1875,3200
222.375,0.3364226222038269,10.0,3201
586.5,0.20091935992240906,2.84375,3202
441.75,0.21700067818164825,8.78125,3203
342.875,0.21733438968658447,10.0,3204
215.125,0.22785943746566772,9.1875,3205
512.25,0.33598026633262634,6.03125,3206
328.125,0.1904195100069046,4.5,3207
246.0,0.27032527327537537,5.0,3208
277.25,0.31430357694625854,10.0,3209
222.25,0.20955359935760498,9.3125,3210
235.125,0.2824210524559021,10.0,3211
589.125,0.2393842339515686,5.125,3212
366.25,0.22884175181388855,7.9375,3213
257.75,0.20009727776050568,8.3125,3214
559.375,0.31891360878944397,3.25,3215
433.125,0.1543228179216385,7.9375,3216
188.5,0.23264820873737335,8.125,3217
316.25,0.3653935492038727,10.0,3218
248.25,0.24407492578029633,10.0,3219
221.5,0.2744825482368469,6.875,3220
465.0,0.40545639395713806,6.1875,3221
496.375,0.20130711793899536,4.8125,3222
214.625,0.22321978211402893,10.0,3223
326.875,0.20079301297664642,4.625,3224
485.375,0.2760124206542969,4.625,3225
391.375,0.12197361886501312,5.09375,3226
342.125,0.20828986167907715,7.25,3227
199.375,0.28931131958961487,5.1875,3228
288.875,0.4527495205402374,8.875,3229
242.0,0.29054608941078186,6.28125,3230
352.25,0.30206143856048584,3.75,3231
491.625,0.24288468062877655,5.9375,3232
704.875,0.1725476086139679,2.0625,3233
314.625,0.17247049510478973,6.5625,3234
471.5,0.22192874550819397,6.3125,3235
284.5,0.2447344958782196,7.25,3236
188.875,0.17317023873329163,1.4375,3237
391.25,0.3024755120277405,6.03125,3238
385.375,0.23384742438793182,10.0,3239
324.625,0.16362105309963226,10.0,3240
371.125,0.16970300674438477,10.0,3241
368.75,0.1909545361995697,8.625,3242
307.875,0.1899210661649704,9.875,3243
224.0,0.18443621695041656,10.0,3244
605.75,0.43007126450538635,4.0,3245
390.625,0.1882210224866867,4.875,3246
467.625,0.25119754672050476,6.0,3247
691.0,0.18043449521064758,2.125,3248
353.375,0.10562565922737122,9.46875,3249
568.5,0.2106907069683075,6.09375,3250
533.375,0.21783915162086487,3.875,3251
286.625,0.1617235690355301,10.0,3252
436.375,0.2821454405784607,7.3125,3253
350.5,0.2302091121673584,10.0,3254
481.25,0.21688123047351837,7.65625,3255
525.625,0.2386443167924881,4.375,3256
217.625,0.15533758699893951,10.0,3257
512.5,0.3033459782600403,3.625,3258
586.375,0.18177376687526703,1.375,3259
372.875,0.15663187205791473,9.3125,3260
384.875,0.2346767783164978,8.0,3261
349.625,0.20670954883098602,9.0,3262
598.125,0.20349927246570587,3.375,3263
338.25,0.17658349871635437,10.0,3264
197.75,0.1469404697418213,3.75,3265
379.875,0.32366272807121277,9.34375,3266
384.125,0.22114959359169006,10.0,3267
321.0,0.27626335620880127,9.46875,3268
315.125,0.20300795137882233,7.5625,3269
243.25,0.18396049737930298,7.28125,3270
320.375,0.33479994535446167,5.5,3271
300.375,0.33580413460731506,9.46875,3272
317.5,0.3794000744819641,7.25,3273
401.5,0.3079630136489868,9.375,3274
323.0,0.1956409066915512,7.9375,3275
499.5,0.2190171629190445,5.125,3276
357.25,0.2117484211921692,5.1875,3277
303.375,0.24052712321281433,10.0,3278
228.0,0.15830346941947937,8.4375,3279
351.75,0.4071556031703949,6.1875,3280
456.5,0.18806906044483185,6.625,3281
281.875,0.21025939285755157,10.0,3282
164.5,0.2346014529466629,9.125,3283
352.25,0.4923582375049591,3.875,3284
284.625,0.3259638845920563,9.0,3285
634.25,0.22555123269557953,3.03125,3286
301.375,0.13078641891479492,10.0,3287
580.25,0.21834605932235718,3.9375,3288
690.75,0.19899597764015198,2.1875,3289
506.25,0.12409017980098724,5.0,3290
307.375,0.20444762706756592,10.0,3291
398.875,0.287920206785202,8.625,3292
387.125,0.18671134114265442,6.0625,3293
198.25,0.27022093534469604,9.3125,3294
303.625,0.3851380944252014,9.875,3295
207.25,0.28519871830940247,6.5,3296
234.0,0.3336859345436096,10.0,3297
300.75,0.26921501755714417,10.0,3298
251.125,0.12848606705665588,9.875,3299
232.875,0.3371106684207916,10.0,3300
331.375,0.2016456574201584,6.5625,3301
262.0,0.33202359080314636,10.0,3302
398.875,0.28765103220939636,7.375,3303
462.0,0.17099067568778992,3.9375,3304
259.75,0.25063684582710266,10.0,3305
267.375,0.1959953010082245,4.5,3306
216.0,0.2756950259208679,4.5,3307
395.625,0.2943529784679413,5.5,3308
313.75,0.24831464886665344,5.8125,3309
210.75,0.31411004066467285,10.0,3310
505.875,0.23465615510940552,10.0,3311
256.5,0.16031533479690552,10.0,3312
683.375,0.3631540834903717,2.90625,3313
256.75,0.14670750498771667,10.0,3314
368.0,0.2720225751399994,8.4375,3315
336.0,0.20713640749454498,8.75,3316
311.25,0.2171248346567154,4.6875,3317
222.875,0.3266185522079468,6.03125,3318
311.875,0.29584819078445435,4.5,3319
222.25,0.3110223710536957,10.0,3320
358.0,0.2630457878112793,6.03125,3321
642.375,0.3266368806362152,4.6875,3322
346.75,0.14872224628925323,4.8125,3323
296.5,0.26138022541999817,6.28125,3324
179.625,0.2328581064939499,10.0,3325
528.75,0.561176598072052,7.59375,3326
271.25,0.22151313722133636,6.65625,3327
228.875,0.18762223422527313,6.5,3328
255.125,0.3008033037185669,10.0,3329
316.25,0.1629570722579956,7.25,3330
265.125,0.27882543206214905,10.0,3331
257.625,0.1677657663822174,10.0,3332
673.875,0.22258643805980682,0.875,3333
397.125,0.1103094220161438,10.0,3334
491.5,0.22059129178524017,5.375,3335
384.875,0.22163189947605133,6.5625,3336
243.625,0.24852906167507172,10.0,3337
359.875,0.14206793904304504,10.0,3338
361.125,0.2002212107181549,9.3125,3339
224.5,0.18429246544837952,9.0,3340
298.75,0.37290626764297485,7.125,3341
320.375,0.3528856635093689,10.0,3342
183.0,0.15454159677028656,6.5625,3343
225.125,0.42002254724502563,8.125,3344
317.5,0.29509299993515015,10.0,3345
296.5,0.23552118241786957,5.5625,3346
348.75,0.23585064709186554,4.125,3347
558.75,0.25296416878700256,3.46875,3348
531.375,0.13295753300189972,3.3125,3349
214.0,0.2701526880264282,10.0,3350
433.25,0.2299436777830124,5.5,3351
355.75,0.255634605884552,6.5625,3352
557.875,0.29321303963661194,5.9375,3353
253.875,0.1690957248210907,9.0,3354
415.75,0.2846251130104065,5.8125,3355
281.25,0.17220142483711243,7.9375,3356
318.875,0.3715839982032776,7.6875,3357
304.375,0.2298995703458786,10.0,3358
317.25,0.23710958659648895,10.0,3359
200.625,0.22697681188583374,10.0,3360
429.75,0.4493899941444397,10.0,3361
270.5,0.10544651746749878,9.125,3362
655.625,0.22140158712863922,2.4375,3363
,0.21511678397655487,,3364
