completions/train/mean_length,actor/train/kl,rewards/train/score/mean,_step
252.5,,1.0,0
140.0,-0.0015303659019991755,1.0,1
441.5,0.011311893351376057,1.0,2
164.0,3.678828215925023e-05,0.5,3
88.0,-0.0018399925902485847,0.25,4
126.5,-0.009672664105892181,-0.5,5
453.0,-0.0033521917648613453,-0.75,6
152.0,0.0019125485559925437,1.0,7
77.5,-0.002778630470857024,0.25,8
106.0,-0.012205850332975388,1.0,9
159.5,0.000624890613835305,0.25,10
460.5,0.00014106009621173143,-1.5,11
244.0,0.0011255469871684909,0.25,12
188.5,-0.008264370262622833,0.5,13
72.5,0.001881849835626781,-0.25,14
419.0,0.0001375132706016302,-0.75,15
150.5,0.0005038359668105841,0.25,16
380.5,0.0037597392220050097,1.0,17
163.5,-0.0027484267484396696,-0.5,18
125.5,-0.002708983374759555,-0.5,19
82.5,-0.015208165161311626,-0.75,20
162.0,-0.026188742369413376,1.0,21
287.0,-0.008271823637187481,-0.75,22
251.0,-0.0019913518335670233,1.0,23
135.5,0.000513665727339685,4.25,24
226.5,-0.02640591189265251,1.0,25
86.5,0.0007735540857538581,-0.5,26
220.0,-0.005946341436356306,0.25,27
463.0,0.003509586676955223,-0.75,28
768.0,-0.0005085226148366928,-2.0,29
215.0,0.001762253581546247,-0.5,30
402.5,0.002201058203354478,-1.0,31
258.0,-0.002283596433699131,1.0,32
127.0,-0.005020089913159609,-0.5,33
490.0,-0.00565331382676959,-1.5,34
216.5,-0.001950390636920929,-0.5,35
205.5,0.018706675618886948,1.0,36
110.5,-0.002243171911686659,0.25,37
280.0,0.01251407153904438,1.5,38
157.0,0.005411162041127682,0.25,39
768.0,-0.001149821444414556,-1.5,40
93.0,0.0037337765097618103,-0.5,41
198.0,0.002942146733403206,-0.5,42
768.0,-0.0010911142453551292,-1.5,43
137.5,-0.0024873826187103987,0.25,44
92.0,-0.004661851562559605,-0.5,45
204.0,0.0017595291137695312,1.0,46
456.5,0.004839672707021236,-1.5,47
125.0,0.0024012622889131308,1.0,48
551.5,0.00432237284258008,1.0,49
194.5,-0.0014015069464221597,0.25,50
359.5,0.004335614386945963,-1.5,51
182.0,-0.0009659354691393673,1.0,52
120.5,-0.0010369165102019906,0.5,53
179.0,0.000738500093575567,3.5,54
154.0,-0.0005091768689453602,-0.5,55
93.0,0.0019183408003300428,-0.25,56
108.0,-0.0024704677052795887,5.0,57
249.0,0.000816062674857676,1.5,58
131.0,0.005699547939002514,-0.5,59
538.0,0.0032906278502196074,-0.75,60
105.5,0.001208237954415381,-0.25,61
151.0,0.005379030480980873,1.0,62
103.0,0.0015390029875561595,1.0,63
191.0,0.016001414507627487,1.0,64
268.5,0.008081816136837006,1.0,65
424.0,0.00033454966614954174,-1.5,66
126.0,0.0017759170150384307,0.25,67
163.5,-0.0034051775000989437,0.25,68
182.0,-0.005706460680812597,0.0,69
235.0,-0.0032858429476618767,3.5,70
246.0,0.0006463598692789674,-1.5,71
74.0,-0.001909597311168909,-0.5,72
243.5,-0.004358961712568998,1.0,73
186.0,0.002605966990813613,5.5,74
119.0,0.007194796111434698,-1.5,75
81.0,-0.006843999959528446,0.25,76
125.0,0.0058287749998271465,1.0,77
169.0,-0.009811515919864178,1.0,78
103.0,0.0019202373223379254,-1.5,79
188.0,0.010725780390202999,-0.5,80
231.5,-0.002656424418091774,1.0,81
427.5,0.000580167630687356,-0.75,82
79.5,-9.218851482728496e-05,-1.5,83
261.0,0.002295536221936345,-0.5,84
123.0,-0.003990418277680874,1.5,85
65.0,-0.0012722016545012593,-1.0,86
142.0,0.000773063104134053,0.25,87
172.5,0.0007449405384249985,1.0,88
252.0,0.013622848317027092,2.75,89
165.5,0.007713015656918287,-0.25,90
435.0,0.0033699795603752136,1.0,91
156.5,0.011709454469382763,10.0,92
186.5,0.016912443563342094,1.0,93
199.5,0.012585903517901897,1.0,94
166.5,0.0014909825986251235,1.0,95
768.0,0.001773656695149839,-2.5,96
597.0,0.002295302925631404,-1.5,97
191.5,0.006089851260185242,0.25,98
183.5,0.004055695608258247,-0.5,99
469.5,-0.009997012093663216,1.75,100
464.5,-0.002138793934136629,1.0,101
220.0,0.027800828218460083,1.0,102
183.5,0.0015301532112061977,-0.5,103
133.0,0.015979543328285217,1.0,104
147.5,-0.00039112119702622294,4.75,105
174.5,0.032272160053253174,2.5,106
178.5,0.016813453286886215,7.25,107
182.5,0.034178394824266434,1.0,108
209.0,0.002094180090352893,6.875,109
170.0,0.026633448898792267,-0.5,110
188.0,0.010629015043377876,4.75,111
555.0,0.003563414327800274,0.25,112
81.5,0.010850220918655396,0.5,113
196.0,-0.0029970414470881224,5.5,114
170.0,0.006788731086999178,7.5,115
551.5,0.008782134391367435,1.0,116
768.0,0.00469976244494319,-1.5,117
144.0,0.0039836205542087555,1.5,118
171.5,0.036662451922893524,1.0,119
117.5,-0.00953767728060484,10.0,120
140.5,0.06094667688012123,9.0,121
220.5,0.04811519384384155,2.0,122
433.0,0.01715989224612713,1.0,123
345.5,0.01517717819660902,4.5,124
124.0,0.00467567378655076,4.5,125
80.0,0.055519960820674896,10.0,126
147.0,0.13397951424121857,3.625,127
110.0,0.04160657897591591,4.5,128
174.5,0.052715495228767395,1.5,129
201.5,0.03939534351229668,3.5,130
309.5,0.0023683684412389994,2.25,131
254.5,0.02839718572795391,3.0,132
522.0,0.03651709482073784,2.0,133
178.0,0.008829767815768719,3.5,134
229.5,0.02838766947388649,4.75,135
233.5,0.06825609505176544,0.25,136
275.0,0.0016153691103681922,5.5,137
162.0,0.029351379722356796,3.25,138
368.0,0.02791628986597061,5.5,139
140.5,0.016261152923107147,10.0,140
281.5,0.021321382373571396,3.0,141
161.5,0.022229725494980812,-0.5,142
149.0,0.01243515219539404,7.25,143
124.5,0.04858093708753586,9.0,144
105.5,0.031743720173835754,10.0,145
127.0,0.032079651951789856,10.0,146
177.0,0.04670277610421181,4.25,147
289.0,0.056771691888570786,6.25,148
190.5,0.009764869697391987,1.0,149
106.5,0.024867231026291847,2.0,150
213.0,0.0800260454416275,6.25,151
121.0,0.016220491379499435,1.5,152
202.0,0.043612103909254074,1.0,153
239.5,0.033306751400232315,1.0,154
172.0,0.01256248727440834,4.125,155
175.0,0.04885459318757057,9.0,156
449.5,0.05090458691120148,-0.75,157
232.5,0.00025739020202308893,5.5,158
97.0,0.004443978890776634,1.0,159
280.5,0.013010133989155293,-0.5,160
169.0,-0.0016780555015429854,6.25,161
431.5,0.04322737082839012,-1.5,162
13.0,-0.0034753393847495317,-1.5,163
231.5,0.6250145435333252,3.5,164
155.0,0.026284165680408478,8.5,165
132.0,0.05802953615784645,3.5,166
136.0,0.04229589179158211,3.75,167
209.5,0.061654072254896164,9.0,168
172.5,0.03393359109759331,9.0,169
220.0,0.032566603273153305,9.0,170
155.5,0.03926785662770271,6.25,171
75.5,0.06110547482967377,-0.5,172
168.5,0.11177998781204224,6.25,173
216.0,0.045104458928108215,3.5,174
102.5,0.042795758694410324,2.5,175
318.0,0.06468627601861954,5.0,176
206.5,0.02339800074696541,2.5,177
332.0,0.012673505581915379,3.5,178
126.0,0.02055787481367588,9.0,179
103.0,0.05579952523112297,0.25,180
205.0,0.08059222996234894,4.75,181
432.5,0.051165394484996796,6.25,182
119.5,0.021179234609007835,4.25,183
459.0,0.08949363231658936,0.0,184
123.0,0.028662297874689102,9.0,185
305.0,0.0385044626891613,4.25,186
246.0,0.057928841561079025,3.25,187
278.0,0.017029546201229095,2.0,188
155.0,0.03230622410774231,3.5,189
239.0,0.09934946149587631,2.5,190
127.0,0.04236708581447601,7.25,191
272.0,0.10177843272686005,10.0,192
90.5,0.02092627063393593,3.5,193
189.0,0.04882935807108879,3.5,194
152.0,0.020563211292028427,3.75,195
132.5,0.05197017639875412,4.5,196
240.0,0.07572994381189346,5.5,197
117.0,0.03502848744392395,6.25,198
139.0,0.12651914358139038,4.25,199
197.5,0.06115015596151352,2.75,200
121.0,0.0024711028672754765,9.0,201
465.5,0.0865388885140419,1.0,202
109.0,0.017083825543522835,9.0,203
159.0,0.06633083522319794,9.0,204
202.0,0.08509039878845215,10.0,205
433.0,0.06844086945056915,2.0,206
111.5,0.03122621215879917,4.5,207
501.5,0.0670275017619133,4.75,208
161.0,0.028480354696512222,4.5,209
145.0,0.08297786861658096,10.0,210
220.5,0.1703801304101944,5.0,211
153.0,0.05485488846898079,7.25,212
162.0,0.07802469283342361,10.0,213
145.5,0.05263586342334747,1.0,214
161.0,0.055705368518829346,7.5,215
258.0,0.043331585824489594,3.0,216
689.5,0.05540069565176964,-0.5,217
241.5,0.009549310430884361,7.25,218
93.0,0.03915109112858772,4.5,219
269.0,0.16979211568832397,10.0,220
509.0,0.11473041027784348,4.75,221
246.5,0.035951144993305206,0.25,222
189.5,0.08601099252700806,10.0,223
139.5,0.06586857885122299,4.5,224
223.0,0.14004719257354736,4.5,225
99.5,0.1389850676059723,4.5,226
461.5,0.18909059464931488,1.0,227
386.0,0.015580407343804836,5.25,228
196.0,0.04928666725754738,1.0,229
222.5,0.12706317007541656,4.5,230
432.5,0.04541069641709328,4.75,231
162.5,0.048684388399124146,4.5,232
229.5,0.07818274945020676,3.0,233
508.5,0.05329522490501404,2.25,234
171.5,0.015546223148703575,4.75,235
259.0,0.09061881899833679,6.5,236
135.5,0.03840202838182449,5.0,237
318.0,0.1340789645910263,7.25,238
315.0,0.05030302703380585,6.5,239
118.0,0.04758572578430176,8.0,240
451.0,0.11914811283349991,2.0,241
164.5,0.01860673911869526,4.5,242
211.0,0.10069233179092407,10.0,243
461.0,0.14084556698799133,5.25,244
203.5,0.04371078684926033,5.25,245
148.5,0.052836500108242035,4.5,246
300.0,0.08143675327301025,6.0,247
258.0,0.02096310257911682,7.25,248
149.5,0.05765054374933243,7.25,249
156.0,0.10675398260354996,7.25,250
768.0,0.08492717891931534,-0.5,251
768.0,0.023822536692023277,-1.5,252
126.5,0.039554134011268616,1.5,253
65.5,0.09920346736907959,0.25,254
202.0,0.027377938851714134,-0.5,255
198.0,0.035465139895677567,4.75,256
241.0,0.03262370452284813,0.25,257
167.0,0.039388854056596756,1.75,258
166.5,0.0765545442700386,5.125,259
170.5,0.11856097728013992,3.0,260
127.5,0.14432546496391296,4.5,261
118.5,0.1142001673579216,3.0,262
320.5,0.1387956291437149,4.5,263
193.0,0.12068695574998856,10.0,264
54.5,0.16218291223049164,0.5,265
242.0,0.37853825092315674,0.25,266
424.0,0.01861529052257538,1.0,267
236.5,0.046703413128852844,1.0,268
146.5,0.02977614291012287,5.25,269
255.0,0.04811818152666092,6.0,270
179.0,0.09933096915483475,0.0,271
170.0,0.10064192861318588,7.25,272
230.0,0.10437674075365067,7.5,273
128.5,0.1165943518280983,5.75,274
568.5,0.12196636199951172,-1.5,275
288.5,0.0307095218449831,7.25,276
150.0,0.08545190840959549,2.5,277
291.0,0.1651151031255722,10.0,278
460.0,0.12993797659873962,-0.25,279
115.5,0.05857206881046295,-0.5,280
108.0,0.07257920503616333,2.75,281
125.0,0.2068212479352951,-0.5,282
44.5,0.14397253096103668,-0.5,283
287.0,0.26464971899986267,-0.5,284
331.5,0.015041355043649673,-0.5,285
404.0,0.007561041042208672,3.0,286
233.0,0.06378749758005142,0.0,287
119.5,0.10035178065299988,2.0,288
197.5,0.3619590997695923,1.0,289
152.5,0.02883857488632202,7.875,290
147.5,0.08294583112001419,0.0,291
217.0,0.17783573269844055,-0.5,292
384.5,0.04842563346028328,-1.0,293
169.5,0.07725771516561508,1.0,294
185.0,0.05931209400296211,4.25,295
468.0,0.1268296241760254,-1.5,296
251.5,0.04334261268377304,1.5,297
198.5,0.0722791999578476,10.0,298
325.5,0.13776730000972748,1.0,299
200.0,0.02421046607196331,0.0,300
117.0,0.19817674160003662,0.75,301
196.5,0.14408451318740845,0.75,302
403.5,0.07438859343528748,1.5,303
116.0,0.07370677590370178,10.0,304
262.0,0.15607516467571259,0.5,305
267.5,0.20718629658222198,2.25,306
391.5,0.08001219481229782,-0.5,307
520.5,0.029614849016070366,1.5,308
93.0,0.05197453871369362,2.0,309
373.0,0.46458902955055237,2.0,310
72.0,0.07126391679048538,-1.0,311
146.5,0.3806875944137573,0.5,312
78.5,0.28345799446105957,1.5,313
248.0,0.47507622838020325,4.75,314
110.5,0.22211414575576782,2.0,315
228.5,0.38990938663482666,5.0,316
488.5,0.119025819003582,0.0,317
285.0,0.04435821995139122,0.5,318
92.0,0.15632747113704681,1.25,319
198.5,0.46544167399406433,1.5,320
131.0,0.20948772132396698,0.0,321
119.0,0.31314364075660706,1.0,322
550.5,0.16097572445869446,-0.25,323
191.5,0.05388447642326355,0.0,324
254.5,0.24470195174217224,-0.5,325
37.0,0.03538084402680397,-1.5,326
187.5,0.7905812859535217,0.0,327
321.5,0.22027572989463806,3.75,328
161.5,0.09244155883789062,0.5,329
99.0,0.08731941878795624,-0.5,330
95.0,0.42642897367477417,1.25,331
85.0,0.39239227771759033,0.75,332
120.5,0.6878737807273865,0.5,333
140.0,0.10807529836893082,0.75,334
223.5,0.29314056038856506,0.0,335
530.5,0.1626284420490265,0.5,336
58.0,0.09926421195268631,0.5,337
239.5,0.5689727663993835,-0.5,338
102.0,0.06972005218267441,-0.5,339
170.0,0.2633660137653351,1.5,340
201.0,0.22669444978237152,0.25,341
63.0,0.24301916360855103,1.25,342
387.5,1.1168460845947266,2.25,343
158.0,0.07955106347799301,1.0,344
88.0,0.09243656694889069,0.75,345
130.5,0.2506027817726135,2.0,346
251.0,0.5343284010887146,1.25,347
549.5,0.14864720404148102,-1.0,348
161.0,0.09164109081029892,2.0,349
616.0,0.4564293324947357,-2.0,350
423.5,0.041124846786260605,-1.0,351
262.5,0.137144535779953,0.5,352
154.5,0.11785248667001724,0.5,353
437.5,0.3928173780441284,-0.25,354
346.5,0.058507855981588364,1.0,355
167.0,0.10005304962396622,0.5,356
173.0,0.3636513948440552,0.5,357
760.5,0.31635573506355286,-2.0,358
147.0,0.03667256608605385,1.25,359
768.0,0.41361290216445923,-2.5,360
195.5,0.07147982716560364,9.0,361
167.0,0.20706650614738464,2.0,362
120.0,0.36205583810806274,1.25,363
115.0,0.5084403157234192,2.0,364
143.0,0.44324615597724915,0.5,365
282.5,0.5334372520446777,2.75,366
154.5,0.13585379719734192,0.5,367
162.5,0.3795541822910309,0.0,368
183.0,0.35064294934272766,2.75,369
226.0,0.36709392070770264,5.5,370
236.5,0.1590634286403656,0.5,371
427.5,0.1524045467376709,3.5,372
186.5,0.08675222843885422,10.0,373
545.0,0.1916220486164093,-2.0,374
127.0,0.07547111064195633,2.0,375
97.0,0.3784158527851105,3.0,376
169.5,0.28833436965942383,0.0,377
204.0,0.04110202565789223,7.25,378
123.0,0.20009954273700714,0.25,379
292.0,0.31031352281570435,6.25,380
133.5,0.17764104902744293,0.25,381
150.5,0.30052900314331055,10.0,382
86.0,0.20999693870544434,2.0,383
550.0,0.6283403635025024,2.0,384
317.5,0.10600889474153519,8.0,385
269.5,0.09316115826368332,6.25,386
144.0,0.21503187716007233,0.25,387
427.5,0.5225447416305542,4.5,388
339.5,0.11714417487382889,9.0,389
356.5,0.10904525220394135,2.0,390
141.5,0.08691432327032089,6.5,391
275.0,0.07682883739471436,4.5,392
164.5,0.16779841482639313,2.75,393
156.0,0.3302001357078552,10.0,394
168.0,0.20069919526576996,7.25,395
532.5,0.2880154252052307,1.0,396
218.5,0.13586293160915375,7.25,397
372.0,0.22020329535007477,4.0,398
183.5,0.1384904533624649,3.75,399
727.0,0.2187885344028473,2.0,400
681.0,0.06605193018913269,1.0,401
133.5,0.08200382441282272,10.0,402
169.0,0.30497631430625916,4.5,403
470.5,0.19515648484230042,-0.25,404
231.0,0.09591354429721832,7.25,405
484.0,0.08282800018787384,2.25,406
487.5,0.09830818325281143,0.5,407
121.0,0.20008832216262817,4.5,408
211.5,0.23145145177841187,7.0,409
200.5,0.2446446269750595,4.75,410
176.0,0.261614590883255,2.75,411
274.5,0.2315114438533783,4.75,412
71.0,0.1571490466594696,0.5,413
494.0,0.7475352883338928,-0.5,414
233.5,0.10149875283241272,1.25,415
199.0,0.22818505764007568,6.5,416
322.5,0.24924184381961823,2.625,417
147.0,0.1666804403066635,5.75,418
249.0,0.24003659188747406,7.25,419
289.0,0.1926640272140503,7.25,420
289.0,0.19111290574073792,7.25,421
174.0,0.13639891147613525,7.25,422
161.0,0.23713922500610352,7.5,423
272.0,0.1667175590991974,4.5,424
103.0,0.2024824321269989,7.25,425
191.5,0.22612550854682922,5.0,426
252.5,0.15139730274677277,3.75,427
286.0,0.21238547563552856,6.25,428
220.0,0.20272819697856903,5.125,429
184.5,0.11499910801649094,4.5,430
255.0,0.1843942552804947,4.5,431
173.0,0.11513593047857285,1.75,432
98.0,0.19425778090953827,4.5,433
245.5,0.169011190533638,7.25,434
239.0,0.12676741182804108,2.5,435
696.0,0.18347474932670593,2.0,436
190.0,0.051971279084682465,10.0,437
161.0,0.22732378542423248,4.5,438
352.5,0.24555237591266632,4.5,439
213.5,0.16752372682094574,10.0,440
768.0,0.07223744690418243,-2.5,441
480.0,0.02360685169696808,2.0,442
768.0,0.07907921075820923,-1.5,443
188.0,0.0510827898979187,7.25,444
235.0,0.18667072057724,6.75,445
220.0,0.2611595094203949,4.0,446
593.0,0.17940442264080048,2.625,447
164.0,0.09390997141599655,10.0,448
288.5,0.08112958818674088,7.25,449
153.0,0.20693011581897736,4.5,450
635.0,0.2576580345630646,0.5,451
340.5,0.04191833734512329,4.5,452
254.5,0.15156228840351105,10.0,453
330.5,0.08942952007055283,5.25,454
219.0,0.18535888195037842,10.0,455
247.0,0.3312719166278839,4.5,456
91.0,0.16429764032363892,10.0,457
248.0,0.30480900406837463,7.875,458
204.5,0.1362549364566803,7.25,459
166.5,0.20294228196144104,10.0,460
344.5,0.08930135518312454,4.5,461
251.5,0.13867120444774628,7.875,462
120.5,0.07851161807775497,5.125,463
213.0,0.34514492750167847,5.0,464
285.0,0.24415190517902374,5.125,465
408.0,0.12127771228551865,4.5,466
569.5,0.14756643772125244,2.0,467
131.5,0.10128742456436157,4.5,468
768.0,0.12351065129041672,-0.5,469
204.0,0.028751974925398827,7.875,470
218.5,0.10478392988443375,10.0,471
192.5,0.2286316454410553,4.75,472
608.5,0.3031393587589264,3.0,473
274.0,0.0988910049200058,10.0,474
85.0,0.1814742386341095,10.0,475
447.5,0.23142237961292267,4.5,476
356.5,0.14827729761600494,4.5,477
263.5,0.1323433667421341,7.25,478
265.5,0.03735760226845741,10.0,479
141.0,0.23759877681732178,10.0,480
230.5,0.281484454870224,4.5,481
257.5,0.37027600407600403,5.75,482
236.0,0.2046220898628235,7.25,483
244.0,0.1915668547153473,4.75,484
187.5,0.13420039415359497,4.5,485
462.0,0.157838374376297,1.25,486
204.0,0.0856521800160408,5.25,487
525.5,0.2673616111278534,2.0,488
376.0,0.13237632811069489,4.5,489
169.0,0.17703638970851898,7.25,490
189.5,0.245005801320076,10.0,491
201.0,0.1645665019750595,4.5,492
164.5,0.29416346549987793,7.25,493
187.5,0.2399279922246933,7.25,494
231.5,0.30020609498023987,4.5,495
154.5,0.2542591094970703,10.0,496
167.0,0.10893210023641586,6.0,497
190.0,0.20876817405223846,4.5,498
162.0,0.19237427413463593,4.5,499
172.5,0.1586322784423828,10.0,500
165.0,0.21291618049144745,10.0,501
402.5,0.2354269027709961,7.25,502
528.0,0.11611800640821457,4.75,503
450.0,0.0722469612956047,2.0,504
215.5,0.05352660268545151,10.0,505
303.5,0.19614119827747345,4.5,506
195.0,0.1513279229402542,4.5,507
120.0,0.3461250364780426,10.0,508
197.5,0.35481587052345276,10.0,509
191.5,0.21821069717407227,7.25,510
69.5,0.3348032832145691,4.5,511
182.5,0.36625194549560547,4.5,512
245.0,0.20795829594135284,7.5,513
203.5,0.23944246768951416,10.0,514
164.0,0.18018296360969543,10.0,515
476.0,0.23583264648914337,2.0,516
295.0,0.12004535645246506,4.5,517
245.5,0.20061026513576508,9.0,518
309.0,0.2675234079360962,10.0,519
293.5,0.08193475753068924,0.25,520
178.0,0.09075061231851578,10.0,521
162.0,0.20256976783275604,10.0,522
214.0,0.14771223068237305,7.25,523
198.0,0.2462460696697235,1.5,524
199.0,0.09081126749515533,4.5,525
175.5,0.17735305428504944,1.0,526
207.5,-0.0023100110702216625,4.5,527
357.5,0.18146030604839325,1.0,528
219.5,0.06870809942483902,1.5,529
274.5,0.12430953979492188,4.5,530
182.0,0.23243722319602966,2.0,531
489.0,0.10271074622869492,-1.0,532
547.0,0.06720986217260361,1.0,533
188.0,0.08104272186756134,1.25,534
132.5,0.1667892336845398,2.0,535
505.5,0.21894949674606323,2.0,536
263.0,0.14394482970237732,5.5,537
413.0,0.19368617236614227,5.0,538
405.5,0.1037892997264862,0.75,539
386.0,0.09295650571584702,1.5,540
160.0,0.08036037534475327,2.0,541
267.5,0.26519402861595154,-0.5,542
300.5,0.07882638275623322,1.5,543
160.5,0.06805684417486191,5.75,544
260.0,0.4450358748435974,5.125,545
419.5,0.2318239063024521,0.5,546
153.5,0.17518250644207,3.5,547
161.0,0.43071240186691284,2.0,548
217.0,0.16299520432949066,2.0,549
323.5,0.1487208902835846,1.25,550
499.5,0.14358407258987427,-0.25,551
221.0,0.0812247022986412,2.0,552
217.0,0.22365638613700867,0.0,553
132.5,0.37328970432281494,2.0,554
248.0,0.33901840448379517,1.5,555
463.5,0.10433115065097809,-0.25,556
247.5,0.09035775810480118,1.25,557
126.0,0.1952623873949051,2.0,558
193.5,0.2656274437904358,2.0,559
72.0,0.230147585272789,2.0,560
144.0,0.46829795837402344,1.25,561
197.0,0.21306617558002472,2.0,562
500.5,0.13353025913238525,2.0,563
263.5,0.10377398133277893,1.5,564
300.5,0.09008867293596268,1.25,565
163.5,0.17315669357776642,2.0,566
354.0,0.13878200948238373,1.25,567
212.0,0.21326503157615662,0.75,568
256.0,0.19295242428779602,0.75,569
164.0,0.2704769968986511,1.5,570
304.0,0.1356547325849533,0.25,571
505.5,0.18458645045757294,0.75,572
154.0,0.11645475029945374,2.0,573
121.0,0.24234376847743988,2.0,574
142.0,0.11273571103811264,2.0,575
128.5,0.22491015493869781,1.0,576
349.5,0.5297476649284363,1.5,577
561.5,0.1525755673646927,-1.0,578
141.5,0.12195859849452972,2.0,579
259.0,0.2775401771068573,0.5,580
261.0,0.2665075361728668,2.0,581
730.5,0.38545602560043335,-2.0,582
254.5,0.07453248649835587,2.0,583
762.5,0.23779742419719696,-2.5,584
180.5,0.11794357746839523,1.25,585
768.0,0.22887873649597168,-2.5,586
320.5,0.1374780237674713,1.25,587
183.5,0.1269998848438263,2.0,588
230.5,0.16298088431358337,1.25,589
204.5,0.17515094578266144,1.0,590
231.0,0.46965622901916504,0.5,591
560.0,0.34069639444351196,2.0,592
172.0,0.125883087515831,1.25,593
341.5,0.23168422281742096,1.25,594
317.5,0.122403584420681,10.0,595
206.0,0.23590895533561707,2.0,596
204.0,0.3074740767478943,8.75,597
175.5,0.3044579327106476,5.5,598
214.0,0.21807757019996643,10.0,599
167.0,0.16958655416965485,0.5,600
144.5,0.28439414501190186,2.0,601
214.0,0.14070290327072144,2.0,602
476.5,0.23758652806282043,9.0,603
334.0,0.1381782740354538,1.0,604
536.5,0.09148051589727402,2.0,605
176.5,0.14511682093143463,2.0,606
270.0,0.26052749156951904,2.0,607
212.0,0.2475179135799408,2.0,608
523.0,0.16358709335327148,4.5,609
85.0,0.13986723124980927,3.625,610
456.5,0.6219856142997742,7.25,611
291.5,0.1749034821987152,4.5,612
236.5,0.2512338161468506,7.25,613
177.5,0.2905712127685547,2.0,614
168.0,0.46212202310562134,10.0,615
433.5,0.09380726516246796,-0.5,616
151.0,0.09166378527879715,7.5,617
297.5,0.4590287506580353,6.25,618
236.5,0.2930397093296051,0.5,619
254.0,0.24180220067501068,2.0,620
254.5,0.14018793404102325,4.75,621
303.0,0.2491319477558136,3.125,622
242.5,0.15854743123054504,10.0,623
280.0,0.1820240467786789,1.25,624
183.0,0.1485271006822586,1.25,625
222.5,0.2524835169315338,4.0,626
254.0,0.3880561888217926,5.25,627
328.5,0.2565191686153412,6.75,628
212.5,0.19984492659568787,7.25,629
249.5,0.2812483608722687,3.25,630
259.5,0.335586816072464,7.5,631
635.0,0.33762046694755554,1.5,632
346.0,0.15826980769634247,5.0,633
278.0,0.07065241783857346,4.5,634
204.0,0.2811102569103241,5.5,635
125.0,0.5301792025566101,5.75,636
557.0,0.6595577597618103,4.75,637
313.0,0.11736081540584564,4.5,638
315.5,0.1483454704284668,4.75,639
236.0,0.1818028688430786,6.75,640
353.0,0.2718849182128906,1.5,641
218.5,0.24968181550502777,4.5,642
186.5,0.2730250954627991,7.0,643
203.5,0.46491944789886475,10.0,644
275.5,0.20731215178966522,2.5,645
445.0,0.2549673318862915,2.25,646
136.5,0.17365789413452148,7.5,647
269.5,0.43482348322868347,10.0,648
462.0,0.38282838463783264,8.25,649
768.0,0.2117834985256195,-0.5,650
176.0,0.11735560745000839,10.0,651
146.5,0.19555456936359406,7.5,652
366.5,0.4589492976665497,4.5,653
280.5,0.2160499095916748,4.5,654
191.0,0.4073088765144348,5.375,655
567.5,0.25103503465652466,2.0,656
498.0,0.09391458332538605,2.0,657
290.5,0.1673053503036499,4.75,658
61.5,0.17073842883110046,4.5,659
110.0,0.601793646812439,4.5,660
394.5,0.9557604193687439,4.75,661
245.5,0.34662532806396484,4.75,662
164.0,0.28025031089782715,4.5,663
113.0,0.35886242985725403,2.75,664
307.5,0.5672707557678223,4.5,665
482.5,0.2457275539636612,1.0,666
102.0,0.10369890183210373,4.5,667
338.0,0.6539080142974854,4.5,668
198.5,0.22880804538726807,4.5,669
329.5,0.3033270835876465,4.5,670
334.5,0.20601952075958252,0.5,671
373.5,0.24840232729911804,5.5,672
190.5,0.3624456226825714,10.0,673
184.5,0.27762967348098755,1.0,674
172.0,0.44250795245170593,10.0,675
352.5,0.4646548628807068,0.5,676
184.5,0.2743126451969147,6.5,677
184.0,0.3626531660556793,9.0,678
439.0,0.3494284749031067,1.75,679
363.0,0.18637697398662567,1.0,680
426.5,0.22324435412883759,2.75,681
113.0,0.2342873513698578,1.0,682
320.0,0.6467851400375366,5.5,683
425.0,0.279183954000473,5.5,684
154.0,0.23662127554416656,5.5,685
347.5,0.5053141713142395,7.25,686
432.5,0.21022838354110718,6.0,687
768.0,0.22064413130283356,-1.5,688
281.5,0.1729975938796997,3.5,689
307.5,0.3074371814727783,9.0,690
204.5,0.2949565052986145,6.5,691
300.5,0.37565675377845764,9.0,692
151.5,0.21193961799144745,6.25,693
462.5,0.5179132223129272,6.25,694
214.5,0.20643381774425507,2.75,695
215.0,0.34634464979171753,9.0,696
244.5,0.33290746808052063,1.5,697
416.5,0.3009001314640045,2.0,698
457.0,0.2912633419036865,3.75,699
480.5,0.18800665438175201,0.5,700
413.0,0.1879376322031021,5.25,701
768.0,0.31043702363967896,-2.5,702
475.0,0.12063184380531311,3.75,703
104.5,0.2204681932926178,0.5,704
225.0,0.3049805164337158,6.25,705
377.0,0.23431675136089325,5.5,706
401.5,0.23059920966625214,0.75,707
336.0,0.2530789077281952,4.0,708
408.5,0.42467325925827026,7.25,709
462.5,0.21183398365974426,6.25,710
603.0,0.23780159652233124,0.5,711
607.5,0.12467807531356812,3.25,712
340.0,0.23364096879959106,9.0,713
368.5,0.2843063175678253,9.0,714
656.5,0.2440616637468338,3.25,715
634.5,0.16668526828289032,0.5,716
768.0,0.14466188848018646,-1.5,717
141.5,0.1482190489768982,2.0,718
564.0,0.48113253712654114,-1.0,719
747.0,0.18050120770931244,-1.0,720
197.5,0.1555783897638321,6.25,721
206.5,0.3267509639263153,2.0,722
198.0,0.3721470534801483,5.5,723
355.5,0.2999352216720581,5.0,724
211.5,0.22873252630233765,4.125,725
522.5,0.36938703060150146,3.75,726
391.5,0.198729008436203,3.25,727
768.0,0.17790615558624268,-2.5,728
273.5,0.08535539358854294,4.75,729
242.0,0.4180803894996643,9.0,730
499.0,0.297235906124115,-0.5,731
386.0,0.2209404855966568,3.75,732
499.0,0.1818123757839203,3.75,733
591.5,0.17316199839115143,4.25,734
768.0,0.23810173571109772,-2.0,735
207.0,0.1352730393409729,9.0,736
245.0,0.3932030200958252,5.5,737
489.0,0.3831395208835602,9.0,738
216.5,0.2181122899055481,3.5,739
354.0,0.3726845383644104,8.5,740
589.5,0.33772382140159607,5.0,741
768.0,0.17084281146526337,-2.5,742
525.5,0.048493482172489166,1.0,743
339.0,0.13234926760196686,9.0,744
272.5,0.23031841218471527,2.75,745
768.0,0.30997008085250854,-2.5,746
353.5,0.12542247772216797,1.5,747
768.0,0.21394795179367065,-2.5,748
235.5,0.08391408622264862,7.5,749
160.5,0.2609582841396332,9.0,750
152.5,0.5484682321548462,3.5,751
574.0,0.39394184947013855,3.25,752
460.5,0.1784900575876236,3.5,753
306.0,0.14991271495819092,9.0,754
768.0,0.2288711667060852,-2.5,755
701.5,0.12356427311897278,3.25,756
209.0,0.1860213279724121,9.0,757
219.0,0.2644159197807312,9.0,758
318.5,0.2767971456050873,6.25,759
248.0,0.23329046368598938,3.5,760
225.5,0.2661377489566803,9.0,761
603.0,0.4234671890735626,1.0,762
355.0,0.1700059473514557,4.5,763
467.0,0.1813734769821167,5.5,764
478.0,0.18128211796283722,2.875,765
608.0,0.2201586812734604,0.5,766
274.5,0.09073307365179062,5.75,767
371.5,0.30762025713920593,0.5,768
667.5,0.17348113656044006,3.25,769
723.5,0.1922258883714676,0.5,770
364.0,0.11711114645004272,5.0,771
250.5,0.2175295352935791,6.25,772
435.0,0.2370283454656601,6.25,773
200.0,0.2310272455215454,6.875,774
768.0,0.23246480524539948,-2.0,775
648.0,0.11908873915672302,1.625,776
211.0,0.14786513149738312,2.0,777
372.0,0.30745798349380493,6.25,778
511.0,0.30080416798591614,1.0,779
251.5,0.14169740676879883,6.25,780
280.0,0.23924514651298523,3.5,781
356.5,0.2790415287017822,3.5,782
318.5,0.24105924367904663,-0.5,783
360.0,0.39435821771621704,5.0,784
768.0,0.23940621316432953,-2.0,785
673.0,0.10149247944355011,1.0,786
606.0,0.16762851178646088,4.5,787
449.5,0.13549070060253143,9.0,788
391.5,0.21265709400177002,6.25,789
275.0,0.21803627908229828,9.0,790
334.5,0.2536000907421112,3.5,791
370.5,0.28282395005226135,4.5,792
528.5,0.15026786923408508,1.0,793
432.0,0.1647564321756363,1.625,794
258.0,0.20220215618610382,9.0,795
277.5,0.28683972358703613,4.75,796
543.5,0.32644540071487427,1.125,797
208.0,0.18336541950702667,2.0,798
261.5,0.4027251601219177,6.25,799
405.0,0.2726866602897644,7.25,800
582.0,0.22440868616104126,1.25,801
704.0,0.11331050843000412,1.0,802
566.0,0.12035228312015533,-2.5,803
546.0,0.13356183469295502,1.0,804
314.5,0.1265077441930771,3.5,805
476.5,0.1740315556526184,3.375,806
538.0,0.26834484934806824,1.25,807
186.5,0.1692226231098175,5.5,808
289.5,0.372526079416275,6.25,809
401.5,0.26128527522087097,4.75,810
768.0,0.27535775303840637,-1.5,811
574.5,0.1089598760008812,1.0,812
165.0,0.12294632196426392,9.0,813
352.5,0.35709241032600403,3.5,814
294.0,0.19971677660942078,2.0,815
279.0,0.348880797624588,4.0,816
410.5,0.16704288125038147,3.5,817
484.5,0.27464789152145386,1.0,818
193.5,0.13373424112796783,4.75,819
412.5,0.3292583227157593,9.0,820
279.5,0.23368336260318756,9.0,821
234.5,0.32470759749412537,3.5,822
556.5,0.3193916082382202,6.25,823
543.0,0.22733281552791595,6.25,824
409.0,0.20501689612865448,9.0,825
201.5,0.27118226885795593,3.25,826
282.5,0.27336519956588745,4.75,827
375.5,0.39744696021080017,2.75,828
758.5,0.17395178973674774,0.5,829
768.0,0.138147234916687,-2.5,830
386.0,0.1362473964691162,0.0,831
229.0,0.15351323783397675,9.0,832
558.5,0.2973483204841614,1.0,833
508.5,0.13706421852111816,4.5,834
602.5,0.20487450063228607,1.0,835
495.0,0.16444048285484314,3.75,836
437.5,0.1428651660680771,9.0,837
387.5,0.26380547881126404,6.25,838
280.5,0.28805607557296753,9.0,839
604.0,0.1657394915819168,1.25,840
485.5,0.06341584026813507,-2.5,841
588.0,0.30975407361984253,5.0,842
425.0,0.2448546290397644,9.0,843
645.0,0.17436695098876953,3.5,844
526.0,0.11267345398664474,8.25,845
244.5,0.21216049790382385,9.0,846
603.0,0.33340778946876526,4.0,847
539.0,0.15969756245613098,3.75,848
565.0,0.14450371265411377,1.125,849
219.5,0.1516650915145874,8.25,850
768.0,0.48762378096580505,-2.0,851
487.5,0.09414783120155334,3.25,852
520.0,0.15118098258972168,9.0,853
311.0,0.15133768320083618,5.5,854
266.0,0.4293965697288513,5.5,855
250.5,0.3566865622997284,5.5,856
243.0,0.34298086166381836,9.0,857
377.0,0.19592206180095673,9.0,858
768.0,0.1899377405643463,-2.0,859
768.0,0.12968650460243225,-1.5,860
768.0,0.16814129054546356,-2.0,861
381.5,0.1376969814300537,3.5,862
356.5,0.2927421033382416,9.0,863
494.5,0.2648243308067322,3.25,864
659.5,0.15115243196487427,0.5,865
354.0,0.1280185431241989,4.0,866
589.5,0.16663093864917755,-0.25,867
652.5,0.13632287085056305,-2.5,868
427.0,0.1273200660943985,3.5,869
396.5,0.2272460162639618,-0.25,870
768.0,0.14148814976215363,-1.5,871
523.0,0.15143802762031555,3.75,872
355.0,0.16629645228385925,5.5,873
236.5,0.29860493540763855,6.25,874
614.0,0.26807427406311035,-1.0,875
559.0,0.1167721152305603,0.5,876
264.0,0.20331525802612305,3.5,877
251.5,0.4474893808364868,8.25,878
196.5,0.2142690122127533,7.5,879
261.5,0.37660911679267883,2.75,880
768.0,0.35808587074279785,-1.5,881
646.0,0.14607858657836914,1.25,882
657.5,0.13526062667369843,3.5,883
192.5,0.20084723830223083,4.75,884
291.5,0.1915765106678009,6.875,885
423.0,0.2556324601173401,9.0,886
469.5,0.2855493128299713,2.0,887
207.5,0.18759122490882874,9.0,888
238.5,0.19773045182228088,9.0,889
237.5,0.08955579996109009,2.0,890
384.5,0.2936965227127075,5.0,891
768.0,0.17641673982143402,-1.5,892
215.5,0.17119655013084412,3.5,893
498.0,0.27519020438194275,0.75,894
418.0,0.19390137493610382,3.5,895
602.0,0.30643826723098755,5.0,896
269.5,0.1927458643913269,5.5,897
191.0,0.233286052942276,3.5,898
279.5,0.24500738084316254,3.5,899
768.0,0.26980429887771606,-2.0,900
370.5,0.13069885969161987,2.0,901
262.0,0.18933998048305511,9.0,902
460.0,0.20501543581485748,5.0,903
233.0,0.19944830238819122,9.0,904
553.5,0.2917626202106476,3.75,905
238.0,0.17886921763420105,3.5,906
224.5,0.1607852727174759,2.0,907
202.5,0.290345698595047,4.75,908
545.0,0.13355551660060883,1.75,909
161.5,0.12819541990756989,7.75,910
768.0,0.28624239563941956,-1.5,911
400.5,0.13525168597698212,9.0,912
468.0,0.2097538411617279,-1.0,913
639.0,0.1284337043762207,1.0,914
470.5,0.10301490128040314,0.5,915
561.0,0.1249852329492569,1.0,916
406.0,0.18293577432632446,9.0,917
344.5,0.182657852768898,9.0,918
558.5,0.2698739469051361,3.75,919
679.5,0.21061667799949646,0.25,920
486.5,0.12136443704366684,4.75,921
449.5,0.14585384726524353,9.0,922
222.5,0.20540457963943481,6.25,923
668.5,0.1935403198003769,3.75,924
301.0,0.13407711684703827,7.25,925
236.5,0.2874200940132141,9.0,926
318.0,0.25596433877944946,9.0,927
311.0,0.23089255392551422,9.0,928
389.0,0.22065524756908417,3.5,929
227.0,0.2066611498594284,9.0,930
207.0,0.27797073125839233,2.25,931
524.5,0.18906381726264954,6.25,932
276.5,0.14991553127765656,9.0,933
157.0,0.2365684062242508,0.5,934
519.0,0.4980415403842926,9.0,935
292.5,0.15869201719760895,9.0,936
172.0,0.34876909852027893,2.0,937
438.5,0.3489542007446289,5.75,938
555.5,0.1970520317554474,5.0,939
395.5,0.15910497307777405,6.25,940
251.5,0.25001734495162964,0.5,941
481.0,0.48233506083488464,5.5,942
167.5,0.2549404799938202,5.5,943
768.0,0.34619784355163574,-2.0,944
470.0,0.0880894660949707,0.5,945
227.5,0.09074665606021881,5.5,946
559.0,0.22694344818592072,1.0,947
478.5,0.1355411559343338,6.25,948
659.0,0.2753050923347473,0.5,949
645.0,0.18877853453159332,1.0,950
175.5,0.16925910115242004,4.125,951
432.0,0.12669847905635834,9.0,952
339.0,0.2583925426006317,7.0,953
511.0,0.2330555021762848,5.0,954
648.0,0.11725092679262161,0.5,955
295.5,0.12531514465808868,3.5,956
301.0,0.3107345998287201,6.875,957
181.5,0.23377791047096252,9.0,958
476.5,0.22427906095981598,6.25,959
548.5,0.1489880383014679,3.25,960
151.0,0.12601110339164734,2.5,961
172.0,0.28552401065826416,3.5,962
459.5,0.47594204545021057,4.25,963
185.5,0.2130385935306549,2.75,964
768.0,0.5587921142578125,-2.0,965
259.0,0.137447327375412,1.5,966
411.0,0.32465916872024536,6.5,967
377.5,0.18734295666217804,3.5,968
171.5,0.1953304558992386,-0.5,969
768.0,0.5248880386352539,-2.5,970
284.0,0.14521072804927826,6.25,971
346.0,0.2535170614719391,6.25,972
354.0,0.30428120493888855,9.0,973
212.0,0.19653455913066864,4.0,974
463.0,0.3130524456501007,-0.75,975
230.0,0.09461111575365067,4.0,976
278.0,0.33763137459754944,1.5,977
245.0,0.2759225368499756,9.0,978
309.0,0.2085273116827011,9.0,979
277.5,0.30196237564086914,6.25,980
176.0,0.2351912260055542,4.25,981
252.5,0.41536709666252136,6.875,982
596.5,0.4651471972465515,4.5,983
299.0,0.12281399965286255,9.0,984
500.5,0.20883871614933014,9.0,985
538.5,0.14773444831371307,0.5,986
267.0,0.169267937541008,2.0,987
372.5,0.35499653220176697,5.5,988
306.0,0.1651272028684616,6.25,989
241.5,0.23927579820156097,2.25,990
213.5,0.3154420256614685,6.25,991
646.5,0.19123618304729462,0.5,992
368.0,0.05518704280257225,7.0,993
441.5,0.17378699779510498,6.25,994
173.0,0.20625637471675873,4.75,995
373.5,0.28609326481819153,9.0,996
495.5,0.2139289826154709,0.5,997
713.5,0.12616664171218872,0.5,998
414.0,0.11598002165555954,9.0,999
308.0,0.17415310442447662,9.0,1000
203.0,0.3316846191883087,6.25,1001
437.5,0.39306753873825073,2.5,1002
236.5,0.14708633720874786,4.75,1003
122.0,0.26648783683776855,4.25,1004
254.0,0.41381165385246277,6.75,1005
187.0,0.30273351073265076,9.0,1006
487.0,0.33263176679611206,0.5,1007
356.0,0.22218580543994904,9.0,1008
575.5,0.30001336336135864,0.0,1009
428.5,0.12040197849273682,3.5,1010
457.5,0.25111016631126404,1.75,1011
642.5,0.15225133299827576,3.75,1012
275.0,0.09625762701034546,4.75,1013
612.5,0.24157728254795074,6.0,1014
236.0,0.1376517117023468,3.5,1015
407.5,0.3770580291748047,9.0,1016
309.0,0.2267468422651291,9.0,1017
593.5,0.3083018660545349,-0.75,1018
255.5,0.05701260268688202,3.5,1019
286.5,0.2029237449169159,6.875,1020
204.0,0.35623034834861755,9.0,1021
457.5,0.31429019570350647,5.5,1022
271.0,0.13777349889278412,6.25,1023
476.5,0.2728555500507355,3.75,1024
367.0,0.25663864612579346,3.5,1025
465.5,0.2613045275211334,2.25,1026
265.5,0.23783402144908905,4.75,1027
207.0,0.39231494069099426,9.0,1028
328.0,0.19414648413658142,6.5,1029
371.5,0.23092027008533478,2.125,1030
265.0,0.2606235444545746,9.0,1031
333.5,0.3666415512561798,9.0,1032
468.0,0.23010008037090302,3.75,1033
380.5,0.2082497477531433,2.75,1034
331.5,0.12750327587127686,7.0,1035
733.5,0.31238722801208496,-0.5,1036
282.0,0.13038620352745056,3.5,1037
257.0,0.2660090923309326,6.5,1038
259.0,0.284409761428833,6.25,1039
127.5,0.2834598124027252,5.5,1040
424.5,0.38649269938468933,6.25,1041
286.0,0.14570899307727814,9.0,1042
261.0,0.27833425998687744,9.0,1043
219.0,0.3479239344596863,9.0,1044
768.0,0.2927250862121582,-1.5,1045
767.0,0.09427925199270248,-1.5,1046
170.5,0.1118076890707016,9.0,1047
207.5,0.3994140625,9.0,1048
666.0,0.32915568351745605,0.5,1049
183.0,0.15884250402450562,3.5,1050
347.5,0.23833094537258148,3.5,1051
194.0,0.2788952589035034,9.0,1052
273.0,0.34383922815322876,9.0,1053
392.5,0.2424347847700119,2.25,1054
293.0,0.30276867747306824,9.0,1055
204.0,0.3721693754196167,3.5,1056
360.0,0.46241456270217896,3.5,1057
525.0,0.19801947474479675,4.125,1058
242.0,0.15218761563301086,6.25,1059
223.0,0.3837670087814331,3.25,1060
217.5,0.24003836512565613,6.25,1061
174.5,0.29916903376579285,9.0,1062
86.0,0.30290770530700684,9.0,1063
161.5,0.4311881959438324,9.0,1064
139.5,0.34389713406562805,9.0,1065
470.5,0.5013241767883301,0.5,1066
208.5,0.16400933265686035,6.25,1067
255.0,0.23042888939380646,6.25,1068
207.5,0.2578108012676239,3.5,1069
663.5,0.23156481981277466,1.25,1070
768.0,0.23369143903255463,-1.5,1071
273.0,0.10826407372951508,8.25,1072
349.0,0.2049245983362198,3.0,1073
207.5,0.3140687942504883,4.75,1074
208.0,0.4833599925041199,2.0,1075
203.5,0.32997995615005493,3.5,1076
235.0,0.24545451998710632,0.75,1077
111.5,0.30157360434532166,9.0,1078
382.0,0.5611933469772339,-0.25,1079
138.0,0.21764807403087616,9.0,1080
157.5,0.30626314878463745,8.25,1081
202.5,0.5262531042098999,6.25,1082
607.5,0.27761152386665344,-2.0,1083
228.5,0.1875022053718567,9.0,1084
636.0,0.20083291828632355,1.0,1085
141.5,0.20947103202342987,6.25,1086
143.5,0.3866415321826935,9.0,1087
329.0,0.2820533215999603,9.0,1088
568.0,0.248980313539505,3.25,1089
265.5,0.16740235686302185,2.0,1090
506.0,0.3998747169971466,-1.0,1091
604.5,0.1753896176815033,-2.0,1092
509.5,0.1649768054485321,-0.25,1093
205.5,0.13624824583530426,4.75,1094
566.5,0.39294347167015076,1.0,1095
535.5,0.16896188259124756,1.0,1096
239.5,0.26531898975372314,5.5,1097
266.5,0.30614638328552246,2.0,1098
683.5,0.247584730386734,5.0,1099
576.5,0.2712676227092743,0.5,1100
768.0,0.2221156507730484,-2.0,1101
604.0,0.14631688594818115,5.0,1102
370.5,0.268565833568573,2.75,1103
502.0,0.2704182267189026,0.5,1104
479.0,0.16372382640838623,-0.25,1105
144.0,0.15935984253883362,2.0,1106
267.5,0.37586015462875366,9.0,1107
314.0,0.27582135796546936,5.5,1108
264.5,0.508865237236023,0.5,1109
330.0,0.36823952198028564,5.5,1110
296.0,0.37978214025497437,9.0,1111
230.0,0.1859811395406723,5.5,1112
768.0,0.3188377022743225,-2.0,1113
381.5,0.10336624085903168,5.0,1114
166.5,0.2497137486934662,9.0,1115
270.5,0.4130527675151825,4.25,1116
456.0,0.15341944992542267,3.75,1117
428.0,0.16965989768505096,1.5,1118
266.5,0.3049488067626953,9.0,1119
439.0,0.20738539099693298,5.0,1120
682.0,0.3216317296028137,3.25,1121
554.0,0.22013024985790253,3.75,1122
404.0,0.25563785433769226,6.25,1123
315.0,0.21616144478321075,3.5,1124
399.5,0.3886019289493561,4.125,1125
768.0,0.3099020719528198,-2.5,1126
568.5,0.0941476821899414,3.75,1127
464.5,0.30852317810058594,1.0,1128
149.5,0.27245885133743286,5.5,1129
176.0,0.20199091732501984,9.0,1130
484.0,0.37358540296554565,3.75,1131
285.0,0.24335366487503052,6.25,1132
768.0,0.42877060174942017,-2.0,1133
302.0,0.2567088305950165,3.5,1134
541.0,0.21932747960090637,1.75,1135
126.5,0.2591780126094818,5.5,1136
622.0,0.4802186191082001,3.25,1137
269.5,0.16276341676712036,9.0,1138
604.5,0.3492409884929657,0.5,1139
675.0,0.23279298841953278,-2.0,1140
483.5,0.14044158160686493,1.0,1141
372.5,0.22848737239837646,9.0,1142
315.5,0.20006221532821655,9.0,1143
664.0,0.30939117074012756,3.75,1144
768.0,0.13120020925998688,-1.5,1145
232.5,0.14785136282444,9.0,1146
560.0,0.37522029876708984,1.0,1147
468.5,0.1541174203157425,3.75,1148
323.5,0.24925874173641205,3.5,1149
768.0,0.4469956159591675,-1.5,1150
470.5,0.2150155007839203,5.0,1151
217.5,0.26027193665504456,9.0,1152
445.0,0.5306832790374756,9.0,1153
262.5,0.2308618426322937,5.0,1154
455.0,0.35878437757492065,9.0,1155
248.0,0.24323318898677826,3.5,1156
188.5,0.3124372959136963,6.25,1157
205.0,0.47137778997421265,5.5,1158
423.5,0.6695224642753601,-1.0,1159
353.0,0.2996992766857147,9.0,1160
319.5,0.366005003452301,9.0,1161
341.5,0.31349653005599976,2.0,1162
768.0,0.21894371509552002,-1.5,1163
271.5,0.1960051953792572,6.25,1164
523.5,0.4099750220775604,9.0,1165
362.5,0.25796884298324585,3.5,1166
222.0,0.30944696068763733,6.25,1167
547.5,0.3579278588294983,3.75,1168
527.5,0.15275196731090546,1.5,1169
207.0,0.15687869489192963,9.0,1170
768.0,0.5581662654876709,-1.5,1171
329.5,0.18449828028678894,9.0,1172
768.0,0.2267213612794876,-2.0,1173
433.5,0.1453937590122223,4.75,1174
235.5,0.3849847912788391,9.0,1175
189.5,0.5232353210449219,9.0,1176
612.0,0.48765844106674194,4.25,1177
253.5,0.2045806497335434,4.875,1178
534.0,0.3666323721408844,3.75,1179
298.5,0.3085659146308899,4.125,1180
500.5,0.3049278259277344,6.25,1181
267.5,0.2077951729297638,5.0,1182
464.0,0.2787589728832245,9.0,1183
394.5,0.2281055599451065,9.0,1184
200.5,0.4249839186668396,6.25,1185
624.5,0.4479559361934662,5.5,1186
206.5,0.1609627902507782,9.0,1187
332.0,0.4082968235015869,9.0,1188
460.5,0.31186234951019287,6.875,1189
348.0,0.24270136654376984,7.25,1190
559.5,0.348434180021286,-2.0,1191
539.5,0.15176574885845184,0.5,1192
680.5,0.30630332231521606,6.25,1193
247.5,0.19896657764911652,9.0,1194
642.0,0.3811267614364624,3.25,1195
195.0,0.21704594790935516,6.25,1196
545.5,0.45525795221328735,3.25,1197
312.5,0.2604013979434967,3.5,1198
303.5,0.3401418626308441,9.0,1199
587.5,0.32238271832466125,0.5,1200
768.0,0.2152920514345169,-1.5,1201
403.0,0.15083490312099457,9.0,1202
658.5,0.23058228194713593,3.25,1203
495.0,0.14507880806922913,1.0,1204
646.5,0.23432381451129913,3.25,1205
762.5,0.17595475912094116,-0.25,1206
768.0,0.1779058575630188,-2.0,1207
344.0,0.14992409944534302,9.0,1208
546.5,0.24900949001312256,3.75,1209
409.5,0.18045499920845032,5.0,1210
570.5,0.22433140873908997,-1.0,1211
627.5,0.26493120193481445,1.25,1212
511.5,0.17111638188362122,3.75,1213
278.0,0.2239229530096054,9.0,1214
451.5,0.23815535008907318,9.0,1215
337.0,0.3404863178730011,9.0,1216
426.5,0.41833794116973877,6.5,1217
264.5,0.1729065328836441,9.0,1218
411.0,0.4703245759010315,3.5,1219
306.0,0.2908223569393158,9.0,1220
630.0,0.30125898122787476,3.5,1221
768.0,0.2466554492712021,-2.5,1222
442.0,0.11579646915197372,9.0,1223
270.0,0.28485560417175293,6.25,1224
581.0,0.41165995597839355,3.25,1225
768.0,0.2058182656764984,-2.0,1226
432.0,0.18803700804710388,6.875,1227
768.0,0.2867322266101837,-2.0,1228
387.5,0.15596094727516174,6.25,1229
481.0,0.30023497343063354,6.25,1230
701.5,0.1714719533920288,1.75,1231
546.5,0.21056267619132996,1.0,1232
623.5,0.23762503266334534,1.0,1233
238.5,0.2215389907360077,6.25,1234
298.0,0.22529926896095276,6.25,1235
372.0,0.4458144009113312,9.0,1236
297.0,0.41290557384490967,9.0,1237
404.5,0.35771143436431885,9.0,1238
513.0,0.23977312445640564,1.0,1239
422.0,0.21768799424171448,3.5,1240
271.5,0.2479342520236969,6.25,1241
239.0,0.33542966842651367,5.5,1242
417.0,0.32053765654563904,4.875,1243
390.0,0.21320271492004395,6.25,1244
365.5,0.194963276386261,3.5,1245
359.5,0.25847429037094116,9.0,1246
479.5,0.23685932159423828,5.0,1247
499.0,0.23844926059246063,5.5,1248
288.5,0.19843870401382446,5.5,1249
258.5,0.5015913248062134,9.0,1250
350.0,0.4556668698787689,2.5,1251
256.0,0.16312426328659058,1.5,1252
488.5,0.3068903386592865,0.0,1253
249.0,0.27351459860801697,6.875,1254
426.5,0.34194415807724,6.25,1255
221.0,0.2772722542285919,1.5,1256
391.0,0.4079410135746002,1.5,1257
287.0,0.18723322451114655,3.5,1258
321.0,0.5129204392433167,9.0,1259
631.0,0.3111274242401123,-1.5,1260
650.5,0.10197817534208298,5.0,1261
723.0,0.1883460283279419,3.75,1262
727.0,0.17806772887706757,9.0,1263
204.5,0.16128280758857727,3.5,1264
391.0,0.25852975249290466,9.0,1265
251.0,0.2842959463596344,9.0,1266
387.5,0.37872976064682007,9.0,1267
570.0,0.28217798471450806,0.5,1268
595.5,0.24512313306331635,4.25,1269
604.5,0.23177921772003174,3.75,1270
459.5,0.2524126470088959,0.5,1271
564.5,0.1970471888780594,0.5,1272
701.0,0.20948673784732819,-1.5,1273
418.5,0.19052939116954803,1.75,1274
529.5,0.20199663937091827,2.125,1275
236.0,0.1661309450864792,9.0,1276
520.5,0.3889840543270111,1.0,1277
168.0,0.1460944414138794,9.0,1278
490.5,0.3192571997642517,-1.0,1279
768.0,0.1527327448129654,-2.0,1280
456.5,0.14636215567588806,6.25,1281
217.5,0.22515150904655457,9.0,1282
544.0,0.2812677323818207,3.5,1283
362.0,0.15674780309200287,9.0,1284
243.0,0.24832698702812195,5.0,1285
560.5,0.334884375333786,3.25,1286
236.5,0.17525631189346313,3.5,1287
521.5,0.292694628238678,2.5,1288
258.0,0.14338117837905884,9.0,1289
409.5,0.3748346269130707,3.5,1290
768.0,0.2991420030593872,-2.5,1291
462.0,0.12429441511631012,3.75,1292
547.5,0.2581079602241516,0.5,1293
665.0,0.16943855583667755,-1.0,1294
305.5,0.16722877323627472,9.0,1295
232.5,0.4414123594760895,9.0,1296
524.0,0.49210456013679504,6.5,1297
211.0,0.18990598618984222,9.0,1298
463.0,0.4004972279071808,1.0,1299
432.5,0.24608802795410156,5.0,1300
671.5,0.20492075383663177,3.75,1301
440.0,0.18791833519935608,9.0,1302
365.5,0.2007562667131424,5.0,1303
219.0,0.2425418496131897,9.0,1304
169.5,0.3054664134979248,9.0,1305
277.5,0.3180611729621887,9.0,1306
321.0,0.4134708344936371,3.5,1307
768.0,0.2370392382144928,-1.0,1308
276.0,0.10469373315572739,6.25,1309
262.0,0.5549863576889038,9.0,1310
263.0,0.31619203090667725,2.75,1311
326.5,0.5161622166633606,3.5,1312
768.0,0.47380077838897705,-2.0,1313
217.0,0.11745598912239075,9.0,1314
287.5,0.4623991549015045,9.0,1315
492.0,0.28920507431030273,3.75,1316
476.0,0.16984118521213531,1.0,1317
186.0,0.24880686402320862,6.25,1318
272.5,0.6385343670845032,6.25,1319
701.5,0.5349980592727661,-1.5,1320
633.0,0.17045214772224426,3.5,1321
298.0,0.19463331997394562,5.75,1322
222.5,0.26464250683784485,9.0,1323
288.5,0.37545883655548096,3.25,1324
639.0,0.5073251724243164,0.5,1325
216.0,0.2366441935300827,9.0,1326
315.0,0.28237730264663696,6.25,1327
396.5,0.3598036468029022,6.25,1328
228.5,0.30350229144096375,6.25,1329
482.5,0.4622209072113037,9.0,1330
390.5,0.211799755692482,3.5,1331
286.5,0.3512113392353058,6.25,1332
650.0,0.41871070861816406,0.75,1333
539.5,0.24288029968738556,0.5,1334
217.0,0.19639846682548523,6.25,1335
575.0,0.49537795782089233,0.5,1336
329.5,0.19364827871322632,5.75,1337
336.5,0.28954386711120605,4.125,1338
247.5,0.31106123328208923,9.0,1339
370.0,0.4556538164615631,9.0,1340
375.0,0.2519316077232361,4.125,1341
349.0,0.21312040090560913,3.5,1342
210.5,0.3450842797756195,9.0,1343
499.5,0.3501017689704895,3.5,1344
350.5,0.25966089963912964,4.125,1345
304.0,0.286808580160141,9.0,1346
341.5,0.33458179235458374,9.0,1347
353.0,0.3629566431045532,6.25,1348
558.0,0.3656257390975952,1.5,1349
435.5,0.22599035501480103,5.0,1350
471.0,0.3226960301399231,1.5,1351
436.5,0.2211901992559433,6.25,1352
112.5,0.2727847695350647,-0.25,1353
497.5,0.4957559108734131,4.5,1354
440.0,0.2705936133861542,2.0,1355
173.0,0.2545373737812042,5.5,1356
231.5,0.44389864802360535,5.75,1357
401.0,0.3803226947784424,6.25,1358
214.0,0.16561737656593323,9.0,1359
229.5,0.43344631791114807,9.0,1360
225.5,0.3231104016304016,3.5,1361
501.0,0.4479982852935791,5.0,1362
710.5,0.23783448338508606,3.25,1363
230.0,0.17600923776626587,9.0,1364
768.0,0.4531344175338745,-2.0,1365
304.0,0.14977070689201355,3.5,1366
470.0,0.46551287174224854,2.75,1367
325.0,0.24125726521015167,3.5,1368
281.5,0.5027362108230591,9.0,1369
215.0,0.26491740345954895,6.5,1370
124.0,0.3846270740032196,6.25,1371
255.5,0.9577736258506775,3.5,1372
297.5,0.3801925480365753,6.25,1373
324.0,0.3285689055919647,3.5,1374
237.0,0.31304681301116943,9.0,1375
732.0,0.43927744030952454,-0.5,1376
261.5,0.15066595375537872,4.25,1377
358.0,0.43889421224594116,7.25,1378
323.5,0.33153626322746277,0.5,1379
429.5,0.34644049406051636,5.5,1380
393.5,0.2631494402885437,9.0,1381
405.5,0.31477925181388855,9.0,1382
240.5,0.38771697878837585,3.5,1383
550.0,0.3393365144729614,-1.5,1384
655.0,0.26132363080978394,-0.75,1385
194.0,0.1761847883462906,5.5,1386
358.0,0.4067673981189728,-0.25,1387
636.5,0.2725845277309418,-1.0,1388
548.5,0.256334125995636,0.75,1389
334.0,0.20489364862442017,4.5,1390
182.5,0.39361003041267395,9.0,1391
535.5,0.6187305450439453,1.625,1392
738.0,0.24288780987262726,1.0,1393
261.5,0.19861048460006714,2.0,1394
350.0,0.5025621056556702,5.0,1395
299.5,0.38590872287750244,5.0,1396
768.0,0.4164780378341675,0.25,1397
314.0,0.21030983328819275,2.25,1398
441.5,0.21348051726818085,9.0,1399
431.0,0.3233855962753296,4.75,1400
594.5,0.337617963552475,-0.25,1401
391.5,0.21899442374706268,2.0,1402
747.5,0.32388103008270264,-0.75,1403
358.5,0.2732012867927551,2.75,1404
582.0,0.35987699031829834,0.25,1405
545.5,0.22454231977462769,2.25,1406
472.0,0.20062755048274994,6.25,1407
319.0,0.31964486837387085,2.0,1408
490.0,0.48133593797683716,3.75,1409
228.0,0.20517902076244354,6.25,1410
414.5,0.48162707686424255,5.5,1411
569.0,0.38174498081207275,1.0,1412
347.0,0.3226166367530823,2.0,1413
254.5,0.2886106073856354,9.0,1414
353.5,0.3860737383365631,6.25,1415
324.0,0.274149626493454,6.5,1416
208.0,0.3269626498222351,9.0,1417
326.5,0.4408278167247772,9.0,1418
356.5,0.43687671422958374,4.25,1419
768.0,0.24432118237018585,-2.5,1420
768.0,0.1625027060508728,-2.5,1421
444.5,0.07632451504468918,3.5,1422
367.5,0.23277738690376282,9.0,1423
285.5,0.26980167627334595,6.25,1424
236.5,0.45509183406829834,9.0,1425
265.5,0.39702361822128296,6.25,1426
556.0,0.41978225111961365,1.25,1427
219.0,0.23580814898014069,9.0,1428
599.0,0.41905656456947327,-2.0,1429
267.5,0.1236262321472168,9.0,1430
275.5,0.48861074447631836,6.25,1431
463.5,0.3686063885688782,0.5,1432
188.0,0.27141690254211426,9.0,1433
292.0,0.5698363780975342,6.25,1434
631.5,0.3421364426612854,3.25,1435
705.5,0.16926737129688263,1.0,1436
291.0,0.15318748354911804,3.5,1437
519.0,0.3019416630268097,1.0,1438
333.5,0.279087632894516,3.5,1439
154.5,0.3433338701725006,9.0,1440
210.5,0.5627726316452026,9.0,1441
318.5,0.39745262265205383,9.0,1442
475.5,0.35309773683547974,5.5,1443
206.0,0.19921362400054932,3.5,1444
424.5,0.5929207801818848,3.5,1445
766.0,0.3336676061153412,1.0,1446
336.5,0.13435712456703186,3.5,1447
484.0,0.27398785948753357,2.0,1448
387.0,0.19200864434242249,3.5,1449
217.5,0.27326586842536926,6.25,1450
250.5,0.46811094880104065,9.0,1451
560.5,0.42571550607681274,1.0,1452
314.5,0.28375357389450073,5.0,1453
608.5,0.29420679807662964,1.0,1454
247.0,0.2076183408498764,6.25,1455
284.0,0.5097485184669495,5.0,1456
343.5,0.2614176571369171,1.0,1457
219.0,0.18236610293388367,5.0,1458
248.5,0.33036646246910095,6.25,1459
299.5,0.40431180596351624,9.0,1460
330.0,0.37300872802734375,6.25,1461
225.5,0.30249977111816406,6.25,1462
217.5,0.4367658495903015,4.75,1463
282.5,0.41594067215919495,9.0,1464
407.5,0.5809527039527893,2.25,1465
329.0,0.27631738781929016,9.0,1466
240.0,0.28386133909225464,9.0,1467
532.0,0.45476967096328735,6.25,1468
201.0,0.20080484449863434,3.5,1469
194.0,0.494719922542572,3.5,1470
169.0,0.48997437953948975,6.25,1471
525.0,0.46497106552124023,6.25,1472
547.5,0.18152131140232086,1.0,1473
314.5,0.22176827490329742,3.5,1474
211.0,0.25983861088752747,6.25,1475
449.5,0.573320746421814,3.5,1476
406.0,0.24084128439426422,4.125,1477
529.0,0.30440017580986023,1.0,1478
388.0,0.2566588819026947,4.0,1479
305.5,0.3036501109600067,5.0,1480
186.5,0.39883968234062195,9.0,1481
401.0,0.6184949278831482,6.25,1482
414.5,0.3496837317943573,9.0,1483
708.5,0.23234157264232635,1.5,1484
387.5,0.2552519738674164,5.0,1485
251.0,0.29759448766708374,6.25,1486
217.0,0.2855074107646942,9.0,1487
245.5,0.5114895105361938,6.25,1488
135.5,0.5422468781471252,4.25,1489
267.5,0.8411816954612732,9.0,1490
172.5,0.267052561044693,5.5,1491
216.0,0.45457905530929565,6.25,1492
267.5,0.5033920407295227,0.5,1493
280.5,0.35692882537841797,9.0,1494
413.0,0.3878059387207031,3.75,1495
311.5,0.24672195315361023,9.0,1496
244.5,0.35299786925315857,2.75,1497
294.5,0.4483408033847809,6.25,1498
246.5,0.4168412387371063,3.75,1499
243.5,0.46922802925109863,6.25,1500
182.0,0.4163362681865692,9.0,1501
291.0,0.6220290660858154,4.125,1502
654.5,0.5189303159713745,1.0,1503
237.5,0.2029162347316742,9.0,1504
407.0,0.48556947708129883,4.125,1505
286.5,0.26929745078086853,6.25,1506
235.5,0.3212166726589203,9.0,1507
403.5,0.3950343430042267,9.0,1508
168.5,0.3789772689342499,9.0,1509
631.0,0.5749526023864746,1.0,1510
230.5,0.28450387716293335,4.875,1511
289.5,0.5085667967796326,6.25,1512
334.0,0.37257900834083557,3.5,1513
205.0,0.3459969460964203,6.25,1514
633.5,0.4506526589393616,1.0,1515
302.0,0.17678627371788025,6.25,1516
235.5,0.35306134819984436,9.0,1517
294.5,0.4389461576938629,3.5,1518
323.5,0.4104709029197693,1.25,1519
311.5,0.40867236256599426,6.875,1520
285.5,0.6205381155014038,3.5,1521
165.5,0.36498144268989563,3.5,1522
197.0,0.6430038213729858,6.875,1523
169.0,0.5425089001655579,9.0,1524
560.0,0.619306206703186,3.5,1525
293.0,0.27301040291786194,3.5,1526
285.5,0.5179198384284973,3.5,1527
293.5,0.3480834364891052,3.0,1528
255.5,0.3818727731704712,9.0,1529
153.5,0.37590697407722473,9.0,1530
249.0,0.6329357624053955,9.0,1531
205.5,0.6638939380645752,9.0,1532
437.0,0.33731502294540405,3.5,1533
287.5,0.3870055377483368,9.0,1534
256.0,0.3454863131046295,9.0,1535
191.0,0.39000779390335083,3.5,1536
349.5,0.5540423393249512,1.5,1537
257.0,0.29906824231147766,1.5,1538
432.5,0.43161740899086,3.5,1539
526.5,0.3271580934524536,4.125,1540
736.5,0.22623160481452942,-1.0,1541
245.0,0.23236674070358276,4.5,1542
277.0,0.49576425552368164,3.5,1543
448.5,0.20466168224811554,-0.5,1544
194.5,0.28667688369750977,2.0,1545
461.5,0.5337847471237183,5.0,1546
217.5,0.24791806936264038,2.0,1547
248.5,0.548444926738739,6.25,1548
516.0,0.5353452563285828,9.0,1549
265.5,0.2621002197265625,4.75,1550
368.5,0.2849601209163666,3.5,1551
246.5,0.49443674087524414,9.0,1552
621.0,0.3627679944038391,3.75,1553
256.5,0.18991562724113464,9.0,1554
250.0,0.37837928533554077,3.5,1555
182.5,0.2005959153175354,7.75,1556
242.0,0.4695490002632141,6.25,1557
423.5,0.4576629400253296,9.0,1558
265.0,0.25502869486808777,3.5,1559
273.0,0.3823443055152893,9.0,1560
225.0,0.16252760589122772,9.0,1561
251.5,0.4596046805381775,9.0,1562
390.5,0.5128439664840698,2.0,1563
313.0,0.31666743755340576,4.75,1564
253.5,0.4691537320613861,9.0,1565
250.5,0.4660540521144867,5.0,1566
471.0,0.49965739250183105,3.25,1567
619.5,0.10946343839168549,-1.0,1568
155.0,0.21502560377120972,9.0,1569
629.5,0.40235134959220886,1.0,1570
277.5,0.21603740751743317,2.625,1571
543.0,0.2850138247013092,1.625,1572
310.5,0.21167659759521484,6.25,1573
407.5,0.22049415111541748,4.125,1574
467.0,0.18620485067367554,3.75,1575
234.5,0.19082163274288177,9.0,1576
543.5,0.3697717487812042,5.0,1577
599.0,0.20612011849880219,-0.75,1578
126.5,0.1339832991361618,2.0,1579
346.0,0.24522709846496582,0.5,1580
237.5,0.26060906052589417,6.25,1581
314.0,0.2007758766412735,6.25,1582
225.0,0.29131314158439636,9.0,1583
513.5,0.2601788341999054,1.5,1584
364.5,0.31197118759155273,2.0,1585
308.5,0.3268720507621765,3.5,1586
242.5,0.11944125592708588,9.0,1587
423.0,0.22993126511573792,4.75,1588
269.0,0.3231252431869507,4.75,1589
292.0,0.24352993071079254,1.0,1590
352.5,0.25625643134117126,4.5,1591
381.5,0.22582745552062988,3.5,1592
392.0,0.1952931433916092,-0.5,1593
422.5,0.2822897136211395,6.25,1594
454.0,0.3372306525707245,7.0,1595
499.0,0.3381306827068329,1.5,1596
308.5,0.3476330637931824,3.5,1597
447.5,0.4087282121181488,9.0,1598
230.5,0.2672816216945648,3.5,1599
314.5,0.3317354917526245,2.0,1600
553.5,0.3326431214809418,-2.0,1601
212.0,0.16053397953510284,5.5,1602
328.0,0.5883711576461792,4.25,1603
596.5,0.40233924984931946,0.25,1604
183.0,0.17381048202514648,2.75,1605
463.0,0.6915057897567749,2.875,1606
370.5,0.3363490700721741,6.25,1607
321.0,0.329129159450531,3.25,1608
197.0,0.327230840921402,1.25,1609
93.5,0.4746463894844055,-1.0,1610
259.0,0.3493092954158783,0.5,1611
227.5,0.3268727660179138,9.0,1612
478.5,0.4826834201812744,1.75,1613
297.0,0.22872444987297058,3.75,1614
393.0,0.37848126888275146,6.25,1615
416.0,0.25072744488716125,5.0,1616
293.0,0.17305046319961548,0.5,1617
335.5,0.5121587514877319,4.75,1618
359.5,0.3341467082500458,9.0,1619
347.0,0.2878012955188751,3.5,1620
521.0,0.22121505439281464,2.0,1621
300.5,0.2598136067390442,4.5,1622
470.0,0.3916790187358856,1.5,1623
150.0,0.2859291136264801,9.0,1624
315.5,0.4842987656593323,3.75,1625
601.5,0.3434305191040039,1.0,1626
676.0,0.1812812089920044,-1.5,1627
192.0,0.10480601340532303,9.0,1628
388.5,0.4241145849227905,1.5,1629
228.0,0.23416036367416382,3.5,1630
229.5,0.5543198585510254,2.0,1631
305.5,0.4576842784881592,3.0,1632
204.5,0.4736890196800232,1.0,1633
243.0,0.41302913427352905,6.25,1634
515.0,0.48742765188217163,1.0,1635
222.5,0.2081163227558136,6.25,1636
272.5,0.5523092746734619,6.25,1637
403.5,0.44098103046417236,3.5,1638
484.0,0.2630486488342285,4.125,1639
540.0,0.279645711183548,2.25,1640
538.0,0.24422438442707062,-0.25,1641
397.0,0.22460386157035828,3.5,1642
316.0,0.27631524205207825,4.125,1643
317.5,0.341302752494812,5.5,1644
320.5,0.40481865406036377,3.25,1645
260.0,0.27550023794174194,6.25,1646
431.0,0.6039634346961975,1.5,1647
599.0,0.22077707946300507,4.125,1648
456.0,0.24289420247077942,5.0,1649
120.0,0.22542397677898407,9.0,1650
478.0,0.5927780270576477,4.25,1651
319.0,0.2900349497795105,9.0,1652
400.5,0.36978045105934143,1.5,1653
283.0,0.3115771412849426,7.0,1654
492.5,0.3311978280544281,1.5,1655
346.5,0.23238036036491394,9.0,1656
365.0,0.5282803773880005,2.0,1657
747.0,0.36994683742523193,-0.25,1658
300.5,0.17368613183498383,9.0,1659
451.5,0.38580864667892456,-1.5,1660
461.0,0.1766902506351471,2.0,1661
362.0,0.31628480553627014,3.5,1662
136.0,0.2540465295314789,9.0,1663
768.0,0.6205258965492249,-2.5,1664
488.5,0.11229904741048813,2.25,1665
496.0,0.27922868728637695,3.5,1666
768.0,0.3024807870388031,-1.5,1667
286.0,0.1804553121328354,2.625,1668
578.5,0.21916979551315308,3.5,1669
247.0,0.16983716189861298,9.0,1670
423.5,0.4369286894798279,9.0,1671
156.5,0.3780885338783264,-0.5,1672
281.0,0.44660279154777527,2.0,1673
355.5,0.48124003410339355,9.0,1674
698.5,0.36350077390670776,0.25,1675
419.5,0.19788171350955963,1.5,1676
304.5,0.26958736777305603,6.25,1677
621.5,0.4230796694755554,-0.5,1678
191.0,0.22860348224639893,4.5,1679
550.5,0.5535038113594055,2.0,1680
350.0,0.247904971241951,3.5,1681
687.0,0.2665897011756897,-0.25,1682
138.0,0.17517153918743134,1.0,1683
210.0,0.819333553314209,3.5,1684
532.5,0.574105441570282,4.75,1685
391.5,0.32479143142700195,6.25,1686
147.0,0.39852121472358704,9.0,1687
384.0,0.8122879862785339,-2.5,1688
138.5,0.04080098122358322,3.25,1689
108.0,0.3332350254058838,3.25,1690
389.0,0.552023708820343,3.5,1691
389.0,0.36827853322029114,4.125,1692
495.5,0.29305005073547363,2.75,1693
230.5,0.19048437476158142,6.25,1694
89.0,0.5075786113739014,-0.25,1695
258.5,0.4111877977848053,9.0,1696
312.0,0.38824865221977234,6.875,1697
281.0,0.4381604790687561,9.0,1698
516.5,0.3546049892902374,3.75,1699
336.5,0.3108035922050476,6.25,1700
571.5,0.30433088541030884,0.5,1701
239.0,0.3271760046482086,-2.0,1702
240.5,0.33112969994544983,9.0,1703
235.5,0.3857114911079407,6.25,1704
383.5,0.5583736896514893,2.0,1705
293.0,0.25471004843711853,0.5,1706
449.0,0.3998289406299591,2.75,1707
255.0,0.31430840492248535,9.0,1708
468.0,0.3856029510498047,5.0,1709
297.0,0.2844406068325043,2.75,1710
574.5,0.48796766996383667,9.0,1711
381.5,0.47927558422088623,6.25,1712
86.5,0.4200440049171448,0.5,1713
276.0,0.6794458031654358,3.5,1714
155.5,0.4363826811313629,3.25,1715
671.5,0.4632406234741211,3.25,1716
506.5,0.165227472782135,-0.5,1717
127.0,0.35478469729423523,1.25,1718
477.5,0.5281722545623779,-1.5,1719
175.5,0.2770260274410248,3.25,1720
663.5,0.612608790397644,-1.0,1721
557.5,0.21844416856765747,1.5,1722
288.5,0.37191909551620483,5.5,1723
287.5,0.5293145775794983,6.25,1724
298.5,0.4071974456310272,4.875,1725
642.5,0.5443697571754456,1.0,1726
280.5,0.29848477244377136,9.0,1727
420.5,0.45016780495643616,9.0,1728
290.5,0.39710503816604614,-0.75,1729
210.5,0.22231826186180115,1.0,1730
373.0,0.5679113864898682,5.5,1731
421.0,0.6824992299079895,3.5,1732
444.5,0.3698957860469818,9.0,1733
583.5,0.2906586825847626,2.0,1734
231.0,0.2715359926223755,9.0,1735
387.0,0.4613875448703766,5.0,1736
562.5,0.31672412157058716,4.75,1737
194.5,0.27300772070884705,9.0,1738
488.5,0.5973725914955139,3.5,1739
504.0,0.2707926630973816,9.0,1740
522.0,0.34874019026756287,4.25,1741
335.5,0.43087440729141235,4.75,1742
387.5,0.30575987696647644,9.0,1743
422.5,0.4273577034473419,5.0,1744
313.0,0.3852285146713257,1.25,1745
128.5,0.4342251420021057,3.25,1746
325.0,0.42120978236198425,9.0,1747
654.0,0.499365895986557,3.5,1748
496.0,0.2555849552154541,2.25,1749
250.5,0.43774789571762085,0.75,1750
418.0,0.4812345504760742,9.0,1751
584.5,0.333471417427063,6.875,1752
768.0,0.3937475383281708,-2.0,1753
384.5,0.18315951526165009,4.75,1754
384.0,0.5235384702682495,-2.0,1755
116.5,0.1383109986782074,-1.0,1756
479.0,0.44502320885658264,1.75,1757
117.5,0.24830712378025055,3.25,1758
460.5,0.4872922897338867,2.0,1759
144.0,0.3052837550640106,0.5,1760
594.5,0.6709069013595581,3.5,1761
534.5,0.3372480273246765,3.5,1762
505.0,0.3236246705055237,1.0,1763
495.0,0.2681400179862976,6.25,1764
177.5,0.43264636397361755,9.0,1765
428.0,0.6486999988555908,3.5,1766
428.5,0.3457951545715332,0.5,1767
354.5,0.3882488012313843,6.25,1768
354.5,0.3922754228115082,3.75,1769
311.0,0.37002938985824585,6.25,1770
768.0,0.40002086758613586,-2.0,1771
553.5,0.1612122505903244,1.25,1772
490.5,0.18892449140548706,2.25,1773
467.0,0.34287017583847046,3.5,1774
377.5,0.25409767031669617,4.0,1775
304.5,0.4496714770793915,9.0,1776
462.0,0.6871309280395508,6.25,1777
320.0,0.3174194097518921,2.0,1778
422.0,0.47859278321266174,4.25,1779
299.5,0.3767336905002594,3.5,1780
276.5,0.48353779315948486,2.75,1781
200.0,0.5494335889816284,5.5,1782
340.5,0.4283158481121063,6.25,1783
163.5,0.5032604932785034,0.5,1784
664.5,0.554588794708252,-1.0,1785
487.0,0.21292611956596375,3.0,1786
204.0,0.380001425743103,5.5,1787
253.0,0.48746174573898315,9.0,1788
533.5,0.4344478249549866,2.25,1789
351.5,0.2935049831867218,6.25,1790
376.0,0.3925730288028717,4.0,1791
285.0,0.37604793906211853,3.25,1792
186.5,0.3883322477340698,0.5,1793
517.0,0.34870338439941406,3.75,1794
578.5,0.3089551031589508,1.75,1795
588.0,0.2794409692287445,4.375,1796
452.0,0.3001599907875061,4.125,1797
264.0,0.37208640575408936,5.5,1798
412.0,0.3521212339401245,1.0,1799
463.0,0.3209480047225952,5.5,1800
542.0,0.352460652589798,1.0,1801
166.0,0.30058762431144714,3.25,1802
279.0,0.4412573575973511,1.25,1803
556.5,0.5363246202468872,3.0,1804
119.0,0.20668061077594757,-1.0,1805
384.0,0.6509144306182861,-2.5,1806
305.0,0.05548204109072685,9.0,1807
283.5,0.5002032518386841,6.25,1808
361.5,0.505186915397644,2.0,1809
213.5,0.5051493048667908,9.0,1810
490.5,0.6293106079101562,6.25,1811
503.0,0.3498048782348633,6.25,1812
261.5,0.26564958691596985,0.5,1813
133.0,0.4205416738986969,0.5,1814
564.5,1.0359530448913574,1.25,1815
246.5,0.3287081718444824,2.0,1816
360.5,0.5367192029953003,6.25,1817
280.5,0.36810725927352905,2.0,1818
604.5,0.47065049409866333,6.25,1819
522.5,0.27271780371665955,6.875,1820
514.5,0.2688525915145874,3.25,1821
768.0,0.28950557112693787,-2.5,1822
351.0,0.13073493540287018,9.0,1823
185.5,0.38434460759162903,3.25,1824
296.0,0.3877526521682739,2.75,1825
496.0,0.5183672904968262,4.125,1826
453.5,0.27181264758110046,9.0,1827
223.5,0.35442882776260376,-1.5,1828
319.5,0.5521875023841858,3.5,1829
154.0,0.3715304434299469,3.25,1830
625.0,0.41502735018730164,-0.5,1831
314.0,0.22037208080291748,6.25,1832
151.0,0.38392412662506104,6.5,1833
125.0,0.7080016136169434,3.25,1834
149.5,0.37745630741119385,3.25,1835
503.5,0.4578932225704193,9.0,1836
574.0,0.2563191056251526,0.5,1837
339.5,0.28562167286872864,1.25,1838
388.0,0.3388476073741913,9.0,1839
328.5,0.26773950457572937,9.0,1840
134.5,0.38261938095092773,3.25,1841
376.5,0.3415038287639618,7.25,1842
134.5,0.2819458842277527,3.25,1843
110.5,0.41203537583351135,3.25,1844
509.0,0.7119847536087036,4.25,1845
212.5,0.37543949484825134,5.5,1846
470.0,0.5258041620254517,6.25,1847
177.0,0.30055639147758484,9.0,1848
307.0,0.9598063826560974,9.0,1849
403.5,0.6339312791824341,5.0,1850
462.5,0.4587799608707428,9.0,1851
603.0,0.35546353459358215,1.0,1852
534.0,0.26413291692733765,3.5,1853
317.5,0.19454091787338257,9.0,1854
248.0,0.572295069694519,3.0,1855
320.0,0.5544927716255188,6.25,1856
342.0,0.47782155871391296,9.0,1857
262.0,0.32201817631721497,6.875,1858
473.0,0.5396071076393127,3.75,1859
50.5,0.2815215587615967,0.5,1860
152.0,0.8046997785568237,3.25,1861
312.5,0.6456272602081299,1.25,1862
414.5,0.3433881103992462,1.5,1863
207.0,0.4268151819705963,4.125,1864
399.5,0.3988788425922394,3.5,1865
453.0,0.4628485441207886,6.25,1866
302.0,0.33402106165885925,4.5,1867
355.0,0.6125854849815369,3.75,1868
317.0,0.4255234897136688,3.375,1869
416.5,0.47530585527420044,1.5,1870
557.5,0.2973329424858093,1.0,1871
532.0,0.25510430335998535,2.25,1872
379.5,0.384602814912796,9.0,1873
283.0,0.5056398510932922,9.0,1874
363.0,0.34118980169296265,3.5,1875
521.0,0.30212128162384033,-1.5,1876
228.0,0.24767662584781647,6.25,1877
378.0,0.5074336528778076,1.25,1878
334.0,0.44427722692489624,4.25,1879
354.0,0.5306341648101807,-1.0,1880
314.0,0.281311571598053,-1.0,1881
372.0,0.2400299459695816,2.0,1882
349.5,0.30538037419319153,3.5,1883
295.5,0.37872031331062317,9.0,1884
335.0,0.3848174214363098,1.25,1885
325.0,0.27960994839668274,4.0,1886
525.0,0.38160914182662964,6.25,1887
285.5,0.2220861166715622,1.5,1888
134.5,0.4847821593284607,-1.0,1889
482.0,0.4667372703552246,9.0,1890
364.5,0.5458691716194153,6.25,1891
372.0,0.25594714283943176,9.0,1892
341.5,0.27705901861190796,2.75,1893
427.0,0.49237707257270813,2.0,1894
248.0,0.21411389112472534,0.5,1895
107.5,0.3706187903881073,0.5,1896
571.0,0.707624614238739,-1.0,1897
290.5,0.23489385843276978,9.0,1898
276.0,0.3916842043399811,6.25,1899
210.5,0.5179208517074585,9.0,1900
257.5,0.5579285025596619,9.0,1901
148.0,0.30045172572135925,3.25,1902
209.0,0.4961322247982025,1.25,1903
580.0,0.5212377309799194,1.0,1904
574.5,0.23334909975528717,1.625,1905
516.5,0.2401457577943802,1.5,1906
184.0,0.2857021987438202,0.5,1907
283.0,0.4128205478191376,3.5,1908
212.0,0.34710606932640076,0.5,1909
364.5,0.46114587783813477,6.25,1910
355.0,0.4748098850250244,9.0,1911
131.0,0.5162728428840637,3.25,1912
561.5,0.27281999588012695,1.75,1913
262.5,0.2511041760444641,9.0,1914
419.0,0.690376877784729,2.0,1915
332.5,0.35985615849494934,6.875,1916
426.5,0.38431021571159363,3.5,1917
524.5,0.35926908254623413,1.5,1918
768.0,0.2309741973876953,-1.5,1919
350.0,0.1949959397315979,9.0,1920
606.5,0.31939730048179626,3.75,1921
287.5,0.2516571283340454,3.5,1922
289.0,0.36639636754989624,-1.5,1923
94.5,0.21610920131206512,-0.25,1924
179.0,0.4240046441555023,9.0,1925
129.5,0.5927823781967163,0.5,1926
636.0,0.3882283866405487,1.0,1927
533.5,0.17012277245521545,0.0,1928
176.5,0.24128936231136322,3.25,1929
453.0,0.4475751519203186,3.5,1930
392.5,0.2672148048877716,3.5,1931
373.5,0.36794930696487427,6.25,1932
311.5,0.45327144861221313,6.875,1933
347.0,0.4227025508880615,3.5,1934
593.0,0.4039047062397003,3.75,1935
388.5,0.2814083397388458,4.25,1936
336.0,0.4858970046043396,3.5,1937
622.0,0.43159520626068115,-1.0,1938
318.0,0.1592189520597458,3.5,1939
367.5,0.3676869571208954,4.125,1940
314.5,0.3576756417751312,5.5,1941
363.5,0.6604598760604858,6.25,1942
211.5,0.4236705005168915,3.25,1943
591.0,0.40248799324035645,0.0,1944
325.0,0.3002636730670929,9.0,1945
559.5,0.45477914810180664,2.75,1946
368.5,0.390966534614563,6.875,1947
102.5,0.4554554522037506,3.25,1948
241.5,0.6428319215774536,-1.5,1949
160.0,0.31210219860076904,3.25,1950
109.5,0.5045111775398254,3.25,1951
314.0,0.5403086543083191,6.875,1952
196.5,0.34533578157424927,6.25,1953
348.0,0.7426655292510986,6.25,1954
176.0,0.3522180914878845,3.25,1955
617.5,0.37268733978271484,1.0,1956
395.0,0.30320531129837036,4.375,1957
339.0,0.37491312623023987,9.0,1958
98.0,0.3160304129123688,3.25,1959
497.0,0.7525206208229065,2.0,1960
79.5,0.20577120780944824,0.5,1961
415.5,0.6970003843307495,3.5,1962
187.0,0.4604960083961487,9.0,1963
189.0,0.5435444712638855,3.25,1964
274.0,0.5483428239822388,6.25,1965
339.5,0.35334017872810364,9.0,1966
74.5,0.4591725170612335,3.25,1967
377.5,0.7047977447509766,-0.5,1968
399.0,0.5883286595344543,6.25,1969
567.0,0.303985595703125,4.25,1970
356.0,0.29900482296943665,6.25,1971
367.0,0.36999547481536865,3.5,1972
426.0,0.321645051240921,6.25,1973
270.0,0.27326416969299316,4.75,1974
264.5,0.44088849425315857,3.25,1975
264.0,0.3377320468425751,3.5,1976
369.0,0.4679485857486725,3.5,1977
676.0,0.5187790989875793,6.25,1978
253.5,0.3059678077697754,9.0,1979
255.0,0.4546845555305481,9.0,1980
646.0,0.3774729371070862,3.75,1981
215.0,0.18869608640670776,6.5,1982
223.5,0.5486346483230591,0.5,1983
449.0,0.2309238165616989,4.125,1984
587.0,0.4455958604812622,1.0,1985
295.5,0.22357463836669922,9.0,1986
242.5,0.4705605208873749,0.5,1987
436.0,0.4307907819747925,2.75,1988
121.0,0.41122642159461975,2.0,1989
493.5,0.5199341773986816,3.5,1990
220.5,0.35176411271095276,4.75,1991
484.5,0.599920928478241,6.25,1992
381.0,0.3579561710357666,9.0,1993
301.0,0.3845202922821045,2.625,1994
423.5,0.36391404271125793,5.5,1995
497.5,0.3192962110042572,3.5,1996
148.0,0.2868630290031433,0.5,1997
116.5,0.34086689352989197,0.5,1998
380.0,0.8440001606941223,9.0,1999
312.5,0.37680914998054504,4.0,2000
142.5,0.31243160367012024,0.5,2001
289.5,0.48211848735809326,0.5,2002
204.0,0.45686376094818115,9.0,2003
311.5,0.5280515551567078,4.125,2004
430.0,0.3554205894470215,9.0,2005
254.0,0.33543115854263306,2.75,2006
323.5,0.6146767139434814,3.5,2007
621.5,0.39733755588531494,2.5,2008
88.5,0.25505733489990234,3.25,2009
321.0,0.8429558277130127,-0.75,2010
448.0,0.26932665705680847,4.25,2011
83.0,0.29878705739974976,3.25,2012
393.5,0.5582873225212097,0.0,2013
410.5,0.3060198426246643,3.5,2014
394.0,0.44086042046546936,3.5,2015
559.0,0.2137475311756134,4.375,2016
350.0,0.1555624008178711,2.0,2017
553.0,0.3383709192276001,1.0,2018
350.5,0.18249380588531494,9.0,2019
288.0,0.42707183957099915,9.0,2020
549.0,0.503343939781189,0.0,2021
220.5,0.25632140040397644,0.75,2022
333.0,0.28317099809646606,6.25,2023
172.0,0.3504151403903961,0.5,2024
277.5,0.28602200746536255,1.25,2025
265.5,0.44519907236099243,6.25,2026
105.5,0.3872683048248291,-0.75,2027
383.0,0.6688241362571716,9.0,2028
308.0,0.356209397315979,2.75,2029
76.0,0.4498336911201477,1.25,2030
389.0,0.7949256896972656,1.5,2031
225.5,0.325869619846344,9.0,2032
529.0,0.350833922624588,3.5,2033
363.0,0.21312390267848969,4.25,2034
419.5,0.33149975538253784,3.5,2035
102.0,0.33728155493736267,3.25,2036
265.0,0.29628583788871765,5.5,2037
347.5,0.617643415927887,2.0,2038
166.5,0.3687441051006317,-0.5,2039
260.5,0.3410723805427551,1.25,2040
184.0,0.5310301184654236,1.25,2041
548.0,0.4845367670059204,-0.5,2042
287.5,0.20033825933933258,6.25,2043
312.0,0.47709187865257263,6.25,2044
768.0,0.41068190336227417,-1.0,2045
207.0,0.21159200370311737,6.25,2046
329.0,0.4578094780445099,2.0,2047
302.0,0.4566856920719147,6.25,2048
371.5,0.3237830102443695,3.5,2049
191.0,0.3405934274196625,5.5,2050
284.0,0.4914270341396332,7.0,2051
570.0,0.4861598312854767,0.0,2052
768.0,0.21319030225276947,-2.0,2053
287.5,0.2268446534872055,0.5,2054
217.5,0.3914266526699066,9.0,2055
287.5,0.48190560936927795,6.875,2056
158.0,0.5375896096229553,0.5,2057
275.5,0.40432101488113403,9.0,2058
334.5,0.25365138053894043,7.0,2059
336.0,0.4641740024089813,6.25,2060
307.0,0.4190014898777008,3.5,2061
382.5,0.3027236759662628,2.0,2062
577.5,0.30002129077911377,2.0,2063
279.0,0.2427864968776703,2.0,2064
608.5,0.3578813970088959,0.5,2065
248.0,0.14584718644618988,4.75,2066
344.5,0.5392624735832214,9.0,2067
334.0,0.3964843153953552,2.25,2068
557.5,0.34636953473091125,1.0,2069
283.0,0.1540958136320114,6.25,2070
105.0,0.41675615310668945,0.5,2071
316.0,0.2767646312713623,5.0,2072
215.0,0.1784871369600296,9.0,2073
78.0,0.42642802000045776,3.25,2074
414.0,0.5341401100158691,9.0,2075
347.5,0.27963054180145264,6.25,2076
355.5,0.4657639265060425,6.5,2077
307.0,0.3564641773700714,3.5,2078
290.0,0.22623233497142792,9.0,2079
644.5,0.44801607728004456,5.0,2080
732.5,0.24781499803066254,-1.0,2081
350.0,0.19085416197776794,5.5,2082
254.5,0.34393760561943054,6.25,2083
525.5,0.43242135643959045,1.5,2084
604.5,0.19826945662498474,2.25,2085
480.5,0.28576505184173584,4.75,2086
511.5,0.2798524796962738,1.5,2087
292.0,0.28435948491096497,6.5,2088
263.0,0.3539488911628723,5.0,2089
163.5,0.4621317386627197,6.25,2090
272.5,0.5821734070777893,0.5,2091
431.0,0.3786637485027313,3.75,2092
492.0,0.2671189606189728,4.25,2093
193.5,0.3373432159423828,-1.5,2094
178.5,0.2581661343574524,3.25,2095
399.5,0.36021724343299866,5.0,2096
157.0,0.2758450210094452,6.25,2097
200.5,0.7884665727615356,3.5,2098
171.5,0.48552030324935913,0.5,2099
366.5,0.5088716149330139,4.125,2100
272.0,0.4705338776111603,9.0,2101
134.5,0.3871762752532959,3.25,2102
126.0,0.39434996247291565,3.25,2103
335.5,0.45145678520202637,5.0,2104
358.0,0.45237916707992554,3.5,2105
188.5,0.271182656288147,9.0,2106
351.0,0.5877425670623779,6.25,2107
206.0,0.342305988073349,1.25,2108
426.0,0.2812998294830322,1.75,2109
165.0,0.3082992434501648,0.5,2110
312.0,0.41258862614631653,4.75,2111
177.0,0.32376912236213684,0.5,2112
226.0,0.3236333429813385,0.5,2113
330.0,0.3842867612838745,3.5,2114
328.5,0.3218967020511627,-1.0,2115
393.5,0.3149394690990448,2.375,2116
274.0,0.42499610781669617,5.0,2117
219.5,0.396228551864624,-1.5,2118
343.0,0.3540719449520111,6.25,2119
179.5,0.4766252338886261,9.0,2120
194.0,0.6279036998748779,9.0,2121
97.0,0.5511817336082458,3.25,2122
384.0,0.2546829283237457,-2.0,2123
562.5,0.21316301822662354,4.75,2124
350.0,0.27976444363594055,4.25,2125
281.0,0.32808607816696167,6.5,2126
147.0,0.4088050127029419,5.5,2127
221.5,0.5261792540550232,-1.0,2128
134.5,0.41159486770629883,3.25,2129
423.5,0.220774844288826,3.5,2130
99.0,0.26029452681541443,3.25,2131
395.0,0.47528210282325745,9.0,2132
357.0,0.3541049361228943,5.25,2133
449.0,0.37419286370277405,6.25,2134
131.0,0.33668866753578186,0.5,2135
386.5,0.40029242634773254,2.0,2136
236.5,0.45324835181236267,2.0,2137
335.5,0.46717846393585205,5.5,2138
262.0,0.4339209794998169,3.25,2139
223.0,0.27835723757743835,0.5,2140
280.0,0.2948066294193268,3.75,2141
345.5,0.5020826458930969,4.125,2142
313.5,0.3258487284183502,4.25,2143
293.0,0.5588801503181458,3.25,2144
415.0,0.31170281767845154,9.0,2145
195.0,0.24048763513565063,3.75,2146
336.5,0.40236788988113403,2.0,2147
295.5,0.324808269739151,6.875,2148
329.5,0.5358975529670715,2.25,2149
363.5,0.4463690221309662,9.0,2150
246.0,0.3594401478767395,9.0,2151
284.5,0.5948825478553772,2.0,2152
460.0,0.5011268258094788,9.0,2153
280.0,0.38097766041755676,5.25,2154
345.0,0.427516907453537,9.0,2155
325.0,0.40665239095687866,9.0,2156
363.5,0.5467466115951538,2.125,2157
425.0,0.5067923069000244,9.0,2158
356.5,0.39486241340637207,3.5,2159
124.5,0.3831574022769928,0.5,2160
397.5,0.5271441340446472,5.0,2161
341.5,0.4199545383453369,6.25,2162
182.0,0.45456981658935547,9.0,2163
462.5,0.4753727912902832,9.0,2164
282.0,0.25872477889060974,9.0,2165
453.0,0.49533969163894653,3.5,2166
578.5,0.41660842299461365,1.0,2167
119.5,0.22813792526721954,0.5,2168
81.5,0.560991108417511,3.25,2169
93.0,0.49181070923805237,3.25,2170
446.0,0.8644671440124512,4.5,2171
345.0,0.26252543926239014,1.0,2172
258.0,0.3332439363002777,2.75,2173
280.0,0.5952063798904419,9.0,2174
159.0,0.44859495759010315,2.0,2175
286.5,0.29129543900489807,9.0,2176
63.0,0.29411032795906067,3.25,2177
165.5,0.5793461203575134,0.5,2178
467.5,0.4165201187133789,4.5,2179
473.5,0.3171021044254303,2.25,2180
288.0,0.25442686676979065,4.75,2181
221.5,0.43481770157814026,0.5,2182
325.5,0.2697383463382721,3.75,2183
187.5,0.401039183139801,3.25,2184
307.0,0.29827842116355896,4.125,2185
118.5,0.2902175188064575,0.5,2186
240.0,0.28979140520095825,9.0,2187
494.0,0.5833978056907654,5.25,2188
374.5,0.32858163118362427,6.25,2189
231.0,0.3175772726535797,9.0,2190
172.5,0.3037720024585724,3.25,2191
272.5,0.3111717998981476,7.25,2192
313.0,0.49402809143066406,6.25,2193
287.0,0.30660128593444824,9.0,2194
283.0,0.42922595143318176,3.5,2195
104.0,0.5494239330291748,3.25,2196
270.0,0.4229952096939087,7.0,2197
566.0,0.5464863181114197,1.0,2198
318.0,0.23222501575946808,0.5,2199
353.5,0.26485082507133484,9.0,2200
374.0,0.3200620114803314,3.5,2201
351.0,0.28375503420829773,4.125,2202
661.0,0.3391040861606598,0.0,2203
236.0,0.14591196179389954,6.25,2204
132.0,0.5113053321838379,0.75,2205
391.0,0.7434552311897278,7.0,2206
146.0,0.34606823325157166,1.25,2207
396.0,0.5475916266441345,9.0,2208
250.5,0.2819973826408386,3.5,2209
492.0,0.3754515051841736,2.0,2210
402.5,0.28238365054130554,4.125,2211
151.5,0.27968233823776245,3.25,2212
348.0,0.36042606830596924,4.75,2213
392.5,0.3751835227012634,9.0,2214
404.0,0.29851746559143066,4.25,2215
371.0,0.3432554304599762,1.5,2216
350.5,0.4287516474723816,3.5,2217
407.5,0.5963796377182007,4.125,2218
718.0,0.25941652059555054,-0.5,2219
246.5,0.23104354739189148,9.0,2220
408.5,0.7388784885406494,0.5,2221
160.0,0.3865065276622772,3.25,2222
179.5,0.45453134179115295,3.25,2223
271.0,0.4544840157032013,6.875,2224
314.5,0.43604400753974915,6.25,2225
678.5,0.3251766264438629,3.25,2226
511.5,0.15279115736484528,1.5,2227
415.5,0.23240147531032562,4.25,2228
328.5,0.30717727541923523,-0.75,2229
330.0,0.2981184720993042,9.0,2230
237.5,0.43794935941696167,6.5,2231
296.0,0.4330950975418091,6.25,2232
243.5,0.3906831443309784,3.5,2233
235.5,0.39635106921195984,5.5,2234
290.0,0.36824801564216614,5.0,2235
326.5,0.341487318277359,9.0,2236
632.5,0.22333663702011108,3.75,2237
320.5,0.16039299964904785,9.0,2238
337.5,0.5258269906044006,6.25,2239
291.5,0.2659044861793518,6.5,2240
320.0,0.466280072927475,3.5,2241
444.5,0.34755608439445496,0.0,2242
233.0,0.2836838364601135,6.5,2243
142.0,0.5077027678489685,1.125,2244
185.0,0.4811454117298126,3.25,2245
155.0,0.3352745473384857,0.5,2246
108.5,0.3872404396533966,-1.5,2247
374.0,0.6444136500358582,2.25,2248
184.0,0.31069493293762207,9.0,2249
167.5,0.5662268996238708,0.5,2250
336.0,0.3974982798099518,9.0,2251
521.5,0.48156216740608215,3.5,2252
341.5,0.2236095815896988,3.375,2253
398.5,0.36717522144317627,4.0,2254
203.0,0.3393668830394745,4.25,2255
273.0,0.4762386083602905,9.0,2256
270.5,0.5134965777397156,9.0,2257
324.5,0.4634537100791931,6.25,2258
559.5,0.3850241005420685,0.25,2259
258.0,0.23346130549907684,9.0,2260
327.0,0.2872776389122009,4.25,2261
131.5,0.38102075457572937,3.25,2262
286.5,0.32398849725723267,4.75,2263
327.5,0.33212175965309143,4.125,2264
206.5,0.3324315845966339,6.25,2265
524.0,0.6710165739059448,1.5,2266
340.0,0.3049773871898651,6.25,2267
188.0,0.4331701993942261,3.25,2268
582.0,0.2790655791759491,2.25,2269
393.5,0.2398725003004074,8.5,2270
324.0,0.43289023637771606,6.25,2271
278.0,0.3792225420475006,3.5,2272
352.0,0.5460339784622192,3.5,2273
767.5,0.30561375617980957,-1.0,2274
548.0,0.16249004006385803,1.0,2275
281.0,0.2602483332157135,3.5,2276
152.0,0.47541892528533936,3.25,2277
304.5,0.23762831091880798,7.25,2278
377.0,0.34354686737060547,0.75,2279
261.5,0.15449604392051697,5.0,2280
273.5,0.5174254775047302,9.0,2281
265.0,0.49715134501457214,6.25,2282
396.0,0.4979396164417267,9.0,2283
508.5,0.3407241404056549,1.0,2284
251.0,0.34992727637290955,9.0,2285
127.0,0.5995122790336609,3.25,2286
198.5,0.42983007431030273,0.5,2287
356.0,0.25598880648612976,6.25,2288
194.5,0.5215940475463867,1.25,2289
393.0,0.2397560179233551,1.0,2290
446.5,0.4159412384033203,3.5,2291
143.5,0.3203376531600952,3.25,2292
82.5,0.5968146920204163,3.25,2293
577.5,0.1910550594329834,3.5,2294
109.0,0.2981535494327545,3.25,2295
210.0,0.3173539340496063,9.0,2296
391.5,0.4837568998336792,9.0,2297
127.5,0.46972718834877014,1.125,2298
444.0,0.48800548911094666,3.5,2299
218.5,0.2612219452857971,3.5,2300
175.5,0.5399706959724426,3.25,2301
81.5,0.3097841143608093,0.25,2302
548.5,0.5786144733428955,3.75,2303
165.0,0.22214041650295258,0.5,2304
174.5,0.24769456684589386,3.25,2305
623.5,0.1509934365749359,-0.5,2306
345.5,0.21968799829483032,9.0,2307
289.0,0.3304464817047119,6.25,2308
301.0,0.42531588673591614,9.0,2309
168.5,0.3730129599571228,9.0,2310
384.0,0.5201061964035034,-2.0,2311
218.0,0.13601946830749512,3.5,2312
212.0,0.42311418056488037,0.5,2313
612.5,0.29019737243652344,-1.0,2314
322.5,0.3063778281211853,6.25,2315
117.0,0.3651559054851532,-0.25,2316
288.0,0.4160454571247101,9.0,2317
498.0,0.530659556388855,0.0,2318
288.0,0.27533698081970215,9.0,2319
445.0,0.47044530510902405,4.125,2320
328.0,0.2731812596321106,5.0,2321
517.5,0.35624462366104126,3.25,2322
135.0,0.10636679083108902,3.25,2323
316.5,0.4627586007118225,9.0,2324
235.5,0.32173991203308105,9.0,2325
87.5,0.5261503458023071,-1.0,2326
152.0,0.5311746001243591,0.5,2327
282.0,0.4176405072212219,2.0,2328
384.5,0.38063758611679077,-2.0,2329
335.0,0.14086583256721497,3.5,2330
428.5,0.42023929953575134,0.0,2331
364.0,0.278461217880249,1.5,2332
353.5,0.47293975949287415,2.25,2333
486.0,0.404676228761673,4.125,2334
432.5,0.33514508605003357,5.5,2335
249.5,0.36517855525016785,9.0,2336
370.0,0.4358672797679901,6.25,2337
137.5,0.34182626008987427,5.5,2338
351.0,0.7375603914260864,4.25,2339
339.5,0.401824027299881,-1.5,2340
510.0,0.12317986786365509,1.5,2341
153.5,0.2887878119945526,0.5,2342
437.5,0.34992948174476624,3.5,2343
384.0,0.3149977922439575,-2.0,2344
442.5,0.07577579468488693,3.5,2345
122.5,0.3966141641139984,3.25,2346
259.5,0.557232677936554,9.0,2347
239.0,0.4416477084159851,5.5,2348
140.0,0.562263548374176,3.25,2349
101.0,0.4431500732898712,-0.75,2350
211.0,0.4470081627368927,3.25,2351
108.5,0.4498145878314972,-1.0,2352
375.5,0.5664891600608826,3.5,2353
209.5,0.3886543810367584,0.5,2354
433.5,0.563019335269928,1.25,2355
407.0,0.2071475386619568,6.25,2356
569.0,0.3456011712551117,1.0,2357
159.5,0.2006518393754959,0.5,2358
96.5,0.3892602026462555,3.25,2359
384.0,0.5350555777549744,-2.0,2360
474.0,0.2003912776708603,3.5,2361
85.0,0.2486223429441452,3.25,2362
284.5,0.42125222086906433,6.25,2363
96.0,0.48490962386131287,-1.5,2364
505.5,0.45958083868026733,3.25,2365
243.0,0.12597203254699707,6.25,2366
287.0,0.43739715218544006,7.0,2367
627.0,0.3947596848011017,2.0,2368
248.0,0.32596826553344727,5.0,2369
150.0,0.5432389378547668,3.25,2370
363.5,0.3651181757450104,7.0,2371
370.0,0.28588446974754333,3.25,2372
233.5,0.24594354629516602,6.25,2373
162.5,0.3596956133842468,3.25,2374
305.0,0.37957990169525146,9.0,2375
225.0,0.39713358879089355,9.0,2376
412.5,0.5912853479385376,9.0,2377
251.5,0.2988981604576111,6.25,2378
333.5,0.2738511562347412,4.375,2379
264.5,0.38827675580978394,3.5,2380
216.5,0.4377050995826721,0.5,2381
202.5,0.39911404252052307,6.25,2382
462.0,0.5026123523712158,6.875,2383
522.0,0.3007398843765259,1.0,2384
230.0,0.24255257844924927,5.5,2385
282.5,0.4313257038593292,6.5,2386
307.5,0.4372718632221222,6.25,2387
597.0,0.4259082078933716,1.5,2388
219.0,0.24102799594402313,2.0,2389
197.0,0.2673308551311493,3.25,2390
176.0,0.3102339208126068,5.5,2391
260.5,0.5409349203109741,9.0,2392
343.5,0.4029546082019806,1.5,2393
413.5,0.32997456192970276,4.125,2394
372.5,0.3424028158187866,3.5,2395
281.5,0.30957114696502686,6.25,2396
304.5,0.3446599841117859,9.0,2397
552.5,0.5553106069564819,0.5,2398
320.0,0.22247157990932465,3.5,2399
444.5,0.3144253194332123,5.75,2400
238.0,0.4212639033794403,3.5,2401
115.0,0.35968562960624695,-0.25,2402
561.0,0.5765673518180847,3.25,2403
181.0,0.09575367718935013,9.0,2404
235.0,0.37137922644615173,4.125,2405
326.5,0.4154767692089081,9.0,2406
253.5,0.4182121157646179,4.0,2407
245.5,0.47792476415634155,9.0,2408
381.5,0.380279004573822,3.5,2409
146.0,0.25016433000564575,3.25,2410
281.5,0.2546718120574951,6.25,2411
280.0,0.4638434648513794,9.0,2412
243.0,0.44528186321258545,0.5,2413
300.5,0.25507423281669617,9.0,2414
101.5,0.3235626220703125,0.5,2415
338.5,0.4809368848800659,3.5,2416
287.5,0.33220428228378296,7.75,2417
86.0,0.41156303882598877,0.5,2418
675.5,0.4937041997909546,-1.0,2419
322.0,0.17954368889331818,6.25,2420
91.0,0.31038591265678406,3.25,2421
261.5,0.3287029564380646,9.0,2422
371.0,0.45277050137519836,7.0,2423
425.0,0.3943215608596802,6.25,2424
178.5,0.35172343254089355,0.5,2425
143.0,0.33499279618263245,3.25,2426
596.0,0.45667898654937744,3.75,2427
107.5,0.3266342878341675,0.5,2428
586.5,0.4527515470981598,1.0,2429
383.5,0.20898649096488953,2.0,2430
243.0,0.3447178900241852,9.0,2431
291.5,0.39633020758628845,3.5,2432
281.0,0.3323174715042114,6.25,2433
384.0,0.47812819480895996,-2.0,2434
181.5,0.16647425293922424,4.125,2435
217.0,0.46290814876556396,9.0,2436
107.5,0.5435923933982849,3.25,2437
459.5,0.41052189469337463,1.5,2438
663.0,0.3808354139328003,0.5,2439
253.0,0.20922133326530457,6.25,2440
338.0,0.4537550210952759,3.5,2441
141.5,0.34172680974006653,-0.25,2442
312.5,0.4304368197917938,6.25,2443
162.5,0.2606390416622162,4.0,2444
741.0,0.5270915627479553,-1.0,2445
100.0,0.1758730411529541,0.5,2446
294.0,0.30489033460617065,3.5,2447
402.5,0.29213380813598633,9.0,2448
343.5,0.28070926666259766,6.875,2449
388.0,0.3868701457977295,4.25,2450
268.0,0.2687973380088806,3.5,2451
768.0,0.4568087160587311,-0.5,2452
83.5,0.20406953990459442,3.25,2453
117.0,0.44238296151161194,1.25,2454
254.5,0.52424156665802,3.25,2455
411.5,0.2685694992542267,9.0,2456
144.5,0.2562156319618225,3.25,2457
104.5,0.38069939613342285,3.25,2458
342.5,0.6295815110206604,7.75,2459
218.0,0.24431821703910828,1.5,2460
304.0,0.6257579326629639,9.0,2461
260.0,0.2521849274635315,9.0,2462
175.0,0.1979975402355194,3.25,2463
305.5,0.17800402641296387,6.25,2464
535.5,0.2243688553571701,0.75,2465
123.0,0.1484186202287674,9.0,2466
541.5,0.7759745121002197,1.0,2467
134.5,0.22887489199638367,3.25,2468
293.5,0.5168389678001404,9.0,2469
306.5,0.4558618664741516,6.25,2470
143.5,0.4750835597515106,5.5,2471
511.5,0.5570662617683411,0.5,2472
592.5,0.16182447969913483,3.75,2473
376.0,0.27526354789733887,3.5,2474
450.0,0.5431082844734192,5.0,2475
230.5,0.2854720652103424,0.5,2476
106.0,0.2095687836408615,0.5,2477
227.0,0.35059666633605957,9.0,2478
111.5,0.37566640973091125,0.5,2479
303.5,0.7290833592414856,2.25,2480
451.0,0.27528148889541626,3.5,2481
135.0,0.24325361847877502,3.25,2482
213.5,0.4860615134239197,0.5,2483
650.0,0.4472866654396057,2.5,2484
175.0,0.1613679826259613,3.25,2485
682.0,0.32913145422935486,3.25,2486
310.0,0.15347148478031158,4.125,2487
103.0,0.2527412176132202,3.25,2488
592.0,0.6547235250473022,2.5,2489
416.0,0.20429155230522156,9.0,2490
302.5,0.24699437618255615,9.0,2491
434.5,0.33368968963623047,3.5,2492
298.0,0.4297608435153961,9.0,2493
225.5,0.3773528039455414,9.0,2494
253.5,0.4461856186389923,9.0,2495
245.0,0.412097692489624,5.5,2496
199.5,0.2960126996040344,6.875,2497
135.0,0.5211449265480042,3.25,2498
309.0,0.5142732262611389,2.0,2499
259.0,0.3635656535625458,9.0,2500
164.5,0.35109615325927734,0.5,2501
150.5,0.3050963878631592,-0.75,2502
127.0,0.5515119433403015,0.5,2503
466.0,0.2449125349521637,6.25,2504
203.5,0.24139179289340973,6.25,2505
236.0,0.393718957901001,4.125,2506
368.0,0.36449360847473145,9.0,2507
113.5,0.264462947845459,3.25,2508
463.0,0.6977269053459167,3.5,2509
190.0,0.2885090708732605,9.0,2510
273.5,0.5896398425102234,-0.25,2511
197.0,0.21004317700862885,0.5,2512
252.0,0.4121721386909485,6.25,2513
349.5,0.3727342486381531,4.125,2514
387.5,0.36002665758132935,9.0,2515
236.5,0.19788016378879547,6.5,2516
207.0,0.5120261311531067,9.0,2517
521.0,0.6455286145210266,6.25,2518
169.5,0.32262346148490906,9.0,2519
193.0,0.5027980208396912,6.875,2520
483.0,0.560296893119812,1.0,2521
243.5,0.316301167011261,6.25,2522
102.5,0.36586588621139526,3.25,2523
365.5,0.3317374587059021,7.0,2524
143.0,0.3053734004497528,0.5,2525
526.0,0.36250871419906616,-1.0,2526
634.5,0.2638806402683258,3.75,2527
163.5,0.2128545492887497,5.5,2528
182.5,0.5260499715805054,3.25,2529
273.0,0.3816455602645874,1.5,2530
145.5,0.38630974292755127,3.25,2531
340.5,0.346314013004303,9.0,2532
232.0,0.34601572155952454,9.0,2533
384.0,0.38914138078689575,-2.0,2534
238.5,0.1488758772611618,9.0,2535
168.5,0.4406028389930725,0.5,2536
222.0,0.29900622367858887,2.75,2537
513.0,0.46887776255607605,1.5,2538
405.5,0.3793594539165497,3.5,2539
241.0,0.36491578817367554,3.5,2540
88.0,0.47889819741249084,3.25,2541
398.0,0.4317415952682495,4.25,2542
151.0,0.2592911422252655,1.5,2543
341.0,0.36777669191360474,9.0,2544
323.0,0.19978073239326477,9.0,2545
312.0,0.331018328666687,5.0,2546
116.0,0.315732479095459,3.25,2547
134.0,0.31383422017097473,0.5,2548
125.5,0.323620468378067,3.25,2549
262.5,0.3339894711971283,9.0,2550
267.5,0.3931208848953247,6.25,2551
479.0,0.4735703468322754,3.5,2552
131.5,0.3889235854148865,0.5,2553
281.0,0.4462691843509674,3.5,2554
246.0,0.3120478093624115,3.5,2555
269.0,0.4044736623764038,3.5,2556
297.0,0.3873610496520996,6.25,2557
182.5,0.2413194328546524,1.5,2558
255.0,0.704698383808136,4.125,2559
469.5,0.4691951274871826,1.0,2560
390.5,0.2650395631790161,3.5,2561
280.5,0.3312784731388092,9.0,2562
688.0,0.4104149341583252,6.25,2563
426.5,0.2410828322172165,4.5,2564
656.5,0.28630027174949646,1.0,2565
348.0,0.1834562122821808,6.25,2566
469.0,0.27002832293510437,1.5,2567
761.5,0.2708893418312073,0.5,2568
227.5,0.22390733659267426,3.25,2569
111.0,0.38488173484802246,3.25,2570
236.0,0.4652320444583893,3.5,2571
113.5,0.33058273792266846,5.5,2572
260.0,0.6486541032791138,-0.75,2573
421.0,0.18497037887573242,6.25,2574
188.5,0.2483411580324173,0.5,2575
347.5,0.3187219202518463,6.25,2576
110.0,0.3585490584373474,3.25,2577
124.0,0.6338635087013245,-0.25,2578
148.5,0.3109198808670044,5.0,2579
455.5,0.6020191311836243,2.75,2580
361.5,0.2972651422023773,-0.75,2581
467.0,0.09173084795475006,4.125,2582
378.5,0.31883859634399414,3.5,2583
768.0,0.337189644575119,-1.5,2584
345.5,0.12729088962078094,9.0,2585
229.5,0.3546087145805359,9.0,2586
253.0,0.5244235396385193,9.0,2587
128.0,0.6312457919120789,0.5,2588
196.5,0.28313499689102173,6.25,2589
469.5,0.7301315665245056,6.25,2590
84.5,0.2539583146572113,-1.0,2591
361.5,0.3139292299747467,3.5,2592
355.0,0.3258000910282135,3.5,2593
409.0,0.2568216025829315,7.25,2594
260.5,0.26686471700668335,9.0,2595
384.0,0.5442216396331787,-2.5,2596
234.5,0.06001581996679306,2.75,2597
575.0,0.5221669673919678,1.0,2598
99.5,0.1862984001636505,0.5,2599
342.0,0.535908579826355,4.125,2600
317.0,0.2974150478839874,6.25,2601
180.0,0.24127094447612762,5.5,2602
252.5,0.21075889468193054,3.25,2603
104.0,0.29658225178718567,3.25,2604
312.0,0.3837776780128479,0.5,2605
329.0,0.26169461011886597,9.0,2606
350.5,0.35043859481811523,3.375,2607
230.0,0.3069497346878052,3.25,2608
635.5,0.33009979128837585,3.75,2609
281.5,0.28388646245002747,6.25,2610
132.5,0.4701738655567169,3.25,2611
284.5,0.41049614548683167,9.0,2612
369.5,0.47881871461868286,6.25,2613
328.0,0.38209348917007446,3.5,2614
189.5,0.23213228583335876,0.5,2615
768.0,0.35930779576301575,-2.5,2616
500.5,0.11124812066555023,1.0,2617
175.5,0.3754507899284363,0.5,2618
288.0,0.32491981983184814,3.5,2619
339.5,0.32300126552581787,9.0,2620
139.5,0.2804497182369232,0.5,2621
358.5,0.3490917980670929,6.25,2622
283.5,0.42961809039115906,9.0,2623
245.0,0.40005481243133545,9.0,2624
333.5,0.4265044033527374,9.0,2625
196.5,0.3679391145706177,3.25,2626
206.0,0.18153740465641022,5.5,2627
320.5,0.45542970299720764,3.5,2628
301.0,0.3566926419734955,6.25,2629
267.5,0.26433616876602173,9.0,2630
619.0,0.4113985300064087,1.75,2631
284.0,0.17059652507305145,6.25,2632
335.0,0.5247856974601746,6.875,2633
417.0,0.363674134016037,3.5,2634
246.0,0.20513470470905304,9.0,2635
357.0,0.3530779182910919,9.0,2636
143.0,0.39663347601890564,3.25,2637
192.0,0.3341887295246124,2.0,2638
426.0,0.27082550525665283,9.0,2639
547.5,0.2696925699710846,4.75,2640
348.0,0.19805306196212769,9.0,2641
421.5,0.45030948519706726,6.25,2642
768.0,0.2927511930465698,-1.5,2643
184.0,0.18025009334087372,0.5,2644
375.5,0.2702244818210602,7.0,2645
273.5,0.3083512485027313,9.0,2646
247.5,0.3211483359336853,0.5,2647
257.0,0.23312760889530182,9.0,2648
440.5,0.45627763867378235,0.5,2649
202.5,0.31690678000450134,3.25,2650
200.0,0.28786253929138184,9.0,2651
287.0,0.26812466979026794,9.0,2652
426.5,0.2573147416114807,3.5,2653
381.0,0.3513046205043793,6.5,2654
86.0,0.31518539786338806,3.25,2655
194.0,0.5076197981834412,0.5,2656
463.5,0.2778475284576416,9.0,2657
200.5,0.15478570759296417,3.25,2658
340.5,0.30545124411582947,4.75,2659
158.5,0.27807217836380005,9.0,2660
255.5,0.4512195289134979,5.25,2661
326.0,0.45735958218574524,3.5,2662
167.5,0.24338898062705994,0.5,2663
411.5,0.3778804540634155,4.125,2664
303.0,0.301852285861969,9.0,2665
224.0,0.46019503474235535,0.5,2666
282.5,0.3839605152606964,9.0,2667
287.5,0.4489993751049042,2.0,2668
379.5,0.4119429290294647,-1.5,2669
254.5,0.24858735501766205,9.0,2670
128.0,0.42618411779403687,0.5,2671
491.5,0.6183276772499084,0.25,2672
175.0,0.27313628792762756,3.25,2673
460.0,0.46596699953079224,0.0,2674
667.0,0.3020007312297821,-0.5,2675
125.5,0.19318467378616333,1.125,2676
465.5,0.23377138376235962,-0.25,2677
262.5,0.11691312491893768,7.0,2678
286.5,0.42919716238975525,3.5,2679
162.0,0.30587995052337646,9.0,2680
263.5,0.5474678874015808,6.25,2681
327.5,0.37508806586265564,4.75,2682
328.5,0.3061787486076355,9.0,2683
126.5,0.3844127357006073,3.25,2684
92.0,0.3826778829097748,3.25,2685
543.5,0.4230723977088928,3.75,2686
187.5,0.2554882764816284,6.25,2687
95.5,0.4669307470321655,3.25,2688
155.5,0.5785632133483887,-2.0,2689
547.5,0.6473881006240845,7.25,2690
450.5,0.38738977909088135,4.25,2691
205.0,0.2705599069595337,3.25,2692
292.5,0.3049374222755432,9.0,2693
132.0,0.3126678168773651,3.25,2694
332.5,0.3944401741027832,9.0,2695
496.5,0.2713634967803955,2.5,2696
144.5,0.25175464153289795,3.25,2697
146.5,0.33234766125679016,0.5,2698
384.0,0.6290159225463867,-2.0,2699
223.5,0.19597741961479187,0.5,2700
768.0,0.29284441471099854,-1.5,2701
159.5,0.18755404651165009,3.25,2702
377.5,0.37328389286994934,3.5,2703
288.5,0.3276200592517853,9.0,2704
179.0,0.30382099747657776,0.5,2705
166.0,0.41644975543022156,0.5,2706
427.5,0.22824428975582123,1.75,2707
265.5,0.2540178894996643,9.0,2708
266.5,0.49738067388534546,4.125,2709
237.0,0.4443047344684601,0.75,2710
196.0,0.27689969539642334,0.5,2711
768.0,0.2911822199821472,-1.5,2712
768.0,0.20802514255046844,-1.5,2713
106.0,0.19520360231399536,3.25,2714
199.5,0.42756378650665283,6.25,2715
254.5,0.5420792102813721,6.25,2716
351.0,0.45341071486473083,2.0,2717
475.5,0.313491553068161,3.75,2718
115.5,0.31045907735824585,0.5,2719
226.0,0.38510388135910034,0.5,2720
404.0,0.5355812907218933,4.75,2721
245.0,0.42054328322410583,0.5,2722
283.0,0.221501424908638,6.25,2723
76.0,0.4044633209705353,3.25,2724
175.5,0.5609384775161743,-0.25,2725
134.5,0.40102875232696533,-1.0,2726
454.0,0.43114688992500305,4.25,2727
601.5,0.23536954820156097,1.75,2728
161.0,0.21146869659423828,-0.25,2729
361.0,0.5145298838615417,3.5,2730
328.5,0.36619091033935547,3.5,2731
130.5,0.43701672554016113,3.25,2732
281.0,0.5315964221954346,3.5,2733
453.0,0.48279160261154175,1.75,2734
347.5,0.24516667425632477,3.5,2735
378.0,0.45748764276504517,3.5,2736
154.0,0.3069418668746948,5.5,2737
259.0,0.5387880206108093,4.75,2738
397.0,0.3526515066623688,4.375,2739
0.5,0.382747620344162,-2.5,2740
169.0,27.315292358398438,1.25,2741
2.5,0.35865283012390137,-2.5,2742
309.0,8.228991508483887,9.0,2743
100.0,0.4004789888858795,0.5,2744
274.5,0.2830355763435364,9.0,2745
405.5,0.349799782037735,1.5,2746
202.5,0.43897297978401184,0.5,2747
372.0,0.3407285809516907,5.0,2748
503.5,0.47618618607521057,1.5,2749
235.5,0.31016266345977783,-1.0,2750
398.0,0.24455399811267853,4.25,2751
169.5,0.29492172598838806,6.875,2752
167.5,0.5352113246917725,3.25,2753
286.5,0.32636648416519165,9.0,2754
204.0,0.3662472069263458,0.5,2755
291.5,0.32117339968681335,5.75,2756
515.0,0.24667558073997498,1.0,2757
411.5,0.30588239431381226,7.25,2758
202.0,0.2850740849971771,6.5,2759
332.5,0.39881211519241333,9.0,2760
221.0,0.325698584318161,4.75,2761
688.5,0.6031098365783691,-1.0,2762
100.5,0.20110869407653809,3.25,2763
432.5,0.39481663703918457,2.0,2764
611.5,0.24884821474552155,-0.5,2765
474.0,0.220637708902359,5.0,2766
113.5,0.27381229400634766,2.0,2767
516.0,0.46943411231040955,3.75,2768
274.0,0.3446514308452606,3.5,2769
326.5,0.39501237869262695,3.5,2770
338.0,0.2915104031562805,9.0,2771
319.5,0.3679288625717163,6.25,2772
255.5,0.3018275499343872,3.5,2773
337.0,0.39717426896095276,3.5,2774
102.5,0.3321547508239746,1.25,2775
119.5,0.39803603291511536,3.25,2776
87.5,0.42849189043045044,-0.25,2777
76.5,0.6263163089752197,3.25,2778
86.5,0.5355412364006042,3.25,2779
112.0,0.9310505390167236,0.5,2780
255.0,0.3479245901107788,6.25,2781
243.5,0.5347313284873962,7.0,2782
151.0,0.34869131445884705,3.25,2783
220.5,0.3751634359359741,-1.0,2784
326.5,0.2960171699523926,2.5,2785
482.5,0.2900741696357727,3.5,2786
265.5,0.22458770871162415,3.5,2787
384.0,0.3132356107234955,-2.0,2788
301.5,0.20304715633392334,9.0,2789
302.0,0.3745648264884949,4.25,2790
249.0,0.3387754261493683,6.25,2791
119.0,0.41382896900177,-0.25,2792
235.0,0.4531497061252594,6.875,2793
134.0,0.5109748244285583,0.5,2794
341.0,0.5186463594436646,1.5,2795
195.5,0.382309228181839,0.5,2796
284.0,0.35869064927101135,9.0,2797
472.5,0.31732478737831116,4.0,2798
444.0,0.23925159871578217,4.875,2799
112.5,0.299263596534729,3.25,2800
347.0,0.486797571182251,9.0,2801
336.0,0.32783669233322144,3.5,2802
606.0,0.2644732892513275,0.5,2803
201.5,0.10352719575166702,1.125,2804
137.5,0.22595256567001343,3.25,2805
297.5,0.5192238092422485,9.0,2806
211.0,0.35189321637153625,9.0,2807
387.5,0.37380146980285645,2.5,2808
278.0,0.33907049894332886,9.0,2809
299.0,0.5689929127693176,9.0,2810
331.0,0.2624686658382416,3.5,2811
393.5,0.3463384211063385,3.5,2812
195.0,0.3682819604873657,3.25,2813
424.0,0.38195347785949707,2.0,2814
398.5,0.3238431215286255,6.5,2815
187.0,0.45252862572669983,3.5,2816
400.0,0.4590342938899994,9.0,2817
304.0,0.33902865648269653,3.5,2818
121.0,0.23906652629375458,0.5,2819
332.0,0.6208284497261047,4.5,2820
307.0,0.40114516019821167,9.0,2821
206.0,0.3894988000392914,9.0,2822
209.5,0.5157726407051086,2.0,2823
135.0,0.5474969744682312,3.25,2824
102.5,0.3844482898712158,0.5,2825
621.5,0.3242114186286926,1.5,2826
162.5,0.13133209943771362,0.5,2827
372.5,0.5061490535736084,4.75,2828
282.0,0.22750109434127808,4.75,2829
525.0,0.31093063950538635,-1.0,2830
299.0,0.1994583159685135,7.0,2831
143.5,0.3981649577617645,0.5,2832
424.5,0.2973395586013794,3.5,2833
188.5,0.28962039947509766,0.5,2834
514.5,0.2597907483577728,1.5,2835
197.5,0.22037263214588165,9.0,2836
264.5,0.4419611990451813,3.25,2837
169.0,0.34566235542297363,0.5,2838
185.5,0.4246137738227844,3.25,2839
258.5,0.4953368902206421,9.0,2840
280.5,0.27788046002388,2.0,2841
87.5,0.3518568277359009,-0.25,2842
537.5,0.3435100018978119,4.25,2843
391.5,0.2646110951900482,4.75,2844
172.0,0.3324100077152252,-0.75,2845
135.0,0.5051511526107788,3.25,2846
123.0,0.28816938400268555,0.5,2847
390.5,0.5274162888526917,1.5,2848
353.0,0.27501180768013,9.0,2849
203.0,0.30949053168296814,7.0,2850
75.0,0.4951878488063812,3.25,2851
432.5,0.6760896444320679,1.5,2852
295.5,0.260032594203949,3.375,2853
200.5,0.44634026288986206,-1.0,2854
307.0,0.411287397146225,9.0,2855
162.5,0.36732709407806396,3.25,2856
281.0,0.4088533818721771,6.25,2857
129.0,0.33997809886932373,1.25,2858
117.5,0.5652453899383545,3.25,2859
331.5,0.6813706159591675,4.25,2860
260.5,0.44669049978256226,9.0,2861
490.5,0.3531067669391632,3.75,2862
511.5,0.2625637948513031,2.125,2863
326.5,0.27404382824897766,4.25,2864
113.5,0.30225613713264465,3.25,2865
140.0,0.3959406018257141,0.5,2866
131.5,0.49962761998176575,0.5,2867
237.0,0.5133063793182373,2.625,2868
370.0,0.41213181614875793,7.0,2869
315.5,0.3753194510936737,6.25,2870
401.0,0.3052845001220703,4.125,2871
489.0,0.2593214511871338,5.0,2872
338.5,0.21431171894073486,4.5,2873
127.5,0.3555302321910858,3.25,2874
280.5,0.4338928163051605,7.0,2875
126.0,0.3033016622066498,3.25,2876
560.0,0.4525303244590759,1.625,2877
176.5,0.15401114523410797,0.5,2878
354.0,0.24311493337154388,3.5,2879
376.0,0.3163875937461853,6.5,2880
590.5,0.3313017189502716,1.75,2881
139.5,0.24716944992542267,3.25,2882
147.0,0.45438042283058167,3.25,2883
119.5,0.5083160400390625,0.5,2884
262.5,0.43970823287963867,9.0,2885
113.0,0.5139342546463013,0.5,2886
101.0,0.26880648732185364,3.25,2887
158.5,0.6233606338500977,0.5,2888
712.0,0.4985073506832123,-1.0,2889
454.0,0.2325432449579239,4.125,2890
330.0,0.2850729525089264,6.25,2891
226.5,0.4082794487476349,9.0,2892
288.0,0.5260838866233826,9.0,2893
384.0,0.32539546489715576,-2.0,2894
768.0,0.3092062175273895,-1.5,2895
331.0,0.15706676244735718,9.0,2896
589.0,0.279316782951355,-0.5,2897
133.5,0.2802751958370209,-0.75,2898
93.5,0.4694127142429352,0.5,2899
660.0,0.5641228556632996,3.5,2900
330.0,0.18244099617004395,0.5,2901
375.5,0.4909341335296631,0.5,2902
247.0,0.46293705701828003,9.0,2903
131.0,0.33801931142807007,0.5,2904
384.0,0.32489562034606934,-1.0,2905
253.5,0.20277166366577148,0.5,2906
251.5,0.32432323694229126,6.25,2907
384.0,0.3364611566066742,-2.0,2908
224.0,0.23736393451690674,9.0,2909
183.5,0.3078194260597229,2.75,2910
384.0,0.7782833576202393,-2.0,2911
116.5,0.23648887872695923,0.5,2912
632.5,0.23311425745487213,0.0,2913
326.5,0.14826276898384094,6.25,2914
125.0,0.42775171995162964,0.5,2915
422.0,0.3566020727157593,3.5,2916
224.5,0.3438504934310913,0.5,2917
397.0,0.1993710696697235,6.25,2918
556.5,0.29706352949142456,3.5,2919
96.5,0.1820347011089325,3.25,2920
246.0,0.44966018199920654,9.0,2921
422.0,0.27194344997406006,4.25,2922
294.0,0.21909251809120178,9.0,2923
144.0,0.5172938108444214,3.25,2924
437.5,0.44832223653793335,9.0,2925
555.5,0.35327860713005066,1.0,2926
149.0,0.2677451968193054,3.25,2927
289.5,0.17445360124111176,6.25,2928
345.5,0.3968871235847473,6.25,2929
493.5,0.4885788559913635,3.75,2930
384.0,0.24620279669761658,-1.5,2931
315.0,0.1268472969532013,3.25,2932
227.5,0.17577709257602692,3.25,2933
726.5,0.24320495128631592,1.0,2934
229.5,0.22815904021263123,9.0,2935
276.0,0.3100425601005554,9.0,2936
537.5,0.3434327244758606,2.0,2937
218.0,0.22066931426525116,3.25,2938
312.0,0.4163036346435547,7.0,2939
128.5,0.29847753047943115,0.5,2940
454.5,0.4483877122402191,9.0,2941
586.5,0.2594521939754486,0.5,2942
170.0,0.18107573688030243,3.25,2943
121.0,0.32105952501296997,3.25,2944
400.0,0.44446897506713867,6.25,2945
480.5,0.37638917565345764,4.25,2946
398.5,0.22391176223754883,-0.5,2947
384.0,0.32123151421546936,7.0,2948
384.0,0.287246435880661,-1.0,2949
93.5,0.2108752578496933,3.25,2950
230.5,0.37152525782585144,4.25,2951
281.5,0.3259502351284027,4.25,2952
384.0,0.3251107335090637,-2.0,2953
119.5,0.24999551475048065,3.25,2954
124.5,0.4565809369087219,3.25,2955
141.5,0.3414279818534851,3.25,2956
295.5,0.376289963722229,3.5,2957
351.5,0.3515605032444,6.25,2958
220.0,0.31570863723754883,9.0,2959
254.0,0.4724745750427246,9.0,2960
270.5,0.3788730502128601,6.25,2961
147.5,0.5279710292816162,0.5,2962
358.0,0.4369828701019287,5.0,2963
265.5,0.28684693574905396,9.0,2964
206.5,0.4836842715740204,6.25,2965
683.0,0.2772679030895233,0.25,2966
222.5,0.2357427477836609,4.75,2967
677.5,0.4470720887184143,1.5,2968
424.5,0.24987711012363434,6.25,2969
438.0,0.35504043102264404,3.5,2970
322.0,0.31483736634254456,9.0,2971
183.5,0.35862645506858826,3.25,2972
264.5,0.3784191608428955,6.25,2973
131.0,0.44163212180137634,3.25,2974
542.5,0.41560038924217224,4.0,2975
107.5,0.27438995242118835,3.25,2976
314.0,0.5869634747505188,1.0,2977
141.0,0.382005900144577,0.5,2978
299.0,0.4581944942474365,7.75,2979
572.5,0.30717653036117554,3.75,2980
566.0,0.23977264761924744,1.25,2981
165.5,0.14332635700702667,0.5,2982
256.5,0.2679493725299835,9.0,2983
272.5,0.4035128355026245,2.125,2984
397.0,0.43025022745132446,3.5,2985
282.5,0.30063173174858093,1.5,2986
278.5,0.49744272232055664,9.0,2987
399.0,0.394368439912796,4.25,2988
100.0,0.25962430238723755,0.5,2989
206.0,0.4514395594596863,5.5,2990
258.5,0.546452522277832,3.5,2991
307.0,0.527528703212738,6.25,2992
197.5,0.37244611978530884,0.5,2993
317.0,0.3573375940322876,6.25,2994
339.5,0.3360026478767395,4.125,2995
262.5,0.34383440017700195,0.5,2996
437.0,0.34538546204566956,4.25,2997
380.0,0.33075782656669617,3.5,2998
227.0,0.2757991552352905,9.0,2999
318.0,0.4292515218257904,5.0,3000
251.5,0.44768136739730835,6.25,3001
285.5,0.39233869314193726,3.5,3002
330.0,0.2652382254600525,3.0,3003
488.0,0.22994188964366913,6.25,3004
333.0,0.26110541820526123,6.25,3005
571.0,0.30315425992012024,1.625,3006
335.0,0.19274269044399261,4.25,3007
285.5,0.4173456132411957,2.75,3008
200.5,0.35429373383522034,9.0,3009
376.0,0.5471329092979431,3.5,3010
401.5,0.3666061460971832,3.5,3011
324.5,0.2978275716304779,6.25,3012
546.0,0.40423619747161865,3.75,3013
103.0,0.15027488768100739,3.25,3014
574.5,0.532328724861145,1.625,3015
149.0,0.21962592005729675,0.5,3016
243.0,0.30608800053596497,9.0,3017
282.5,0.3453148305416107,4.75,3018
162.5,0.5575090050697327,-0.75,3019
659.5,0.42543232440948486,-1.0,3020
182.5,0.23551738262176514,0.5,3021
313.5,0.4539650082588196,9.0,3022
425.5,0.3948934078216553,3.5,3023
174.0,0.31199705600738525,5.0,3024
345.5,0.5865936875343323,0.75,3025
152.0,0.2422872632741928,0.5,3026
289.5,0.4295259416103363,3.25,3027
267.5,0.20563875138759613,9.0,3028
430.0,0.4884100556373596,2.25,3029
158.5,0.332277774810791,9.0,3030
396.5,0.4798687696456909,5.0,3031
352.0,0.2488897293806076,4.25,3032
390.0,0.2180975377559662,9.0,3033
458.5,0.26110878586769104,9.0,3034
269.5,0.3351532816886902,9.0,3035
196.5,0.402003675699234,6.25,3036
264.0,0.34372448921203613,9.0,3037
296.5,0.34384840726852417,4.125,3038
231.5,0.36256134510040283,9.0,3039
252.0,0.4807164669036865,3.25,3040
116.0,0.37856751680374146,3.25,3041
152.0,0.4344061613082886,3.25,3042
250.5,0.3209708333015442,9.0,3043
244.5,0.5211676359176636,6.25,3044
187.5,0.37796032428741455,9.0,3045
144.5,0.4295267164707184,3.25,3046
255.0,0.39733001589775085,9.0,3047
521.0,0.4597235918045044,1.0,3048
757.5,0.23054450750350952,0.25,3049
228.0,0.20704738795757294,4.75,3050
140.5,0.3582465350627899,0.5,3051
280.0,0.3659803569316864,-1.5,3052
200.5,0.2815561592578888,9.0,3053
487.0,0.4532022178173065,5.0,3054
460.0,0.28502699732780457,6.5,3055
423.0,0.2548182010650635,4.0,3056
75.0,0.3415236473083496,3.25,3057
203.0,0.5732897520065308,6.25,3058
490.5,0.5632066130638123,1.5,3059
536.5,0.32618290185928345,1.0,3060
459.5,0.2731735110282898,3.5,3061
468.0,0.31080037355422974,0.5,3062
267.0,0.17613433301448822,-0.25,3063
221.5,0.16734686493873596,3.5,3064
272.5,0.36583441495895386,6.25,3065
473.5,0.36670196056365967,0.0,3066
410.0,0.20900848507881165,4.875,3067
272.5,0.24001511931419373,4.125,3068
455.5,0.3873390555381775,2.0,3069
285.5,0.26398804783821106,9.0,3070
475.5,0.4088131785392761,3.5,3071
148.5,0.5010514855384827,0.5,3072
125.5,0.386707603931427,3.25,3073
231.5,0.4516324996948242,6.25,3074
145.5,0.41361117362976074,3.25,3075
360.5,0.499612033367157,3.5,3076
294.5,0.3030500113964081,9.0,3077
181.0,0.4738243818283081,6.875,3078
123.0,0.4995034635066986,3.25,3079
180.0,0.5417528748512268,3.25,3080
160.0,0.3040909767150879,0.0,3081
134.5,0.6167868971824646,3.25,3082
568.5,0.4458824098110199,3.5,3083
220.0,0.2700784206390381,6.25,3084
283.5,0.5584969520568848,6.25,3085
170.0,0.3629221022129059,9.0,3086
230.5,0.5939010977745056,9.0,3087
608.5,0.4326120913028717,-0.5,3088
339.0,0.226106196641922,9.0,3089
318.0,0.3598705530166626,5.0,3090
175.0,0.3430942893028259,3.25,3091
220.5,0.405172199010849,9.0,3092
381.0,0.35404297709465027,3.5,3093
72.5,0.4573401212692261,-1.0,3094
354.5,0.6865682005882263,6.25,3095
384.0,0.507169246673584,-2.5,3096
259.5,0.05549631267786026,6.25,3097
218.5,0.31050342321395874,3.25,3098
308.0,0.3854362368583679,9.0,3099
150.0,0.35665562748908997,2.0,3100
422.0,0.48236513137817383,3.5,3101
2.5,0.43035250902175903,-2.5,3102
768.0,8.143775939941406,-2.0,3103
468.0,0.2220943570137024,6.25,3104
80.0,0.3451058864593506,3.25,3105
514.5,0.695667564868927,1.75,3106
97.0,0.21549278497695923,3.25,3107
118.0,0.44602906703948975,3.25,3108
102.0,0.5136001706123352,-1.0,3109
413.0,0.4769074618816376,7.0,3110
315.5,0.24147824943065643,-1.5,3111
388.5,0.16154956817626953,9.0,3112
205.0,0.30880650877952576,9.0,3113
137.0,0.3431536853313446,0.5,3114
272.0,0.27801358699798584,9.0,3115
222.5,0.391511470079422,2.0,3116
491.0,0.4106377363204956,4.125,3117
229.5,0.19936378300189972,6.25,3118
227.0,0.35015711188316345,6.25,3119
216.0,0.5281713604927063,1.25,3120
322.5,0.2766804099082947,9.0,3121
516.5,0.4260762929916382,3.25,3122
304.5,0.24979929625988007,3.25,3123
309.0,0.19890688359737396,4.25,3124
102.0,0.2873081862926483,3.25,3125
133.0,0.3735908269882202,0.5,3126
208.0,0.3347587287425995,0.5,3127
389.0,0.22165842354297638,1.5,3128
147.5,0.303180992603302,1.25,3129
367.5,0.33757051825523376,9.0,3130
272.5,0.29022541642189026,3.5,3131
100.0,0.43594300746917725,3.25,3132
369.0,0.43144306540489197,9.0,3133
507.0,0.40435171127319336,5.0,3134
506.5,0.3394409716129303,0.0,3135
339.0,0.23348109424114227,3.5,3136
110.5,0.42232218384742737,1.25,3137
213.5,0.6563316583633423,3.25,3138
445.0,0.3849925398826599,2.0,3139
177.5,0.4046884775161743,3.25,3140
758.0,0.4319937825202942,-1.0,3141
294.5,0.17119497060775757,3.5,3142
677.0,0.4241589903831482,6.25,3143
299.0,0.2499285489320755,6.875,3144
444.0,0.26163607835769653,2.25,3145
528.5,0.3450157344341278,3.75,3146
504.0,0.24762645363807678,1.5,3147
123.5,0.30872663855552673,3.25,3148
271.0,0.4732639193534851,9.0,3149
291.5,0.3309295177459717,3.5,3150
138.0,0.33373743295669556,0.5,3151
150.5,0.4234601557254791,3.25,3152
168.5,0.40702328085899353,0.5,3153
467.5,0.2990333139896393,4.125,3154
564.5,0.25526076555252075,3.5,3155
131.0,0.3188526928424835,0.5,3156
264.0,0.29856425523757935,4.25,3157
380.0,0.23586077988147736,0.75,3158
374.0,0.2956281900405884,4.125,3159
79.0,0.30918771028518677,3.25,3160
218.0,0.48844844102859497,0.5,3161
102.5,0.2600748836994171,3.25,3162
512.5,0.3529279828071594,2.0,3163
190.0,0.31431663036346436,9.0,3164
101.0,0.5514594316482544,3.25,3165
216.0,0.3829740285873413,0.5,3166
247.5,0.23414629697799683,9.0,3167
407.5,0.46265116333961487,6.25,3168
517.0,0.32323795557022095,4.125,3169
538.5,0.2769589126110077,3.25,3170
280.0,0.20324306190013885,6.25,3171
157.5,0.43461742997169495,0.5,3172
475.0,0.2207971066236496,3.5,3173
565.0,0.2373666763305664,1.0,3174
406.0,0.1567057967185974,3.5,3175
281.5,0.3231356739997864,6.25,3176
548.0,0.34109005331993103,1.0,3177
392.0,0.19093286991119385,4.875,3178
448.0,0.32700586318969727,3.5,3179
704.5,0.27209505438804626,1.0,3180
339.0,0.1874360889196396,7.25,3181
378.5,0.33274945616722107,6.25,3182
225.5,0.3294138014316559,6.25,3183
240.5,0.29753774404525757,4.25,3184
496.0,0.3570890426635742,6.25,3185
179.5,0.31426236033439636,9.0,3186
200.0,0.5788004398345947,3.5,3187
650.0,0.5684497356414795,0.5,3188
222.0,0.1210545226931572,6.25,3189
113.5,0.32485371828079224,0.5,3190
208.0,0.48916691541671753,6.875,3191
340.0,0.5170799493789673,6.25,3192
138.0,0.4368181526660919,0.5,3193
111.5,0.31082600355148315,0.5,3194
134.5,0.4963807165622711,3.25,3195
371.0,0.26328301429748535,0.5,3196
156.0,0.21501393616199493,5.5,3197
233.0,0.8081377148628235,9.0,3198
342.0,0.4258899390697479,9.0,3199
316.0,0.3244524598121643,6.25,3200
92.5,0.27881720662117004,3.25,3201
269.0,0.6289365291595459,3.25,3202
414.5,0.27467080950737,4.75,3203
186.5,0.22761967778205872,6.875,3204
212.5,0.45114386081695557,-0.75,3205
368.5,0.3032298982143402,3.5,3206
376.5,0.28217804431915283,0.0,3207
123.0,0.3881599009037018,0.75,3208
228.5,0.4905689060688019,6.5,3209
184.0,0.37952443957328796,9.0,3210
86.0,0.5521487593650818,3.25,3211
651.5,0.5345887541770935,1.25,3212
490.5,0.18033792078495026,3.75,3213
201.5,0.26768502593040466,3.25,3214
452.5,0.44654130935668945,3.5,3215
495.5,0.2959006428718567,5.0,3216
103.5,0.2681853175163269,0.5,3217
194.5,0.5851080417633057,9.0,3218
85.5,0.48944100737571716,0.5,3219
302.0,0.6072955131530762,9.0,3220
413.5,0.4461674094200134,3.5,3221
623.5,0.29250144958496094,1.75,3222
194.0,0.1814180612564087,9.0,3223
124.0,0.7311269640922546,0.5,3224
727.5,0.20039930939674377,3.75,3225
708.0,0.22850401699543,1.0,3226
257.0,0.2215825468301773,9.0,3227
384.0,0.39559683203697205,0.5,3228
140.5,0.25044021010398865,3.25,3229
209.0,0.552664577960968,0.5,3230
343.0,0.2779551148414612,3.5,3231
321.0,0.3263900578022003,6.25,3232
525.0,0.4377691149711609,1.0,3233
487.5,0.22077834606170654,6.5,3234
274.0,0.23179374635219574,3.5,3235
144.5,0.2525627613067627,1.125,3236
179.5,0.6095593571662903,3.375,3237
224.0,0.6203446388244629,0.5,3238
280.0,0.23091545701026917,5.5,3239
283.5,0.28953415155410767,6.25,3240
358.5,0.2882412075996399,4.25,3241
371.0,0.3084883987903595,8.25,3242
237.0,0.32229742407798767,9.0,3243
300.5,0.2731756269931793,9.0,3244
239.5,0.35571739077568054,6.25,3245
552.5,0.43000468611717224,2.0,3246
368.5,0.2899940609931946,6.25,3247
589.0,0.2655543088912964,3.75,3248
359.0,0.2685827314853668,-0.75,3249
398.0,0.18655547499656677,3.5,3250
367.5,0.33496513962745667,6.25,3251
209.5,0.316259503364563,9.0,3252
172.5,0.4674626588821411,3.25,3253
274.5,0.4126434028148651,3.5,3254
624.5,0.3498762845993042,-0.5,3255
564.0,0.24188487231731415,2.125,3256
209.0,0.1609388291835785,5.5,3257
350.0,0.4371144473552704,3.5,3258
262.0,0.2582676112651825,0.5,3259
396.0,0.22437728941440582,6.0,3260
402.0,0.2658035457134247,5.0,3261
585.0,0.25876104831695557,5.5,3262
522.5,0.1881186068058014,6.25,3263
361.0,0.26616406440734863,3.75,3264
81.0,0.22856739163398743,0.5,3265
473.0,0.6258067488670349,5.0,3266
295.0,0.2936633229255676,9.0,3267
261.0,0.3333345353603363,6.875,3268
303.0,0.3751998543739319,4.75,3269
127.0,0.3000880777835846,3.25,3270
308.5,0.5014081001281738,2.0,3271
253.0,0.3398790955543518,9.0,3272
156.0,0.41426530480384827,0.5,3273
468.0,0.5514577031135559,-2.5,3274
384.0,0.14665277302265167,-2.0,3275
539.5,0.20885160565376282,1.5,3276
370.0,0.28448328375816345,0.5,3277
142.5,0.2784864008426666,3.25,3278
112.0,0.517646849155426,3.25,3279
610.5,0.41340577602386475,1.0,3280
452.0,0.18514207005500793,2.75,3281
107.0,0.25886568427085876,3.25,3282
187.0,0.5621539950370789,9.0,3283
251.5,0.5251576900482178,3.5,3284
208.0,0.4995916783809662,9.0,3285
608.5,0.38422155380249023,3.5,3286
444.0,0.1776667833328247,9.0,3287
389.0,0.2723577320575714,3.5,3288
768.0,0.2527845799922943,-1.5,3289
216.0,0.1616945117712021,0.75,3290
377.5,0.18273620307445526,6.25,3291
608.0,0.513091504573822,0.25,3292
193.0,0.22451694309711456,3.25,3293
310.0,0.23799486458301544,3.25,3294
186.5,0.1691880077123642,9.0,3295
168.0,0.486921489238739,3.25,3296
200.0,0.3332708179950714,9.0,3297
188.0,0.3870926797389984,5.0,3298
373.0,0.3536101281642914,6.25,3299
207.5,0.3011826276779175,9.0,3300
307.5,0.41650089621543884,3.5,3301
249.0,0.41130325198173523,9.0,3302
102.5,0.504024863243103,1.5,3303
479.0,0.48271557688713074,6.25,3304
176.0,0.26823553442955017,3.25,3305
279.0,0.6195935010910034,3.5,3306
99.5,0.5520026087760925,0.5,3307
271.0,0.4131678640842438,0.5,3308
217.0,0.3647558391094208,0.5,3309
359.5,0.20628271996974945,6.25,3310
564.0,0.4254395067691803,2.25,3311
277.5,0.15466880798339844,4.25,3312
193.0,0.39622819423675537,0.5,3313
226.0,0.2618333399295807,6.25,3314
266.5,0.505870521068573,7.25,3315
210.5,0.34777846932411194,3.25,3316
302.0,0.23639827966690063,6.25,3317
138.5,0.3607509136199951,0.5,3318
384.0,0.3318271040916443,-2.0,3319
168.0,0.08395864814519882,3.25,3320
285.0,0.31138235330581665,9.0,3321
450.0,0.39418476819992065,5.0,3322
423.5,0.17849308252334595,2.0,3323
188.5,0.3034694492816925,4.75,3324
300.0,0.5340256094932556,5.5,3325
514.0,0.5213944911956787,4.875,3326
150.0,0.23424649238586426,0.5,3327
108.5,0.39437535405158997,0.5,3328
101.5,0.36131566762924194,0.5,3329
230.0,0.8837732672691345,3.5,3330
407.0,0.39027929306030273,9.0,3331
378.0,0.4037829339504242,3.25,3332
305.5,0.1985023468732834,4.0,3333
240.0,0.28735145926475525,2.5,3334
218.5,0.4427812099456787,0.5,3335
563.5,0.3020966649055481,1.0,3336
221.5,0.2904759645462036,9.0,3337
322.5,0.21436336636543274,0.25,3338
149.0,0.3493180572986603,3.25,3339
210.0,0.23942281305789948,9.0,3340
260.0,0.56461501121521,5.5,3341
278.5,0.48260876536369324,9.0,3342
301.0,0.23680777847766876,6.25,3343
112.5,0.4014098048210144,-0.25,3344
241.5,0.40686801075935364,9.0,3345
264.5,0.39865946769714355,0.5,3346
550.0,0.19632017612457275,3.5,3347
564.5,0.4103190302848816,3.75,3348
760.5,0.20698736608028412,-1.0,3349
225.0,0.2451244443655014,9.0,3350
402.5,0.3812478184700012,7.0,3351
335.5,0.32467082142829895,5.25,3352
532.0,0.2521778345108032,3.75,3353
88.5,0.23324352502822876,3.25,3354
421.0,0.5206413269042969,2.125,3355
442.0,0.28172317147254944,4.5,3356
381.5,0.26243892312049866,4.125,3357
273.5,0.3438822031021118,3.25,3358
223.0,0.32396429777145386,9.0,3359
384.0,0.31338831782341003,-2.5,3360
413.5,0.0441623330116272,1.75,3361
252.0,0.21451757848262787,6.5,3362
376.0,0.4554339647293091,1.5,3363
,0.36904892325401306,,3364
