completions/train/mean_length,rewards/train/score/mean,_step,actor/train/kl
159.625,-0.0625,0,
352.0,-0.6875,1,-0.0021918467245996
368.125,0.65625,2,0.003156714839860797
208.875,0.5625,3,-0.00024202732311096042
176.875,0.0,4,0.0018158301245421171
719.125,-2.5,5,0.006016554310917854
278.25,-0.75,6,-0.0002758026821538806
291.125,-0.75,7,0.0067695872858166695
268.25,0.4375,8,0.0007341507007367909
156.375,0.25,9,0.0009808535687625408
478.5,-1.625,10,-0.001726604881696403
241.875,0.5,11,-0.0014619523426517844
262.75,4.625,12,0.0027563837356865406
92.25,0.0625,13,0.00038039174978621304
201.875,0.0625,14,-0.0007622752455063164
142.625,-0.625,15,0.003461710177361965
344.375,-0.5,16,-0.001366957207210362
373.125,1.375,17,-0.002731013111770153
338.625,0.375,18,-0.001784549211151898
165.375,1.0,19,0.0008454877533949912
358.75,-0.0625,20,-0.0002729454718064517
383.875,-1.1875,21,0.002432178473100066
149.625,1.0,22,-0.00020368881814647466
495.75,-1.375,23,-0.0005782214575447142
80.125,-0.875,24,0.0018155688885599375
97.625,5.125,25,0.008192990906536579
185.125,0.0625,26,0.008080537430942059
130.25,-0.875,27,-0.0008618704741820693
547.125,-1.5,28,-0.0008098342805169523
519.0,-1.625,29,-0.001093386672437191
212.75,-2.0625,30,-0.00031295401277020574
168.125,0.625,31,0.0012560338946059346
201.625,0.8125,32,0.0023956298828125
338.5,-1.0,33,0.00048111422802321613
709.875,-0.9375,34,-0.0013700510608032346
73.0,-1.0,35,-0.0009625984821468592
307.875,-1.1875,36,0.009792407043278217
231.75,1.125,37,0.002348307752981782
202.625,0.125,38,0.0025014104321599007
224.375,0.375,39,-0.0007979742367751896
193.125,1.4375,40,-0.0026718012522906065
86.0,0.0,41,0.00034407211933285
135.25,-1.0,42,-0.0027160479221493006
266.0,0.28125,43,8.189611980924383e-05
190.75,-0.3125,44,0.0019856495782732964
265.75,-1.0,45,-0.006008852273225784
212.375,0.0,46,0.0010147212306037545
295.375,0.75,47,0.004542250651866198
215.625,0.125,48,-0.0016282914439216256
203.125,0.8125,49,0.0004932138253934681
350.375,-1.0,50,0.0003023259050678462
303.375,1.375,51,-0.0004484181699808687
317.125,2.0,52,-0.002570237498730421
159.375,0.25,53,0.002876675920560956
196.5,3.3125,54,0.0028461203910410404
394.5,-1.25,55,0.003183121094480157
141.0,4.875,56,0.000286173599306494
241.625,-0.3125,57,0.005870223976671696
135.75,0.75,58,0.0020479941740632057
213.5,0.46875,59,0.003535318188369274
206.375,6.71875,60,-0.005268109496682882
171.0,4.21875,61,0.01615375652909279
672.625,-1.5,62,0.02084002085030079
104.125,-0.4375,63,0.0007143958355300128
249.75,-0.3125,64,0.0074026999063789845
239.625,3.75,65,0.006838021334260702
237.75,-0.5,66,0.01735249161720276
87.5,3.6875,67,0.0002376744814682752
189.25,0.125,68,0.04327411577105522
148.375,-0.25,69,0.005494000855833292
226.375,-0.625,70,0.008197637274861336
146.25,3.875,71,0.00381523952819407
403.625,3.125,72,0.0159015916287899
335.625,2.8125,73,0.007122311275452375
121.875,2.28125,74,0.01668085716664791
123.25,4.75,75,0.03034871630370617
275.75,1.8125,76,0.07068222761154175
87.75,4.25,77,0.02005581744015217
79.375,-0.3125,78,0.058540720492601395
301.0,-1.0625,79,0.04066167026758194
146.125,2.4375,80,0.005789075046777725
112.125,0.0625,81,0.031107332557439804
86.5,3.75,82,-0.00015609640104230493
232.625,4.625,83,0.07638995349407196
234.625,1.875,84,0.03444193676114082
148.875,5.625,85,0.01901036500930786
99.375,3.5,86,0.011656968854367733
399.0,2.625,87,0.07827787101268768
482.875,2.28125,88,0.029705055058002472
419.375,2.25,89,0.0034200495574623346
101.25,5.875,90,0.015951626002788544
202.625,0.0,91,0.055530864745378494
260.625,3.1875,92,0.021826550364494324
195.75,4.125,93,0.03847014531493187
526.625,2.0625,94,0.029371092095971107
485.75,1.625,95,0.0023940643295645714
253.125,3.5625,96,0.014483748935163021
136.5,2.75,97,0.04719129949808121
495.375,1.5,98,0.06091964244842529
166.375,6.25,99,0.007430495694279671
253.625,5.5625,100,0.016138987615704536
179.75,7.25,101,0.051223739981651306
210.5,3.1875,102,0.0603676475584507
102.625,7.25,103,0.03751726076006889
492.75,1.75,104,0.1024685874581337
608.375,0.875,105,0.0029088042210787535
581.0,1.0,106,0.005532887764275074
188.375,4.1875,107,0.0054507446475327015
414.625,2.25,108,0.023988856002688408
556.375,1.125,109,0.00662433123216033
299.875,4.25,110,0.0011284475913271308
170.375,8.625,111,0.051198843866586685
248.75,3.625,112,0.058800242841243744
239.875,5.6875,113,0.04134977608919144
742.25,-0.0625,114,0.02566571533679962
222.0,3.25,115,0.0039025130681693554
217.375,5.53125,116,0.0447576642036438
284.625,4.25,117,0.04720066487789154
263.75,5.1875,118,0.024417605251073837
378.5,2.6875,119,0.031073106452822685
106.875,5.4375,120,0.013700502924621105
555.875,2.0,121,0.05283922329545021
189.0,6.375,122,0.013464846648275852
117.375,5.34375,123,0.05651920288801193
172.375,5.5,124,0.04117352515459061
250.75,6.6875,125,0.037920352071523666
199.75,5.25,126,0.04035536199808121
240.875,7.3125,127,0.03248050436377525
136.875,4.5625,128,0.046992264688014984
134.625,6.9375,129,0.05992842838168144
251.5,5.375,130,0.07182032614946365
196.5,7.53125,131,0.04003237187862396
259.625,4.5625,132,0.05811228230595589
224.375,3.875,133,0.034477099776268005
154.75,5.15625,134,0.04867421090602875
385.5,1.875,135,0.08411730080842972
162.5,6.9375,136,0.05071186646819115
373.25,4.125,137,0.030839890241622925
281.625,6.03125,138,0.028834275901317596
186.125,3.875,139,0.058477722108364105
298.375,8.6875,140,0.07365812361240387
507.25,2.6875,141,0.06852802634239197
712.875,0.125,142,0.021119924262166023
311.375,3.875,143,0.009492806158959866
104.0,4.125,144,0.018625544384121895
503.875,2.59375,145,0.11579844355583191
160.5,9.3125,146,0.020126530900597572
213.0,5.1875,147,0.07804355770349503
268.5,5.5625,148,0.046784285455942154
203.125,4.6875,149,0.021529974415898323
101.125,6.1875,150,0.05044899880886078
524.75,3.25,151,0.09035348147153854
176.0,4.8125,152,0.011781398206949234
543.25,1.875,153,0.0648958683013916
164.125,7.25,154,0.007171297445893288
293.25,4.875,155,0.06494821608066559
85.5,5.1875,156,0.04034005478024483
215.0,7.25,157,0.08268583565950394
152.5,3.875,158,0.03873057663440704
209.75,3.75,159,0.0617874413728714
341.875,5.625,160,0.06465102732181549
114.25,4.125,161,0.009644614532589912
123.5,4.8125,162,0.16276060044765472
172.125,7.625,163,0.08155480027198792
223.875,5.5,164,0.05460149794816971
188.5,4.5,165,0.06058899685740471
110.75,4.5,166,0.035681772977113724
331.5,3.5,167,0.05198369175195694
261.875,6.9375,168,0.028633713722229004
311.125,3.875,169,0.03966508060693741
393.625,3.25,170,0.014729376882314682
170.625,8.4375,171,0.023073000833392143
116.0,4.5,172,0.019718706607818604
200.25,6.28125,173,0.08268751204013824
265.375,5.3125,174,0.08052017539739609
215.625,5.25,175,0.04055856540799141
103.125,4.5,176,0.06274404376745224
295.75,8.0,177,0.04632944613695145
187.875,5.0625,178,0.012760793790221214
315.75,5.4375,179,0.026166921481490135
196.125,9.3125,180,0.05327090993523598
634.125,0.75,181,0.038962867110967636
424.0,2.625,182,0.007949244230985641
500.0,0.375,183,0.027987154200673103
719.875,0.8125,184,0.034066613763570786
217.5,5.59375,185,0.006959115620702505
230.375,4.125,186,0.07745743542909622
116.375,5.875,187,0.044173017144203186
520.625,2.5625,188,0.021676015108823776
257.375,6.5625,189,0.013505940325558186
702.0,0.8125,190,0.07618898153305054
108.875,6.5625,191,0.006907473783940077
352.5,5.25,192,0.10708385705947876
310.75,6.0625,193,0.04270312935113907
661.625,0.5,194,0.03206094354391098
524.125,1.25,195,0.01324174739420414
184.0,4.5,196,0.02333776280283928
263.875,5.875,197,0.07408539205789566
240.75,4.8125,198,0.052957888692617416
120.625,4.5,199,0.03290391340851784
126.625,10.0,200,0.07828128337860107
172.125,6.4375,201,0.04400205239653587
243.5,4.65625,202,0.04417843744158745
341.0,4.9375,203,0.03660887852311134
159.875,4.96875,204,0.044072140008211136
378.875,4.5625,205,0.06592289358377457
277.375,4.5,206,0.027911677956581116
220.5,8.6875,207,0.07593352347612381
141.875,4.5,208,0.025698689743876457
658.375,0.375,209,0.09432108700275421
130.5,3.1875,210,0.00613222224637866
255.5,3.375,211,0.027961360290646553
192.625,4.84375,212,0.03477855026721954
148.625,5.1875,213,0.0633048266172409
93.0,3.375,214,0.033198580145835876
196.625,5.75,215,0.07795136421918869
332.0,3.0,216,0.0564725361764431
136.0,5.875,217,0.02334250882267952
264.0,4.09375,218,0.05616963654756546
454.5,2.625,219,0.06033644825220108
298.0,7.4375,220,0.044940654188394547
140.75,10.0,221,0.07362368702888489
259.25,6.5625,222,0.04018789157271385
220.25,4.5,223,0.045692894607782364
182.25,5.28125,224,0.05509650334715843
105.875,7.25,225,0.04430588334798813
174.5,7.9375,226,0.12443868070840836
236.5,8.6875,227,0.03048962727189064
225.5,6.3125,228,0.06587221473455429
163.5,6.5625,229,0.060152627527713776
161.25,4.5,230,0.10659997910261154
151.125,5.5625,231,0.04892207682132721
718.375,0.125,232,0.06947211921215057
182.75,7.5,233,0.017760470509529114
489.125,1.625,234,0.05698196589946747
401.375,5.3125,235,0.018997270613908768
225.25,3.9375,236,0.030338764190673828
231.25,7.9375,237,0.12010098993778229
157.625,8.8125,238,0.059987977147102356
211.125,4.5,239,0.06943375617265701
496.625,2.78125,240,0.055138684809207916
189.625,10.0,241,0.030144257470965385
325.5,4.6875,242,0.11190421134233475
287.875,6.65625,243,0.046435169875621796
434.125,3.75,244,0.06328777968883514
238.875,4.5,245,0.060971736907958984
561.875,2.25,246,0.029368331655859947
232.125,6.78125,247,0.017372900620102882
187.875,8.625,248,0.038479436188936234
302.75,6.1875,249,0.059175796806812286
220.75,9.125,250,0.028872134163975716
499.125,2.5,251,0.06575599312782288
127.125,5.875,252,0.02293291687965393
124.5,6.125,253,0.17108358442783356
323.5,4.125,254,0.10296260565519333
302.25,3.25,255,0.057331062853336334
107.75,10.0,256,0.045712195336818695
499.125,5.375,257,0.1903955340385437
170.5,10.0,258,0.02441887930035591
166.5,7.9375,259,0.06030872464179993
270.375,3.65625,260,0.1322992891073227
466.125,2.78125,261,0.04826812818646431
206.5,2.1875,262,0.019035890698432922
366.875,3.25,263,0.04228989779949188
164.0,1.5625,264,0.0322909951210022
155.625,4.375,265,0.05983934551477432
214.0,10.0,266,0.0726005882024765
308.75,4.0625,267,0.04523014649748802
243.125,4.6875,268,0.016054458916187286
233.875,5.5,269,0.06765846163034439
140.125,9.3125,270,0.054942402988672256
270.625,4.8125,271,0.122200608253479
279.0,3.875,272,0.06154801324009895
241.75,6.03125,273,0.05392248556017876
174.0,5.8125,274,0.054325446486473083
213.625,5.875,275,0.049237463623285294
250.0,5.6875,276,0.06064755842089653
143.375,4.5,277,0.07662466168403625
239.125,4.96875,278,0.16747209429740906
347.5,3.25,279,0.08979921042919159
203.5,4.5,280,0.03851676359772682
111.875,10.0,281,0.0718199834227562
159.125,4.5,282,0.10860056430101395
183.0,5.875,283,0.1505543440580368
416.125,2.78125,284,0.09696783125400543
393.5,4.0625,285,0.01967320591211319
634.625,0.75,286,0.0375518798828125
135.25,7.25,287,0.029935885220766068
109.75,9.3125,288,0.1889944225549698
309.25,5.8125,289,0.10291597992181778
290.375,4.5,290,0.059742044657468796
167.125,6.34375,291,0.0567878857254982
164.375,5.0625,292,0.1674523949623108
163.5,4.65625,293,0.05780484899878502
333.625,5.96875,294,0.18066826462745667
344.625,4.09375,295,0.04680371284484863
245.125,4.65625,296,0.05145799368619919
167.5,6.4375,297,0.06794917583465576
726.5,-0.5,298,0.08162393420934677
208.25,5.5,299,0.012155587784945965
394.375,4.46875,300,0.06771025061607361
141.875,5.0,301,0.036930326372385025
170.25,4.5,302,0.07586020976305008
171.125,4.65625,303,0.1165895164012909
319.375,6.625,304,0.09804470837116241
151.875,5.0,305,0.04293413832783699
267.0,4.0,306,0.0972079485654831
598.0,1.0,307,0.07168798893690109
376.125,3.9375,308,0.025798004120588303
144.875,5.1875,309,0.0468156635761261
150.625,8.25,310,0.0915364995598793
136.25,10.0,311,0.11796265095472336
393.375,2.5,312,0.15657496452331543
125.0,7.71875,313,0.03946249186992645
125.375,5.9375,314,0.18407905101776123
356.875,5.71875,315,0.2044527679681778
477.125,3.3125,316,0.06363522261381149
164.0,4.5,317,0.039133742451667786
190.75,4.5,318,0.10077297687530518
245.25,7.9375,319,0.11175402253866196
237.125,8.3125,320,0.09008672833442688
143.75,9.5625,321,0.06979348510503769
244.375,4.6875,322,0.16428183019161224
428.375,7.4375,323,0.10082434117794037
202.5,5.1875,324,0.03941472992300987
318.375,5.8125,325,0.09754984080791473
95.125,8.96875,326,0.04636616259813309
215.75,8.5,327,0.15288850665092468
188.0,4.5,328,0.0835648775100708
194.625,6.21875,329,0.12193159013986588
208.75,6.65625,330,0.11322728544473648
255.25,8.0,331,0.05376138538122177
278.5,8.125,332,0.08468208461999893
223.875,8.625,333,0.05701872706413269
171.625,4.5,334,0.08127352595329285
231.0,7.25,335,0.09494160860776901
263.375,5.9375,336,0.0468887984752655
169.0,7.40625,337,0.09686969220638275
381.125,8.6875,338,0.09640026837587357
288.5,4.5625,339,0.04153457656502724
409.375,4.75,340,0.07023769617080688
270.0,6.5,341,0.07160339504480362
181.375,6.71875,342,0.061987102031707764
189.25,4.5,343,0.08853355795145035
307.25,4.9375,344,0.11434591561555862
268.875,6.1875,345,0.06634673476219177
205.0,5.1875,346,0.09861787408590317
439.125,2.78125,347,0.10563518851995468
533.5,3.6875,348,0.04194273799657822
409.5,2.84375,349,0.03171009570360184
137.375,10.0,350,0.03154844045639038
223.75,7.40625,351,0.1526212990283966
454.625,2.625,352,0.10207390785217285
198.25,8.78125,353,0.06532779335975647
186.875,10.0,354,0.12729573249816895
189.25,5.5625,355,0.08923179656267166
275.875,4.03125,356,0.13068683445453644
297.0,5.6875,357,0.08868899941444397
188.75,7.9375,358,0.04476900026202202
365.625,3.25,359,0.11511867493391037
174.0,6.5625,360,0.04608583450317383
463.75,3.375,361,0.11423099786043167
377.0,3.40625,362,0.04124544560909271
143.375,6.5625,363,0.07630136609077454
339.5,3.25,364,0.11621686071157455
351.25,4.75,365,0.058629076927900314
202.875,4.5,366,0.12561769783496857
257.125,9.3125,367,0.05152733623981476
137.25,5.34375,368,0.08633291721343994
176.75,7.5,369,0.13130445778369904
319.5,6.09375,370,0.14795273542404175
572.625,2.0625,371,0.07104519009590149
139.0,5.1875,372,0.036988936364650726
180.0,8.625,373,0.10089012235403061
194.25,8.625,374,0.09103137254714966
233.25,4.5,375,0.10310761630535126
189.0,6.0,376,0.10153443366289139
220.375,6.125,377,0.11522064357995987
421.375,4.625,378,0.12649479508399963
252.0,4.5,379,0.08806043863296509
177.5,7.25,380,0.11040470749139786
286.625,3.71875,381,0.0868937075138092
235.5,3.875,382,0.06386985629796982
164.125,8.09375,383,0.09459634125232697
200.875,4.5,384,0.10213495790958405
193.125,4.8125,385,0.09584476798772812
170.125,7.875,386,0.09121113270521164
768.0,-0.5,387,0.14273443818092346
274.875,7.78125,388,0.024917302653193474
579.875,1.375,389,0.08317425101995468
230.125,5.34375,390,0.0397845096886158
283.375,4.0625,391,0.14070528745651245
188.75,5.25,392,0.0757160410284996
300.5,4.5,393,0.09870161861181259
215.5,6.625,394,0.07522211968898773
128.75,10.0,395,0.11474063247442245
372.75,4.3125,396,0.1714833527803421
159.75,10.0,397,0.06847085803747177
633.625,1.09375,398,0.05029810220003128
278.875,4.5,399,0.04465263709425926
331.875,7.46875,400,0.09399238973855972
332.5,7.9375,401,0.0903761088848114
188.875,7.59375,402,0.10791268199682236
203.25,8.625,403,0.08749598264694214
240.25,4.5,404,0.09440268576145172
224.5,5.9375,405,0.08845717459917068
386.375,8.0,406,0.10949970036745071
217.25,8.625,407,0.07189727574586868
236.75,4.6875,408,0.11398185789585114
197.625,8.9375,409,0.0894935131072998
146.125,10.0,410,0.08232138305902481
408.125,3.03125,411,0.13175351917743683
353.0,4.625,412,0.04434443637728691
169.625,5.875,413,0.0735095664858818
528.25,2.78125,414,0.14012187719345093
212.0,6.375,415,0.061911944299936295
242.25,4.6875,416,0.08021979033946991
270.125,9.3125,417,0.09600580483675003
388.625,6.0,418,0.09211251884698868
354.0,3.4375,419,0.05053464695811272
264.25,3.875,420,0.10797696560621262
518.125,3.875,421,0.0899541825056076
401.375,2.625,422,0.04580625146627426
149.0,4.6875,423,0.08132092654705048
320.25,5.5,424,0.18903839588165283
334.125,6.5625,425,0.13066227734088898
198.5,5.625,426,0.08055153489112854
104.125,5.0,427,0.07439325749874115
167.75,4.5,428,0.22790218889713287
200.25,5.1875,429,0.12963788211345673
248.625,5.1875,430,0.11713457852602005
257.5,6.5625,431,0.11493480950593948
275.625,3.8125,432,0.09026715904474258
112.5,4.5,433,0.15102995932102203
207.375,6.5625,434,0.20749378204345703
238.75,6.75,435,0.08594291657209396
681.125,0.75,436,0.15742027759552002
411.0,6.625,437,0.03992869332432747
256.75,5.875,438,0.08669187128543854
346.625,4.96875,439,0.1049923524260521
310.625,4.5,440,0.08901992440223694
652.75,1.8125,441,0.09703382849693298
193.75,4.6875,442,0.050660666078329086
312.875,6.5,443,0.1305452585220337
453.625,6.09375,444,0.12691828608512878
366.25,5.125,445,0.07905487716197968
602.25,2.75,446,0.0735480785369873
601.125,1.5625,447,0.05594773218035698
318.25,5.25,448,0.045632217079401016
282.375,4.5625,449,0.14267954230308533
190.375,4.5,450,0.10579795390367508
301.0,5.1875,451,0.1657707542181015
243.625,4.125,452,0.1267869621515274
246.5,4.0625,453,0.14475487172603607
200.5,4.5,454,0.14526252448558807
207.125,8.3125,455,0.13180789351463318
298.5,6.59375,456,0.20044249296188354
398.625,4.0625,457,0.13478395342826843
552.75,2.40625,458,0.06384535133838654
416.5,5.5,459,0.060279663652181625
367.625,6.03125,460,0.0882512703537941
216.75,4.15625,461,0.12430544197559357
350.25,4.25,462,0.14177493751049042
214.625,4.125,463,0.0886588841676712
451.25,8.625,464,0.14299140870571136
189.875,5.875,465,0.08973506838083267
246.0,5.0,466,0.16164210438728333
238.25,7.25,467,0.1295839548110962
283.75,9.3125,468,0.13240353763103485
250.25,5.15625,469,0.11636365205049515
119.375,5.25,470,0.1385500282049179
239.875,4.875,471,0.20318466424942017
368.625,8.625,472,0.13416561484336853
270.25,8.625,473,0.08979859203100204
279.375,5.1875,474,0.12235681712627411
513.875,3.5,475,0.09511610120534897
276.75,8.78125,476,0.04131881520152092
365.0,5.25,477,0.11302385479211807
317.75,8.625,478,0.06397661566734314
346.125,5.375,479,0.09523652493953705
329.75,5.125,480,0.13919083774089813
188.5,5.1875,481,0.15343043208122253
183.5,4.5,482,0.1708105057477951
700.375,0.125,483,0.14861254394054413
679.625,0.375,484,0.05837835744023323
186.625,10.0,485,0.055184584110975266
328.125,5.875,486,0.1521999090909958
353.75,5.0625,487,0.08313466608524323
265.5,7.40625,488,0.0682055652141571
467.5,6.6875,489,0.11216341704130173
255.125,6.5625,490,0.07806169241666794
290.875,5.1875,491,0.12535323202610016
309.625,6.0,492,0.12491242587566376
252.625,7.25,493,0.1206473633646965
192.5,7.25,494,0.12606720626354218
387.375,5.0,495,0.17444689571857452
359.75,8.6875,496,0.07238565385341644
157.5,8.625,497,0.07024499773979187
222.875,4.5,498,0.18282243609428406
433.75,3.9375,499,0.15848474204540253
140.0,10.0,500,0.10155537724494934
193.875,4.5,501,0.1460040807723999
247.125,8.0,502,0.24143606424331665
159.0,10.0,503,0.06973360478878021
375.0,3.75,504,0.14768001437187195
321.25,6.5625,505,0.09975667297840118
123.75,10.0,506,0.11450958997011185
279.625,4.5,507,0.17085164785385132
521.75,5.5625,508,0.14139163494110107
230.125,5.875,509,0.0756005346775055
474.875,2.625,510,0.14099349081516266
217.75,5.96875,511,0.06958208978176117
378.125,3.625,512,0.11703237891197205
224.5,8.625,513,0.1362328827381134
397.375,4.25,514,0.14077872037887573
648.875,0.875,515,0.06242918223142624
694.375,0.8125,516,0.07100376486778259
198.5,8.625,517,0.05182551592588425
182.375,10.0,518,0.1808454692363739
548.5,3.625,519,0.15173852443695068
281.375,10.0,520,0.060398783534765244
235.375,5.96875,521,0.14482687413692474
503.25,2.75,522,0.11092179268598557
768.0,-0.5,523,0.07485503703355789
233.375,4.5,524,0.034983281046152115
209.0,6.75,525,0.1366375833749771
168.75,7.9375,526,0.13222503662109375
250.875,5.375,527,0.15555259585380554
618.125,2.0,528,0.1730598360300064
160.125,5.1875,529,0.08337874710559845
214.25,8.625,530,0.23770523071289062
277.375,9.3125,531,0.13704925775527954
431.875,5.75,532,0.0871233269572258
226.875,5.1875,533,0.05209670960903168
190.0,10.0,534,0.1388077288866043
434.375,5.3125,535,0.1715652346611023
333.375,4.75,536,0.10188789665699005
320.375,5.5625,537,0.09714628010988235
488.375,3.25,538,0.09421379864215851
466.625,4.6875,539,0.056078340858221054
280.625,8.625,540,0.07417551428079605
460.5,3.875,541,0.09953276813030243
608.5,3.375,542,0.05820588767528534
242.0,7.25,543,0.07139842957258224
368.0,4.1875,544,0.10368362814188004
198.375,5.0,545,0.12242431193590164
401.875,8.6875,546,0.11698683351278305
768.0,-0.5,547,0.06797048449516296
268.5,6.5625,548,0.05032433196902275
219.25,4.5,549,0.11408174782991409
281.375,10.0,550,0.036079056560993195
508.125,3.5625,551,0.10330318659543991
312.375,5.03125,552,0.07652772963047028
361.375,4.5,553,0.15157125890254974
176.875,4.84375,554,0.06395480036735535
410.875,3.3125,555,0.19555164873600006
232.0,4.5,556,0.09637671709060669
256.75,9.3125,557,0.15396828949451447
323.5,10.0,558,0.10985848307609558
390.375,6.625,559,0.11721784621477127
492.875,3.625,560,0.08432410657405853
168.375,6.28125,561,0.06564432382583618
385.625,4.5,562,0.16930915415287018
265.625,6.25,563,0.06827542185783386
431.25,4.5,564,0.12596574425697327
463.0,3.5625,565,0.09025390446186066
600.0,3.75,566,0.08648772537708282
206.625,6.0,567,0.06290137767791748
271.75,8.625,568,0.17178946733474731
207.875,10.0,569,0.11713680624961853
149.25,10.0,570,0.1487468183040619
362.25,6.5,571,0.13657689094543457
260.25,4.5,572,0.10728498548269272
175.75,5.875,573,0.10774253308773041
181.5,7.25,574,0.12854298949241638
639.875,1.6875,575,0.1064242571592331
212.25,6.9375,576,0.02859129197895527
504.875,6.15625,577,0.16536925733089447
282.125,8.0,578,0.0629289448261261
290.125,8.625,579,0.10092360526323318
390.875,8.6875,580,0.11723101884126663
200.875,8.625,581,0.10501513630151749
642.875,1.75,582,0.12453193217515945
295.75,7.90625,583,0.0929030030965805
183.25,6.375,584,0.10983637720346451
187.25,4.5,585,0.18627652525901794
661.125,0.75,586,0.19873733818531036
278.75,8.625,587,0.05060184746980667
150.75,8.09375,588,0.13817454874515533
297.125,4.5625,589,0.15931202471256256
291.375,5.25,590,0.0997137799859047
291.75,4.1875,591,0.12183356285095215
768.0,-0.5,592,0.09852253645658493
332.875,7.3125,593,0.02493397518992424
325.625,5.375,594,0.13238628208637238
310.125,8.6875,595,0.05313723906874657
156.75,5.625,596,0.07385192811489105
282.625,4.65625,597,0.1813892126083374
324.0,5.3125,598,0.1160873994231224
247.125,5.875,599,0.09893617779016495
251.25,7.25,600,0.1220509335398674
218.5,5.1875,601,0.12345828115940094
165.5,9.3125,602,0.18587377667427063
274.875,7.9375,603,0.19149616360664368
275.75,9.5,604,0.10779682546854019
308.25,6.5625,605,0.18749533593654633
204.625,5.1875,606,0.10854854434728622
127.375,10.0,607,0.15346725285053253
200.75,5.5,608,0.1799299418926239
280.375,5.125,609,0.1719038486480713
161.0,4.5,610,0.1165996715426445
202.375,10.0,611,0.10709670186042786
636.25,1.375,612,0.1923125833272934
287.0,4.65625,613,0.04012598097324371
177.375,10.0,614,0.09760646522045135
175.5,9.3125,615,0.10137586295604706
157.0,10.0,616,0.24749250710010529
514.75,2.0,617,0.0898292288184166
237.125,4.65625,618,0.10159283131361008
232.75,7.125,619,0.15163300931453705
160.25,10.0,620,0.13808661699295044
274.125,6.875,621,0.09683028608560562
343.875,6.5625,622,0.06623933464288712
311.125,5.6875,623,0.0883660763502121
254.125,9.3125,624,0.11988170444965363
167.5,6.5625,625,0.11591026186943054
298.125,5.375,626,0.15465456247329712
197.0,10.0,627,0.09263436496257782
477.5,3.5625,628,0.09600280225276947
269.25,4.875,629,0.11563087999820709
420.25,3.25,630,0.14728416502475739
205.125,7.8125,631,0.09207482635974884
326.0,4.5,632,0.17374438047409058
432.75,5.625,633,0.09182087332010269
236.25,6.375,634,0.08546096086502075
367.125,4.5625,635,0.13101904094219208
300.25,10.0,636,0.13021263480186462
235.0,8.625,637,0.14474542438983917
746.75,-0.375,638,0.18101175129413605
163.0,4.5,639,0.04864433407783508
489.0,10.0,640,0.19707238674163818
292.875,6.875,641,0.09486986696720123
505.125,2.78125,642,0.0787276178598404
185.5,10.0,643,0.0695628821849823
126.625,8.09375,644,0.11253375560045242
208.5,9.3125,645,0.3053056001663208
316.625,4.5625,646,0.07727508991956711
269.375,5.34375,647,0.10287683457136154
701.375,0.125,648,0.15727262198925018
278.0,7.25,649,0.047088563442230225
186.75,10.0,650,0.09508974850177765
410.75,5.125,651,0.14596623182296753
190.75,7.40625,652,0.14159615337848663
191.75,5.875,653,0.19192937016487122
118.375,6.5625,654,0.18838436901569366
358.0,5.9375,655,0.24657179415225983
323.625,6.1875,656,0.09727241843938828
308.0,4.5,657,0.10715070366859436
396.0,5.25,658,0.06423831731081009
156.5,4.375,659,0.07580733299255371
157.125,5.0,660,0.14706484973430634
114.5,7.9375,661,0.19575892388820648
164.75,7.25,662,0.19584375619888306
277.75,8.625,663,0.2220238298177719
290.375,4.71875,664,0.09591681510210037
158.75,5.875,665,0.12540371716022491
263.125,9.3125,666,0.1461338996887207
254.75,6.5625,667,0.09920955449342728
199.875,5.1875,668,0.09532380849123001
208.5,8.625,669,0.14029335975646973
228.875,4.28125,670,0.14057676494121552
160.25,6.5625,671,0.17777568101882935
169.375,5.8125,672,0.18467454612255096
220.75,6.5625,673,0.11704816669225693
201.125,4.5,674,0.13154739141464233
243.75,4.84375,675,0.15305106341838837
250.625,5.1875,676,0.12477468699216843
617.875,2.625,677,0.11855962872505188
381.25,5.3125,678,0.05774727463722229
288.5,5.9375,679,0.08796698600053787
176.75,10.0,680,0.15599794685840607
366.125,6.625,681,0.11665178090333939
319.625,5.9375,682,0.10184971243143082
203.875,9.3125,683,0.10422549396753311
453.125,3.3125,684,0.0904013067483902
302.875,9.3125,685,0.0897277444601059
422.5,4.5625,686,0.0664292722940445
145.625,10.0,687,0.12465038150548935
212.5,8.1875,688,0.10831403732299805
370.25,7.1875,689,0.22802895307540894
173.25,10.0,690,0.09528359770774841
155.125,4.5,691,0.17754153907299042
277.25,4.5,692,0.2002524584531784
242.875,10.0,693,0.09767529368400574
289.875,9.3125,694,0.08658111840486526
514.0,2.78125,695,0.08997013419866562
359.625,5.875,696,0.08979122340679169
387.625,3.90625,697,0.1281280368566513
258.5,10.0,698,0.11283587664365768
236.25,8.625,699,0.09519801288843155
641.875,1.5625,700,0.11654629558324814
681.875,1.25,701,0.10431130230426788
367.75,3.875,702,0.09039030969142914
566.25,2.65625,703,0.10869446396827698
168.875,6.1875,704,0.07363982498645782
384.0,5.1875,705,0.16978181898593903
696.75,0.75,706,0.1067337617278099
541.875,1.9375,707,0.03808102011680603
205.25,6.5625,708,0.07296625524759293
177.5,8.625,709,0.1493409126996994
284.125,6.625,710,0.16100424528121948
664.5,1.8125,711,0.12521766126155853
457.125,4.875,712,0.0554552897810936
173.5,7.8125,713,0.10576844960451126
400.75,4.5625,714,0.199913889169693
673.0,0.75,715,0.0894770696759224
278.125,9.3125,716,0.05483614653348923
477.75,3.9375,717,0.12169597297906876
397.375,6.0625,718,0.08012428134679794
146.75,5.875,719,0.06763238459825516
470.875,3.875,720,0.23248660564422607
322.625,5.1875,721,0.1128002405166626
238.5,4.875,722,0.1417713165283203
646.375,1.375,723,0.16536450386047363
380.0,4.5,724,0.09895923733711243
164.875,9.3125,725,0.10917572677135468
519.375,3.0,726,0.15255317091941833
260.125,4.5,727,0.09207803755998611
496.5,3.5,728,0.16711004078388214
158.625,6.5625,729,0.06879304349422455
285.75,4.0,730,0.1706629991531372
260.75,5.25,731,0.12465432286262512
157.75,10.0,732,0.16773751378059387
364.875,5.65625,733,0.2645960748195648
299.25,3.875,734,0.15940850973129272
726.75,0.125,735,0.09898310899734497
310.625,5.34375,736,0.05524773150682449
186.625,4.5,737,0.09304184466600418
170.875,10.0,738,0.15675249695777893
276.0,5.8125,739,0.22907193005084991
228.75,4.65625,740,0.15344436466693878
213.875,5.875,741,0.2459908276796341
440.125,5.375,742,0.1590760052204132
133.5,6.0625,743,0.09201394766569138
523.125,8.375,744,0.21364443004131317
447.75,3.875,745,0.08639606833457947
226.0,7.9375,746,0.12409761548042297
212.25,10.0,747,0.13542231917381287
316.0,8.0,748,0.11511115729808807
468.375,6.15625,749,0.0669008269906044
640.75,1.5625,750,0.07661997526884079
164.625,5.875,751,0.06184184551239014
229.875,9.5625,752,0.19715997576713562
215.125,6.8125,753,0.13685157895088196
395.25,2.625,754,0.13592475652694702
202.375,10.0,755,0.05226101353764534
590.625,3.4375,756,0.20101308822631836
271.875,6.5625,757,0.06882056593894958
444.875,5.1875,758,0.11455915123224258
357.625,10.0,759,0.08775023370981216
308.5,5.1875,760,0.05832056701183319
677.125,2.0625,761,0.1836085319519043
259.75,9.3125,762,0.10092062503099442
270.75,4.5,763,0.1854424774646759
281.25,4.5,764,0.1025458425283432
415.875,5.28125,765,0.1933152675628662
341.5,9.3125,766,0.11311928927898407
439.25,3.3125,767,0.1614149808883667
143.875,10.0,768,0.13894692063331604
120.0,9.3125,769,0.1431087851524353
243.5,6.5625,770,0.23944388329982758
184.625,9.3125,771,0.18244227766990662
220.625,8.75,772,0.12341320514678955
499.375,3.3125,773,0.13391385972499847
414.375,8.25,774,0.14680209755897522
482.5,8.25,775,0.11481557786464691
339.5,5.5,776,0.08855052292346954
153.0,5.875,777,0.15057216584682465
454.25,5.25,778,0.2641545236110687
171.375,4.5,779,0.08119277656078339
519.5,4.15625,780,0.13458916544914246
300.375,4.5,781,0.06589964032173157
292.5,5.875,782,0.11727067828178406
272.5,4.6875,783,0.12506958842277527
189.75,9.3125,784,0.20675180852413177
347.375,6.5625,785,0.15434832870960236
408.375,7.375,786,0.14857935905456543
297.25,5.1875,787,0.052556611597537994
299.0,6.625,788,0.19715003669261932
244.625,5.34375,789,0.12696075439453125
139.75,5.875,790,0.14978422224521637
382.625,5.9375,791,0.26224061846733093
259.0,4.5,792,0.12262856960296631
309.5,4.84375,793,0.1721164733171463
713.375,0.9375,794,0.19999316334724426
291.5,9.3125,795,0.05081658437848091
128.75,7.25,796,0.14622850716114044
141.625,4.5,797,0.26853516697883606
283.625,4.5,798,0.2445584386587143
484.25,3.875,799,0.1950719803571701
609.0,5.8125,800,0.13895636796951294
249.375,4.6875,801,0.10491210222244263
259.0,5.6875,802,0.1383664458990097
225.0,5.0,803,0.19508187472820282
282.125,4.875,804,0.3188733458518982
710.375,0.75,805,0.2469041794538498
507.625,4.6875,806,0.0891055166721344
283.375,5.1875,807,0.1249425932765007
597.0,3.125,808,0.15548427402973175
314.625,10.0,809,0.09887230396270752
121.375,6.5625,810,0.09580889344215393
221.0,4.5,811,0.2781056761741638
449.5,3.9375,812,0.2481350153684616
145.5,8.625,813,0.13212230801582336
232.625,5.875,814,0.19963008165359497
219.875,9.375,815,0.1172092854976654
248.5,4.5,816,0.08069310337305069
571.125,3.125,817,0.1508347988128662
196.625,4.5,818,0.10077070444822311
173.5,5.1875,819,0.11637091636657715
326.75,10.0,820,0.19126562774181366
218.625,9.3125,821,0.18770454823970795
337.875,4.875,822,0.2057066708803177
567.625,4.09375,823,0.12898701429367065
250.375,5.1875,824,0.0864567831158638
490.75,2.0,825,0.14402011036872864
155.125,8.625,826,0.07926324009895325
370.0,6.71875,827,0.2646765112876892
188.0,4.5,828,0.15642614662647247
296.25,5.9375,829,0.16156888008117676
263.75,8.09375,830,0.15114669501781464
274.5,5.125,831,0.10390930622816086
385.375,10.0,832,0.19154496490955353
330.25,5.1875,833,0.08554878830909729
274.5,4.0625,834,0.19456422328948975
430.0,5.3125,835,0.19225773215293884
411.875,7.8125,836,0.09249449521303177
231.375,8.46875,837,0.11792734265327454
242.875,4.78125,838,0.16380718350410461
219.625,4.65625,839,0.186189666390419
306.0,4.5625,840,0.2568655014038086
238.125,5.75,841,0.18555760383605957
394.625,5.1875,842,0.18968701362609863
243.25,6.5625,843,0.18906991183757782
252.875,5.28125,844,0.11533517390489578
175.875,10.0,845,0.13398124277591705
206.125,10.0,846,0.1884300857782364
206.625,7.5,847,0.14646656811237335
201.875,5.0,848,0.14254574477672577
583.375,2.8125,849,0.08473247289657593
474.5,2.9375,850,0.07356458902359009
463.0,5.375,851,0.07627454400062561
205.125,7.9375,852,0.07929778099060059
161.5,7.9375,853,0.15740758180618286
371.0,4.5625,854,0.19456568360328674
438.875,5.25,855,0.10501577705144882
270.75,5.28125,856,0.11124151945114136
488.375,3.9375,857,0.10268345475196838
261.625,9.3125,858,0.09496204555034637
237.625,9.3125,859,0.14142192900180817
315.5,9.3125,860,0.1550215184688568
530.875,2.0,861,0.1688643991947174
284.625,5.0,862,0.08470442146062851
177.375,8.625,863,0.1278347223997116
218.625,6.5625,864,0.182223841547966
235.75,5.1875,865,0.2491123229265213
296.875,4.8125,866,0.1622733324766159
195.875,9.3125,867,0.12786030769348145
314.875,4.6875,868,0.1554126888513565
271.125,6.0625,869,0.1311662346124649
220.875,8.9375,870,0.09921174496412277
220.875,7.25,871,0.14985398948192596
313.375,4.5,872,0.20296718180179596
251.75,5.90625,873,0.16684561967849731
378.5,6.8125,874,0.10694815218448639
432.625,8.625,875,0.16125036776065826
468.875,8.5,876,0.07090473175048828
685.125,2.9375,877,0.06689675152301788
200.0,10.0,878,0.10040813684463501
168.875,4.5,879,0.08623188734054565
137.5,10.0,880,0.19997002184391022
226.375,5.1875,881,0.2003909796476364
157.875,9.46875,882,0.1778213381767273
122.25,10.0,883,0.1852523535490036
215.0,10.0,884,0.18203863501548767
288.875,4.5,885,0.24443653225898743
210.375,5.875,886,0.16398172080516815
199.0,7.125,887,0.12600365281105042
304.875,10.0,888,0.1469060480594635
177.625,10.0,889,0.09237410873174667
151.0,4.5,890,0.16158004105091095
224.25,7.75,891,0.20225390791893005
329.875,3.875,892,0.11331203579902649
352.25,4.5,893,0.1296217441558838
228.625,10.0,894,0.18177679181098938
321.75,5.0,895,0.09492050111293793
347.75,4.5,896,0.12952466309070587
469.5,4.5,897,0.19444341957569122
277.625,7.25,898,0.10703808069229126
358.375,5.3125,899,0.20923377573490143
451.625,4.5,900,0.1289597749710083
582.875,2.0,901,0.14063876867294312
303.375,7.9375,902,0.1476018726825714
448.5,6.46875,903,0.13062596321105957
685.875,1.375,904,0.1373164802789688
404.25,7.25,905,0.09474548697471619
426.75,5.3125,906,0.1336047500371933
330.875,6.8125,907,0.12793631851673126
389.25,6.03125,908,0.16096803545951843
296.25,10.0,909,0.117999367415905
413.625,5.1875,910,0.16173942387104034
329.25,4.5625,911,0.18518981337547302
333.25,4.5,912,0.1657629907131195
471.375,5.25,913,0.1777697652578354
292.5,5.1875,914,0.18895851075649261
455.375,7.3125,915,0.19488854706287384
376.125,3.0,916,0.12432538717985153
255.625,4.5,917,0.09320888668298721
193.375,7.9375,918,0.11592007428407669
323.75,7.25,919,0.2264142632484436
237.5,10.0,920,0.14086803793907166
362.625,7.40625,921,0.16752000153064728
257.5,4.5,922,0.1669289916753769
263.0,5.875,923,0.19757045805454254
160.25,5.0625,924,0.14352725446224213
289.0,10.0,925,0.21278508007526398
400.625,7.25,926,0.11728106439113617
221.625,5.65625,927,0.16652679443359375
148.375,7.25,928,0.1610339879989624
178.5,9.3125,929,0.21816253662109375
244.5,7.25,930,0.2600402534008026
245.875,9.3125,931,0.31583264470100403
510.25,5.5625,932,0.27361369132995605
494.625,5.28125,933,0.11990272253751755
253.25,5.1875,934,0.12093153595924377
222.875,4.5625,935,0.2021479457616806
238.625,6.0625,936,0.1882825344800949
260.5,5.28125,937,0.2156432569026947
465.375,3.9375,938,0.179457888007164
321.0,4.125,939,0.13385815918445587
139.25,10.0,940,0.08719994127750397
212.0,5.1875,941,0.2661556601524353
355.875,5.34375,942,0.162648543715477
465.875,7.6875,943,0.13826219737529755
445.125,6.03125,944,0.11223496496677399
346.25,6.5625,945,0.14285814762115479
269.25,4.6875,946,0.12774427235126495
456.875,4.5,947,0.14284023642539978
395.5,10.0,948,0.12200002372264862
400.0,4.25,949,0.12995131313800812
189.625,5.0,950,0.0977528914809227
265.125,7.9375,951,0.2575979232788086
437.375,4.5,952,0.11515544354915619
235.5,10.0,953,0.11377488076686859
549.75,4.4375,954,0.12024731189012527
245.125,8.625,955,0.08999311178922653
440.875,6.5625,956,0.07602517306804657
159.5,10.0,957,0.1543773114681244
232.125,5.1875,958,0.1682400405406952
289.25,6.71875,959,0.15916375815868378
143.875,9.3125,960,0.10115549713373184
201.25,10.0,961,0.23371125757694244
270.875,10.0,962,0.11730878055095673
384.25,5.1875,963,0.0779314711689949
302.625,9.3125,964,0.1897418200969696
336.75,7.25,965,0.11335381120443344
112.375,5.1875,966,0.18715910613536835
194.625,10.0,967,0.3916895389556885
334.125,5.34375,968,0.15446485579013824
313.125,6.5625,969,0.1545555293560028
335.0,5.125,970,0.18794310092926025
256.0,4.5,971,0.14868798851966858
192.75,5.0,972,0.24979785084724426
424.625,6.3125,973,0.13709676265716553
208.125,7.9375,974,0.11578283458948135
220.625,9.46875,975,0.17360684275627136
213.75,9.3125,976,0.10657264292240143
336.75,4.5,977,0.15741370618343353
284.125,6.375,978,0.17102685570716858
355.25,3.5625,979,0.14454030990600586
283.875,5.0,980,0.0819922462105751
579.875,4.96875,981,0.11729125678539276
190.125,9.3125,982,0.09010704606771469
244.25,7.9375,983,0.1497683823108673
376.5,6.875,984,0.1569766104221344
296.125,5.71875,985,0.08301494270563126
302.5,4.96875,986,0.1582476645708084
254.875,9.46875,987,0.16126322746276855
274.75,7.0,988,0.15458248555660248
202.875,10.0,989,0.10893168300390244
210.375,6.5625,990,0.08459603786468506
245.375,4.5,991,0.14057974517345428
236.125,10.0,992,0.1135343387722969
206.375,9.3125,993,0.13273769617080688
386.5,7.0625,994,0.2053765058517456
519.875,3.25,995,0.11648591607809067
268.125,4.5,996,0.10065768659114838
410.375,5.25,997,0.18857572972774506
192.5,10.0,998,0.1179811954498291
346.25,5.25,999,0.1475292593240738
284.625,9.3125,1000,0.15695536136627197
369.625,10.0,1001,0.1225087121129036
257.0,10.0,1002,0.10282914340496063
301.375,8.625,1003,0.14302144944667816
204.25,8.3125,1004,0.14875365793704987
546.625,4.125,1005,0.13573825359344482
190.625,4.65625,1006,0.07977280020713806
604.0,2.15625,1007,0.2412329912185669
233.0,9.3125,1008,0.09483056515455246
239.625,9.5,1009,0.19144585728645325
438.625,5.25,1010,0.10899507254362106
471.75,3.59375,1011,0.10521338880062103
239.0,7.9375,1012,0.13723230361938477
396.125,9.8125,1013,0.21057473123073578
315.25,7.9375,1014,0.08161180466413498
562.25,4.3125,1015,0.16336025297641754
566.0,3.375,1016,0.09517623484134674
482.625,3.3125,1017,0.12248940765857697
238.25,7.9375,1018,0.11482874304056168
174.875,8.625,1019,0.1538625955581665
171.0,6.0,1020,0.24332378804683685
372.625,5.875,1021,0.18756480515003204
252.5,6.03125,1022,0.15823642909526825
335.125,8.625,1023,0.18332862854003906
297.125,5.1875,1024,0.09422527998685837
250.625,10.0,1025,0.2246619462966919
446.875,4.5,1026,0.18094010651111603
221.5,9.3125,1027,0.11507970839738846
229.875,7.59375,1028,0.17119985818862915
729.5,0.125,1029,0.08299576491117477
255.0,7.9375,1030,0.0693870559334755
232.5,9.3125,1031,0.23571842908859253
178.25,10.0,1032,0.2150404304265976
302.875,9.46875,1033,0.18288204073905945
304.875,5.8125,1034,0.1468069702386856
263.0,9.3125,1035,0.1507256031036377
182.875,10.0,1036,0.11353529989719391
312.125,9.3125,1037,0.1469247043132782
387.75,5.9375,1038,0.1214260384440422
663.5,1.375,1039,0.10716951638460159
428.5,8.25,1040,0.07907666265964508
715.0,1.5,1041,0.1411430835723877
393.375,5.59375,1042,0.03987138718366623
740.25,0.8125,1043,0.13655558228492737
494.875,4.1875,1044,0.060912422835826874
653.5,1.5,1045,0.0805724486708641
231.125,5.875,1046,0.05280281975865364
289.375,8.625,1047,0.2312012016773224
268.375,8.09375,1048,0.1606987714767456
309.25,7.3125,1049,0.1984737366437912
617.875,2.875,1050,0.08267226070165634
178.375,7.9375,1051,0.08456086367368698
311.375,5.1875,1052,0.21172480285167694
321.75,10.0,1053,0.1117037832736969
443.25,7.625,1054,0.11947378516197205
509.5,4.25,1055,0.07016181945800781
343.125,5.15625,1056,0.14305168390274048
411.375,5.3125,1057,0.12823891639709473
186.75,5.28125,1058,0.12058158218860626
407.5,4.09375,1059,0.11811986565589905
234.5,10.0,1060,0.08635718375444412
182.375,10.0,1061,0.13434801995754242
385.25,4.8125,1062,0.06075751781463623
564.625,3.5625,1063,0.16194361448287964
321.0,8.0,1064,0.12621693313121796
285.875,6.5625,1065,0.11172457039356232
383.625,5.1875,1066,0.15667952597141266
378.5,3.375,1067,0.17426910996437073
457.75,8.6875,1068,0.19345609843730927
364.125,3.0,1069,0.09237905591726303
285.0,5.875,1070,0.16591352224349976
452.75,3.875,1071,0.12217582762241364
416.0,3.0,1072,0.12227845937013626
274.125,7.3125,1073,0.09633711725473404
446.125,6.25,1074,0.192247211933136
335.0,4.96875,1075,0.10018255561590195
292.75,9.3125,1076,0.1305067241191864
198.75,5.0,1077,0.10160791128873825
667.75,0.125,1078,0.1934531182050705
278.125,9.3125,1079,0.06937739253044128
277.875,8.1875,1080,0.18321524560451508
464.625,4.9375,1081,0.18356648087501526
443.5,4.875,1082,0.08059997856616974
250.125,4.5,1083,0.13602334260940552
505.375,3.375,1084,0.3002876937389374
256.5,10.0,1085,0.11203977465629578
150.0,10.0,1086,0.10087798535823822
312.25,10.0,1087,0.1407477706670761
228.125,8.625,1088,0.0851125419139862
337.25,8.625,1089,0.20489181578159332
160.5,10.0,1090,0.09454188495874405
303.125,7.125,1091,0.18874166905879974
219.5,10.0,1092,0.27072784304618835
343.25,6.6875,1093,0.1183043047785759
176.625,10.0,1094,0.18853825330734253
164.625,5.34375,1095,0.2744700312614441
251.25,10.0,1096,0.2511746883392334
320.5,4.6875,1097,0.21924422681331635
184.5,8.625,1098,0.2398897111415863
407.0,8.6875,1099,0.2865331470966339
313.0,6.59375,1100,0.14023691415786743
226.625,7.5625,1101,0.1662217080593109
394.625,4.40625,1102,0.20892632007598877
201.375,5.1875,1103,0.11856464296579361
268.75,9.3125,1104,0.3140519857406616
338.5,7.1875,1105,0.13043460249900818
240.25,4.125,1106,0.16618457436561584
424.0,3.875,1107,0.1837417483329773
768.0,-0.5,1108,0.137738436460495
668.625,2.0,1109,0.04972004517912865
161.875,4.5625,1110,0.10376092046499252
496.625,3.0,1111,0.3152730464935303
338.125,4.625,1112,0.13201022148132324
465.625,5.375,1113,0.14231981337070465
334.625,4.5,1114,0.13161113858222961
276.75,3.25,1115,0.10239945352077484
211.75,6.3125,1116,0.14061103761196136
489.0,3.3125,1117,0.25417640805244446
257.75,9.3125,1118,0.1205589547753334
204.125,8.09375,1119,0.1315646767616272
219.125,8.25,1120,0.2593573331832886
219.875,7.25,1121,0.15860633552074432
756.125,1.0,1122,0.20219948887825012
253.125,5.125,1123,0.10165081918239594
354.25,6.625,1124,0.20908616483211517
191.0,9.3125,1125,0.10897011309862137
211.75,6.6875,1126,0.20942112803459167
391.125,8.0,1127,0.2041332870721817
281.75,9.3125,1128,0.09815097600221634
464.625,2.75,1129,0.18458181619644165
330.25,4.5,1130,0.14451874792575836
268.875,4.5,1131,0.12161615490913391
202.0,7.9375,1132,0.16971096396446228
278.5,5.1875,1133,0.341927707195282
313.625,6.8125,1134,0.16477563977241516
501.75,7.8125,1135,0.14818058907985687
372.375,4.5,1136,0.08208824694156647
301.875,6.625,1137,0.15535028278827667
206.5,9.3125,1138,0.12719963490962982
439.625,3.75,1139,0.22899526357650757
243.75,8.8125,1140,0.12386783957481384
332.25,4.5,1141,0.1767612248659134
364.25,4.8125,1142,0.19932785630226135
571.875,4.0625,1143,0.08311766386032104
264.875,5.25,1144,0.09062331914901733
362.0,4.3125,1145,0.1688542515039444
301.625,8.0,1146,0.1607264131307602
350.0,3.4375,1147,0.10187887400388718
377.5,5.3125,1148,0.09581844508647919
367.25,5.1875,1149,0.12224256992340088
417.75,5.0,1150,0.16491153836250305
465.375,5.5,1151,0.1325322538614273
254.0,4.5,1152,0.08897336572408676
316.75,8.625,1153,0.1407131403684616
619.375,1.0,1154,0.2177681028842926
379.125,3.875,1155,0.08484532684087753
352.625,4.71875,1156,0.09626221656799316
381.0,6.25,1157,0.08127477765083313
471.75,4.6875,1158,0.15137740969657898
388.875,4.5,1159,0.17861920595169067
732.375,-0.375,1160,0.16108201444149017
459.25,5.3125,1161,0.06508410722017288
443.875,4.375,1162,0.09364894032478333
258.25,4.5,1163,0.1313147246837616
206.375,10.0,1164,0.19748978316783905
494.25,3.3125,1165,0.18837976455688477
270.0,8.6875,1166,0.08649291843175888
251.5,8.0,1167,0.1284094601869583
521.75,2.625,1168,0.21073468029499054
422.25,6.5625,1169,0.05809438228607178
715.125,-0.5,1170,0.13698381185531616
193.875,10.0,1171,0.07348082214593887
360.125,5.1875,1172,0.13443623483181
476.625,2.625,1173,0.14753518998622894
225.0,7.5625,1174,0.12367181479930878
292.625,3.875,1175,0.2789693772792816
768.0,-0.5,1176,0.17797379195690155
333.875,8.6875,1177,0.04480982571840286
304.375,6.8125,1178,0.2173445075750351
407.125,5.0,1179,0.13666144013404846
348.625,3.875,1180,0.1275310516357422
245.875,7.40625,1181,0.11695172637701035
203.75,9.46875,1182,0.1448211371898651
422.375,3.25,1183,0.24814777076244354
414.75,6.9375,1184,0.11391831934452057
743.125,0.125,1185,0.0610194131731987
181.5,4.5,1186,0.07018563151359558
267.125,7.9375,1187,0.39449965953826904
470.875,4.5,1188,0.11614514887332916
163.125,9.3125,1189,0.1872488111257553
425.75,3.25,1190,0.24475860595703125
234.625,10.0,1191,0.1308165043592453
280.75,10.0,1192,0.12460895627737045
484.125,4.625,1193,0.11901561170816422
306.25,6.5625,1194,0.2082306146621704
623.125,2.0,1195,0.104185551404953
247.375,10.0,1196,0.08684057742357254
408.25,5.9375,1197,0.19565874338150024
467.375,4.5,1198,0.14029647409915924
513.875,4.5625,1199,0.128387451171875
373.25,3.9375,1200,0.1402430385351181
325.5,4.65625,1201,0.14700399339199066
294.75,6.4375,1202,0.18492843210697174
263.75,4.84375,1203,0.11493503302335739
350.25,4.5,1204,0.21579350531101227
203.25,10.0,1205,0.11217828094959259
165.75,7.9375,1206,0.146892249584198
304.875,7.9375,1207,0.21075861155986786
205.0,10.0,1208,0.10390521585941315
720.25,0.75,1209,0.2138146609067917
151.75,10.0,1210,0.11274058371782303
301.375,5.25,1211,0.2307235300540924
317.875,9.875,1212,0.1490885317325592
288.625,4.5,1213,0.09751681238412857
169.625,8.40625,1214,0.23513436317443848
309.25,9.3125,1215,0.1801573634147644
697.625,1.625,1216,0.1351374089717865
358.0,5.09375,1217,0.10108017176389694
433.625,7.9375,1218,0.1606447845697403
242.75,10.0,1219,0.12144001573324203
489.875,4.75,1220,0.13134059309959412
304.5,5.0,1221,0.10968419164419174
167.875,10.0,1222,0.1206599548459053
193.375,10.0,1223,0.18020017445087433
180.25,7.3125,1224,0.1778707206249237
682.75,1.375,1225,0.22761046886444092
586.375,4.0,1226,0.07238811254501343
225.5,10.0,1227,0.1607511043548584
375.25,4.5,1228,0.14526119828224182
258.0,6.5625,1229,0.15570242702960968
349.375,6.5625,1230,0.22122998535633087
239.875,4.5,1231,0.18272599577903748
354.875,5.8125,1232,0.1864950805902481
294.125,5.0,1233,0.1528029441833496
194.375,6.5625,1234,0.09269136935472488
265.25,5.875,1235,0.22961194813251495
219.5,8.625,1236,0.21692775189876556
217.625,10.0,1237,0.19975338876247406
281.75,6.0625,1238,0.20962168276309967
417.75,5.75,1239,0.2724092900753021
687.0,1.5,1240,0.23104041814804077
378.625,6.5625,1241,0.13575607538223267
373.375,10.0,1242,0.19376815855503082
603.125,2.0,1243,0.10861368477344513
190.5,7.9375,1244,0.07459361851215363
271.125,5.1875,1245,0.3016091287136078
488.25,4.625,1246,0.2484125792980194
668.25,2.6875,1247,0.11083662509918213
289.25,4.5,1248,0.10070416331291199
478.625,6.625,1249,0.22231459617614746
203.75,5.4375,1250,0.15224963426589966
370.625,4.5,1251,0.2080276608467102
423.75,5.1875,1252,0.19805222749710083
372.375,5.875,1253,0.1348656564950943
503.0,2.625,1254,0.24554160237312317
704.625,1.375,1255,0.11373286694288254
372.625,8.6875,1256,0.15090948343276978
267.375,8.25,1257,0.18697306513786316
475.5,5.9375,1258,0.17809773981571198
210.125,10.0,1259,0.19745604693889618
578.0,8.6875,1260,0.20861047506332397
205.75,10.0,1261,0.09852420538663864
492.125,4.875,1262,0.17988409101963043
325.5,8.625,1263,0.14903399348258972
260.625,4.5,1264,0.21468614041805267
611.25,3.875,1265,0.26650282740592957
309.625,10.0,1266,0.07182189077138901
693.5,1.4375,1267,0.11094814538955688
255.5,6.4375,1268,0.11538662761449814
242.25,4.5,1269,0.23548255860805511
282.75,7.40625,1270,0.228529691696167
436.375,4.625,1271,0.2425193190574646
670.375,2.125,1272,0.14928919076919556
371.625,8.4375,1273,0.12498175352811813
321.25,10.0,1274,0.21167367696762085
346.0,6.21875,1275,0.09421221911907196
213.625,6.0625,1276,0.15745067596435547
362.5,8.6875,1277,0.17859533429145813
256.5,10.0,1278,0.08287227898836136
532.625,2.1875,1279,0.13569048047065735
233.625,10.0,1280,0.1055271252989769
222.125,8.625,1281,0.13702012598514557
264.75,4.1875,1282,0.24041955173015594
255.125,7.3125,1283,0.21576209366321564
554.25,5.375,1284,0.22537559270858765
368.375,6.0625,1285,0.12327229976654053
370.625,4.5,1286,0.18325403332710266
208.75,10.0,1287,0.118059903383255
410.5,6.0,1288,0.3102821409702301
251.125,5.1875,1289,0.14610959589481354
768.0,-0.5,1290,0.21537502110004425
395.625,4.65625,1291,0.042942456901073456
549.375,3.625,1292,0.18320053815841675
329.625,5.0,1293,0.18514247238636017
458.625,4.5,1294,0.16236035525798798
306.25,7.9375,1295,0.17547349631786346
272.75,9.3125,1296,0.2022443264722824
494.5,1.5,1297,0.18308791518211365
213.25,8.625,1298,0.1576167792081833
586.75,2.0625,1299,0.20089642703533173
152.25,7.9375,1300,0.11968112736940384
683.125,1.84375,1301,0.2511037290096283
334.0,4.5,1302,0.09151450544595718
390.125,4.5,1303,0.1934240311384201
263.0,10.0,1304,0.17772318422794342
306.75,6.1875,1305,0.12901639938354492
421.625,4.53125,1306,0.1936059296131134
528.0,3.875,1307,0.1271233707666397
201.875,5.1875,1308,0.11628127843141556
354.875,6.28125,1309,0.2432960420846939
364.125,8.625,1310,0.07220525294542313
279.875,4.65625,1311,0.1955735683441162
178.375,10.0,1312,0.2884385287761688
381.5,4.9375,1313,0.23141662776470184
236.375,4.65625,1314,0.16764646768569946
346.125,5.125,1315,0.2136906087398529
370.375,5.25,1316,0.2604548931121826
264.125,6.34375,1317,0.28916415572166443
737.875,2.875,1318,0.18615801632404327
190.0,6.5625,1319,0.09496279805898666
285.875,5.25,1320,0.3089999556541443
254.375,7.25,1321,0.18129728734493256
661.75,2.125,1322,0.22086535394191742
711.375,0.90625,1323,0.05038595572113991
470.25,4.5,1324,0.08706711232662201
163.5,10.0,1325,0.20504915714263916
366.375,5.875,1326,0.23965375125408173
186.5,5.1875,1327,0.17919379472732544
211.875,10.0,1328,0.2694033086299896
365.25,4.125,1329,0.18202471733093262
282.25,10.0,1330,0.18484286963939667
228.75,6.71875,1331,0.1533011645078659
244.125,5.5,1332,0.11895651370286942
529.5,2.9375,1333,0.1721770018339157
428.125,5.25,1334,0.10386907309293747
234.875,10.0,1335,0.12719771265983582
276.625,7.1875,1336,0.18665938079357147
331.5,6.5625,1337,0.26887246966362
366.75,4.03125,1338,0.1564488410949707
582.5,2.625,1339,0.22281238436698914
499.0,3.3125,1340,0.12985284626483917
318.875,4.84375,1341,0.15075355768203735
514.5,3.875,1342,0.15093542635440826
508.375,5.875,1343,0.10710473358631134
240.0,9.3125,1344,0.1090177372097969
274.875,4.625,1345,0.08413470536470413
275.625,10.0,1346,0.24282000958919525
309.75,10.0,1347,0.12608826160430908
576.25,4.625,1348,0.14824062585830688
311.625,10.0,1349,0.1248725950717926
366.625,6.5625,1350,0.10555138438940048
509.25,6.0,1351,0.16472163796424866
445.375,3.875,1352,0.18210643529891968
353.875,5.875,1353,0.19395069777965546
330.625,10.0,1354,0.14623220264911652
313.5,5.1875,1355,0.1536126732826233
283.0,7.9375,1356,0.17234042286872864
408.625,5.25,1357,0.22826622426509857
288.75,5.1875,1358,0.2134828120470047
534.125,3.125,1359,0.2535605728626251
270.5,10.0,1360,0.12176057696342468
239.0,9.3125,1361,0.14737153053283691
265.0,9.3125,1362,0.2234029322862625
229.125,5.0,1363,0.20932523906230927
418.875,9.3125,1364,0.21292456984519958
231.375,6.28125,1365,0.15042056143283844
282.5,4.5,1366,0.1849653273820877
315.5,10.0,1367,0.25030457973480225
294.25,4.5,1368,0.07451091706752777
346.875,6.375,1369,0.26636865735054016
221.75,7.25,1370,0.10597188025712967
193.375,10.0,1371,0.2510741353034973
270.625,6.75,1372,0.20946642756462097
408.125,8.625,1373,0.14012615382671356
342.625,5.28125,1374,0.16162221133708954
201.375,8.3125,1375,0.3430679738521576
344.875,5.34375,1376,0.23087342083454132
359.875,6.0625,1377,0.15873081982135773
307.5,5.1875,1378,0.16652952134609222
137.875,9.3125,1379,0.2726902663707733
461.0,3.875,1380,0.35182443261146545
214.125,9.3125,1381,0.22683918476104736
141.25,10.0,1382,0.30840691924095154
180.625,10.0,1383,0.2080884426832199
218.625,6.25,1384,0.26784199476242065
261.75,9.3125,1385,0.3083731234073639
271.125,7.25,1386,0.20662225782871246
202.25,9.5,1387,0.22027572989463806
209.375,8.625,1388,0.20860503613948822
459.25,4.5,1389,0.2361096441745758
495.875,4.5,1390,0.22439076006412506
720.625,0.75,1391,0.14547330141067505
335.125,4.125,1392,0.09981857985258102
363.375,5.875,1393,0.3028087615966797
329.125,5.65625,1394,0.22209839522838593
353.75,8.625,1395,0.19559930264949799
357.125,4.5,1396,0.13338448107242584
698.75,1.375,1397,0.2209470570087433
497.125,4.875,1398,0.09678737074136734
207.375,7.25,1399,0.15798522531986237
655.0,1.5,1400,0.21780946850776672
192.75,6.03125,1401,0.14159685373306274
139.625,10.0,1402,0.2067042589187622
370.0,5.8125,1403,0.19982431828975677
200.0,10.0,1404,0.13085325062274933
270.5,7.25,1405,0.4159899055957794
321.5,4.84375,1406,0.14632728695869446
383.625,5.40625,1407,0.22690927982330322
418.25,9.625,1408,0.12571869790554047
296.125,7.5625,1409,0.05811677128076553
244.75,9.3125,1410,0.22344914078712463
259.0,6.5625,1411,0.13216397166252136
273.0,8.0,1412,0.16687296330928802
208.875,6.5625,1413,0.14139114320278168
214.875,5.1875,1414,0.21358591318130493
122.875,4.5,1415,0.14647163450717926
244.5,4.375,1416,0.39957842230796814
359.625,8.625,1417,0.25904765725135803
230.25,5.875,1418,0.18045994639396667
155.0,9.3125,1419,0.18503206968307495
266.625,4.5,1420,0.3118419647216797
305.75,5.1875,1421,0.1916426420211792
492.25,3.625,1422,0.2899332344532013
252.875,5.75,1423,0.1845736801624298
229.375,9.3125,1424,0.12090326100587845
264.125,6.75,1425,0.15417301654815674
150.75,4.5,1426,0.26285380125045776
214.125,4.5,1427,0.40116700530052185
432.0,8.625,1428,0.3090784251689911
252.375,6.25,1429,0.13750497996807098
245.5,5.1875,1430,0.1684030443429947
239.75,10.0,1431,0.2764415442943573
338.0,7.25,1432,0.10512813925743103
211.75,9.3125,1433,0.15048137307167053
259.125,4.5,1434,0.21679413318634033
308.75,10.0,1435,0.14926540851593018
297.875,4.5,1436,0.10386742651462555
242.25,4.5,1437,0.3067927062511444
185.125,9.3125,1438,0.1544118970632553
243.375,10.0,1439,0.1692771315574646
333.5,4.5,1440,0.17329657077789307
690.75,1.53125,1441,0.13560909032821655
530.5,3.875,1442,0.11603225767612457
506.125,3.8125,1443,0.12468744069337845
245.0,8.09375,1444,0.11701760441064835
364.875,8.625,1445,0.28400421142578125
238.0,7.25,1446,0.23488089442253113
342.875,5.0,1447,0.23055054247379303
200.25,10.0,1448,0.10650334507226944
243.25,6.71875,1449,0.21039853990077972
297.25,8.8125,1450,0.13006985187530518
336.375,7.09375,1451,0.19750700891017914
307.875,8.625,1452,0.19499613344669342
456.875,3.25,1453,0.22392451763153076
274.125,10.0,1454,0.16836923360824585
402.25,5.25,1455,0.15023155510425568
223.25,7.25,1456,0.17537418007850647
248.125,5.6875,1457,0.2829083204269409
448.875,4.8125,1458,0.20495004951953888
303.375,4.3125,1459,0.2262047380208969
192.875,4.5,1460,0.11843917518854141
529.375,4.8125,1461,0.28662043809890747
410.375,4.5,1462,0.1631150096654892
314.0,5.875,1463,0.2297147959470749
262.75,8.625,1464,0.2297656536102295
129.125,5.1875,1465,0.20461614429950714
281.0,4.6875,1466,0.27721256017684937
441.125,5.1875,1467,0.25695163011550903
305.0,7.25,1468,0.19791045784950256
486.375,4.0625,1469,0.2563530504703522
167.875,5.875,1470,0.20738102495670319
323.375,5.875,1471,0.2716657221317291
245.75,6.5625,1472,0.21719086170196533
273.875,7.9375,1473,0.1923852413892746
550.375,5.25,1474,0.20424816012382507
429.375,3.4375,1475,0.15427085757255554
239.375,7.3125,1476,0.1748991161584854
417.5,4.5,1477,0.2186111956834793
320.625,4.0,1478,0.23923920094966888
590.875,4.125,1479,0.15505138039588928
399.75,5.46875,1480,0.09794790297746658
359.375,5.1875,1481,0.19973212480545044
227.875,4.875,1482,0.2343766689300537
387.5,4.03125,1483,0.18896925449371338
518.875,3.25,1484,0.1406945437192917
315.25,4.5625,1485,0.22555963695049286
381.25,8.625,1486,0.31360599398612976
365.375,4.5625,1487,0.1467507928609848
272.25,10.0,1488,0.20918215811252594
418.25,9.3125,1489,0.21558509767055511
323.375,8.6875,1490,0.1161116436123848
249.75,6.5625,1491,0.1897687166929245
262.25,7.25,1492,0.31558331847190857
292.25,5.8125,1493,0.28964731097221375
361.5,8.8125,1494,0.2583704888820648
361.75,6.65625,1495,0.10836880654096603
187.5,4.5,1496,0.20114116370677948
407.5,6.71875,1497,0.2795529067516327
285.75,6.03125,1498,0.15188059210777283
483.125,3.25,1499,0.19431626796722412
498.5,9.3125,1500,0.14855165779590607
442.625,7.4375,1501,0.1872239112854004
303.125,5.1875,1502,0.12699122726917267
298.0,6.0,1503,0.2511206865310669
170.125,10.0,1504,0.2606379985809326
172.5,9.3125,1505,0.2757824659347534
238.625,10.0,1506,0.3020753264427185
321.875,8.625,1507,0.29761552810668945
307.75,10.0,1508,0.15339013934135437
342.75,4.5,1509,0.20293480157852173
288.75,4.59375,1510,0.32312625646591187
163.75,10.0,1511,0.26314905285835266
373.625,6.96875,1512,0.2894662618637085
276.375,5.1875,1513,0.2929077446460724
198.75,10.0,1514,0.3015765845775604
219.875,9.3125,1515,0.18249531090259552
596.75,5.0,1516,0.25733742117881775
359.625,5.5625,1517,0.12531933188438416
286.25,8.125,1518,0.19712065160274506
737.625,0.75,1519,0.19878309965133667
768.0,-0.5,1520,0.09897351264953613
233.0,8.625,1521,0.05090712755918503
205.125,5.1875,1522,0.12706878781318665
376.875,4.5,1523,0.3136906623840332
208.0,7.25,1524,0.17504332959651947
229.5,10.0,1525,0.22301152348518372
317.875,4.5,1526,0.27647584676742554
296.5,7.5,1527,0.29543983936309814
199.5,5.875,1528,0.19031593203544617
121.625,10.0,1529,0.3093530237674713
390.875,7.9375,1530,0.3011452257633209
273.25,4.875,1531,0.13009774684906006
413.375,7.3125,1532,0.24163749814033508
342.125,6.5625,1533,0.16532425582408905
442.0,4.5,1534,0.2418217957019806
354.875,5.4375,1535,0.21079839766025543
219.625,6.5625,1536,0.2419482171535492
245.25,4.5,1537,0.26593217253685
409.375,3.875,1538,0.21153239905834198
438.875,7.25,1539,0.15370048582553864
207.125,7.9375,1540,0.14076687395572662
382.875,8.8125,1541,0.2800149917602539
583.25,4.1875,1542,0.20063143968582153
652.5,5.65625,1543,0.0988551527261734
296.75,7.25,1544,0.14841069281101227
165.0,10.0,1545,0.20368467271327972
408.25,5.1875,1546,0.17304490506649017
284.75,6.8125,1547,0.1588095873594284
600.375,3.9375,1548,0.23124857246875763
281.5,9.46875,1549,0.13838770985603333
279.5,6.5625,1550,0.17365573346614838
341.5,5.875,1551,0.3412167727947235
287.125,9.3125,1552,0.2890574336051941
285.5,5.125,1553,0.14084011316299438
244.25,5.1875,1554,0.20562902092933655
192.125,8.78125,1555,0.19076083600521088
338.5,5.34375,1556,0.19788329303264618
249.375,4.5,1557,0.2566383481025696
154.0,10.0,1558,0.30998891592025757
207.5,6.5,1559,0.38398635387420654
204.625,5.59375,1560,0.30816471576690674
234.875,10.0,1561,0.2946893870830536
417.75,5.3125,1562,0.16065411269664764
424.375,4.65625,1563,0.2765378952026367
245.375,4.5,1564,0.26323017477989197
284.375,7.9375,1565,0.2926928400993347
281.5,5.34375,1566,0.2503056824207306
392.5,4.5,1567,0.2359556257724762
174.375,4.5,1568,0.14724667370319366
294.0,5.1875,1569,0.38504746556282043
393.625,8.625,1570,0.22942589223384857
190.75,4.65625,1571,0.23985929787158966
220.375,10.0,1572,0.4701211154460907
215.875,5.34375,1573,0.2376193255186081
170.25,8.625,1574,0.32260826230049133
304.25,5.78125,1575,0.3539636731147766
666.625,2.1875,1576,0.31663236021995544
282.625,5.25,1577,0.16054008901119232
299.625,8.625,1578,0.1738603711128235
390.625,4.5,1579,0.21185487508773804
288.0,5.375,1580,0.17856623232364655
569.625,5.1875,1581,0.2774483263492584
252.75,6.75,1582,0.1907225251197815
199.25,6.5625,1583,0.4048665165901184
357.375,5.9375,1584,0.2781628668308258
519.625,4.125,1585,0.18321944773197174
179.125,10.0,1586,0.1228301078081131
239.125,4.5625,1587,0.2936561405658722
309.875,10.0,1588,0.22536379098892212
282.875,4.75,1589,0.1447005718946457
306.75,7.625,1590,0.23114022612571716
335.5,5.375,1591,0.2036045789718628
291.375,5.125,1592,0.2722378373146057
217.75,5.8125,1593,0.248837411403656
379.625,5.9375,1594,0.290277361869812
403.5,6.5625,1595,0.15958641469478607
312.875,8.0,1596,0.23806767165660858
209.25,9.3125,1597,0.2948486804962158
681.25,2.46875,1598,0.2615993618965149
479.375,3.875,1599,0.11088285595178604
260.5,10.0,1600,0.18836387991905212
564.75,6.0,1601,0.12757495045661926
419.625,5.34375,1602,0.13596709072589874
321.125,4.5,1603,0.21772152185440063
421.25,4.5625,1604,0.321471244096756
543.375,4.625,1605,0.1385791152715683
316.0,7.25,1606,0.11986547708511353
333.75,9.3125,1607,0.1730549931526184
332.625,5.625,1608,0.11567933857440948
378.375,5.0,1609,0.18147766590118408
312.125,8.6875,1610,0.23968668282032013
385.75,4.875,1611,0.25820040702819824
338.25,6.8125,1612,0.19305658340454102
337.625,6.875,1613,0.1698240339756012
444.75,6.5625,1614,0.3653104603290558
282.125,5.25,1615,0.21956053376197815
285.0,4.5,1616,0.18507198989391327
404.125,4.75,1617,0.22033743560314178
305.875,4.5,1618,0.2198931872844696
264.375,5.375,1619,0.2241879254579544
231.5,8.625,1620,0.21595396101474762
257.875,7.9375,1621,0.22075848281383514
322.875,4.65625,1622,0.13924328982830048
293.875,8.625,1623,0.25931140780448914
279.125,6.5625,1624,0.18160103261470795
274.75,5.9375,1625,0.3158820867538452
234.375,10.0,1626,0.25809577107429504
440.125,4.875,1627,0.30793893337249756
250.75,4.6875,1628,0.1488293558359146
232.25,5.875,1629,0.14980973303318024
207.625,7.9375,1630,0.23796847462654114
199.625,10.0,1631,0.25422701239585876
407.375,3.9375,1632,0.17857331037521362
259.625,4.5,1633,0.20254509150981903
324.375,4.71875,1634,0.27812790870666504
369.375,8.0,1635,0.37515583634376526
192.75,6.03125,1636,0.1512008160352707
337.75,3.875,1637,0.2466340959072113
228.875,4.5,1638,0.23006601631641388
224.0,7.9375,1639,0.3037489354610443
217.5,5.4375,1640,0.2264898419380188
262.75,9.3125,1641,0.2733842134475708
248.0,6.5625,1642,0.17718517780303955
506.625,3.9375,1643,0.35412630438804626
215.0,10.0,1644,0.1657813936471939
229.875,7.25,1645,0.16262735426425934
418.25,4.75,1646,0.21505582332611084
238.125,8.625,1647,0.18296481668949127
192.875,7.25,1648,0.1647307276725769
209.0,9.3125,1649,0.2573550343513489
189.125,10.0,1650,0.2758145034313202
352.25,4.5625,1651,0.2938169836997986
265.625,5.34375,1652,0.2795499861240387
349.0,7.40625,1653,0.2471773624420166
259.5,10.0,1654,0.12770065665245056
298.5,10.0,1655,0.17809876799583435
144.25,10.0,1656,0.23063108325004578
155.5,9.3125,1657,0.18869327008724213
302.5,4.84375,1658,0.3460628092288971
329.625,4.84375,1659,0.2352207452058792
254.625,10.0,1660,0.2057228982448578
245.75,4.5,1661,0.24308133125305176
544.875,3.25,1662,0.25139591097831726
434.375,10.0,1663,0.2417878359556198
459.125,6.1875,1664,0.19276481866836548
309.0,9.3125,1665,0.16474726796150208
607.75,4.0625,1666,0.22127696871757507
332.625,8.625,1667,0.10087738186120987
230.75,5.1875,1668,0.2135579138994217
272.5,5.5625,1669,0.5094366669654846
340.875,5.21875,1670,0.2878111004829407
600.125,6.46875,1671,0.2270856350660324
262.125,8.625,1672,0.1654355525970459
426.625,4.5625,1673,0.3069569766521454
576.125,3.5625,1674,0.15129432082176208
153.5,10.0,1675,0.16360770165920258
311.0,5.375,1676,0.3699165880680084
282.875,7.875,1677,0.2321259081363678
95.625,9.3125,1678,0.09592938423156738
364.875,8.0,1679,0.410165011882782
371.25,8.625,1680,0.2601557970046997
179.5,10.0,1681,0.2070271223783493
186.75,4.5,1682,0.20389050245285034
350.5,4.5,1683,0.19031168520450592
362.125,6.0,1684,0.16672903299331665
177.25,10.0,1685,0.17399962246418
555.125,6.625,1686,0.24811241030693054
433.25,4.84375,1687,0.11735571175813675
404.0,6.6875,1688,0.21800534427165985
318.25,4.5,1689,0.17472034692764282
279.625,9.3125,1690,0.23330247402191162
768.0,-0.5,1691,0.1833193153142929
567.125,3.3125,1692,0.13910269737243652
249.0,10.0,1693,0.19095376133918762
210.0,5.1875,1694,0.13425278663635254
263.875,7.9375,1695,0.2880783975124359
497.625,4.8125,1696,0.22688157856464386
629.0,2.75,1697,0.2121661752462387
248.875,7.9375,1698,0.11483920365571976
163.75,4.65625,1699,0.2770625054836273
299.375,7.25,1700,0.3232070207595825
218.75,6.0625,1701,0.2137487232685089
322.125,4.5,1702,0.2865176498889923
457.5,6.1875,1703,0.28543224930763245
307.5,4.5,1704,0.20905090868473053
238.375,9.3125,1705,0.35624247789382935
129.625,9.3125,1706,0.31504714488983154
280.875,4.5,1707,0.4521853029727936
247.875,6.8125,1708,0.2497483491897583
353.875,5.1875,1709,0.21383044123649597
414.75,4.0625,1710,0.38678938150405884
515.5,2.875,1711,0.19164244830608368
218.875,8.6875,1712,0.20678099989891052
374.875,5.25,1713,0.2989090383052826
414.0,3.9375,1714,0.25674912333488464
443.5,5.25,1715,0.19841894507408142
307.125,7.5625,1716,0.22413045167922974
261.375,8.5,1717,0.2567391097545624
480.25,2.625,1718,0.2741912603378296
280.125,7.8125,1719,0.18846558034420013
317.875,5.4375,1720,0.26953935623168945
461.0,3.875,1721,0.23990072309970856
368.375,6.5625,1722,0.20860005915164948
340.125,6.625,1723,0.2580275535583496
312.25,6.125,1724,0.17601624131202698
327.125,4.5625,1725,0.28166690468788147
632.75,2.6875,1726,0.26647260785102844
289.5,4.65625,1727,0.21031570434570312
223.0,4.5,1728,0.3716270923614502
553.375,4.0,1729,0.3049294054508209
293.375,10.0,1730,0.18292652070522308
294.75,5.1875,1731,0.2055983990430832
422.75,9.3125,1732,0.28627637028694153
197.0,4.5,1733,0.1022796556353569
238.875,4.5,1734,0.38449472188949585
258.0,4.8125,1735,0.2534497082233429
426.125,6.46875,1736,0.2637835741043091
251.875,6.5625,1737,0.1623982936143875
222.125,5.4375,1738,0.12115801870822906
309.625,9.3125,1739,0.4202090799808502
575.5,3.3125,1740,0.15612514317035675
394.625,5.03125,1741,0.24777625501155853
212.375,10.0,1742,0.2380589246749878
404.625,6.875,1743,0.38631901144981384
748.375,0.125,1744,0.16621825098991394
224.875,5.03125,1745,0.12828315794467926
270.875,4.8125,1746,0.4257745146751404
329.75,5.875,1747,0.3478808104991913
335.375,4.65625,1748,0.20666955411434174
249.375,7.0,1749,0.2622028887271881
376.0,4.5,1750,0.2854386270046234
641.125,4.125,1751,0.23205938935279846
255.625,5.0,1752,0.18195387721061707
429.375,5.0,1753,0.22964094579219818
736.0,0.125,1754,0.26013290882110596
305.0,8.0,1755,0.12433125823736191
147.125,10.0,1756,0.23605471849441528
274.75,4.5,1757,0.2650879919528961
513.75,7.4375,1758,0.43186745047569275
180.375,10.0,1759,0.20220772922039032
316.5,7.25,1760,0.3203965723514557
259.25,5.875,1761,0.18821506202220917
389.0,5.0,1762,0.2391909807920456
292.375,4.5,1763,0.2179209440946579
388.625,7.25,1764,0.2577444314956665
440.375,4.5,1765,0.25974637269973755
215.125,6.5625,1766,0.2742724120616913
389.0,4.5,1767,0.31056666374206543
265.5,7.9375,1768,0.31905123591423035
422.0,4.625,1769,0.29779279232025146
274.875,4.5,1770,0.1966235190629959
214.0,5.5,1771,0.21854540705680847
130.25,4.96875,1772,0.35301172733306885
574.25,2.625,1773,0.5583263635635376
360.5,9.3125,1774,0.187988743185997
331.375,4.65625,1775,0.1880282461643219
194.625,7.9375,1776,0.2805418372154236
366.0,7.25,1777,0.4143913984298706
564.75,5.3125,1778,0.32212233543395996
449.5,4.5,1779,0.1814466267824173
255.75,10.0,1780,0.18769800662994385
336.0,6.625,1781,0.30596059560775757
150.25,4.65625,1782,0.28833168745040894
504.25,5.46875,1783,0.4775428771972656
155.625,9.3125,1784,0.2180642932653427
432.5,8.625,1785,0.4656331539154053
254.625,6.25,1786,0.18420469760894775
361.125,5.40625,1787,0.34276652336120605
192.25,9.3125,1788,0.1854451596736908
251.0,6.0,1789,0.14555636048316956
415.25,5.1875,1790,0.20393621921539307
180.875,8.78125,1791,0.2618415057659149
712.75,1.4375,1792,0.4699496030807495
364.375,4.84375,1793,0.12559044361114502
310.25,8.6875,1794,0.28023001551628113
234.75,9.3125,1795,0.19869743287563324
378.875,3.25,1796,0.4687517583370209
389.75,5.875,1797,0.22392652928829193
297.125,5.9375,1798,0.313062846660614
236.375,6.0625,1799,0.13512365520000458
301.5,5.75,1800,0.260197252035141
361.75,4.5,1801,0.37940099835395813
459.5,4.6875,1802,0.2985992729663849
214.5,4.875,1803,0.27917543053627014
342.375,4.5,1804,0.3181094527244568
249.375,7.9375,1805,0.19648681581020355
346.125,6.8125,1806,0.2815558612346649
268.5,7.40625,1807,0.2509253919124603
277.75,9.3125,1808,0.16804493963718414
147.75,8.625,1809,0.1285133808851242
296.25,10.0,1810,0.5737664103507996
237.375,4.5,1811,0.16228742897510529
432.0,4.5,1812,0.3387232720851898
252.625,7.59375,1813,0.3300411105155945
225.875,9.3125,1814,0.29254046082496643
212.625,6.5625,1815,0.2374691218137741
368.5,9.5,1816,0.2297762632369995
309.25,5.0,1817,0.2968372702598572
272.0,7.625,1818,0.14071521162986755
291.25,4.6875,1819,0.3111976981163025
555.75,4.1875,1820,0.31869760155677795
267.875,5.1875,1821,0.307445228099823
352.875,8.09375,1822,0.3151105046272278
284.5,7.25,1823,0.28278443217277527
413.625,4.5,1824,0.2592892348766327
335.25,5.0,1825,0.2692795991897583
398.75,8.09375,1826,0.2413642406463623
173.875,9.3125,1827,0.23746506869792938
344.5,6.9375,1828,0.384470671415329
375.25,4.5,1829,0.19557416439056396
161.25,4.6875,1830,0.14125308394432068
211.25,5.1875,1831,0.34146273136138916
198.75,9.3125,1832,0.30809640884399414
219.875,5.1875,1833,0.3622504472732544
183.125,7.25,1834,0.4584585428237915
357.875,7.09375,1835,0.3303007483482361
164.375,7.25,1836,0.30561739206314087
358.625,5.875,1837,0.4773615002632141
363.875,6.5625,1838,0.2121037393808365
231.625,8.625,1839,0.24325329065322876
393.0,5.875,1840,0.32823437452316284
427.0,4.5,1841,0.2958119511604309
245.625,4.5,1842,0.20297932624816895
314.0,5.9375,1843,0.2988641560077667
690.0,2.6875,1844,0.1153629794716835
274.875,10.0,1845,0.1717226654291153
149.75,10.0,1846,0.2407827377319336
414.75,4.25,1847,0.30095261335372925
338.875,9.3125,1848,0.24994894862174988
248.25,4.5,1849,0.30633828043937683
272.25,8.625,1850,0.2940855026245117
462.875,3.25,1851,0.2525171637535095
368.5,7.625,1852,0.21526551246643066
326.375,6.5625,1853,0.3473966419696808
194.125,5.875,1854,0.320832759141922
128.5,10.0,1855,0.4558182954788208
311.375,10.0,1856,0.30755117535591125
298.125,8.625,1857,0.2115524560213089
358.375,5.34375,1858,0.1401766687631607
322.5,8.625,1859,0.28211483359336853
340.5,4.5,1860,0.33177682757377625
108.75,7.9375,1861,0.3171766996383667
260.5,4.5,1862,0.6467521786689758
409.5,5.46875,1863,0.3500104546546936
330.625,8.9375,1864,0.2744010388851166
269.0,4.875,1865,0.11868911236524582
361.75,4.5,1866,0.38910993933677673
284.25,6.5625,1867,0.29442787170410156
220.375,8.4375,1868,0.2708035707473755
340.0,4.65625,1869,0.24106813967227936
418.125,3.875,1870,0.2092447727918625
251.875,4.5,1871,0.353872686624527
428.375,4.625,1872,0.13487012684345245
219.75,8.09375,1873,0.3776048421859741
534.625,4.0,1874,0.4432525932788849
240.25,9.3125,1875,0.26196613907814026
514.25,4.625,1876,0.44313323497772217
458.75,4.25,1877,0.31218260526657104
350.5,8.625,1878,0.25320151448249817
255.625,10.0,1879,0.24702824652194977
422.625,4.75,1880,0.34221166372299194
568.375,3.25,1881,0.257170706987381
461.0,5.03125,1882,0.4098753333091736
238.25,9.3125,1883,0.2575291097164154
453.125,6.0,1884,0.15982331335544586
287.0,6.5625,1885,0.290851354598999
276.125,9.3125,1886,0.20487786829471588
380.125,7.40625,1887,0.34767159819602966
279.0,8.625,1888,0.28745707869529724
438.625,5.4375,1889,0.3850666284561157
351.875,6.4375,1890,0.3553176820278168
164.875,7.9375,1891,0.1525591015815735
223.5,4.96875,1892,0.4668332636356354
367.75,4.65625,1893,0.41703638434410095
211.25,10.0,1894,0.4003836512565613
419.625,4.8125,1895,0.4053603708744049
215.5,8.625,1896,0.3333507180213928
311.875,5.1875,1897,0.37677502632141113
538.75,6.0,1898,0.22278892993927002
516.375,3.9375,1899,0.18325258791446686
262.625,5.75,1900,0.3569413125514984
432.75,4.5,1901,0.29018399119377136
303.625,5.1875,1902,0.30303966999053955
231.125,5.5625,1903,0.30354517698287964
225.375,9.375,1904,0.3322792053222656
410.625,4.875,1905,0.38254258036613464
200.25,10.0,1906,0.36456549167633057
524.75,4.1875,1907,0.45159101486206055
710.75,1.0,1908,0.25393441319465637
382.5,4.3125,1909,0.29002365469932556
214.25,7.25,1910,0.33794915676116943
239.75,6.5625,1911,0.5139146447181702
225.875,5.875,1912,0.4628927409648895
461.125,5.9375,1913,0.41651031374931335
553.0,3.28125,1914,0.26872000098228455
379.375,7.25,1915,0.3528858423233032
416.125,5.1875,1916,0.323607861995697
407.125,4.65625,1917,0.3826018273830414
565.625,2.15625,1918,0.3290730118751526
331.75,4.875,1919,0.2867274284362793
186.75,8.125,1920,0.4191715121269226
191.375,9.3125,1921,0.5044730305671692
672.0,1.78125,1922,0.38107773661613464
714.75,2.15625,1923,0.292540043592453
336.0,6.0,1924,0.23023302853107452
269.25,9.3125,1925,0.42483994364738464
327.75,5.1875,1926,0.26757320761680603
189.375,9.3125,1927,0.376220703125
283.375,4.5,1928,0.4501417875289917
258.5,5.1875,1929,0.3213587999343872
236.5,4.96875,1930,0.32781264185905457
222.75,4.5,1931,0.45895522832870483
522.875,2.25,1932,0.4022253751754761
281.125,9.3125,1933,0.32026436924934387
284.875,4.5,1934,0.28794723749160767
321.375,4.96875,1935,0.3205551207065582
329.5,6.71875,1936,0.22409959137439728
277.875,4.5,1937,0.33872175216674805
310.25,6.6875,1938,0.45097991824150085
653.125,2.0,1939,0.39925718307495117
455.5,7.3125,1940,0.2166372835636139
362.875,6.6875,1941,0.3179019093513489
260.0,5.34375,1942,0.45745861530303955
605.125,4.8125,1943,0.4866064488887787
347.0,4.84375,1944,0.3154720366001129
367.25,4.5,1945,0.3427562713623047
274.125,5.1875,1946,0.2731718420982361
286.125,5.0,1947,0.3100605010986328
395.125,5.1875,1948,0.3450215756893158
224.75,10.0,1949,0.3453180193901062
318.375,6.0625,1950,0.489812970161438
392.5,4.65625,1951,0.4001028835773468
593.75,2.90625,1952,0.33290016651153564
278.0,8.6875,1953,0.33752676844596863
251.875,6.5625,1954,0.34010592103004456
263.25,6.75,1955,0.32143405079841614
256.375,4.65625,1956,0.420971542596817
456.0,4.84375,1957,0.2800099849700928
273.75,5.375,1958,0.30603402853012085
335.875,8.625,1959,0.4113326370716095
514.375,2.78125,1960,0.20148329436779022
209.375,9.15625,1961,0.3121342957019806
352.625,5.625,1962,0.4487461745738983
551.375,2.875,1963,0.34662407636642456
198.875,8.625,1964,0.32914474606513977
306.375,4.5,1965,0.5106422901153564
321.75,7.25,1966,0.3855724036693573
315.0,6.625,1967,0.4507015645503998
255.625,9.3125,1968,0.3057725131511688
298.375,6.375,1969,0.3410661220550537
105.5,9.3125,1970,0.35119718313217163
259.5,5.875,1971,0.5166809558868408
616.5,2.875,1972,0.4352337718009949
327.75,5.1875,1973,0.38055142760276794
462.25,4.84375,1974,0.3348177671432495
300.75,6.375,1975,0.374092698097229
171.875,5.0,1976,0.5434054732322693
594.875,4.5,1977,0.6355092525482178
321.5,4.65625,1978,0.2656834125518799
312.0,5.875,1979,0.3731556534767151
234.25,5.875,1980,0.35168877243995667
184.25,10.0,1981,0.4488067626953125
505.125,5.9375,1982,0.5382142066955566
301.125,4.5,1983,0.3219851851463318
355.0,5.0625,1984,0.43831926584243774
378.875,4.65625,1985,0.3014196753501892
358.125,7.21875,1986,0.3279593884944916
401.375,6.9375,1987,0.44673705101013184
165.5,10.0,1988,0.3495663106441498
582.375,2.375,1989,0.5293310284614563
334.625,4.5,1990,0.29791778326034546
416.375,6.625,1991,0.5185880661010742
485.875,5.1875,1992,0.3126877248287201
308.625,4.5,1993,0.3123457431793213
504.125,7.4375,1994,0.28849297761917114
192.375,5.9375,1995,0.35560619831085205
467.375,3.25,1996,0.5384688377380371
588.875,4.1875,1997,0.42669573426246643
466.5,7.25,1998,0.27171140909194946
483.0,6.5625,1999,0.3544677197933197
113.125,10.0,2000,0.2708170711994171
491.875,4.1875,2001,0.4320865273475647
369.375,4.125,2002,0.2973833680152893
271.0,7.40625,2003,0.4502749443054199
419.5,5.0,2004,0.3683139383792877
386.25,4.5,2005,0.37433937191963196
292.5,6.03125,2006,0.38114726543426514
363.25,3.875,2007,0.4089571535587311
369.625,4.5625,2008,0.3492637872695923
565.5,2.625,2009,0.37026047706604004
339.875,10.0,2010,0.43474727869033813
262.625,5.0,2011,0.30691608786582947
423.75,7.71875,2012,0.3498007357120514
521.875,4.71875,2013,0.29831889271736145
330.625,5.1875,2014,0.26118186116218567
543.375,6.03125,2015,0.4016689956188202
331.875,4.84375,2016,0.3492666482925415
345.75,9.3125,2017,0.3259844183921814
352.125,6.5625,2018,0.429936021566391
657.125,2.6875,2019,0.26564809679985046
374.875,6.625,2020,0.2895439565181732
334.75,5.3125,2021,0.3134072422981262
528.75,4.5,2022,0.39133942127227783
278.0,7.9375,2023,0.31900909543037415
279.125,6.625,2024,0.37808728218078613
242.5,5.875,2025,0.41702020168304443
436.875,5.03125,2026,0.42788246273994446
476.625,3.875,2027,0.4207327365875244
265.625,6.6875,2028,0.41053763031959534
272.125,8.625,2029,0.4604734182357788
342.625,9.5,2030,0.3633703589439392
287.0,5.1875,2031,0.3317403495311737
207.625,5.59375,2032,0.41902151703834534
301.375,10.0,2033,0.46851983666419983
251.25,10.0,2034,0.4288768768310547
366.875,8.46875,2035,0.3585917353630066
213.125,7.25,2036,0.3156999945640564
320.875,7.4375,2037,0.5167944431304932
315.625,6.03125,2038,0.28618472814559937
119.875,10.0,2039,0.4944891631603241
387.75,6.4375,2040,0.49564898014068604
438.375,8.625,2041,0.35759276151657104
199.125,9.3125,2042,0.34093913435935974
390.25,5.1875,2043,0.5607734322547913
387.25,4.5,2044,0.4071948528289795
200.25,4.625,2045,0.2857407033443451
427.125,4.9375,2046,0.6646595001220703
223.25,7.9375,2047,0.37528401613235474
292.0,6.78125,2048,0.514552891254425
567.625,4.25,2049,0.3717597723007202
375.375,5.15625,2050,0.2949649393558502
611.875,3.40625,2051,0.4796978235244751
240.625,4.5,2052,0.4192740023136139
401.0,8.0625,2053,0.39078569412231445
550.25,4.625,2054,0.32154086232185364
216.75,9.3125,2055,0.35473355650901794
386.125,6.5625,2056,0.36760127544403076
206.125,5.96875,2057,0.3959009647369385
235.625,5.3125,2058,0.4150982201099396
353.0,8.0,2059,0.5170835852622986
434.875,7.9375,2060,0.4601263105869293
230.25,10.0,2061,0.40424680709838867
287.5,6.375,2062,0.4228724241256714
298.0,5.40625,2063,0.42562082409858704
307.25,7.25,2064,0.36664271354675293
307.5,4.8125,2065,0.3910830020904541
169.75,10.0,2066,0.2784073054790497
277.625,10.0,2067,0.4672064185142517
293.625,6.5,2068,0.4971906244754791
293.5,8.125,2069,0.34769123792648315
366.375,5.1875,2070,0.4354788661003113
462.875,4.65625,2071,0.3537406027317047
371.0,4.5625,2072,0.3851931691169739
483.625,3.875,2073,0.32673874497413635
233.125,9.46875,2074,0.3694216012954712
277.25,4.5,2075,0.47150683403015137
308.125,6.4375,2076,0.333858847618103
340.75,8.6875,2077,0.470459520816803
340.75,4.8125,2078,0.29958632588386536
377.125,7.125,2079,0.4357271194458008
321.125,6.625,2080,0.361900269985199
454.875,5.1875,2081,0.38026368618011475
360.25,4.75,2082,0.3247603178024292
631.25,4.0625,2083,0.4060187041759491
630.625,1.5625,2084,0.33692944049835205
177.0,5.78125,2085,0.2945951223373413
392.5,9.3125,2086,0.7312759757041931
328.0,6.53125,2087,0.36888712644577026
655.25,3.0625,2088,0.31831681728363037
231.875,10.0,2089,0.33233538269996643
271.375,9.3125,2090,0.40340468287467957
645.5,3.375,2091,0.4083898067474365
381.875,5.4375,2092,0.36199861764907837
336.5,6.5625,2093,0.32642245292663574
261.875,8.625,2094,0.45724931359291077
293.25,6.625,2095,0.41936561465263367
320.0,7.25,2096,0.31798699498176575
286.75,4.96875,2097,0.4002939760684967
465.875,6.625,2098,0.3658919334411621
308.625,5.71875,2099,0.38891011476516724
248.375,6.625,2100,0.38624846935272217
267.75,6.0625,2101,0.48851653933525085
256.875,4.5,2102,0.5352413058280945
354.5,6.71875,2103,0.3873954713344574
207.625,8.625,2104,0.44398948550224304
255.25,8.0,2105,0.5667797923088074
377.875,8.78125,2106,0.5461026430130005
505.625,4.6875,2107,0.319242000579834
418.875,7.25,2108,0.34020310640335083
373.5,7.9375,2109,0.4002458453178406
309.125,9.3125,2110,0.38387370109558105
322.0,6.5625,2111,0.3679073750972748
378.5,4.5,2112,0.40034031867980957
98.0,9.3125,2113,0.47662338614463806
298.875,6.125,2114,0.5858964920043945
365.375,4.5,2115,0.3832647502422333
282.0,5.6875,2116,0.3451041579246521
703.75,1.375,2117,0.38084864616394043
257.625,4.65625,2118,0.3874509334564209
330.875,3.6875,2119,0.37926727533340454
258.125,7.25,2120,0.34295907616615295
468.5,4.5,2121,0.5190773606300354
633.125,4.25,2122,0.3275316059589386
188.5,9.3125,2123,0.24401526153087616
269.625,8.625,2124,0.5797410607337952
348.125,5.25,2125,0.45663124322891235
369.0,7.03125,2126,0.3690427243709564
472.875,5.03125,2127,0.42802950739860535
479.875,3.40625,2128,0.3412688672542572
246.75,10.0,2129,0.42833951115608215
326.125,6.625,2130,0.4595729112625122
330.5,5.1875,2131,0.40219926834106445
278.625,4.6875,2132,0.5255236625671387
381.125,5.875,2133,0.4579615294933319
264.125,9.3125,2134,0.40576907992362976
347.375,4.8125,2135,0.36386653780937195
393.625,4.5625,2136,0.4004064202308655
155.375,7.90625,2137,0.3119770586490631
394.25,5.375,2138,0.5567066073417664
173.375,4.5,2139,0.4616226851940155
566.5,5.6875,2140,0.290620893239975
401.125,6.5625,2141,0.37993454933166504
158.25,8.625,2142,0.43496403098106384
176.375,10.0,2143,0.4781222641468048
316.5,4.5,2144,0.5581104159355164
458.0,4.8125,2145,0.3659815192222595
413.5,7.125,2146,0.3520909249782562
476.375,4.6875,2147,0.4179552495479584
403.875,4.5,2148,0.35784879326820374
415.875,8.4375,2149,0.44033026695251465
223.625,8.625,2150,0.41160252690315247
471.375,3.6875,2151,0.3274032175540924
354.5,4.5,2152,0.40834149718284607
381.875,5.9375,2153,0.34625348448753357
371.25,3.75,2154,0.41032204031944275
310.125,5.875,2155,0.4567593038082123
375.625,6.09375,2156,0.3892357051372528
253.5,7.0,2157,0.3573934733867645
352.625,7.15625,2158,0.35202091932296753
210.875,10.0,2159,0.39654049277305603
220.5,4.46875,2160,0.2852848172187805
357.625,4.5,2161,0.5866423845291138
187.25,9.3125,2162,0.4467519521713257
325.5,5.875,2163,0.4005369246006012
359.5,8.8125,2164,0.5183649063110352
277.875,10.0,2165,0.4741383194923401
658.75,3.3125,2166,0.3110344111919403
449.25,5.5625,2167,0.3249799311161041
229.625,10.0,2168,0.32461243867874146
570.875,2.6875,2169,0.3709696829319
303.75,5.5,2170,0.31239253282546997
401.75,6.78125,2171,0.5449392795562744
723.625,1.125,2172,0.3514978587627411
382.125,5.25,2173,0.27300921082496643
263.0,10.0,2174,0.4152366816997528
328.5,4.5,2175,0.5130317211151123
369.375,5.375,2176,0.44788214564323425
271.125,5.53125,2177,0.3867035508155823
180.75,10.0,2178,0.5114933252334595
389.625,5.1875,2179,0.5133048295974731
554.5,5.96875,2180,0.38915154337882996
402.75,8.0,2181,0.32048261165618896
730.75,0.90625,2182,0.4190433919429779
355.125,4.6875,2183,0.22396165132522583
569.125,3.875,2184,0.3295722007751465
373.625,5.4375,2185,0.33313560485839844
229.0,7.25,2186,0.3598543703556061
435.0,6.0625,2187,0.5994741916656494
358.875,4.6875,2188,0.37227022647857666
406.75,5.1875,2189,0.3928643465042114
521.875,5.1875,2190,0.4029785394668579
344.75,7.25,2191,0.37247514724731445
437.0,6.0625,2192,0.4315016269683838
621.75,3.375,2193,0.3883153200149536
347.625,7.25,2194,0.3113696277141571
472.375,5.9375,2195,0.3823595643043518
297.625,9.46875,2196,0.31926673650741577
490.5,5.5625,2197,0.33655497431755066
272.875,7.9375,2198,0.38818901777267456
555.125,1.625,2199,0.3700931966304779
312.625,6.9375,2200,0.29285404086112976
601.125,2.65625,2201,0.37122106552124023
232.625,8.125,2202,0.3093251585960388
503.5,5.46875,2203,0.5011267066001892
399.625,6.625,2204,0.35051193833351135
293.375,6.5625,2205,0.4729467034339905
347.125,8.5,2206,0.4443073570728302
266.25,7.9375,2207,0.3421454131603241
329.125,5.9375,2208,0.45273759961128235
579.5,4.25,2209,0.41996291279792786
287.25,4.6875,2210,0.3891015648841858
316.25,8.625,2211,0.38957715034484863
286.125,7.03125,2212,0.4485059082508087
243.125,9.3125,2213,0.4270288944244385
535.375,3.4375,2214,0.2788380980491638
268.0,7.25,2215,0.2636328339576721
266.0,7.4375,2216,0.39332011342048645
369.0,4.5,2217,0.33833396434783936
527.625,4.84375,2218,0.34725046157836914
160.625,10.0,2219,0.38119232654571533
419.625,4.5,2220,0.5037394165992737
382.875,8.6875,2221,0.4013659656047821
318.125,5.875,2222,0.37339574098587036
396.25,4.8125,2223,0.26295819878578186
377.125,5.59375,2224,0.34044545888900757
388.5,5.0,2225,0.434012770652771
197.625,8.6875,2226,0.38528603315353394
348.125,4.5625,2227,0.4072851836681366
267.625,8.4375,2228,0.32946816086769104
529.0,5.53125,2229,0.41541287302970886
478.5,8.78125,2230,0.360614538192749
367.5,4.5,2231,0.31933367252349854
245.25,4.5,2232,0.36390867829322815
275.0,8.625,2233,0.38886499404907227
189.625,5.875,2234,0.37399542331695557
448.125,6.71875,2235,0.5858742594718933
335.125,4.5,2236,0.3973049819469452
255.625,5.28125,2237,0.4582376778125763
432.625,8.625,2238,0.4377155601978302
345.375,5.1875,2239,0.381507933139801
541.375,4.0625,2240,0.37272605299949646
369.875,4.8125,2241,0.32711830735206604
602.0,3.9375,2242,0.46406662464141846
269.75,4.5,2243,0.3598231375217438
517.875,4.09375,2244,0.3803836405277252
591.875,3.3125,2245,0.4410390853881836
353.5,5.21875,2246,0.2960928678512573
395.75,6.5625,2247,0.37682226300239563
374.0,5.1875,2248,0.4034203588962555
294.5,8.625,2249,0.419191837310791
331.75,5.875,2250,0.38653460144996643
550.375,3.9375,2251,0.5608513355255127
561.625,5.375,2252,0.32362744212150574
509.125,6.25,2253,0.3819090723991394
384.375,5.9375,2254,0.3414788246154785
654.625,1.4375,2255,0.39205726981163025
504.75,6.0625,2256,0.3218647539615631
363.125,6.1875,2257,0.2980845868587494
589.5,3.875,2258,0.4040656089782715
506.375,7.375,2259,0.360893577337265
213.5,10.0,2260,0.28519171476364136
329.875,10.0,2261,0.44890034198760986
324.875,4.65625,2262,0.3086102306842804
362.0,4.5625,2263,0.4195341467857361
441.625,7.4375,2264,0.4261956214904785
270.625,7.9375,2265,0.3453138470649719
396.375,8.125,2266,0.38144195079803467
391.25,6.75,2267,0.3619381785392761
461.375,7.375,2268,0.3948158919811249
378.5,7.25,2269,0.3732878863811493
358.625,7.375,2270,0.3889394998550415
488.5,6.625,2271,0.2553829848766327
221.125,8.96875,2272,0.40517091751098633
374.125,9.375,2273,0.40580761432647705
676.875,2.0,2274,0.4376548230648041
233.625,8.25,2275,0.23603327572345734
639.375,2.0625,2276,0.4911441504955292
409.875,7.9375,2277,0.3938226103782654
346.0,4.5625,2278,0.4600299596786499
210.25,5.8125,2279,0.4614953100681305
504.875,5.40625,2280,0.663841187953949
237.125,6.6875,2281,0.3279924690723419
694.0,1.4375,2282,0.543199360370636
269.5,9.3125,2283,0.31621429324150085
254.75,5.875,2284,0.35556867718696594
173.125,5.875,2285,0.5387890338897705
495.875,3.3125,2286,0.43593111634254456
662.125,2.625,2287,0.3486752212047577
397.125,4.5,2288,0.3368590474128723
690.0,2.9375,2289,0.453111469745636
428.0,6.25,2290,0.39388182759284973
665.75,1.1875,2291,0.332448810338974
379.125,6.0625,2292,0.27388879656791687
312.25,4.5,2293,0.3790242075920105
251.875,7.9375,2294,0.4562603533267975
284.25,4.8125,2295,0.4412531852722168
251.5,7.9375,2296,0.404449999332428
419.0,7.46875,2297,0.4398075044155121
408.25,4.03125,2298,0.4456235468387604
257.125,10.0,2299,0.4119395315647125
293.25,4.6875,2300,0.4324873685836792
509.5,4.5625,2301,0.3336070477962494
292.625,4.5,2302,0.29242143034935
390.875,4.75,2303,0.4308925271034241
436.25,5.25,2304,0.30100610852241516
387.625,9.8125,2305,0.37678784132003784
484.375,7.25,2306,0.4814485013484955
514.125,4.6875,2307,0.3633350729942322
224.25,10.0,2308,0.350104957818985
385.625,8.09375,2309,0.5139676928520203
234.75,5.1875,2310,0.4353444278240204
278.75,8.09375,2311,0.442250519990921
643.5,3.3125,2312,0.3899938762187958
323.0,9.46875,2313,0.3172878623008728
411.0,5.375,2314,0.42144596576690674
400.5,5.125,2315,0.3687203526496887
226.75,9.3125,2316,0.4785567820072174
381.0,5.875,2317,0.3763480484485626
644.0,4.875,2318,0.3412923216819763
555.5,3.875,2319,0.2506302297115326
456.125,5.875,2320,0.3103034496307373
431.625,4.6875,2321,0.3668273687362671
207.125,10.0,2322,0.3945310711860657
148.0,10.0,2323,0.4702696204185486
283.875,5.15625,2324,0.6009151339530945
252.25,9.3125,2325,0.47662782669067383
278.625,5.3125,2326,0.46955186128616333
489.875,5.1875,2327,0.47762906551361084
232.625,5.1875,2328,0.3193536698818207
319.125,5.34375,2329,0.49031203985214233
203.25,8.25,2330,0.3935546278953552
394.375,3.25,2331,0.3499692678451538
398.25,7.9375,2332,0.40536075830459595
298.625,8.28125,2333,0.43169909715652466
512.875,7.09375,2334,0.29506781697273254
166.5,5.375,2335,0.34002184867858887
528.625,5.5,2336,0.5098856687545776
233.375,5.1875,2337,0.4081242084503174
363.375,5.875,2338,0.5418986678123474
366.375,4.65625,2339,0.33325162529945374
307.0,9.3125,2340,0.3208920955657959
435.25,4.65625,2341,0.3522101044654846
376.375,8.625,2342,0.33330440521240234
318.0,4.1875,2343,0.3398759961128235
250.875,5.875,2344,0.2976777255535126
234.25,7.25,2345,0.41384047269821167
286.375,7.59375,2346,0.49597838521003723
349.875,4.5625,2347,0.4038856029510498
264.25,7.25,2348,0.40843403339385986
413.625,4.5,2349,0.4674452543258667
422.125,6.6875,2350,0.2708539068698883
566.875,5.4375,2351,0.33633801341056824
170.375,9.3125,2352,0.316328227519989
509.375,4.09375,2353,0.5338502526283264
382.375,6.5625,2354,0.2742155194282532
380.75,4.84375,2355,0.29324954748153687
480.5,4.84375,2356,0.39864733815193176
244.5,5.5,2357,0.4120902419090271
260.625,9.0,2358,0.5465618968009949
140.875,10.0,2359,0.4553106129169464
490.625,4.5625,2360,0.4264015555381775
399.75,6.625,2361,0.31348374485969543
283.375,5.0,2362,0.33979007601737976
429.75,4.9375,2363,0.296681672334671
379.375,4.5625,2364,0.3716684579849243
300.125,6.71875,2365,0.3597486615180969
573.625,5.34375,2366,0.5505098700523376
464.0,4.75,2367,0.2937409281730652
278.625,6.34375,2368,0.35399678349494934
306.5,5.75,2369,0.47032052278518677
215.875,9.3125,2370,0.43547847867012024
236.5,6.9375,2371,0.4344348609447479
256.375,4.5,2372,0.6007043719291687
621.25,3.625,2373,0.5226123929023743
416.875,4.65625,2374,0.34585675597190857
142.625,8.625,2375,0.3292681872844696
274.875,6.25,2376,0.5393131971359253
443.875,4.5625,2377,0.38846832513809204
246.125,9.5,2378,0.366153359413147
280.125,7.9375,2379,0.3560682535171509
205.625,5.1875,2380,0.3426128923892975
163.125,8.625,2381,0.38033032417297363
426.0,6.0,2382,0.7997844815254211
405.375,4.90625,2383,0.2892897427082062
272.625,8.125,2384,0.38573694229125977
336.875,5.1875,2385,0.40561074018478394
567.75,4.125,2386,0.2938973307609558
297.75,6.5625,2387,0.4193158447742462
340.625,4.65625,2388,0.3783993721008301
457.0,6.9375,2389,0.40483081340789795
507.25,3.875,2390,0.37870848178863525
391.25,4.5625,2391,0.34786632657051086
293.875,6.03125,2392,0.47397443652153015
234.5,8.25,2393,0.5755719542503357
174.25,8.625,2394,0.5136773586273193
252.0,9.3125,2395,0.41708627343177795
225.5,8.625,2396,0.39028626680374146
488.75,4.84375,2397,0.3795231878757477
291.125,4.5,2398,0.45559409260749817
238.875,8.0,2399,0.24184690415859222
249.125,8.625,2400,0.4933781623840332
384.75,5.9375,2401,0.3549295663833618
448.875,6.5,2402,0.4113910496234894
196.25,4.5,2403,0.3334277272224426
293.0,5.8125,2404,0.3683660626411438
503.0,5.1875,2405,0.4636451005935669
183.875,10.0,2406,0.3620041310787201
446.375,4.5625,2407,0.34579208493232727
240.625,6.0625,2408,0.3766396939754486
410.0,5.0,2409,0.46629849076271057
432.0,7.3125,2410,0.4412723481655121
349.75,5.875,2411,0.35277289152145386
250.25,9.3125,2412,0.46093204617500305
402.0,7.25,2413,0.3844973146915436
238.375,6.5625,2414,0.2952382564544678
528.875,4.6875,2415,0.4186834692955017
404.0,3.875,2416,0.32581230998039246
547.5,5.3125,2417,0.34384074807167053
567.875,3.9375,2418,0.2545832097530365
479.25,4.5,2419,0.34221869707107544
322.75,5.875,2420,0.32323405146598816
413.625,6.0625,2421,0.39555931091308594
558.125,6.6875,2422,0.41480326652526855
521.625,6.25,2423,0.33765092492103577
187.25,9.46875,2424,0.3014257848262787
162.875,7.9375,2425,0.40257611870765686
612.75,4.96875,2426,0.3098856806755066
276.75,8.0,2427,0.33511796593666077
268.0,5.375,2428,0.2970050871372223
454.25,3.875,2429,0.5007287263870239
274.625,8.3125,2430,0.347756564617157
377.625,4.65625,2431,0.37729355692863464
259.875,5.875,2432,0.4035601019859314
590.625,4.0625,2433,0.3731473386287689
252.75,10.0,2434,0.3322916626930237
359.375,4.5625,2435,0.4803010821342468
446.75,4.5,2436,0.40014731884002686
445.0,5.09375,2437,0.4221749007701874
576.125,5.1875,2438,0.3355312645435333
207.625,8.625,2439,0.34130898118019104
281.0,4.5,2440,0.5234581828117371
394.0,9.3125,2441,0.3977346420288086
292.875,5.875,2442,0.3751446306705475
279.125,4.5,2443,0.44577452540397644
366.5,4.5,2444,0.347449392080307
411.875,7.5625,2445,0.3020543158054352
456.125,8.96875,2446,0.5320884585380554
445.875,4.3125,2447,0.36580705642700195
357.25,8.84375,2448,0.2787097990512848
200.25,9.5,2449,0.3511578142642975
402.125,5.25,2450,0.3726111352443695
401.125,4.65625,2451,0.3574504554271698
362.0,5.0625,2452,0.3745005130767822
325.125,5.1875,2453,0.36319610476493835
381.875,7.3125,2454,0.39299315214157104
420.0,5.34375,2455,0.4382220208644867
345.125,8.6875,2456,0.3897060751914978
421.25,7.3125,2457,0.41107410192489624
386.125,4.5,2458,0.34635043144226074
389.375,6.25,2459,0.4299747347831726
122.875,7.25,2460,0.4244741201400757
673.25,2.1875,2461,0.2800680994987488
319.375,7.25,2462,0.37232160568237305
266.875,6.03125,2463,0.34269845485687256
361.125,7.9375,2464,0.46604180335998535
565.125,3.125,2465,0.45807498693466187
299.875,8.625,2466,0.4160676598548889
316.125,9.3125,2467,0.36231091618537903
250.625,7.25,2468,0.33942320942878723
553.75,3.3125,2469,0.48987624049186707
265.125,5.03125,2470,0.36276891827583313
341.625,5.1875,2471,0.4758637845516205
508.5,5.71875,2472,0.474452406167984
340.375,4.5,2473,0.3972848951816559
345.5,5.0,2474,0.3533935248851776
300.75,5.875,2475,0.3542400598526001
326.5,7.125,2476,0.38831520080566406
280.625,8.625,2477,0.3367280662059784
298.5,7.9375,2478,0.43949034810066223
336.375,7.3125,2479,0.273006409406662
343.5,4.5625,2480,0.4094407260417938
449.125,6.09375,2481,0.38868311047554016
633.125,2.75,2482,0.42569708824157715
508.0,5.3125,2483,0.3674478232860565
303.0,4.5,2484,0.3537755608558655
333.0,5.71875,2485,0.5214264392852783
490.375,4.5,2486,0.3740546405315399
422.25,5.1875,2487,0.43389368057250977
163.625,10.0,2488,0.4972273111343384
203.875,10.0,2489,0.5977658629417419
421.625,4.875,2490,0.32448771595954895
473.75,3.9375,2491,0.43146663904190063
466.5,6.1875,2492,0.34883344173431396
481.375,4.21875,2493,0.4288702607154846
323.25,6.5625,2494,0.31646767258644104
469.875,4.3125,2495,0.43767231702804565
195.75,6.5625,2496,0.38560664653778076
300.25,5.0,2497,0.44365358352661133
498.375,4.0625,2498,0.4532686769962311
183.75,10.0,2499,0.46836939454078674
693.125,1.375,2500,0.26988717913627625
510.0,2.625,2501,0.29968681931495667
417.75,4.03125,2502,0.33162549138069153
310.875,5.1875,2503,0.37194836139678955
256.0,8.625,2504,0.4625668525695801
268.375,9.3125,2505,0.5234472751617432
512.375,4.625,2506,0.4135984182357788
268.125,8.625,2507,0.4235774874687195
387.5,5.1875,2508,0.41894209384918213
258.25,7.28125,2509,0.4082273542881012
280.625,6.34375,2510,0.3712945282459259
364.625,5.75,2511,0.46849676966667175
615.875,7.5,2512,0.4514375925064087
295.875,6.9375,2513,0.3798428773880005
425.25,6.0,2514,0.3281879127025604
256.75,9.3125,2515,0.37469562888145447
397.375,6.5,2516,0.426607608795166
586.0,1.875,2517,0.35365551710128784
457.0,5.1875,2518,0.34423771500587463
225.5,8.1875,2519,0.35188156366348267
375.75,4.0,2520,0.37066972255706787
310.25,7.25,2521,0.27181392908096313
221.75,9.3125,2522,0.40076279640197754
262.625,4.84375,2523,0.4352220296859741
569.5,6.28125,2524,0.4760797321796417
642.625,2.4375,2525,0.3543221056461334
189.5,9.3125,2526,0.30163291096687317
515.0,2.0,2527,0.48692935705184937
318.0,6.375,2528,0.37813296914100647
411.25,7.25,2529,0.4184742271900177
227.0,7.03125,2530,0.42450854182243347
240.125,7.25,2531,0.37759748101234436
198.25,6.5625,2532,0.4674685299396515
361.875,4.3125,2533,0.41298940777778625
407.25,8.46875,2534,0.28480055928230286
198.125,7.25,2535,0.35060974955558777
507.5,4.5625,2536,0.5330952405929565
360.5,4.875,2537,0.3176531195640564
675.625,3.21875,2538,0.39038145542144775
344.75,5.25,2539,0.36293259263038635
258.25,6.65625,2540,0.3747314214706421
386.125,7.9375,2541,0.34621772170066833
132.125,8.625,2542,0.40548738837242126
452.875,3.9375,2543,0.5496864914894104
414.5,5.25,2544,0.3857121467590332
447.75,5.25,2545,0.38586658239364624
291.0,5.84375,2546,0.3138347864151001
250.5,9.3125,2547,0.5790137648582458
549.25,3.25,2548,0.3277764916419983
348.5,6.625,2549,0.37079447507858276
430.125,5.0625,2550,0.3513248860836029
296.75,5.25,2551,0.33330607414245605
470.625,6.5625,2552,0.49627000093460083
171.5,4.5,2553,0.35631638765335083
293.375,10.0,2554,0.6509624719619751
494.375,5.4375,2555,0.40255647897720337
230.125,9.3125,2556,0.4218684136867523
437.625,4.65625,2557,0.45383206009864807
384.0,5.875,2558,0.3222149908542633
251.75,7.96875,2559,0.41203761100769043
508.5,3.25,2560,0.5758875608444214
368.25,10.0,2561,0.3408764600753784
321.125,5.1875,2562,0.3345167934894562
514.875,4.3125,2563,0.4782634377479553
329.5,4.5,2564,0.32702168822288513
496.875,5.375,2565,0.4846718907356262
530.0,4.40625,2566,0.33007752895355225
435.125,6.03125,2567,0.35930928587913513
412.25,7.40625,2568,0.32481998205184937
413.5,6.4375,2569,0.28304511308670044
329.25,5.40625,2570,0.27808719873428345
431.75,4.5,2571,0.43046215176582336
318.75,8.625,2572,0.3310636579990387
471.75,5.1875,2573,0.24246609210968018
367.375,4.5,2574,0.3828791081905365
255.5,4.5,2575,0.41766682267189026
232.125,5.1875,2576,0.5051379203796387
249.5,6.5625,2577,0.3554230332374573
465.375,4.5,2578,0.4588378369808197
273.875,5.1875,2579,0.33430713415145874
518.5,4.5625,2580,0.5492468476295471
338.25,5.375,2581,0.37179067730903625
266.375,7.4375,2582,0.34405234456062317
287.25,5.0,2583,0.5738853812217712
289.25,6.125,2584,0.42180946469306946
232.125,8.625,2585,0.3434355854988098
308.25,9.46875,2586,0.44735532999038696
390.375,4.6875,2587,0.43210163712501526
231.75,9.3125,2588,0.37752971053123474
626.75,3.4375,2589,0.43310895562171936
360.875,4.5,2590,0.27112382650375366
258.875,10.0,2591,0.40299171209335327
281.25,9.5,2592,0.4156380593776703
250.375,10.0,2593,0.5127820372581482
256.125,5.0625,2594,0.3947218358516693
327.875,10.0,2595,0.48187780380249023
236.5,5.65625,2596,0.28190821409225464
379.125,3.9375,2597,0.4721168279647827
337.375,6.0625,2598,0.34680524468421936
326.0,6.625,2599,0.3835960328578949
292.375,4.5,2600,0.43938183784484863
389.25,4.5625,2601,0.5304935574531555
312.25,6.03125,2602,0.39620354771614075
334.25,3.75,2603,0.409281462430954
269.875,5.4375,2604,0.34615373611450195
233.0,4.6875,2605,0.3970005512237549
660.0,2.9375,2606,0.41431140899658203
258.5,5.1875,2607,0.34570375084877014
281.5,4.6875,2608,0.38963329792022705
294.25,8.625,2609,0.3477238118648529
241.25,5.1875,2610,0.2748197317123413
246.75,5.1875,2611,0.3811776340007782
332.25,6.03125,2612,0.4864637851715088
331.625,5.0,2613,0.35450243949890137
301.125,5.65625,2614,0.3276025354862213
395.375,5.03125,2615,0.3909579813480377
213.875,9.3125,2616,0.31087392568588257
519.875,4.6875,2617,0.36359232664108276
454.0,3.875,2618,0.4495331048965454
347.25,4.65625,2619,0.36524540185928345
354.125,4.5,2620,0.4623711407184601
524.0,3.3125,2621,0.39658355712890625
616.25,3.625,2622,0.3843018412590027
454.25,5.0,2623,0.34136107563972473
590.25,4.5625,2624,0.3142767548561096
239.0,10.0,2625,0.3838730752468109
336.625,5.875,2626,0.46701309084892273
229.625,9.3125,2627,0.4108431339263916
184.375,10.0,2628,0.4730108678340912
285.625,6.5625,2629,0.3410281538963318
357.5,4.5,2630,0.41020846366882324
589.0,2.625,2631,0.3829432427883148
283.0,9.5,2632,0.31898319721221924
229.375,8.4375,2633,0.502050518989563
537.0,5.25,2634,0.5315431356430054
347.375,8.625,2635,0.3226678967475891
331.0,4.5,2636,0.4404893219470978
346.25,5.875,2637,0.4696756601333618
243.125,4.5,2638,0.40666404366493225
239.5,4.5,2639,0.4167731702327728
296.75,4.5,2640,0.44670891761779785
461.5,3.4375,2641,0.47192925214767456
543.875,5.34375,2642,0.3378540277481079
361.625,5.1875,2643,0.2919391691684723
631.625,3.3125,2644,0.3402562439441681
254.75,8.625,2645,0.34028947353363037
277.0,7.25,2646,0.49379727244377136
612.625,4.75,2647,0.35041573643684387
159.125,10.0,2648,0.32173392176628113
405.0,8.625,2649,0.4058516323566437
374.75,5.1875,2650,0.3008314073085785
523.625,4.84375,2651,0.3213185966014862
548.25,4.6875,2652,0.40340062975883484
328.5,7.9375,2653,0.44320765137672424
466.75,4.75,2654,0.35003384947776794
214.25,8.8125,2655,0.3644685745239258
279.25,7.25,2656,0.44686728715896606
248.75,5.875,2657,0.43129289150238037
209.5,9.3125,2658,0.37278440594673157
296.75,4.5,2659,0.31047120690345764
322.125,6.25,2660,0.37440186738967896
577.125,4.9375,2661,0.46957167983055115
260.875,7.9375,2662,0.3667936325073242
250.0,10.0,2663,0.3936666250228882
381.625,7.9375,2664,0.38096439838409424
461.25,3.875,2665,0.3266490399837494
560.625,4.375,2666,0.3213822543621063
463.875,5.25,2667,0.35700416564941406
248.125,10.0,2668,0.37137895822525024
460.625,5.4375,2669,0.44559812545776367
381.125,4.78125,2670,0.421922504901886
322.125,7.25,2671,0.2956196367740631
329.5,7.9375,2672,0.3010220527648926
213.875,7.9375,2673,0.4515676200389862
326.75,5.5625,2674,0.5550296306610107
334.5,5.25,2675,0.46129679679870605
491.25,6.1875,2676,0.4964790642261505
340.625,6.71875,2677,0.3632633686065674
383.5,3.875,2678,0.4465239942073822
392.25,4.8125,2679,0.39160358905792236
211.25,10.0,2680,0.4890362322330475
309.875,7.375,2681,0.41128575801849365
342.0,4.65625,2682,0.4399256706237793
542.5,4.03125,2683,0.4645273685455322
156.5,9.3125,2684,0.3412820100784302
280.375,5.5625,2685,0.3751123547554016
523.375,4.1875,2686,0.407227098941803
269.625,4.5,2687,0.34356948733329773
411.25,5.6875,2688,0.4619588851928711
649.5,2.0,2689,0.33000004291534424
550.25,1.4375,2690,0.33494603633880615
386.75,6.5625,2691,0.4003761410713196
302.375,8.625,2692,0.3643079996109009
373.375,4.6875,2693,0.36185312271118164
439.125,4.3125,2694,0.43195417523384094
479.875,5.1875,2695,0.3409241735935211
600.25,4.5,2696,0.3467206656932831
180.125,7.25,2697,0.3295731842517853
299.0,7.59375,2698,0.595752477645874
311.5,5.0,2699,0.4550939202308655
288.75,5.03125,2700,0.3796426057815552
330.875,6.40625,2701,0.36945146322250366
375.375,6.5625,2702,0.3648007810115814
355.0,7.9375,2703,0.4614183008670807
382.0,4.5,2704,0.34404438734054565
367.25,7.9375,2705,0.48655426502227783
307.375,4.125,2706,0.35380467772483826
175.875,7.03125,2707,0.3560837209224701
343.0,5.21875,2708,0.5757708549499512
571.25,4.9375,2709,0.30770620703697205
500.75,7.75,2710,0.36350467801094055
333.0,5.25,2711,0.4100719094276428
561.25,5.1875,2712,0.26122745871543884
248.875,6.34375,2713,0.31849342584609985
258.875,4.6875,2714,0.4259457588195801
166.75,5.1875,2715,0.6186268925666809
163.25,9.3125,2716,0.4967096149921417
282.375,7.25,2717,0.4056003987789154
116.125,10.0,2718,0.3761259913444519
235.75,9.3125,2719,0.43978312611579895
323.125,8.0,2720,0.26837262511253357
509.375,4.25,2721,0.37143558263778687
371.125,6.5625,2722,0.4526533782482147
347.25,5.5,2723,0.35321539640426636
357.75,9.3125,2724,0.38007089495658875
648.0,2.75,2725,0.41167908906936646
285.5,5.1875,2726,0.3246271014213562
300.5,7.25,2727,0.45370540022850037
232.875,4.5,2728,0.4965280294418335
320.625,5.9375,2729,0.4046398997306824
441.0,8.1875,2730,0.36513131856918335
283.875,5.25,2731,0.3693995177745819
427.75,5.96875,2732,0.48084819316864014
346.875,4.5,2733,0.2749350070953369
281.875,7.9375,2734,0.3436143398284912
306.25,7.9375,2735,0.4184514284133911
453.125,8.0,2736,0.4436510503292084
599.5,2.6875,2737,0.33933013677597046
504.875,5.375,2738,0.3127788007259369
260.625,7.9375,2739,0.29113298654556274
437.375,4.625,2740,0.5253428220748901
334.0,6.25,2741,0.3621840476989746
264.125,6.5625,2742,0.3482321500778198
296.125,7.9375,2743,0.3619953989982605
433.375,4.65625,2744,0.5261204838752747
385.625,9.3125,2745,0.3671385645866394
598.875,3.5625,2746,0.30650579929351807
428.625,4.65625,2747,0.3332746624946594
496.375,6.625,2748,0.40305769443511963
443.625,8.0,2749,0.2988567650318146
438.125,3.875,2750,0.30704161524772644
412.375,6.75,2751,0.3359479308128357
334.375,5.1875,2752,0.46589747071266174
283.625,5.1875,2753,0.4857225716114044
283.0,5.4375,2754,0.5203176736831665
495.625,4.5625,2755,0.32412394881248474
210.75,9.3125,2756,0.39922046661376953
247.5,7.25,2757,0.5830293297767639
502.75,3.25,2758,0.5204116106033325
375.625,6.5625,2759,0.38042259216308594
219.0,6.5625,2760,0.4859074354171753
281.125,8.625,2761,0.4433172941207886
502.875,5.125,2762,0.4386754631996155
478.875,5.21875,2763,0.31978586316108704
346.375,4.96875,2764,0.37405726313591003
513.25,4.09375,2765,0.40915587544441223
451.125,7.40625,2766,0.3132317364215851
454.25,7.46875,2767,0.3675512671470642
202.75,8.625,2768,0.3422453701496124
242.375,5.875,2769,0.4476814568042755
233.5,4.5,2770,0.5365835428237915
384.25,4.5625,2771,0.3772166073322296
646.5,2.25,2772,0.3851601481437683
254.125,4.5,2773,0.3261401355266571
411.125,4.5625,2774,0.5151710510253906
438.875,4.5625,2775,0.3258507251739502
211.0,4.5625,2776,0.37739673256874084
324.625,6.0625,2777,0.477398157119751
313.0,5.875,2778,0.35275858640670776
578.75,3.5625,2779,0.4665175676345825
373.25,8.0,2780,0.41050758957862854
481.125,5.9375,2781,0.3622296154499054
347.875,5.1875,2782,0.4042665660381317
560.75,4.90625,2783,0.352979451417923
321.75,8.0,2784,0.3186682164669037
276.625,7.25,2785,0.38748085498809814
486.875,5.90625,2786,0.3523622751235962
371.75,7.25,2787,0.33567991852760315
248.75,6.5625,2788,0.5373718738555908
243.0,10.0,2789,0.31301453709602356
220.125,8.0,2790,0.4142480492591858
298.375,5.1875,2791,0.37343674898147583
643.5,3.25,2792,0.37964215874671936
218.75,8.625,2793,0.2883762717247009
205.125,10.0,2794,0.47372785210609436
170.875,10.0,2795,0.5106741189956665
269.25,7.4375,2796,0.38721713423728943
455.75,7.625,2797,0.4449405372142792
439.5,4.34375,2798,0.32147499918937683
212.25,7.9375,2799,0.3237478733062744
533.875,7.375,2800,0.3816972076892853
285.875,8.09375,2801,0.3122505247592926
272.25,8.5,2802,0.45531362295150757
530.125,2.0,2803,0.34775158762931824
389.625,4.5625,2804,0.3428613543510437
438.25,5.5,2805,0.45557066798210144
302.625,6.1875,2806,0.3544706106185913
336.875,6.5625,2807,0.39076852798461914
317.875,5.875,2808,0.3690681755542755
170.625,8.625,2809,0.3259248733520508
457.75,4.5,2810,0.5170292854309082
350.625,7.25,2811,0.34572523832321167
263.625,5.1875,2812,0.39084798097610474
400.5,4.5,2813,0.46285420656204224
133.625,10.0,2814,0.4375474154949188
424.75,5.34375,2815,0.2560283839702606
263.0,5.1875,2816,0.33948642015457153
148.625,9.3125,2817,0.4657759964466095
335.5,4.5,2818,0.5506048798561096
295.5,4.5,2819,0.3475630283355713
425.5,4.03125,2820,0.3880671262741089
156.5,10.0,2821,0.42622074484825134
285.125,10.0,2822,0.44906315207481384
142.75,4.5,2823,0.36260148882865906
372.375,6.8125,2824,0.45005521178245544
517.625,5.5,2825,0.3619233965873718
250.375,7.625,2826,0.32228654623031616
499.25,4.03125,2827,0.4876987040042877
553.0,4.09375,2828,0.2507020831108093
668.625,0.75,2829,0.378182053565979
263.0,8.625,2830,0.3040936589241028
371.125,8.09375,2831,0.3308168947696686
301.25,6.5625,2832,0.3799496591091156
289.375,7.9375,2833,0.470180869102478
565.25,3.625,2834,0.4085197150707245
262.125,4.5,2835,0.28998610377311707
305.875,5.25,2836,0.356428325176239
195.125,5.875,2837,0.3260135054588318
416.5,5.0,2838,0.4443477690219879
244.625,10.0,2839,0.39218342304229736
531.25,3.4375,2840,0.549048662185669
528.375,5.3125,2841,0.3975845277309418
363.625,5.875,2842,0.2697310149669647
391.0,3.875,2843,0.34792664647102356
394.5,4.5,2844,0.31936877965927124
486.125,4.5625,2845,0.33418554067611694
260.25,5.875,2846,0.27812328934669495
630.375,2.625,2847,0.3659568727016449
409.375,4.6875,2848,0.2888774573802948
618.25,3.5625,2849,0.3761084973812103
382.5,4.96875,2850,0.36271587014198303
337.125,4.5,2851,0.3759620785713196
323.25,4.5,2852,0.47153440117836
486.0,5.0,2853,0.4116595685482025
391.375,3.875,2854,0.33055487275123596
169.625,9.46875,2855,0.2966063618659973
196.375,5.1875,2856,0.5665138959884644
690.75,4.8125,2857,0.5095843076705933
216.75,8.96875,2858,0.32568684220314026
544.0,3.9375,2859,0.5148342251777649
286.0,8.6875,2860,0.38382163643836975
294.375,9.3125,2861,0.291393905878067
567.125,3.625,2862,0.4633912742137909
196.25,5.25,2863,0.34030959010124207
255.625,5.0,2864,0.5222538113594055
460.25,5.3125,2865,0.4753701090812683
230.625,7.4375,2866,0.41630756855010986
182.125,6.5625,2867,0.299837589263916
499.5,6.8125,2868,0.41227030754089355
614.625,3.3125,2869,0.32971200346946716
516.875,5.25,2870,0.326680064201355
262.125,5.1875,2871,0.36643892526626587
461.5,5.25,2872,0.4398441016674042
308.125,5.1875,2873,0.29221493005752563
253.875,9.3125,2874,0.3789324462413788
362.25,4.5625,2875,0.45411789417266846
262.125,10.0,2876,0.29531243443489075
699.125,2.0625,2877,0.30781516432762146
509.375,5.71875,2878,0.33750036358833313
404.875,6.25,2879,0.3451617956161499
489.0,3.9375,2880,0.3628164231777191
214.5,10.0,2881,0.39920803904533386
199.0,6.625,2882,0.5610901713371277
401.375,5.0,2883,0.45853331685066223
327.25,10.0,2884,0.3705476224422455
473.875,5.875,2885,0.38969534635543823
362.375,9.3125,2886,0.3364912271499634
437.5,4.71875,2887,0.4119162857532501
283.5,5.1875,2888,0.4040996730327606
382.25,7.9375,2889,0.5360572338104248
238.0,9.5,2890,0.3744348883628845
314.75,4.5,2891,0.37317994236946106
338.375,4.84375,2892,0.3828051686286926
315.0,5.1875,2893,0.4210340976715088
689.875,3.25,2894,0.41736528277397156
389.125,6.1875,2895,0.35678282380104065
602.375,5.1875,2896,0.353800892829895
495.25,3.875,2897,0.4184175729751587
197.625,10.0,2898,0.2835903763771057
271.0,6.5625,2899,0.5242002606391907
537.5,4.5,2900,0.5148489475250244
483.375,5.875,2901,0.27548766136169434
507.625,3.875,2902,0.35496780276298523
238.25,8.625,2903,0.33867472410202026
481.125,4.78125,2904,0.352344810962677
261.25,7.8125,2905,0.29985275864601135
183.0,4.5,2906,0.35365355014801025
176.875,6.375,2907,0.4600279629230499
243.75,9.3125,2908,0.45514875650405884
560.875,2.75,2909,0.39821678400039673
276.625,5.875,2910,0.2754729390144348
665.875,3.375,2911,0.40050992369651794
335.375,9.3125,2912,0.3420967757701874
446.0,6.5625,2913,0.5128662586212158
580.5,5.9375,2914,0.2738187313079834
383.5,5.125,2915,0.2512490451335907
202.0,5.375,2916,0.3645949363708496
357.75,7.3125,2917,0.4347219169139862
545.875,4.5,2918,0.40799272060394287
408.25,5.375,2919,0.391000896692276
620.25,6.0,2920,0.35865703225135803
476.125,5.1875,2921,0.32710880041122437
369.625,5.875,2922,0.4780978262424469
178.5,10.0,2923,0.4035488963127136
366.0,7.3125,2924,0.4601169228553772
113.25,10.0,2925,0.3660917282104492
413.125,4.5,2926,0.26887351274490356
282.75,5.1875,2927,0.4359217584133148
215.375,10.0,2928,0.36280685663223267
334.125,7.9375,2929,0.41751450300216675
377.375,4.3125,2930,0.29390275478363037
326.0,7.9375,2931,0.3357468247413635
247.25,9.3125,2932,0.3671140968799591
269.0,10.0,2933,0.4595702588558197
205.875,5.0,2934,0.3112005591392517
334.125,9.3125,2935,0.5098302960395813
336.875,6.0625,2936,0.26027125120162964
219.5,7.9375,2937,0.4480844736099243
273.375,7.3125,2938,0.4873097240924835
714.125,1.3125,2939,0.39994969964027405
450.5,5.4375,2940,0.274973064661026
303.125,4.5,2941,0.5255453586578369
298.125,7.4375,2942,0.46392586827278137
460.25,7.25,2943,0.35942286252975464
266.75,8.625,2944,0.33920276165008545
379.5,7.4375,2945,0.3546774685382843
286.125,5.03125,2946,0.36125555634498596
248.375,9.46875,2947,0.49492794275283813
324.625,4.8125,2948,0.5174108147621155
282.25,7.25,2949,0.4766056537628174
248.25,10.0,2950,0.4491797983646393
692.5,2.3125,2951,0.3640313744544983
485.125,4.5625,2952,0.3207927942276001
189.5,10.0,2953,0.3124296963214874
185.0,10.0,2954,0.4990847706794739
209.125,10.0,2955,0.3762107193470001
351.0,4.8125,2956,0.49354326725006104
334.375,7.40625,2957,0.4876101613044739
332.375,6.03125,2958,0.3078640401363373
346.0,5.5,2959,0.42456868290901184
660.5,2.0625,2960,0.312757670879364
382.375,6.5625,2961,0.29684463143348694
241.0,8.125,2962,0.37950360774993896
267.625,4.5,2963,0.50547856092453
267.25,4.5,2964,0.32107609510421753
476.125,5.0,2965,0.45745012164115906
185.625,6.625,2966,0.3185880780220032
189.875,8.25,2967,0.5966479778289795
295.75,8.625,2968,0.5017189979553223
529.75,6.15625,2969,0.3183104991912842
429.875,3.9375,2970,0.3725513517856598
438.875,7.25,2971,0.36617574095726013
444.125,3.9375,2972,0.32316726446151733
449.0,4.875,2973,0.3919981122016907
184.5,5.90625,2974,0.36281177401542664
376.375,5.1875,2975,0.6046105623245239
325.0,4.6875,2976,0.372331440448761
215.375,6.5625,2977,0.5416243076324463
490.875,3.4375,2978,0.47812798619270325
273.125,5.03125,2979,0.3282189965248108
528.125,2.84375,2980,0.44694140553474426
622.0,3.375,2981,0.3784521818161011
207.125,9.46875,2982,0.2972221374511719
235.75,10.0,2983,0.459797739982605
292.5,6.25,2984,0.4256974160671234
445.375,4.0625,2985,0.4352347254753113
425.625,4.625,2986,0.3612905442714691
294.125,4.8125,2987,0.3183525800704956
461.75,3.5625,2988,0.4203706979751587
346.375,6.0625,2989,0.3112427294254303
207.625,9.3125,2990,0.41415706276893616
365.375,5.34375,2991,0.3784663677215576
404.0,6.71875,2992,0.23737482726573944
177.625,8.625,2993,0.3084968626499176
439.375,3.875,2994,0.21073704957962036
362.25,4.125,2995,0.42891421914100647
380.25,5.1875,2996,0.3390776813030243
488.5,4.8125,2997,0.37065890431404114
270.125,6.0625,2998,0.43799179792404175
233.625,8.625,2999,0.416944295167923
232.75,6.5625,3000,0.37727758288383484
385.875,7.40625,3001,0.5136916637420654
345.0,5.875,3002,0.3510079085826874
566.625,3.25,3003,0.4096977114677429
252.125,5.1875,3004,0.27268677949905396
505.875,5.25,3005,0.4019666016101837
525.25,6.6875,3006,0.3203746974468231
292.75,4.5,3007,0.35360971093177795
291.5,8.625,3008,0.587151825428009
424.25,4.65625,3009,0.420682817697525
303.75,5.6875,3010,0.36421728134155273
345.625,3.875,3011,0.40694761276245117
195.375,4.5,3012,0.3178933262825012
399.375,4.8125,3013,0.4658839702606201
370.125,8.8125,3014,0.4427005648612976
238.375,8.625,3015,0.3243746757507324
301.75,5.0,3016,0.3670749366283417
204.75,10.0,3017,0.4011712670326233
505.25,5.9375,3018,0.48039719462394714
292.875,10.0,3019,0.2980179190635681
214.125,10.0,3020,0.3199369013309479
212.75,9.3125,3021,0.5549882054328918
294.375,9.3125,3022,0.39889615774154663
409.0,5.5,3023,0.3407643139362335
417.5,5.1875,3024,0.32134440541267395
296.375,5.25,3025,0.3891012966632843
598.5,2.625,3026,0.4113589823246002
674.625,2.25,3027,0.26085612177848816
725.625,1.375,3028,0.44291797280311584
456.875,3.71875,3029,0.31743302941322327
236.0,9.3125,3030,0.4094994366168976
385.375,5.25,3031,0.5063265562057495
281.75,7.9375,3032,0.3080480694770813
258.625,10.0,3033,0.45535895228385925
344.0,6.0625,3034,0.4413311183452606
226.875,10.0,3035,0.32711121439933777
436.5,5.8125,3036,0.3373757600784302
379.625,6.5625,3037,0.3244309425354004
299.375,8.625,3038,0.3373836278915405
509.75,2.875,3039,0.2840135097503662
299.0,10.0,3040,0.32128599286079407
241.875,6.5625,3041,0.5368844866752625
315.25,5.875,3042,0.4440099895000458
326.75,5.1875,3043,0.5573512315750122
291.75,4.8125,3044,0.3346751928329468
353.75,6.0,3045,0.46199721097946167
518.5,4.9375,3046,0.3607463836669922
302.5,4.75,3047,0.30030548572540283
262.875,9.6875,3048,0.4913162589073181
239.875,8.625,3049,0.4075643718242645
304.25,5.875,3050,0.5502769947052002
323.5,6.75,3051,0.3724880814552307
280.25,6.125,3052,0.43278998136520386
430.375,5.0625,3053,0.3529372811317444
377.25,6.78125,3054,0.419053852558136
500.625,5.9375,3055,0.4060329794883728
309.75,5.34375,3056,0.29073160886764526
200.5,9.5,3057,0.45321112871170044
244.5,4.5,3058,0.42002537846565247
369.375,4.5,3059,0.40469029545783997
476.0,4.0625,3060,0.3673344850540161
314.75,6.0625,3061,0.3550928235054016
169.375,10.0,3062,0.3263965845108032
192.5,3.875,3063,0.2554090917110443
302.125,7.03125,3064,0.49455851316452026
336.25,7.4375,3065,0.36758413910865784
309.75,6.625,3066,0.34774234890937805
213.75,7.4375,3067,0.5208085775375366
494.625,5.0625,3068,0.46682265400886536
316.25,4.5,3069,0.3560660779476166
540.25,3.875,3070,0.47484052181243896
598.5,5.375,3071,0.3253548741340637
490.25,4.75,3072,0.3672659695148468
347.0,6.6875,3073,0.4106089174747467
291.625,4.5,3074,0.47001558542251587
262.0,4.5,3075,0.3283692002296448
574.875,4.625,3076,0.43037980794906616
351.625,6.71875,3077,0.28335344791412354
310.75,5.28125,3078,0.3251897692680359
481.125,4.71875,3079,0.40937045216560364
213.625,7.9375,3080,0.3452546298503876
302.375,7.25,3081,0.45287925004959106
286.375,7.25,3082,0.3934440314769745
510.75,2.84375,3083,0.44070011377334595
198.0,4.65625,3084,0.37125110626220703
328.25,5.875,3085,0.42692500352859497
276.125,5.4375,3086,0.35149085521698
417.875,6.21875,3087,0.48415711522102356
680.5,2.8125,3088,0.403520792722702
281.0,5.9375,3089,0.3051050901412964
334.625,5.1875,3090,0.5100371241569519
301.125,4.6875,3091,0.46873295307159424
402.75,6.3125,3092,0.42845386266708374
330.625,5.65625,3093,0.41546106338500977
500.125,3.25,3094,0.3766030967235565
290.75,8.625,3095,0.34514161944389343
344.375,8.625,3096,0.5153440833091736
378.5,5.875,3097,0.3071397542953491
255.5,8.125,3098,0.4482721984386444
223.5,5.0,3099,0.4173564910888672
298.625,5.1875,3100,0.45125481486320496
191.5,8.9375,3101,0.40767884254455566
538.375,2.875,3102,0.4121914505958557
298.75,9.1875,3103,0.3283870220184326
289.25,6.5625,3104,0.35606643557548523
238.875,4.8125,3105,0.41981402039527893
443.25,3.9375,3106,0.4462090730667114
325.875,6.5625,3107,0.4358241558074951
226.75,3.875,3108,0.4877113699913025
395.75,6.5625,3109,0.4767245352268219
333.375,8.625,3110,0.46846121549606323
338.375,6.71875,3111,0.42833566665649414
142.5,10.0,3112,0.4414147436618805
306.5,7.25,3113,0.47160962224006653
444.5,5.25,3114,0.4124365746974945
320.625,4.5,3115,0.40684759616851807
354.25,5.9375,3116,0.3680070638656616
347.875,5.5,3117,0.3649934232234955
335.625,7.4375,3118,0.45087963342666626
340.875,7.9375,3119,0.37867462635040283
274.5,7.625,3120,0.33426111936569214
330.125,5.34375,3121,0.5371711254119873
645.5,2.3125,3122,0.43442147970199585
299.0,4.5,3123,0.3246341347694397
377.0,7.25,3124,0.35586410760879517
396.125,5.1875,3125,0.4786760210990906
140.625,10.0,3126,0.420867919921875
427.0,6.21875,3127,0.5957937240600586
288.0,5.40625,3128,0.4068542420864105
314.0,5.875,3129,0.5413423180580139
524.25,4.3125,3130,0.43935924768447876
207.125,10.0,3131,0.31665223836898804
446.625,4.0625,3132,0.22211921215057373
316.0,5.375,3133,0.3600972592830658
195.5,6.9375,3134,0.2934609651565552
340.5,6.875,3135,0.3100951313972473
484.5,3.875,3136,0.3630194365978241
391.0,5.875,3137,0.3638916313648224
409.0,6.78125,3138,0.41611212491989136
667.375,1.375,3139,0.41945990920066833
361.375,8.625,3140,0.30486953258514404
573.375,3.5625,3141,0.5061261057853699
579.875,4.03125,3142,0.33680278062820435
135.5,9.3125,3143,0.35127151012420654
395.125,7.65625,3144,0.33564746379852295
444.25,5.1875,3145,0.356217622756958
282.625,9.3125,3146,0.43022873997688293
239.5,4.5,3147,0.33325356245040894
395.5,7.25,3148,0.500625491142273
399.0,7.28125,3149,0.3178597092628479
190.75,10.0,3150,0.3724096715450287
370.5,8.96875,3151,0.2692931294441223
214.125,5.65625,3152,0.43122634291648865
314.375,5.34375,3153,0.4553474485874176
349.875,5.875,3154,0.4297751188278198
310.125,5.1875,3155,0.3821316361427307
283.125,4.6875,3156,0.554086446762085
106.5,5.875,3157,0.4508809745311737
250.125,5.03125,3158,0.8004744648933411
485.0,5.9375,3159,0.4964553415775299
252.875,4.75,3160,0.38786837458610535
367.375,6.5625,3161,0.5542832016944885
469.0,6.0,3162,0.403190553188324
419.25,4.84375,3163,0.3196484446525574
304.125,8.625,3164,0.2733139991760254
583.75,3.8125,3165,0.2744026780128479
490.375,8.125,3166,0.3721309304237366
390.5,4.5625,3167,0.24921183288097382
330.75,5.25,3168,0.34434548020362854
583.25,4.875,3169,0.40454956889152527
210.375,4.8125,3170,0.3697535991668701
420.25,4.5,3171,0.5123792886734009
597.75,2.3125,3172,0.2910563349723816
310.25,9.3125,3173,0.3883576989173889
271.125,9.5,3174,0.31375446915626526
236.5,7.90625,3175,0.3877187967300415
325.375,5.1875,3176,0.5567525625228882
328.5,10.0,3177,0.36121848225593567
271.5,9.3125,3178,0.17151299118995667
207.375,4.5,3179,0.48587536811828613
296.0,10.0,3180,0.38991159200668335
180.625,6.75,3181,0.4294140040874481
299.25,9.3125,3182,0.6596465110778809
350.375,6.1875,3183,0.31159013509750366
458.25,7.3125,3184,0.3973594307899475
308.125,3.875,3185,0.27167391777038574
269.125,9.3125,3186,0.48069337010383606
227.125,4.5,3187,0.40770223736763
229.75,6.8125,3188,0.3677970767021179
393.75,6.6875,3189,0.3339254558086395
612.875,2.1875,3190,0.3548174798488617
228.75,5.28125,3191,0.34496617317199707
463.75,5.9375,3192,0.3895800709724426
164.875,8.625,3193,0.3752586841583252
218.625,7.9375,3194,0.5279127359390259
273.875,5.1875,3195,0.3591904044151306
506.375,10.0,3196,0.5218348503112793
359.0,5.71875,3197,0.38279810547828674
375.875,9.3125,3198,0.3782617747783661
291.875,4.5,3199,0.3775419592857361
325.0,9.3125,3200,0.4370577335357666
192.125,5.375,3201,0.3609888255596161
414.0,4.71875,3202,0.5675771236419678
274.625,4.6875,3203,0.41284218430519104
392.5,4.53125,3204,0.5257024168968201
298.375,8.78125,3205,0.3941008150577545
257.625,8.4375,3206,0.3236369788646698
310.875,6.0,3207,0.3583390712738037
237.5,5.0,3208,0.488648384809494
309.75,5.1875,3209,0.40187016129493713
508.0,8.125,3210,0.40358734130859375
287.75,7.3125,3211,0.4103018343448639
324.375,8.9375,3212,0.44405272603034973
444.0,5.65625,3213,0.3028396666049957
237.125,4.5,3214,0.37999409437179565
468.625,3.875,3215,0.4491630494594574
176.5,10.0,3216,0.36623236536979675
240.125,5.1875,3217,0.49309903383255005
262.125,6.8125,3218,0.5611964464187622
329.75,5.875,3219,0.5672101378440857
146.25,6.03125,3220,0.34696394205093384
227.25,9.3125,3221,0.46049952507019043
199.75,5.8125,3222,0.47566935420036316
476.375,6.9375,3223,0.4717032313346863
288.375,6.0625,3224,0.3202346861362457
293.625,9.3125,3225,0.36503565311431885
398.0,5.6875,3226,0.4037790298461914
268.5,8.78125,3227,0.49075984954833984
422.875,9.3125,3228,0.36105427145957947
262.75,7.59375,3229,0.28883829712867737
376.75,4.4375,3230,0.37356260418891907
582.125,2.0,3231,0.4486701786518097
263.5,5.34375,3232,0.34939274191856384
417.375,3.25,3233,0.5144028663635254
185.375,8.625,3234,0.4512208104133606
252.625,4.5,3235,0.4626159369945526
445.25,6.3125,3236,0.40744566917419434
133.375,10.0,3237,0.3147895634174347
393.75,5.5625,3238,0.46587425470352173
390.375,4.5,3239,0.30135205388069153
309.5,8.625,3240,0.4146959185600281
142.875,10.0,3241,0.33198460936546326
429.75,4.6875,3242,0.5082948803901672
308.625,6.5625,3243,0.3694254755973816
572.25,4.6875,3244,0.47984352707862854
347.75,7.25,3245,0.3904523253440857
255.25,7.25,3246,0.36876019835472107
286.5,5.875,3247,0.37595880031585693
665.875,2.0,3248,0.35688531398773193
272.625,9.3125,3249,0.3681487441062927
198.125,5.1875,3250,0.43512728810310364
353.25,6.0625,3251,0.2915959060192108
347.0,7.0625,3252,0.38897642493247986
320.0,6.5625,3253,0.42763751745224
510.125,5.1875,3254,0.4360179901123047
234.875,7.4375,3255,0.4462929666042328
169.25,10.0,3256,0.4932486116886139
225.5,5.4375,3257,0.29078593850135803
177.875,4.65625,3258,0.47521907091140747
301.0,4.6875,3259,0.7478841543197632
299.25,5.4375,3260,0.37249740958213806
422.125,6.6875,3261,0.4546254575252533
262.75,4.5,3262,0.3172138035297394
656.25,2.875,3263,0.43824753165245056
269.625,5.3125,3264,0.33703145384788513
306.125,5.875,3265,0.6013662815093994
140.0,4.5,3266,0.39134299755096436
311.875,5.1875,3267,0.34924209117889404
335.25,5.25,3268,0.281435489654541
305.5,6.75,3269,0.3229268491268158
478.5,3.40625,3270,0.377766877412796
395.75,5.0625,3271,0.31452158093452454
353.75,6.75,3272,0.3582758605480194
255.125,6.71875,3273,0.2866792380809784
286.5,8.25,3274,0.4798709452152252
326.5,4.65625,3275,0.41215452551841736
212.5,10.0,3276,0.30510035157203674
274.625,10.0,3277,0.330959677696228
231.5,6.8125,3278,0.40148451924324036
479.25,5.71875,3279,0.5228980183601379
205.875,10.0,3280,0.3016946017742157
384.375,7.9375,3281,0.5121567249298096
290.125,10.0,3282,0.4044041037559509
299.875,4.5,3283,0.408373087644577
361.5,5.1875,3284,0.3824923038482666
559.375,2.875,3285,0.448482871055603
365.375,4.8125,3286,0.31961169838905334
178.75,7.3125,3287,0.31200557947158813
247.375,8.0,3288,0.5143724679946899
569.0,7.3125,3289,0.44618844985961914
296.25,8.8125,3290,0.3270941376686096
373.875,8.125,3291,0.30525511503219604
236.5,7.5,3292,0.45457980036735535
227.625,4.5,3293,0.4536018669605255
435.125,4.375,3294,0.25247544050216675
366.375,5.0,3295,0.3870943486690521
362.25,4.34375,3296,0.48270007967948914
434.625,5.1875,3297,0.3675830364227295
592.25,4.71875,3298,0.3118618428707123
245.625,5.875,3299,0.3158741891384125
344.5,5.1875,3300,0.35792478919029236
295.875,5.5,3301,0.3575473129749298
455.125,4.75,3302,0.31092727184295654
505.625,4.0625,3303,0.4063401222229004
335.875,5.53125,3304,0.376226007938385
446.625,4.5,3305,0.3524315357208252
432.375,3.9375,3306,0.2645013928413391
287.25,5.75,3307,0.3256192207336426
269.5,4.65625,3308,0.41315826773643494
439.375,7.9375,3309,0.3962245583534241
428.0,7.25,3310,0.3566132187843323
369.875,4.6875,3311,0.38076645135879517
472.875,6.625,3312,0.389160692691803
468.25,3.25,3313,0.3561534285545349
242.75,4.8125,3314,0.3133887052536011
258.125,6.5,3315,0.3622446060180664
316.625,4.5,3316,0.43370386958122253
196.5,7.25,3317,0.48889070749282837
515.875,3.25,3318,0.3305802643299103
648.875,2.0,3319,0.3356110155582428
441.625,6.0625,3320,0.29177021980285645
327.75,8.625,3321,0.34475621581077576
370.875,5.0,3322,0.43609419465065
156.75,10.0,3323,0.4284834861755371
528.75,3.5,3324,0.41958197951316833
363.875,4.5,3325,0.26592379808425903
591.5,3.375,3326,0.4352250397205353
330.75,10.0,3327,0.3170577585697174
258.125,10.0,3328,0.37133827805519104
467.625,4.8125,3329,0.39376646280288696
427.625,4.5625,3330,0.4052843451499939
183.125,4.5,3331,0.4034215807914734
244.25,3.875,3332,0.3445899188518524
392.0,4.5,3333,0.522059440612793
551.875,3.0,3334,0.3599407374858856
555.875,3.3125,3335,0.36738157272338867
242.0,9.0,3336,0.3582071363925934
346.125,7.625,3337,0.4263494610786438
286.25,9.3125,3338,0.3490653336048126
271.5,4.5,3339,0.290606290102005
324.625,7.25,3340,0.6410683393478394
150.375,10.0,3341,0.33168619871139526
400.375,5.875,3342,0.6160557866096497
240.875,7.9375,3343,0.4614107608795166
232.5,10.0,3344,0.3642210066318512
269.125,5.1875,3345,0.4179101884365082
651.75,2.875,3346,0.5839605331420898
193.125,7.9375,3347,0.27598175406455994
277.75,10.0,3348,0.3605111539363861
294.0,5.5625,3349,0.3458089530467987
386.5,4.1875,3350,0.3490946292877197
433.625,7.5625,3351,0.409658819437027
345.125,9.3125,3352,0.3213275372982025
561.375,3.3125,3353,0.38185253739356995
312.25,5.875,3354,0.33320870995521545
190.125,10.0,3355,0.3363857865333557
308.625,9.46875,3356,0.2963302433490753
168.125,10.0,3357,0.34353965520858765
232.0,7.9375,3358,0.1854676753282547
168.0,10.0,3359,0.4052146077156067
273.5,9.3125,3360,0.47701436281204224
302.5,5.375,3361,0.39623239636421204
419.75,4.65625,3362,0.31022900342941284
205.875,10.0,3363,0.3750271797180176
612.125,4.75,3364,0.3340303599834442
217.25,8.625,3365,0.4259029030799866
340.875,6.5625,3366,0.5744173526763916
697.25,2.25,3367,0.44749170541763306
533.125,5.375,3368,0.40280359983444214
541.5,6.625,3369,0.3840564489364624
261.0,4.5,3370,0.31346604228019714
258.875,10.0,3371,0.4837809205055237
371.125,5.25,3372,0.43446940183639526
327.125,7.25,3373,0.4824669659137726
232.375,8.09375,3374,0.4331307113170624
456.375,9.5,3375,0.5145177245140076
260.125,7.96875,3376,0.35378262400627136
184.125,5.75,3377,0.3650955557823181
627.625,2.25,3378,0.48431429266929626
249.625,8.625,3379,0.3170965313911438
353.5,5.0,3380,0.2873671054840088
372.125,7.9375,3381,0.3519171178340912
283.125,6.59375,3382,0.4136382043361664
413.5,4.1875,3383,0.3560870289802551
268.625,6.5625,3384,0.4409236013889313
486.125,5.40625,3385,0.38578981161117554
302.0,8.78125,3386,0.38848447799682617
192.875,9.3125,3387,0.39461928606033325
211.25,10.0,3388,0.4643150269985199
236.75,10.0,3389,0.2961154580116272
379.625,8.0,3390,0.40227991342544556
566.875,3.4375,3391,0.4358097016811371
711.375,1.5,3392,0.27906370162963867
189.875,8.625,3393,0.3169848322868347
401.875,4.1875,3394,0.3706333041191101
239.5,7.25,3395,0.30450549721717834
217.5,10.0,3396,0.44166043400764465
233.75,5.96875,3397,0.3835076689720154
301.5,7.4375,3398,0.5006999373435974
370.125,6.40625,3399,0.48858433961868286
331.5,5.34375,3400,0.39038071036338806
277.125,5.28125,3401,0.4460444152355194
242.0,10.0,3402,0.34851738810539246
263.375,6.875,3403,0.3968861699104309
233.375,5.1875,3404,0.5743785500526428
233.25,4.65625,3405,0.44977816939353943
388.0,5.53125,3406,0.2843332588672638
486.625,3.875,3407,0.34113579988479614
298.75,5.0625,3408,0.42432644963264465
224.875,6.5625,3409,0.3211160898208618
282.5,4.5,3410,0.44509801268577576
399.125,5.9375,3411,0.4108518660068512
225.0,10.0,3412,0.3094532787799835
336.625,7.0,3413,0.4112810492515564
427.625,5.5625,3414,0.4511001408100128
306.5,4.6875,3415,0.3700292408466339
336.375,7.9375,3416,0.38430696725845337
353.375,5.28125,3417,0.40317240357398987
288.875,10.0,3418,0.38439956307411194
336.75,4.96875,3419,0.3906913995742798
198.25,4.5,3420,0.410861074924469
508.625,4.78125,3421,0.3740001618862152
231.375,4.5,3422,0.36168912053108215
359.125,8.0,3423,0.41369375586509705
340.5,4.5,3424,0.32281726598739624
398.0,6.0625,3425,0.4955601990222931
145.375,7.25,3426,0.4401944875717163
427.125,6.25,3427,0.3750671446323395
473.25,4.125,3428,0.4288038909435272
342.625,5.875,3429,0.33812007308006287
284.25,10.0,3430,0.3935619294643402
332.375,8.625,3431,0.4314378798007965
488.125,4.78125,3432,0.3069833815097809
377.5,4.5,3433,0.40405434370040894
521.25,4.3125,3434,0.44684019684791565
177.625,4.65625,3435,0.4065566062927246
370.125,6.875,3436,0.6437336802482605
520.875,3.75,3437,0.38542816042900085
176.375,10.0,3438,0.36164888739585876
286.5,4.5,3439,0.6290630102157593
204.875,10.0,3440,0.4524482786655426
546.0,6.625,3441,0.409292072057724
313.125,4.5,3442,0.330365389585495
459.0,3.25,3443,0.367905855178833
245.625,8.78125,3444,0.4465091824531555
261.25,5.875,3445,0.4577541947364807
284.875,7.9375,3446,0.6110938787460327
670.5,2.0625,3447,0.4741215705871582
501.25,6.5625,3448,0.3281489908695221
308.125,7.25,3449,0.35473766922950745
425.625,9.3125,3450,0.35668718814849854
252.75,6.875,3451,0.4153033494949341
,,3452,0.3962831497192383
