completions/train/mean_length,rewards/train/score/mean,actor/train/kl,_step
,,,0
147.0,13.0,,500
125.0,13.0,0.1448606699705124,501
264.0,0.25,0.0896831676363945,502
314.75,8.1125,0.09381619095802307,503
181.25,6.5,0.10497516393661499,504
183.75,9.75,0.1086936965584755,505
395.625,6.475,0.08984161168336868,506
202.75,0.0,0.07617286592721939,507
101.75,13.0,0.12924662232398987,508
184.625,7.0,0.17294719815254211,509
168.125,8.125,0.13236390054225922,510
115.375,13.0,0.13590013980865479,511
185.25,1.625,0.15896618366241455,512
208.25,9.75,0.13262510299682617,513
287.75,9.7375,0.12652871012687683,514
133.375,13.0,0.06838474422693253,515
166.5,0.0,0.17653940618038177,516
408.0,-0.0125,0.17341262102127075,517
217.75,11.375,0.06770998984575272,518
187.25,3.375,0.08488015830516815,519
200.75,1.625,0.08091052621603012,520
194.625,9.75,0.12885616719722748,521
144.875,13.0,0.11122234165668488,522
224.625,13.0,0.12711073458194733,523
176.125,13.0,0.12311310321092606,524
167.625,1.625,0.05935724079608917,525
161.5,11.53125,0.15247543156147003,526
134.625,11.375,0.10668820887804031,527
501.5,6.4875,0.12844690680503845,528
180.375,11.375,0.04723667725920677,529
251.375,1.0,0.11577239632606506,530
195.875,8.125,0.13784824311733246,531
214.375,8.125,0.12838712334632874,532
328.375,5.175,0.12283104658126831,533
213.625,9.75,0.09712112694978714,534
178.5,13.0,0.13672861456871033,535
533.5,-0.037500000000000006,0.23806042969226837,536
135.125,13.0,0.09010424464941025,537
434.0,0.35,0.26092028617858887,538
410.75,0.11875,0.0740596204996109,539
312.875,9.75,0.08163457363843918,540
165.5,9.75,0.10400416702032089,541
226.25,1.6125,0.18569813668727875,542
279.75,8.1875,0.0699276402592659,543
169.125,1.625,0.11110888421535492,544
195.125,1.40625,0.1881750226020813,545
301.875,0.14375,0.1006505936384201,546
309.0,-0.0125,0.1533641666173935,547
217.375,11.375,0.07954667508602142,548
222.25,11.6625,0.1423831582069397,549
532.25,0.22499999999999998,0.11790786683559418,550
121.375,1.625,0.08206504583358765,551
212.125,13.0,0.25111618638038635,552
238.375,0.0,0.22277379035949707,553
117.125,13.0,0.14120930433273315,554
129.5,13.0,0.21868285536766052,555
260.5,2.08125,0.06379672139883041,556
177.0,5.675,0.15628871321678162,557
125.0,13.0,0.20784921944141388,558
213.0,9.975,0.20604754984378815,559
123.75,13.0,0.18311911821365356,560
141.125,6.125,0.1931537389755249,561
124.0,4.875,0.15497393906116486,562
425.875,8.0875,0.1634458601474762,563
231.875,13.0,0.06526568531990051,564
339.625,3.7750000000000004,0.1647966504096985,565
131.875,13.0,0.07967568188905716,566
158.125,1.25,0.11415401846170425,567
276.125,11.3625,0.19832319021224976,568
236.75,9.75,0.0630042776465416,569
117.25,13.0,0.130762979388237,570
211.375,10.25,0.1484498828649521,571
219.125,3.25,0.1515347808599472,572
114.125,13.0,0.14343851804733276,573
110.625,13.0,0.15623116493225098,574
118.5,13.0,0.18279330432415009,575
127.0,13.0,0.18879199028015137,576
418.75,1.875,0.15938307344913483,577
230.75,0.0,0.04803964123129845,578
197.125,0.0,0.12471632659435272,579
145.0,4.875,0.0993652194738388,580
127.5,11.625,0.12938646972179413,581
236.125,1.625,0.22914573550224304,582
212.75,11.375,0.05627861246466637,583
298.125,1.6125,0.08386068046092987,584
94.875,13.0,0.11287698894739151,585
222.625,1.6125,0.14200261235237122,586
295.0,13.0,0.08960060775279999,587
141.375,10.0625,0.07153096050024033,588
155.875,13.0,0.10424194484949112,589
161.125,11.375,0.10202580690383911,590
169.0,8.375,0.147053062915802,591
138.25,8.125,0.21067310869693756,592
138.5,13.0,0.15014120936393738,593
205.375,1.78125,0.19794565439224243,594
231.0,3.25,0.08900705724954605,595
121.125,4.875,0.15563584864139557,596
186.0,13.0,0.1973259299993515,597
211.25,13.0,0.11134897917509079,598
206.5,13.0,0.1258503496646881,599
90.625,0.0,0.11475178599357605,600
356.625,5.03125,0.46405890583992004,601
113.625,6.125,0.07448921352624893,602
248.0,11.375,0.17608705163002014,603
248.125,13.0,0.06920114904642105,604
137.5,0.0,0.07412213087081909,605
146.75,13.0,0.18940410017967224,606
126.75,0.0,0.10737284272909164,607
181.0,13.0,0.12882375717163086,608
156.75,0.0,0.08059107512235641,609
160.875,9.75,0.11311995983123779,610
220.375,11.375,0.1306632161140442,611
243.875,1.78125,0.12672603130340576,612
203.375,4.875,0.11607493460178375,613
282.375,8.4125,0.12553894519805908,614
123.5,8.125,0.11611298471689224,615
308.5,-0.025,0.11678794026374817,616
80.875,3.25,0.09331212937831879,617
211.375,6.5,0.24856281280517578,618
117.625,2.25,0.1295195370912552,619
187.25,13.0,0.18450911343097687,620
560.125,0.4875,0.13709500432014465,621
233.0,5.53125,0.045253343880176544,622
209.375,13.0,0.10752357542514801,623
96.0,13.0,0.07752537727355957,624
175.125,13.0,0.1395009160041809,625
168.75,2.125,0.12327468395233154,626
313.875,1.65,0.21487471461296082,627
179.125,1.78125,0.10113946348428726,628
192.625,13.0,0.17042909562587738,629
450.75,-0.025,0.061149418354034424,630
189.375,4.875,0.060304753482341766,631
556.125,-0.012499999999999997,0.10602673888206482,632
314.75,9.75,0.07011455297470093,633
238.625,1.625,0.055539097636938095,634
191.5,13.0,0.07370730489492416,635
224.5,4.8625,0.10913646966218948,636
285.25,11.375,0.1250486820936203,637
232.5,0.0,0.10081744194030762,638
207.0,0.0,0.07972375303506851,639
182.375,6.90625,0.13813666999340057,640
137.0,9.90625,0.1596604585647583,641
94.125,7.25,0.17262308299541473,642
190.25,-0.0125,0.23131020367145538,643
230.125,13.0,0.13228681683540344,644
241.125,1.625,0.08550338447093964,645
255.75,8.28125,0.0789700374007225,646
149.0,9.75,0.09290457516908646,647
251.125,13.0,0.11478197574615479,648
369.625,9.725,0.05298355966806412,649
443.25,1.8375,0.09420772641897202,650
113.75,8.4375,0.07741120457649231,651
109.25,13.0,0.16674922406673431,652
209.875,1.625,0.15673714876174927,653
206.875,0.0,0.11179010570049286,654
247.375,8.5,0.12074286490678787,655
133.0,6.5,0.1021377444267273,656
143.5,1.625,0.15615816414356232,657
151.375,1.625,0.29621756076812744,658
321.875,5.03125,0.15849198400974274,659
157.75,8.125,0.08213579654693604,660
272.75,8.125,0.1924162209033966,661
201.125,13.0,0.11452232301235199,662
441.125,0.0625,0.11793745309114456,663
203.875,-0.0125,0.06268233805894852,664
339.875,8.149999999999999,0.12001645565032959,665
423.625,0.025000000000000005,0.11825201660394669,666
190.5,9.90625,0.06462003290653229,667
379.0,0.5249999999999999,0.13510704040527344,668
134.0,2.78125,0.08058834075927734,669
473.25,0.05000000000000001,0.18771682679653168,670
232.875,0.71875,0.055615369230508804,671
231.375,11.375,0.18054671585559845,672
150.5,13.0,0.12938597798347473,673
285.25,8.1375,0.16714869439601898,674
188.0,6.5625,0.10882402211427689,675
371.875,5.29375,0.24763624370098114,676
179.75,13.0,0.12632372975349426,677
216.75,11.3625,0.1558557152748108,678
310.375,8.125,0.08097394555807114,679
265.375,3.2375,0.11116527765989304,680
251.5,6.4875,0.11052026599645615,681
153.875,10.0,0.13194561004638672,682
298.125,11.3625,0.23585578799247742,683
534.125,-0.0625,0.07370151579380035,684
101.625,9.75,0.0706670805811882,685
137.75,13.0,0.23039646446704865,686
211.875,7.5,0.19290463626384735,687
706.25,-0.08750000000000001,0.20174089074134827,688
230.625,6.5375,0.06723487377166748,689
154.625,13.0,0.20001477003097534,690
175.375,13.0,0.1498553305864334,691
404.75,8.0875,0.13376812636852264,692
143.75,13.0,0.0829399898648262,693
195.75,6.5,0.17965702712535858,694
154.625,13.0,0.13782797753810883,695
99.0,13.0,0.12822480499744415,696
437.375,6.75,0.2815822958946228,697
169.0,0.0,0.10497190058231354,698
155.75,3.5,0.16405712068080902,699
215.625,-0.0125,0.12504439055919647,700
227.875,8.1125,0.1991119533777237,701
395.875,1.7437500000000001,0.1657947152853012,702
139.25,11.375,0.10638420283794403,703
106.875,6.5,0.20290040969848633,704
149.875,6.5,0.21571069955825806,705
554.375,3.469446951953614e-18,0.2034289389848709,706
451.75,0.525,0.08568497747182846,707
213.5,5.125,0.08939331769943237,708
169.875,11.375,0.15386377274990082,709
299.0,8.1125,0.1295480728149414,710
180.75,6.5,0.09460797160863876,711
295.25,8.1125,0.20766912400722504,712
128.75,13.0,0.07209521532058716,713
176.375,13.0,0.21927888691425323,714
354.0,1.05,0.10069385170936584,715
400.625,-0.025,0.1438569277524948,716
594.75,3.1750000000000003,0.0876946896314621,717
161.0,13.0,0.08413542062044144,718
218.5,3.25,0.1245456263422966,719
370.0,-0.025,0.14849883317947388,720
365.875,1.6,0.13143184781074524,721
109.75,6.5,0.1110033318400383,722
133.875,8.875,0.24264530837535858,723
194.0,13.0,0.18344512581825256,724
193.125,13.0,0.09993258863687515,725
191.125,4.5,0.13242760300636292,726
185.625,6.5,0.09404069185256958,727
301.875,0.0125,0.16550622880458832,728
170.25,0.0,0.1362992376089096,729
175.5,11.375,0.21066632866859436,730
411.25,-0.025,0.15352679789066315,731
305.875,13.0,0.12266415357589722,732
298.125,3.9875,0.17111609876155853,733
338.25,4.85,0.12658129632472992,734
179.375,13.0,0.17230579257011414,735
88.625,13.0,0.1550598442554474,736
231.625,13.0,0.5426819920539856,737
194.875,11.375,0.1515154391527176,738
265.5,9.75,0.1592959612607956,739
229.0,8.125,0.15475322306156158,740
204.75,0.40625,0.1086893156170845,741
768.0,-0.1,0.19077487289905548,742
370.875,8.3875,0.03149852901697159,743
157.75,11.375,0.11971641331911087,744
191.25,13.0,0.1838107854127884,745
612.75,0.22499999999999998,0.24367842078208923,746
223.5,11.625,0.09960363805294037,747
567.875,1.5625,0.1211177259683609,748
134.25,13.0,0.11090140789747238,749
161.875,12.875,0.15381933748722076,750
228.75,8.125,0.1635936051607132,751
482.125,3.2625,0.17540095746517181,752
273.625,4.8625,0.153800830245018,753
339.25,11.3625,0.14341409504413605,754
547.625,-0.05,0.10005734860897064,755
251.5,13.0,0.11649731546640396,756
147.5,13.0,0.16891929507255554,757
142.0,11.375,0.23748020827770233,758
210.375,11.3625,0.30848032236099243,759
291.875,1.625,0.21136100590229034,760
195.625,13.0,0.2123967707157135,761
610.875,3.34375,0.19087588787078857,762
333.625,13.0,0.0892166867852211,763
371.75,9.725,0.09808357805013657,764
284.625,8.4375,0.14845262467861176,765
307.0,0.0,0.18210673332214355,766
197.125,13.0,0.09878229349851608,767
270.125,11.6625,0.2768278419971466,768
452.625,3.225,0.1054171770811081,769
350.125,6.5,0.11332904547452927,770
246.0,6.75,0.1331489384174347,771
270.625,9.90625,0.20125378668308258,772
252.375,1.78125,0.1927787959575653,773
331.75,9.725,0.19252032041549683,774
376.125,-0.025,0.12040907889604568,775
556.25,1.6125,0.16802431643009186,776
190.875,1.625,0.10208631306886673,777
198.125,6.5,0.1461675763130188,778
225.5,9.75,0.19370220601558685,779
478.75,8.0875,0.18704332411289215,780
427.75,-0.0125,0.12105615437030792,781
469.625,4.875,0.12391134351491928,782
272.125,-0.0125,0.1276574581861496,783
244.625,13.0,0.18267983198165894,784
471.625,-0.037500000000000006,0.08822169899940491,785
255.625,1.78125,0.09075255692005157,786
443.375,6.4625,0.25663039088249207,787
196.0,11.375,0.10565420985221863,788
216.5,11.375,0.18523986637592316,789
169.0,11.375,0.1367044895887375,790
316.0,0.0,0.2190493941307068,791
290.875,13.0,0.15557275712490082,792
200.0,9.75,0.17520833015441895,793
346.125,1.08125,0.24602387845516205,794
224.75,11.375,0.10855046659708023,795
235.875,13.0,0.14759942889213562,796
707.25,1.5375,0.17956332862377167,797
122.5,13.0,0.10132849961519241,798
256.375,1.6125,0.33505991101264954,799
225.625,11.375,0.1820199191570282,800
218.875,1.5625,0.19040517508983612,801
306.25,1.6125,0.19399648904800415,802
320.625,6.5,0.1754884123802185,803
568.375,1.5750000000000002,0.15086157619953156,804
456.5,-0.037500000000000006,0.09126575291156769,805
307.75,2.0,0.12294461578130722,806
402.25,0.0,0.12389611452817917,807
228.625,6.5375,0.17129674553871155,808
243.25,5.375,0.2207566648721695,809
230.25,11.375,0.19051606953144073,810
562.5,0.13124999999999998,0.1781502068042755,811
287.625,1.6125,0.08594965189695358,812
155.75,13.0,0.21584032475948334,813
380.375,8.1,0.20669043064117432,814
193.625,6.5,0.09771773964166641,815
302.25,0.425,0.3036535382270813,816
433.625,0.38125,0.19501766562461853,817
324.75,0.63125,0.1378939300775528,818
242.25,13.0,0.17197264730930328,819
522.875,8.0875,0.20988912880420685,820
141.25,13.0,0.09406149387359619,821
164.75,6.5,0.2763754427433014,822
299.875,2.03125,0.23146504163742065,823
273.0,3.25,0.23569834232330322,824
278.5,4.875,0.2138366550207138,825
228.625,11.375,0.2328549027442932,826
157.875,11.4125,0.17174208164215088,827
440.375,1.75625,0.39247792959213257,828
397.0,3.225,0.09993690997362137,829
219.375,0.0,0.15660132467746735,830
370.25,-0.025,0.19093668460845947,831
152.75,11.375,0.16486726701259613,832
279.125,13.0,0.19865243136882782,833
241.5,13.0,0.2435505986213684,834
317.25,0.14375,0.1309112161397934,835
143.25,11.53125,0.1853611320257187,836
224.625,11.375,0.2725755572319031,837
203.625,1.9375,0.1719767451286316,838
309.5,6.4875,0.24559591710567474,839
381.375,2.3625,0.2393132597208023,840
194.875,13.0,0.11001639068126678,841
401.375,6.4875,0.3215503990650177,842
326.5,8.125,0.18022805452346802,843
322.25,0.0,0.13900339603424072,844
300.0,11.375,0.209957554936409,845
216.0,9.75,0.11417242884635925,846
425.75,0.3125,0.2768685221672058,847
496.875,6.4625,0.12556302547454834,848
352.25,0.3125,0.08622679859399796,849
135.25,13.0,0.16965147852897644,850
272.5,1.625,0.24893978238105774,851
343.5,0.3,0.17902454733848572,852
246.75,13.0,0.17079222202301025,853
162.375,13.0,0.21973469853401184,854
189.875,7.125,0.36743324995040894,855
161.25,13.0,0.21421518921852112,856
261.375,9.75,0.24453924596309662,857
191.625,9.75,0.21937210857868195,858
584.75,3.2,0.20916490256786346,859
369.25,1.8875000000000002,0.09417715668678284,860
526.625,0.41874999999999996,0.21694190800189972,861
190.625,11.375,0.10721664130687714,862
163.25,13.0,0.20825497806072235,863
179.625,9.75,0.1806660145521164,864
567.0,-0.05,0.3290243446826935,865
348.5,0.5,0.11852200329303741,866
466.5,4.9,0.11776317656040192,867
220.125,8.125,0.1690671145915985,868
400.625,0.14375,0.2437412440776825,869
293.25,6.5,0.11670751124620438,870
271.0,1.28125,0.1812812238931656,871
464.125,3.5250000000000004,0.19062261283397675,872
333.75,5.33125,0.15355284512043,873
340.5,-0.025,0.23268865048885345,874
318.0,-0.0125,0.14969024062156677,875
222.0,1.8125,0.1622840315103531,876
194.875,0.0,0.24422608315944672,877
261.625,13.0,0.2957872152328491,878
201.0,13.0,0.13702039420604706,879
160.75,11.375,0.19041500985622406,880
404.75,1.6500000000000001,0.28259825706481934,881
485.75,0.7125,0.1893072873353958,882
711.625,-0.0625,0.1335466355085373,883
246.375,9.75,0.10710733383893967,884
382.875,0.6,0.22755573689937592,885
484.875,1.6125,0.2052481770515442,886
445.25,6.762499999999999,0.12088409811258316,887
201.0,13.0,0.19943739473819733,888
221.125,13.0,0.23222136497497559,889
268.25,6.5,0.17151875793933868,890
206.625,11.375,0.18403694033622742,891
317.25,0.14375,0.26499873399734497,892
169.875,1.625,0.21601469814777374,893
594.25,1.71875,0.21315719187259674,894
201.5,0.0,0.11546099185943604,895
215.625,13.0,0.2764703035354614,896
139.375,13.0,0.23732011020183563,897
279.875,0.0125,0.18913370370864868,898
228.5,6.5,0.22202692925930023,899
663.75,-0.07500000000000001,0.2638328969478607,900
205.75,11.35,0.11289981007575989,901
156.5,13.0,0.31194716691970825,902
222.5,11.625,0.1930190920829773,903
343.5,8.175,0.1283738911151886,904
323.625,2.1,0.2100774198770523,905
372.75,1.6125,0.22059038281440735,906
184.5,0.0,0.18386974930763245,907
239.5,9.75,0.2917943298816681,908
243.625,2.0,0.25233927369117737,909
184.375,11.375,0.23186561465263367,910
279.75,4.03125,0.278412789106369,911
556.625,6.45,0.23355743288993835,912
585.375,4.8,0.10261323302984238,913
336.5,3.2125,0.14879092574119568,914
303.375,0.3,0.23159298300743103,915
253.625,13.0,0.2560402750968933,916
255.5,11.35,0.35194307565689087,917
448.625,1.625,0.18620751798152924,918
312.5,6.425000000000001,0.18257859349250793,919
623.0,-0.037500000000000006,0.25122684240341187,920
214.625,3.9937500000000004,0.13119836151599884,921
254.5,13.0,0.3173631429672241,922
227.25,4.85,0.2534019649028778,923
594.25,-0.0625,0.2720215320587158,924
231.375,12.975,0.12535327672958374,925
193.125,11.575,0.22932301461696625,926
258.875,8.425,0.3183569610118866,927
221.125,12.95,0.2802097797393799,928
415.625,0.14375000000000002,0.3079594671726227,929
201.75,10.0125,0.2194121927022934,930
295.875,0.4,0.2770032286643982,931
487.875,9.7375,0.25431886315345764,932
219.875,8.2,0.17163045704364777,933
218.0,1.625,0.3169204592704773,934
295.0,9.75,0.314026415348053,935
240.125,11.375,0.2591798007488251,936
199.375,8.1875,0.28374311327934265,937
245.875,9.75,0.2840173542499542,938
302.25,13.0,0.24070024490356445,939
279.875,5.01875,0.22518375515937805,940
267.375,1.625,0.22031307220458984,941
265.125,11.375,0.2850624620914459,942
533.75,3.1999999999999997,0.23031370341777802,943
397.875,3.225,0.1420159935951233,944
547.875,1.5750000000000002,0.17103619873523712,945
243.5,11.375,0.1601802110671997,946
435.75,0.0,0.3148302435874939,947
194.0,13.0,0.17708003520965576,948
459.125,0.18125,0.36562398076057434,949
429.875,0.63125,0.18186523020267487,950
238.875,13.0,0.1899319440126419,951
230.5,13.0,0.3148358464241028,952
283.375,1.625,0.3087465465068817,953
337.25,1.78125,0.20308586955070496,954
383.625,5.425,0.25665682554244995,955
561.0,0.024999999999999998,0.2020866870880127,956
228.125,8.125,0.19353331625461578,957
220.375,13.0,0.2732165455818176,958
330.375,8.6125,0.33065932989120483,959
256.875,6.5,0.16579629480838776,960
543.625,6.475,0.30958008766174316,961
277.625,9.75,0.18235522508621216,962
352.0,11.3625,0.24597863852977753,963
233.5,8.34375,0.19787485897541046,964
505.125,1.6500000000000001,0.22482170164585114,965
324.75,6.4875,0.15702301263809204,966
361.25,1.9375,0.2328886091709137,967
271.625,7.3125,0.22745154798030853,968
180.375,13.0,0.26290932297706604,969
685.25,-0.05,0.2225944846868515,970
386.0,11.3625,0.12816554307937622,971
214.375,11.375,0.21828989684581757,972
183.5,13.0,0.2872181236743927,973
231.75,1.15625,0.3012402653694153,974
279.875,8.125,0.22916589677333832,975
245.25,0.5,0.24555589258670807,976
157.375,3.25,0.2531830668449402,977
240.5,13.0,0.3781861364841461,978
333.625,11.3625,0.23393003642559052,979
302.875,8.125,0.22492168843746185,980
134.375,13.0,0.20224732160568237,981
266.25,9.75,0.41288310289382935,982
496.75,0.2375,0.18024952709674835,983
293.75,11.375,0.11373504996299744,984
221.5,9.75,0.23324160277843475,985
298.0,1.125,0.21826376020908356,986
258.5,3.25,0.23419132828712463,987
338.625,9.75,0.289859414100647,988
184.25,13.0,0.21336674690246582,989
217.5,4.875,0.29966142773628235,990
337.625,3.5375,0.3001460134983063,991
626.5,1.6500000000000001,0.2153603583574295,992
284.25,11.375,0.10259723663330078,993
226.375,11.375,0.24923376739025116,994
265.75,9.75,0.24199305474758148,995
318.75,13.0,0.21358142793178558,996
222.125,8.875,0.21531255543231964,997
594.5,-0.025,0.30222320556640625,998
335.875,13.0,0.14477501809597015,999
236.75,11.375,0.11216955631971359,1000
222.875,9.75,0.2969435155391693,1001
339.375,1.75,0.38100600242614746,1002
225.875,1.25,0.17049802839756012,1003
173.125,7.125,0.31591376662254333,1004
259.75,3.3125,0.4354464113712311,1005
395.625,3.2375,0.2714463770389557,1006
281.625,0.1625,0.18381260335445404,1007
262.0,11.3875,0.3255161941051483,1008
558.75,3.575,0.26003172993659973,1009
489.375,0.8812500000000001,0.15218453109264374,1010
365.0,1.0625,0.2163902074098587,1011
520.625,13.0,0.23410281538963318,1012
298.5,3.5625,0.18146589398384094,1013
330.0,8.5,0.2593226432800293,1014
212.125,1.875,0.25350531935691833,1015
298.5,8.28125,0.30712369084358215,1016
205.125,13.0,0.26228660345077515,1017
674.0,3.7750000000000004,0.31319093704223633,1018
308.375,0.25,0.0993468314409256,1019
206.625,4.375,0.19185061752796173,1020
242.25,11.375,0.3898291289806366,1021
286.5,3.25,0.317178338766098,1022
371.25,4.8625,0.23028764128684998,1023
207.5,6.5,0.16645078361034393,1024
331.125,6.7625,0.4064467251300812,1025
369.625,0.40625,0.295771986246109,1026
209.875,1.03125,0.19910983741283417,1027
263.25,9.75,0.2994261085987091,1028
220.75,8.125,0.2092527449131012,1029
250.25,1.09375,0.305825799703598,1030
232.875,4.9375,0.2776201069355011,1031
218.75,11.375,0.33479374647140503,1032
260.375,6.5,0.24768725037574768,1033
321.625,11.375,0.3221990466117859,1034
232.625,1.625,0.2599886953830719,1035
652.0,0.08124999999999999,0.2375544309616089,1036
247.75,3.25,0.10329118371009827,1037
255.5,8.625,0.255744993686676,1038
276.625,11.375,0.33107298612594604,1039
204.25,9.8125,0.2323000580072403,1040
295.125,6.65625,0.27306464314460754,1041
233.5,13.0,0.2544102370738983,1042
172.75,13.0,0.17207010090351105,1043
223.5,13.0,0.2648892402648926,1044
315.125,13.0,0.20384906232357025,1045
605.375,-0.05,0.16682027280330658,1046
124.375,13.0,0.13671232759952545,1047
212.75,11.53125,0.24928389489650726,1048
434.625,1.5875000000000001,0.29978111386299133,1049
167.5,0.0,0.16347070038318634,1050
768.0,-0.1,0.31434810161590576,1051
204.25,6.90625,0.12016584724187851,1052
478.125,6.525,0.25817662477493286,1053
271.625,0.46875,0.1812841296195984,1054
213.75,13.0,0.19737638533115387,1055
374.375,6.668749999999999,0.22769883275032043,1056
329.375,0.15625,0.17750312387943268,1057
582.625,1.79375,0.2610643804073334,1058
163.375,8.125,0.125660240650177,1059
236.375,11.375,0.3207859694957733,1060
229.25,0.0,0.2815319001674652,1061
155.0,13.0,0.25680258870124817,1062
133.375,13.0,0.4020421802997589,1063
230.75,9.7375,0.31188568472862244,1064
123.25,13.0,0.23917904496192932,1065
386.625,0.5375,0.4084227681159973,1066
347.0,8.1,0.19413653016090393,1067
319.125,6.95625,0.2039502114057541,1068
214.0,0.0,0.17223750054836273,1069
432.875,0.05,0.36575326323509216,1070
335.0,4.8625,0.2164917290210724,1071
245.5,11.625,0.16718898713588715,1072
229.25,3.5,0.27475911378860474,1073
204.875,9.75,0.30187779664993286,1074
186.25,13.0,0.3109762370586395,1075
389.875,-0.025,0.35898804664611816,1076
208.25,11.53125,0.2120479941368103,1077
155.0,13.0,0.30679523944854736,1078
169.625,9.75,0.4813295304775238,1079
140.875,11.375,0.3723835051059723,1080
146.75,13.0,0.4850401282310486,1081
340.375,8.125,0.2647888660430908,1082
193.875,6.5,0.2288103848695755,1083
185.375,8.875,0.37466850876808167,1084
272.125,0.0,0.3200456500053406,1085
127.25,6.5,0.28689393401145935,1086
175.375,13.0,0.32495948672294617,1087
212.625,2.875,0.2683864235877991,1088
349.875,1.25,0.2266828715801239,1089
427.5,9.725,0.2118685245513916,1090
290.25,5.4375,0.19782784581184387,1091
303.75,9.75,0.24010245501995087,1092
336.375,9.75,0.1579522341489792,1093
279.0,11.53125,0.24037492275238037,1094
360.125,5.34375,0.22927214205265045,1095
180.875,4.875,0.16915380954742432,1096
219.25,11.375,0.43112412095069885,1097
343.75,13.0,0.31269434094429016,1098
157.5,9.75,0.13899192214012146,1099
234.5,0.0,0.2550162672996521,1100
625.5,0.5625,0.23350349068641663,1101
221.25,9.89375,0.1001313179731369,1102
329.0,5.03125,0.22854049503803253,1103
725.75,-0.08750000000000001,0.21529445052146912,1104
181.0,3.71875,0.11630990356206894,1105
215.0,13.0,0.25417545437812805,1106
207.125,13.0,0.25619298219680786,1107
172.5,13.0,0.26877424120903015,1108
252.5,2.04375,0.3211236894130707,1109
181.875,11.375,0.33160874247550964,1110
402.5,8.0875,0.2657979428768158,1111
291.25,1.96875,0.2226153165102005,1112
313.25,9.75,0.22830012440681458,1113
258.125,11.375,0.2389547973871231,1114
292.375,13.0,0.22310557961463928,1115
319.375,3.375,0.16113394498825073,1116
203.75,13.0,0.20855584740638733,1117
219.5,1.625,0.1533481478691101,1118
186.0,13.0,0.22364719212055206,1119
217.25,13.0,0.2448538839817047,1120
324.125,5.09375,0.1420467048883438,1121
287.0,2.03125,0.2871514558792114,1122
340.375,1.625,0.2775813043117523,1123
371.75,9.725,0.25732964277267456,1124
406.875,1.9625,0.19272968173027039,1125
508.375,0.11875,0.25329214334487915,1126
186.375,9.75,0.14040791988372803,1127
271.0,3.5375,0.3351863622665405,1128
175.625,13.0,0.23250214755535126,1129
201.5,1.625,0.3445560932159424,1130
196.375,3.25,0.27242881059646606,1131
204.75,13.0,0.34662386775016785,1132
329.5,0.8,0.2028060108423233,1133
269.5,0.0,0.22299791872501373,1134
356.75,2.28125,0.3186376988887787,1135
125.5,13.0,0.21260415017604828,1136
270.625,8.125,0.34936460852622986,1137
209.625,8.28125,0.2847786843776703,1138
388.25,1.6125,0.3437193036079407,1139
283.75,9.875,0.20494936406612396,1140
142.25,9.75,0.1896134912967682,1141
254.625,-0.0125,0.2541229724884033,1142
325.125,9.75,0.20638246834278107,1143
249.875,11.375,0.14684483408927917,1144
592.75,-0.0625,0.15925966203212738,1145
173.75,13.0,0.11906533688306808,1146
347.875,0.0,0.18859368562698364,1147
173.25,13.0,0.23179106414318085,1148
294.75,0.0,0.3006539046764374,1149
679.5,1.55,0.3012128472328186,1150
306.75,13.0,0.0902700126171112,1151
302.875,9.75,0.08869821578264236,1152
243.875,13.0,0.19919930398464203,1153
407.75,11.3625,0.19018061459064484,1154
383.375,9.7375,0.15980418026447296,1155
405.5,5.2125,0.11425980180501938,1156
168.375,13.0,0.15541532635688782,1157
232.25,9.7375,0.32552921772003174,1158
272.125,3.25,0.24651965498924255,1159
250.625,11.3625,0.25480711460113525,1160
207.375,13.0,0.1800304353237152,1161
468.875,1.78125,0.14427822828292847,1162
695.625,1.85,0.1691821813583374,1163
205.0,3.25,0.11178159713745117,1164
299.125,11.375,0.30244216322898865,1165
206.875,8.4375,0.15429745614528656,1166
154.0,9.75,0.31236502528190613,1167
183.625,13.0,0.2767176032066345,1168
301.625,0.0,0.18271063268184662,1169
121.25,13.0,0.20735779404640198,1170
701.125,0.02500000000000001,0.24303092062473297,1171
226.5,13.0,0.13479486107826233,1172
491.0,1.9375,0.10493558645248413,1173
172.0,6.5,0.12814924120903015,1174
99.375,13.0,0.2267128974199295,1175
163.75,11.375,0.34412288665771484,1176
267.0,0.0,0.30975618958473206,1177
281.25,0.3125,0.1713699996471405,1178
175.5,8.125,0.256197065114975,1179
392.25,1.6,0.3298594057559967,1180
317.25,8.125,0.26870977878570557,1181
304.375,1.625,0.1839168667793274,1182
243.375,8.1625,0.215473935008049,1183
330.625,11.6625,0.22160200774669647,1184
183.0,6.96875,0.21385428309440613,1185
285.125,9.75,0.33410578966140747,1186
341.875,6.4875,0.17765873670578003,1187
178.25,13.0,0.21618396043777466,1188
231.875,2.16875,0.14624238014221191,1189
379.25,3.4625000000000004,0.281344473361969,1190
536.375,6.45,0.19416998326778412,1191
312.75,4.875,0.10688523203134537,1192
285.375,0.9375,0.21783635020256042,1193
156.0,13.0,0.13946162164211273,1194
259.25,13.0,0.22995272278785706,1195
134.75,13.0,0.2465488463640213,1196
184.125,8.125,0.3713319003582001,1197
213.5,13.0,0.3156029284000397,1198
189.25,11.375,0.2627159357070923,1199
358.625,0.39375,0.25440141558647156,1200
451.875,0.35,0.1697726994752884,1201
194.625,11.625,0.12306203693151474,1202
179.125,9.75,0.2660006582736969,1203
318.875,3.2375,0.32840853929519653,1204
314.125,9.90625,0.2595439553260803,1205
314.0,10.0375,0.22896715998649597,1206
297.375,10.0,0.20031872391700745,1207
221.625,9.75,0.19779737293720245,1208
330.875,8.375,0.25625789165496826,1209
209.0,13.0,0.15452586114406586,1210
304.625,9.75,0.21201424300670624,1211
541.375,1.9125,0.1792416274547577,1212
250.5,13.0,0.15590651333332062,1213
192.375,11.53125,0.19212113320827484,1214
218.75,13.0,0.25861603021621704,1215
170.125,13.0,0.149374321103096,1216
294.625,11.625,0.3010386526584625,1217
143.75,13.0,0.26488181948661804,1218
300.625,1.78125,0.2799835801124573,1219
280.375,9.75,0.2548367381095886,1220
467.25,0.0625,0.23097588121891022,1221
250.125,3.25,0.20995064079761505,1222
262.0,13.0,0.259409099817276,1223
178.625,11.875,0.19675613939762115,1224
168.625,11.625,0.2695031464099884,1225
381.5,3.2375,0.3219681680202484,1226
332.375,7.1,0.20717036724090576,1227
228.75,4.875,0.1916995346546173,1228
337.5,1.625,0.2696329951286316,1229
571.125,0.012500000000000004,0.2764202356338501,1230
363.25,9.90625,0.1424969732761383,1231
424.125,0.825,0.2135430872440338,1232
553.875,4.85,0.16986480355262756,1233
249.875,6.8125,0.1551630198955536,1234
184.625,13.0,0.26686152815818787,1235
257.75,13.0,0.3305227756500244,1236
190.875,10.25,0.2897132337093353,1237
206.25,13.0,0.3236684203147888,1238
484.0,-0.025,0.20849721133708954,1239
307.75,0.0,0.20456096529960632,1240
129.625,11.375,0.20524005591869354,1241
155.75,11.375,0.5075678825378418,1242
333.875,5.03125,0.35007616877555847,1243
257.875,0.625,0.25313979387283325,1244
352.0,0.0,0.241298109292984,1245
195.625,13.0,0.14151844382286072,1246
376.125,8.175,0.22365841269493103,1247
270.125,8.125,0.2169688642024994,1248
226.25,13.0,0.1702549308538437,1249
175.0,11.625,0.2996557652950287,1250
338.625,8.875,0.3211400806903839,1251
154.125,11.375,0.23667697608470917,1252
133.75,1.625,0.4331914186477661,1253
267.625,6.78125,0.47189265489578247,1254
278.125,3.25,0.237075537443161,1255
149.375,13.0,0.21154531836509705,1256
315.625,2.53125,0.25362855195999146,1257
212.0,0.0,0.18147936463356018,1258
148.875,13.0,0.3564361035823822,1259
453.375,2.875,0.33247220516204834,1260
504.375,3.2125,0.1570504754781723,1261
442.5,6.475,0.147157683968544,1262
309.75,13.0,0.13204577565193176,1263
251.75,13.0,0.11658045649528503,1264
255.25,8.125,0.31309813261032104,1265
164.875,13.0,0.24793148040771484,1266
471.375,8.1125,0.2765587568283081,1267
254.625,1.625,0.15109238028526306,1268
407.0,-0.0125,0.37567079067230225,1269
244.0,10.0,0.18811580538749695,1270
325.75,6.4875,0.3217719495296478,1271
377.375,0.2875,0.235967218875885,1272
717.0,-0.08750000000000001,0.20361080765724182,1273
418.875,0.5625,0.12422237545251846,1274
363.25,3.5,0.20500263571739197,1275
159.5,13.0,0.20533108711242676,1276
270.625,0.65625,0.3893526792526245,1277
149.875,13.0,0.24250733852386475,1278
428.0,0.39375,0.4141131341457367,1279
289.625,13.0,0.263031929731369,1280
518.25,1.5875000000000001,0.1639639288187027,1281
203.625,13.0,0.18203334510326385,1282
535.0,0.11875,0.3130396008491516,1283
414.875,8.50625,0.13949720561504364,1284
187.25,9.7375,0.18609097599983215,1285
547.25,3.2,0.3578830361366272,1286
157.75,4.875,0.10095091909170151,1287
247.625,8.125,0.3311523497104645,1288
154.75,13.0,0.29771560430526733,1289
265.875,3.2875,0.37043607234954834,1290
449.375,4.85,0.26498979330062866,1291
171.5,11.375,0.1340359002351761,1292
299.125,11.375,0.3063029944896698,1293
608.625,3.1875,0.24857604503631592,1294
193.625,9.75,0.1517343670129776,1295
186.5,11.375,0.32142260670661926,1296
366.75,11.3625,0.38103342056274414,1297
343.0,1.9125,0.16801412403583527,1298
273.125,-0.0125,0.2096569687128067,1299
484.75,6.4625,0.24976150691509247,1300
496.125,3.2375,0.1667441725730896,1301
336.75,13.0,0.16410580277442932,1302
180.875,13.0,0.17870007455348969,1303
208.625,11.375,0.31860145926475525,1304
200.0,13.0,0.3351712226867676,1305
394.625,6.5249999999999995,0.27370551228523254,1306
313.625,9.75,0.15392427146434784,1307
716.875,-0.07500000000000001,0.11863293498754501,1308
326.0,8.30625,0.06991870701313019,1309
229.75,11.375,0.19742310047149658,1310
420.875,3.2375,0.2537337839603424,1311
334.0,8.1625,0.2786799371242523,1312
308.75,8.125,0.26440632343292236,1313
247.0,13.0,0.1863149106502533,1314
241.75,3.71875,0.17694897949695587,1315
289.125,1.75,0.32904547452926636,1316
477.625,4.449999999999999,0.2663155198097229,1317
163.25,13.0,0.14197015762329102,1318
253.625,6.5,0.29536566138267517,1319
514.75,3.2125000000000004,0.311684787273407,1320
517.0,1.5875000000000001,0.18014110624790192,1321
200.625,10.0625,0.1420891135931015,1322
240.125,13.0,0.30129292607307434,1323
189.375,13.0,0.22385965287685394,1324
630.75,3.325,0.2506464719772339,1325
250.875,11.375,0.10559845715761185,1326
373.875,9.725,0.21097330749034882,1327
218.75,8.125,0.14696143567562103,1328
189.5,11.375,0.33006611466407776,1329
295.875,11.375,0.321812242269516,1330
444.75,2.1625,0.24000699818134308,1331
475.5,1.5875000000000001,0.18016080558300018,1332
454.5,-0.025,0.1450340747833252,1333
258.875,9.725,0.2369314283132553,1334
203.5,13.0,0.22256070375442505,1335
311.0,9.7375,0.26488086581230164,1336
218.75,10.0,0.2024935632944107,1337
446.25,6.5,0.27428287267684937,1338
192.75,13.0,0.2125784307718277,1339
294.625,11.375,0.4637172222137451,1340
545.375,2.05625,0.253662645816803,1341
467.125,3.8499999999999996,0.15398669242858887,1342
244.875,5.175,0.13709799945354462,1343
321.25,-0.0125,0.27028048038482666,1344
325.625,2.38125,0.17828482389450073,1345
248.25,8.125,0.25006601214408875,1346
211.75,11.375,0.19278943538665771,1347
473.125,6.63125,0.36168208718299866,1348
523.0,4.85,0.11764600872993469,1349
208.5,13.0,0.1480301320552826,1350
676.25,1.73125,0.3189042806625366,1351
470.0,-0.025,0.1757296919822693,1352
369.625,10.0375,0.1551608443260193,1353
368.375,6.475,0.2201564460992813,1354
604.375,0.3,0.17104658484458923,1355
168.875,13.0,0.14982029795646667,1356
213.5,3.375,0.47866982221603394,1357
264.5,1.625,0.32666507363319397,1358
156.5,13.0,0.24115628004074097,1359
378.875,4.85,0.39829856157302856,1360
600.125,-0.05,0.184671089053154,1361
462.25,3.9875,0.1501152515411377,1362
383.75,11.6625,0.18451571464538574,1363
265.875,7.2625,0.15458035469055176,1364
768.0,-0.1,0.2337278425693512,1365
484.25,0.012500000000000004,0.11109760403633118,1366
404.0,6.475,0.22261275351047516,1367
566.25,0.35624999999999996,0.15351660549640656,1368
271.375,7.0,0.14951066672801971,1369
173.75,13.0,0.26706892251968384,1370
178.5,11.375,0.39643216133117676,1371
453.0,0.012500000000000004,0.31968170404434204,1372
332.25,-0.0125,0.12004294246435165,1373
719.125,1.5375,0.15717358887195587,1374
360.875,9.7375,0.1362159252166748,1375
663.0,-0.0375,0.15158653259277344,1376
256.75,13.0,0.10326334834098816,1377
442.5,6.475,0.20003175735473633,1378
351.625,1.6125,0.162411168217659,1379
317.875,11.3625,0.20688678324222565,1380
287.75,10.0625,0.1489037424325943,1381
363.25,4.8375,0.17929929494857788,1382
238.0,6.5,0.1978980302810669,1383
362.5,2.3625,0.2690393626689911,1384
392.625,8.0875,0.18114237487316132,1385
232.5,13.0,0.1604684442281723,1386
264.375,13.0,0.2990677058696747,1387
527.875,0.15624999999999997,0.22886084020137787,1388
322.75,8.6125,0.183524489402771,1389
289.25,3.8125,0.24006660282611847,1390
213.125,13.0,0.21417054533958435,1391
405.0,3.2625,0.2318992018699646,1392
439.875,0.3125,0.21123310923576355,1393
349.125,1.8062500000000001,0.20789456367492676,1394
232.375,13.0,0.15961511433124542,1395
420.625,9.725,0.2194359451532364,1396
547.375,6.775,0.13094472885131836,1397
259.25,0.375,0.13986891508102417,1398
329.375,11.3625,0.27937763929367065,1399
206.75,11.625,0.12373491376638412,1400
271.5,4.875,0.196915403008461,1401
306.875,13.0,0.15212702751159668,1402
606.0,2.5250000000000004,0.20400570333003998,1403
167.75,0.0,0.16024190187454224,1404
300.125,8.1,0.3432750403881073,1405
480.625,1.625,0.1771364063024521,1406
293.375,13.0,0.13187851011753082,1407
316.25,8.26875,0.11947430670261383,1408
279.875,13.0,0.19270963966846466,1409
222.75,13.0,0.23685623705387115,1410
160.5,13.0,0.2107144445180893,1411
210.25,13.0,0.2773624360561371,1412
291.25,1.625,0.3886815309524536,1413
199.75,13.0,0.17146576941013336,1414
412.375,7.14375,0.2535921335220337,1415
247.875,13.0,0.12099635601043701,1416
230.0,13.0,0.22001336514949799,1417
163.625,13.0,0.26195651292800903,1418
410.75,3.725,0.31921330094337463,1419
496.5,1.6,0.19618698954582214,1420
636.5,2.325,0.1410788893699646,1421
714.375,-0.07500000000000001,0.09358100593090057,1422
249.875,13.0,0.1447041630744934,1423
299.25,9.75,0.16324277222156525,1424
228.25,13.0,0.2303166538476944,1425
324.0,6.5249999999999995,0.2980123460292816,1426
403.125,9.7375,0.2134227752685547,1427
322.625,7.0249999999999995,0.12303850054740906,1428
499.625,8.1,0.23302598297595978,1429
305.875,11.3625,0.08304702490568161,1430
343.875,11.375,0.18383850157260895,1431
427.625,4.875,0.19311903417110443,1432
181.25,13.0,0.20002272725105286,1433
307.0,11.375,0.16975897550582886,1434
516.25,6.5125,0.21540957689285278,1435
599.0,0.13124999999999998,0.1383441984653473,1436
415.375,8.15,0.14098335802555084,1437
763.125,-0.1,0.13710734248161316,1438
495.25,3.469446951953614e-18,0.12811876833438873,1439
169.875,13.0,0.1387937366962433,1440
182.75,9.75,0.39184218645095825,1441
248.125,13.0,0.37366023659706116,1442
453.625,11.3625,0.19918134808540344,1443
355.0,6.7875,0.11114804446697235,1444
459.875,6.525,0.17528480291366577,1445
697.5,-0.024999999999999998,0.1696063131093979,1446
529.875,0.26249999999999996,0.13124065101146698,1447
646.25,1.55,0.14070792496204376,1448
396.625,4.8625,0.07839985936880112,1449
220.125,8.125,0.14939585328102112,1450
226.625,11.875,0.3282313644886017,1451
510.125,8.1,0.38668927550315857,1452
570.75,0.75,0.15301162004470825,1453
719.5,-0.08750000000000001,0.13891303539276123,1454
519.875,-0.05,0.13037511706352234,1455
306.375,2.0,0.14186915755271912,1456
538.25,3.469446951953614e-18,0.19618257880210876,1457
201.125,2.0,0.10898666083812714,1458
265.75,13.0,0.3005400598049164,1459
287.875,13.0,0.1449371874332428,1460
294.75,11.375,0.17803139984607697,1461
364.5,11.3625,0.10738902539014816,1462
383.0,6.85,0.13585904240608215,1463
181.75,13.0,0.1930583119392395,1464
721.375,-0.08750000000000001,0.20143328607082367,1465
360.625,8.1125,0.06209445372223854,1466
236.75,13.0,0.14544610679149628,1467
569.375,1.625,0.1323065459728241,1468
339.625,0.1,0.13645602762699127,1469
381.5,6.475,0.22597043216228485,1470
247.0,13.0,0.1825549453496933,1471
440.75,9.725,0.22444944083690643,1472
602.875,-0.0625,0.10200157761573792,1473
543.25,2.8,0.14390790462493896,1474
418.0,9.7375,0.1344936490058899,1475
453.0,9.725,0.20914070308208466,1476
746.5,-0.05,0.11399135738611221,1477
369.125,3.25,0.11189635843038559,1478
437.5,0.325,0.15976402163505554,1479
449.75,0.9875,0.16744093596935272,1480
264.5,11.6625,0.15389537811279297,1481
688.5,0.2,0.181739941239357,1482
358.5,11.375,0.11177755892276764,1483
355.5,-0.0125,0.11917098611593246,1484
200.875,13.0,0.22884728014469147,1485
299.875,11.375,0.25071603059768677,1486
208.625,13.0,0.19892272353172302,1487
321.375,3.2375,0.1947196125984192,1488
251.5,9.7375,0.25145235657691956,1489
275.875,11.375,0.2357254922389984,1490
291.0,13.0,0.1960933804512024,1491
174.75,13.0,0.17551042139530182,1492
363.25,3.70625,0.24907970428466797,1493
230.625,13.0,0.14731742441654205,1494
534.75,0.11875,0.18028326332569122,1495
398.625,9.774999999999999,0.1377984583377838,1496
303.75,6.5375,0.1428147703409195,1497
373.375,6.5375,0.23718847334384918,1498
281.875,8.125,0.18097616732120514,1499
225.25,10.25,0.22708949446678162,1500
187.75,13.0,0.22802628576755524,1501
318.125,7.03125,0.32183972001075745,1502
492.875,8.0875,0.1491270661354065,1503
199.625,13.0,0.13212455809116364,1504
484.125,0.64375,0.13569006323814392,1505
349.25,10.025,0.15075141191482544,1506
245.0,13.0,0.12912923097610474,1507
324.875,13.0,0.18027950823307037,1508
164.625,13.0,0.1000102236866951,1509
768.0,-0.1,0.28018540143966675,1510
290.75,0.45625,0.10109686851501465,1511
703.0,1.5375,0.14224873483181,1512
517.375,0.10000000000000002,0.08186078071594238,1513
405.375,9.75,0.10011310875415802,1514
494.25,-0.025,0.13245774805545807,1515
481.875,7.0875,0.14119884371757507,1516
173.125,13.0,0.1299704760313034,1517
374.375,0.14375,0.21371586620807648,1518
254.25,8.3875,0.21576401591300964,1519
290.5,13.0,0.23980732262134552,1520
444.125,13.0,0.1393694430589676,1521
230.0,9.75,0.14978797733783722,1522
274.875,13.0,0.2538478672504425,1523
183.25,13.0,0.11694969236850739,1524
571.0,6.6,0.20350341498851776,1525
260.5,8.125,0.12645158171653748,1526
670.0,0.03750000000000001,0.2422724962234497,1527
283.75,3.25,0.13051970303058624,1528
507.125,8.6875,0.14436723291873932,1529
189.25,13.0,0.1616828739643097,1530
285.75,11.3625,0.22812660038471222,1531
232.125,8.875,0.24503597617149353,1532
439.875,6.824999999999999,0.277488648891449,1533
275.25,13.0,0.15861549973487854,1534
327.875,10.0375,0.17491784691810608,1535
176.875,3.65625,0.1511896401643753,1536
508.375,1.7249999999999999,0.2678516209125519,1537
431.0,8.1625,0.13073204457759857,1538
329.375,0.65625,0.20030975341796875,1539
420.125,8.30625,0.22722622752189636,1540
585.875,3.35625,0.1221374124288559,1541
256.25,9.75,0.1142629012465477,1542
583.25,1.625,0.23801317811012268,1543
533.5,-0.012499999999999997,0.18482962250709534,1544
191.0,13.0,0.1403856724500656,1545
236.25,11.375,0.27960488200187683,1546
224.75,13.0,0.1757742017507553,1547
193.25,13.0,0.34168389439582825,1548
312.125,13.0,0.2548179626464844,1549
356.25,6.8,0.17092151939868927,1550
422.375,13.0,0.21606452763080597,1551
329.875,13.0,0.19265532493591309,1552
629.5,3.1875,0.1843210607767105,1553
212.625,10.0375,0.16464686393737793,1554
244.75,0.0,0.38810667395591736,1555
163.375,11.375,0.15606555342674255,1556
201.75,13.0,0.463325172662735,1557
463.75,6.75,0.3297536373138428,1558
392.25,-0.0125,0.09811021387577057,1559
231.875,13.0,0.14740405976772308,1560
189.0,13.0,0.18578782677650452,1561
159.25,13.0,0.2534790635108948,1562
302.25,1.875,0.4050782322883606,1563
218.375,9.75,0.23728875815868378,1564
197.875,13.0,0.3060837686061859,1565
174.75,11.375,0.24450530111789703,1566
198.75,13.0,0.41561850905418396,1567
666.0,0.0,0.15697067975997925,1568
237.0,13.0,0.14835649728775024,1569
645.375,-0.0375,0.2083526998758316,1570
388.125,2.875,0.15593434870243073,1571
768.0,-0.1,0.23020245134830475,1572
244.875,13.0,0.09232425689697266,1573
525.375,0.225,0.1520978808403015,1574
319.375,11.53125,0.13839395344257355,1575
480.5,6.4625,0.23220354318618774,1576
310.75,1.46875,0.15445291996002197,1577
592.5,1.625,0.24485541880130768,1578
130.25,13.0,0.1396603137254715,1579
518.125,4.875,0.27351465821266174,1580
487.5,6.725,0.11802177876234055,1581
331.5,8.1125,0.13607986271381378,1582
285.625,8.78125,0.12086120992898941,1583
315.125,3.25,0.22685661911964417,1584
348.5,0.69375,0.20899876952171326,1585
327.625,9.90625,0.20706060528755188,1586
282.125,13.0,0.20381879806518555,1587
263.375,13.0,0.16441886126995087,1588
379.875,0.15625,0.2613496482372284,1589
263.625,9.75,0.16769379377365112,1590
424.75,13.0,0.15970927476882935,1591
304.875,8.125,0.11438285559415817,1592
468.875,0.18125,0.18023456633090973,1593
663.875,0.09375,0.13864830136299133,1594
452.125,6.525,0.11613672971725464,1595
593.375,8.1125,0.15724694728851318,1596
272.0,0.90625,0.13914987444877625,1597
553.25,5.125,0.2054215371608734,1598
322.375,11.375,0.13962039351463318,1599
406.875,1.6125,0.20630070567131042,1600
495.125,10.0,0.13933363556861877,1601
210.5,13.0,0.10448021441698074,1602
293.5,1.625,0.2674740254878998,1603
469.625,11.3875,0.16935861110687256,1604
173.75,11.375,0.1640273630619049,1605
522.0,6.4875,0.2648322582244873,1606
181.75,13.0,0.10192026942968369,1607
291.0,13.0,0.17138758301734924,1608
145.375,9.75,0.14660383760929108,1609
177.75,2.8125,0.23943252861499786,1610
462.125,1.625,0.195072203874588,1611
350.25,8.1,0.13604551553726196,1612
459.125,8.4,0.20928528904914856,1613
243.0,13.0,0.14187373220920563,1614
369.25,8.125,0.2253439575433731,1615
324.375,13.0,0.12347524613142014,1616
168.625,1.625,0.1341932862997055,1617
487.0,6.475,0.39775681495666504,1618
259.0,13.0,0.1365368813276291,1619
196.5,11.4375,0.20641300082206726,1620
613.125,0.012500000000000004,0.21824857592582703,1621
367.125,11.3625,0.12048333883285522,1622
438.875,1.8625,0.1563558429479599,1623
152.875,13.0,0.11312433332204819,1624
455.875,3.2375,0.34076765179634094,1625
441.0,11.3625,0.1778891533613205,1626
292.875,6.4875,0.12306421250104904,1627
217.125,13.0,0.1665692925453186,1628
289.25,3.75,0.19621840119361877,1629
289.375,9.75,0.18280968070030212,1630
455.625,6.5125,0.24338625371456146,1631
202.375,4.875,0.1659660041332245,1632
223.25,13.0,0.2736499309539795,1633
222.875,11.53125,0.2590321898460388,1634
395.125,0.8125,0.19206655025482178,1635
182.75,13.0,0.21843740344047546,1636
215.75,13.0,0.3407031297683716,1637
358.625,5.375,0.25144311785697937,1638
561.0,2.1,0.16111285984516144,1639
183.5,2.0,0.11361158639192581,1640
286.375,9.75,0.2062673270702362,1641
538.375,-0.037500000000000006,0.20063795149326324,1642
326.25,9.90625,0.13800349831581116,1643
244.375,8.125,0.16152676939964294,1644
395.125,13.0,0.21219535171985626,1645
290.875,6.8125,0.16706214845180511,1646
263.5,0.0,0.28229621052742004,1647
307.25,0.3125,0.24440276622772217,1648
597.125,0.75,0.17723782360553741,1649
167.875,11.375,0.08948024362325668,1650
386.5,1.8625,0.21261180937290192,1651
137.75,13.0,0.1119765043258667,1652
385.0,0.25,0.21453693509101868,1653
241.625,10.25,0.19265049695968628,1654
685.25,0.1875,0.2263849526643753,1655
158.5,9.75,0.14320509135723114,1656
365.125,0.0,0.2693899869918823,1657
615.75,3.24375,0.22311589121818542,1658
184.875,13.0,0.1317027509212494,1659
395.125,0.475,0.20969456434249878,1660
383.125,-0.0125,0.14984340965747833,1661
330.625,1.625,0.1949807107448578,1662
128.875,13.0,0.09541553258895874,1663
543.875,4.8375,0.29865142703056335,1664
435.875,0.20625,0.12791845202445984,1665
628.375,-0.037500000000000006,0.162189781665802,1666
733.0,1.5375,0.10940498858690262,1667
288.625,0.625,0.11024075746536255,1668
456.25,2.01875,0.23474840819835663,1669
265.875,9.75,0.1315806806087494,1670
533.25,6.45,0.3115984797477722,1671
543.5,0.425,0.1773381233215332,1672
650.625,1.55,0.16841737926006317,1673
480.875,8.1,0.12924081087112427,1674
536.5,9.725,0.13427138328552246,1675
657.0,0.325,0.11100982874631882,1676
274.5,11.375,0.2069811373949051,1677
461.875,-0.025,0.11763076484203339,1678
416.75,10.025,0.1857973337173462,1679
484.75,7.012499999999999,0.17234088480472565,1680
502.625,0.22499999999999998,0.1665976345539093,1681
378.0,9.75,0.13017219305038452,1682
176.375,9.75,0.1654081791639328,1683
476.75,4.8625,0.2560809850692749,1684
740.25,-0.07500000000000001,0.19204716384410858,1685
290.5,11.53125,0.12713640928268433,1686
143.125,13.0,0.15433472394943237,1687
554.0,0.7124999999999999,0.4305996000766754,1688
263.875,11.375,0.10046548396348953,1689
125.375,13.0,0.1787804663181305,1690
425.75,0.38125,0.293413907289505,1691
242.375,9.90625,0.17894908785820007,1692
527.125,1.025,0.19417302310466766,1693
317.375,9.75,0.18843993544578552,1694
184.75,11.375,0.22499221563339233,1695
218.625,4.875,0.26180264353752136,1696
309.875,6.03125,0.15117134153842926,1697
256.0,11.375,0.2241186946630478,1698
364.375,11.3625,0.1258055567741394,1699
252.625,10.25,0.16928330063819885,1700
365.25,3.44375,0.12669336795806885,1701
277.0,13.0,0.2233354151248932,1702
205.75,13.0,0.12166959047317505,1703
225.5,13.0,0.24624517560005188,1704
342.5,6.5,0.2923519015312195,1705
193.875,0.0625,0.1862810254096985,1706
269.0,13.0,0.2951357066631317,1707
281.125,13.0,0.19628925621509552,1708
354.625,11.375,0.16079646348953247,1709
242.625,13.0,0.08815965801477432,1710
222.125,11.375,0.10381803661584854,1711
257.875,6.5,0.3493146598339081,1712
187.75,13.0,0.10050519555807114,1713
331.25,11.375,0.28151634335517883,1714
310.75,8.125,0.18501898646354675,1715
258.125,3.25,0.22841639816761017,1716
583.875,-0.037500000000000006,0.1427185833454132,1717
318.75,13.0,0.157487154006958,1718
606.25,0.024999999999999994,0.10968727618455887,1719
233.625,13.0,0.13977430760860443,1720
763.625,-0.037500000000000006,0.2400076687335968,1721
556.75,4.8375,0.08837788552045822,1722
154.25,13.0,0.17656002938747406,1723
294.375,0.15625,0.21577100455760956,1724
162.625,11.375,0.21154679358005524,1725
438.625,1.75625,0.33379921317100525,1726
286.0,13.0,0.14298507571220398,1727
306.375,13.0,0.1515161097049713,1728
310.625,13.0,0.21219265460968018,1729
163.0,8.125,0.16957618296146393,1730
164.5,13.0,0.38377928733825684,1731
261.875,8.125,0.3439507782459259,1732
314.625,13.0,0.3003082573413849,1733
768.0,-0.1,0.13238608837127686,1734
200.375,13.0,0.13299772143363953,1735
205.5,13.0,0.2005528211593628,1736
652.25,3.1875,0.22229290008544922,1737
173.25,13.0,0.13605806231498718,1738
569.625,-0.037500000000000006,0.2537094056606293,1739
466.125,8.1125,0.10671786963939667,1740
529.625,11.3625,0.14709898829460144,1741
346.625,0.53125,0.14207354187965393,1742
331.25,9.75,0.15870440006256104,1743
205.125,13.0,0.17091861367225647,1744
130.625,13.0,0.11766106635332108,1745
280.625,11.375,0.2665863633155823,1746
249.5,11.375,0.2251901924610138,1747
472.25,6.4875,0.16453517973423004,1748
399.125,0.4375,0.08867578208446503,1749
383.25,0.425,0.24860505759716034,1750
272.875,13.0,0.1672777235507965,1751
236.0,13.0,0.11932728439569473,1752
768.0,-0.1,0.10586961358785629,1753
211.375,13.0,0.09292780607938766,1754
725.25,-0.07500000000000001,0.2617921829223633,1755
272.0,11.3625,0.06565170735120773,1756
346.625,13.0,0.1396169811487198,1757
285.875,11.375,0.10898478329181671,1758
566.25,8.1,0.20939509570598602,1759
166.375,13.0,0.20614288747310638,1760
652.625,3.2375000000000003,0.3405401408672333,1761
358.875,13.0,0.09556199610233307,1762
463.5,3.225,0.13223423063755035,1763
255.0,11.375,0.13506262004375458,1764
175.375,13.0,0.1997104287147522,1765
571.625,3.2125000000000004,0.31938570737838745,1766
447.875,3.9437499999999996,0.17129510641098022,1767
343.625,13.0,0.2344026267528534,1768
296.25,11.375,0.1653975397348404,1769
256.0,6.5,0.16296184062957764,1770
343.625,11.53125,0.21344085037708282,1771
707.75,-0.07500000000000001,0.16392847895622253,1772
592.625,9.725,0.11642512679100037,1773
662.25,-0.037500000000000006,0.12913809716701508,1774
515.5,8.0875,0.12982384860515594,1775
190.375,13.0,0.173641175031662,1776
516.25,8.3625,0.2770233154296875,1777
171.125,13.0,0.1291089802980423,1778
471.125,3.5125,0.31171220541000366,1779
511.75,-0.05,0.2092030942440033,1780
325.375,8.125,0.17019638419151306,1781
184.875,11.375,0.26945170760154724,1782
340.75,9.75,0.3238484561443329,1783
507.875,2.13125,0.2247798591852188,1784
707.25,-0.08750000000000001,0.18874399363994598,1785
588.875,1.2062499999999998,0.1289415955543518,1786
117.75,13.0,0.06917303800582886,1787
290.5,13.0,0.3967702090740204,1788
393.625,5.375,0.17640188336372375,1789
410.625,6.5375,0.19189880788326263,1790
379.5,0.425,0.17172887921333313,1791
287.5,13.0,0.23007594048976898,1792
351.0,0.0,0.15093502402305603,1793
263.625,6.5,0.1226038932800293,1794
377.625,1.21875,0.26009130477905273,1795
365.375,0.0,0.22113224864006042,1796
312.0,2.28125,0.16892051696777344,1797
549.375,0.024999999999999994,0.2248377501964569,1798
479.125,0.037500000000000006,0.13051167130470276,1799
448.0,6.4875,0.1848963499069214,1800
326.875,0.0,0.17896348237991333,1801
339.25,13.0,0.19412311911582947,1802
185.625,13.0,0.17835524678230286,1803
495.5,1.7312500000000002,0.435632586479187,1804
176.875,13.0,0.18140104413032532,1805
430.125,11.3625,0.407416969537735,1806
204.5,11.4375,0.0814782977104187,1807
296.5,11.375,0.30125612020492554,1808
451.5,0.13124999999999998,0.21421395242214203,1809
234.25,13.0,0.17792540788650513,1810
264.375,13.0,0.24305292963981628,1811
677.875,1.55,0.29407626390457153,1812
277.625,0.0,0.11555664241313934,1813
164.875,13.0,0.3112626075744629,1814
608.625,0.0875,0.39353469014167786,1815
461.25,1.6,0.1430521011352539,1816
190.375,13.0,0.20595821738243103,1817
291.25,1.6875,0.25934702157974243,1818
600.0,4.85,0.3623013198375702,1819
558.5,5.01875,0.13015225529670715,1820
291.125,8.1625,0.10396946221590042,1821
764.75,-0.025,0.2939550578594208,1822
182.125,11.625,0.06733395159244537,1823
566.5,1.625,0.18896739184856415,1824
235.625,11.4125,0.17652563750743866,1825
509.875,0.7625000000000001,0.27623888850212097,1826
342.25,9.96875,0.12651678919792175,1827
538.625,1.6125,0.2657754123210907,1828
397.0,0.625,0.20427961647510529,1829
174.875,13.0,0.18070310354232788,1830
613.875,-0.025,0.4037472605705261,1831
239.875,6.75,0.12928448617458344,1832
163.125,13.0,0.38172203302383423,1833
289.75,9.75,0.24798409640789032,1834
434.375,8.1,0.14897368848323822,1835
317.625,13.0,0.1836847960948944,1836
528.5,3.2249999999999996,0.14761760830879211,1837
284.375,13.0,0.1440872997045517,1838
211.0,13.0,0.1288907527923584,1839
241.875,13.0,0.15743863582611084,1840
245.75,13.0,0.2708253562450409,1841
328.875,13.0,0.22975799441337585,1842
198.0,9.75,0.23879718780517578,1843
189.875,0.0,0.32271578907966614,1844
376.375,9.75,0.5114559531211853,1845
160.375,13.0,0.18205107748508453,1846
275.125,10.0625,0.3493298292160034,1847
167.875,13.0,0.28119003772735596,1848
168.5,13.0,0.4056662321090698,1849
392.875,2.875,0.21287184953689575,1850
326.0,13.0,0.2291407734155655,1851
303.5,9.75,0.19568774104118347,1852
617.75,-0.037500000000000006,0.1928805559873581,1853
214.875,13.0,0.17680199444293976,1854
161.75,13.0,0.1563875377178192,1855
330.375,13.0,0.41190025210380554,1856
215.125,13.0,0.22760850191116333,1857
191.75,10.0625,0.2368650585412979,1858
246.75,4.875,0.2907811999320984,1859
237.875,9.8125,0.3262675404548645,1860
290.875,13.0,0.1987532675266266,1861
281.25,7.15625,0.18119050562381744,1862
393.875,8.1,0.17737126350402832,1863
309.25,9.75,0.21449851989746094,1864
327.125,3.25,0.12102306634187698,1865
322.5,8.1125,0.2421487271785736,1866
294.25,6.75,0.2346375435590744,1867
301.0,9.85625,0.27320584654808044,1868
344.75,8.1625,0.29979100823402405,1869
260.0,11.375,0.1895482838153839,1870
217.25,11.325,0.10547710955142975,1871
213.375,3.375,0.2661483883857727,1872
247.625,13.0,0.33514130115509033,1873
307.125,11.375,0.19920559227466583,1874
231.875,8.125,0.14665599167346954,1875
315.25,1.8125,0.212058886885643,1876
322.125,8.125,0.23927386105060577,1877
317.75,9.7375,0.2075461745262146,1878
212.75,11.875,0.2438807636499405,1879
349.5,6.5,0.2830621600151062,1880
298.625,1.625,0.1187274381518364,1881
675.25,-0.012499999999999997,0.15629300475120544,1882
216.375,4.875,0.14707620441913605,1883
347.625,13.0,0.31945714354515076,1884
278.375,5.375,0.15546800196170807,1885
288.25,0.5,0.22832229733467102,1886
377.25,8.1125,0.18078991770744324,1887
372.25,3.25,0.14945432543754578,1888
277.875,9.75,0.18780584633350372,1889
221.0,13.0,0.2740502953529358,1890
313.0,11.325,0.21989044547080994,1891
390.5,11.4125,0.18748317658901215,1892
287.25,11.4375,0.15803466737270355,1893
285.625,4.875,0.2113761454820633,1894
295.75,11.375,0.187715083360672,1895
237.0,6.5,0.16231690347194672,1896
494.0,0.40625,0.2587621808052063,1897
249.75,13.0,0.16502228379249573,1898
285.75,6.5,0.1745092123746872,1899
136.625,13.0,0.1946718692779541,1900
327.75,8.31875,0.4927995502948761,1901
274.125,9.75,0.22731788456439972,1902
173.75,8.4375,0.2578869163990021,1903
337.125,-0.0125,0.4439181089401245,1904
587.0,2.3062500000000004,0.16673466563224792,1905
333.25,0.0,0.16807763278484344,1906
218.125,6.5,0.181529238820076,1907
422.875,1.78125,0.2712417244911194,1908
475.75,3.2750000000000004,0.2718450725078583,1909
209.625,10.15625,0.23700012266635895,1910
130.625,13.0,0.2472655177116394,1911
368.375,4.85,0.3725370466709137,1912
338.625,11.375,0.2182721048593521,1913
179.0,13.0,0.1399725079536438,1914
408.125,3.5625,0.4052498936653137,1915
288.0,13.0,0.2218150943517685,1916
397.0,3.41875,0.09246304631233215,1917
758.25,1.5375,0.1766762137413025,1918
575.25,8.1125,0.10439106076955795,1919
346.375,4.875,0.1369977742433548,1920
372.0,13.0,0.1755017191171646,1921
365.5,3.875,0.15076202154159546,1922
435.875,3.3,0.2503818869590759,1923
154.125,13.0,0.07994933426380157,1924
199.0,13.0,0.33342793583869934,1925
283.625,8.125,0.1795974224805832,1926
768.0,-0.1,0.23866763710975647,1927
424.0,5.08125,0.13533611595630646,1928
278.5,13.0,0.1647275686264038,1929
294.75,1.625,0.11066941916942596,1930
546.75,6.475,0.25918352603912354,1931
355.375,13.0,0.09922882169485092,1932
288.5,6.5,0.16343601047992706,1933
319.875,1.6125,0.18186424672603607,1934
320.875,4.8625,0.2160530984401703,1935
355.5,5.49375,0.19076064229011536,1936
343.25,1.625,0.2930094301700592,1937
293.25,8.1875,0.18470042943954468,1938
467.125,4.8375,0.23077921569347382,1939
328.375,-0.024999999999999994,0.15104220807552338,1940
191.125,13.0,0.20060141384601593,1941
247.75,9.75,0.23618091642856598,1942
268.875,13.0,0.21926306188106537,1943
532.625,0.22499999999999998,0.17179861664772034,1944
209.0,13.0,0.1871158331632614,1945
396.25,8.1875,0.16881392896175385,1946
304.0,7.25,0.23399007320404053,1947
440.0,11.375,0.24498839676380157,1948
316.875,0.25,0.15199710428714752,1949
239.75,11.625,0.17721965909004211,1950
165.125,13.0,0.2829243838787079,1951
302.5,8.1,0.29914018511772156,1952
171.625,3.25,0.16505326330661774,1953
377.5,6.9875,0.39377591013908386,1954
276.0,13.0,0.18209712207317352,1955
240.875,11.375,0.19948185980319977,1956
291.5,1.6,0.22322700917720795,1957
280.0,13.0,0.24650917947292328,1958
291.75,6.5,0.30630528926849365,1959
413.625,9.75,0.20321045815944672,1960
200.75,11.375,0.20694157481193542,1961
397.75,0.2125,0.20866072177886963,1962
174.25,13.0,0.18835806846618652,1963
256.875,13.0,0.31564605236053467,1964
348.125,6.4875,0.2142297625541687,1965
211.375,13.0,0.2690359652042389,1966
173.375,11.375,0.19926069676876068,1967
272.625,9.75,0.21045954525470734,1968
315.375,13.0,0.2685757577419281,1969
244.625,6.5,0.29108715057373047,1970
317.125,11.35,0.18543556332588196,1971
365.125,0.0,0.2016722708940506,1972
337.0,1.625,0.20715120434761047,1973
209.625,3.25,0.20496447384357452,1974
639.625,1.5875,0.19560270011425018,1975
172.625,13.0,0.09428565204143524,1976
266.375,0.0,0.28106677532196045,1977
651.125,1.55,0.26166215538978577,1978
257.375,13.0,0.08853168040513992,1979
234.25,9.7,0.14840954542160034,1980
672.25,6.725,0.35143375396728516,1981
138.625,12.975,0.11016225069761276,1982
423.75,4.9625,0.4997044503688812,1983
356.625,1.78125,0.14397868514060974,1984
281.5,9.90625,0.25814399123191833,1985
180.875,11.375,0.13802644610404968,1986
407.625,4.0,0.23028965294361115,1987
384.875,8.125,0.2196713536977768,1988
211.25,13.0,0.17923381924629211,1989
335.25,0.037500000000000006,0.2354891002178192,1990
217.375,13.0,0.24072742462158203,1991
316.625,5.125,0.277677983045578,1992
280.125,13.0,0.21698574721813202,1993
340.75,1.975,0.24985776841640472,1994
247.25,13.0,0.23432593047618866,1995
353.5,6.8125,0.27079975605010986,1996
218.75,11.875,0.1854371726512909,1997
322.375,9.7875,0.283899188041687,1998
186.25,10.0625,0.17024382948875427,1999
302.875,0.5,0.36428719758987427,2000
216.25,8.15625,0.30663853883743286,2001
376.0,4.15625,0.3275389075279236,2002
209.625,11.375,0.13955047726631165,2003
242.0,4.875,0.2659662663936615,2004
221.375,13.0,0.2080076038837433,2005
312.625,9.90625,0.14857569336891174,2006
314.375,6.6875,0.18062347173690796,2007
165.5,13.0,0.2761731445789337,2008
186.625,11.4375,0.2562388777732849,2009
273.875,13.0,0.2780057489871979,2010
432.5,8.31875,0.19765864312648773,2011
170.125,13.0,0.17570927739143372,2012
685.875,-0.012499999999999997,0.1867620050907135,2013
307.375,8.1125,0.12926827371120453,2014
348.875,3.25,0.18872444331645966,2015
565.625,0.2875,0.16959410905838013,2016
347.0,-0.0125,0.15242546796798706,2017
333.625,3.425,0.20994417369365692,2018
210.75,13.0,0.1883998066186905,2019
373.25,11.6625,0.2861027419567108,2020
648.0,-0.0375,0.24038361012935638,2021
749.5,-0.07500000000000001,0.10906622558832169,2022
207.625,11.375,0.11293996870517731,2023
251.875,0.90625,0.27299878001213074,2024
322.75,1.78125,0.22718258202075958,2025
196.0,11.625,0.19074128568172455,2026
163.875,13.0,0.25125446915626526,2027
316.25,13.0,0.21923227608203888,2028
232.75,13.0,0.14079514145851135,2029
252.25,10.25,0.17578382790088654,2030
475.625,9.7375,0.3109529912471771,2031
266.625,13.0,0.11939453333616257,2032
607.375,1.6500000000000001,0.20602066814899445,2033
443.0,11.875,0.12754935026168823,2034
661.125,3.1125000000000003,0.161791130900383,2035
290.125,13.0,0.11671040952205658,2036
193.125,13.0,0.21006931364536285,2037
292.125,6.5,0.4991152286529541,2038
341.375,11.375,0.2405320703983307,2039
230.5,13.0,0.11484616994857788,2040
212.625,11.625,0.2537746727466583,2041
500.125,3.2,0.26455947756767273,2042
380.875,6.4875,0.11327284574508667,2043
304.0,13.0,0.22192388772964478,2044
607.625,1.73125,0.1352209895849228,2045
198.25,11.375,0.09884832054376602,2046
642.25,3.65,0.249874085187912,2047
319.125,8.875,0.13627317547798157,2048
260.5,4.875,0.1790388971567154,2049
196.25,13.0,0.3530978560447693,2050
219.5,11.625,0.1644880622625351,2051
602.375,-0.0125,0.11694777011871338,2052
706.5,3.225,0.1241820901632309,2053
254.5,8.6875,0.11664965748786926,2054
339.875,0.20625000000000002,0.22884877026081085,2055
304.0,13.0,0.21708767116069794,2056
306.875,11.375,0.19891564548015594,2057
231.0,13.0,0.15001259744167328,2058
261.0,5.03125,0.1385711282491684,2059
318.625,8.1625,0.32244840264320374,2060
398.375,-0.0125,0.23038052022457123,2061
429.5,6.475,0.1808944195508957,2062
593.25,0.2125,0.19327551126480103,2063
185.375,12.975,0.12566907703876495,2064
697.625,-0.037500000000000006,0.31107667088508606,2065
296.125,9.7375,0.10617232322692871,2066
310.625,11.375,0.23340609669685364,2067
303.375,4.0,0.1871093511581421,2068
391.875,0.0,0.20622944831848145,2069
396.625,1.625,0.12490800023078918,2070
217.875,9.8125,0.1976628601551056,2071
322.625,6.125,0.2551923990249634,2072
203.625,13.0,0.16006362438201904,2073
150.875,13.0,0.33629289269447327,2074
551.875,11.6625,0.4072384536266327,2075
253.875,13.0,0.12017900496721268,2076
315.875,3.7,0.28151145577430725,2077
416.375,0.012500000000000004,0.27098017930984497,2078
299.5,13.0,0.2073521614074707,2079
423.75,13.0,0.12060147523880005,2080
663.5,0.6,0.11372169852256775,2081
213.125,11.375,0.11372559517621994,2082
219.25,9.90625,0.1976204663515091,2083
689.625,1.5875,0.23581518232822418,2084
609.25,1.80625,0.1534627228975296,2085
355.75,13.0,0.1336766928434372,2086
353.125,6.5,0.11414794623851776,2087
214.75,13.0,0.16432948410511017,2088
255.0,3.65625,0.26582393050193787,2089
186.625,11.375,0.32602497935295105,2090
190.625,13.0,0.21346545219421387,2091
520.75,1.5750000000000002,0.3027046024799347,2092
296.875,10.0625,0.13484039902687073,2093
280.375,3.2875,0.14061588048934937,2094
359.25,11.4375,0.28633421659469604,2095
288.375,12.95,0.17756235599517822,2096
162.25,13.0,0.20400948822498322,2097
274.625,6.5,0.34544116258621216,2098
220.0,7.25,0.19839665293693542,2099
427.625,0.0,0.4021199941635132,2100
283.0,13.0,0.2346131056547165,2101
199.5,9.75,0.20321694016456604,2102
290.125,13.0,0.22977040708065033,2103
251.625,11.875,0.17067408561706543,2104
346.25,3.25,0.22005054354667664,2105
163.25,11.375,0.2240082025527954,2106
361.875,6.5,0.2831059694290161,2107
320.75,5.53125,0.18483000993728638,2108
386.75,4.8625,0.2736632525920868,2109
256.75,3.25,0.16109108924865723,2110
381.125,11.575,0.2374678999185562,2111
227.875,1.625,0.1907731592655182,2112
341.0,3.75,0.31320062279701233,2113
396.5,0.13124999999999998,0.2059275358915329,2114
618.375,0.0625,0.2114880234003067,2115
201.125,9.90625,0.13212375342845917,2116
289.625,5.875,0.28290292620658875,2117
279.875,11.375,0.19884458184242249,2118
203.625,11.375,0.21594171226024628,2119
223.875,13.0,0.2950555980205536,2120
107.625,6.5,0.2845633924007416,2121
365.0,11.3625,0.4989621639251709,2122
373.375,6.9875,0.19307859241962433,2123
391.75,13.0,0.15972700715065002,2124
306.125,0.25,0.18426775932312012,2125
173.25,13.0,0.1958194375038147,2126
204.25,11.53125,0.23598869144916534,2127
239.125,8.125,0.3546423614025116,2128
219.625,13.0,0.3615616261959076,2129
326.25,8.125,0.22449758648872375,2130
162.125,13.0,0.18895111978054047,2131
259.25,11.625,0.3153260350227356,2132
190.25,6.65625,0.1919364184141159,2133
593.875,3.7375,0.28966641426086426,2134
231.0,9.75,0.09674861282110214,2135
286.625,5.875,0.32597169280052185,2136
152.0,13.0,0.2792496383190155,2137
131.25,13.0,0.2056458443403244,2138
274.5,13.0,0.4451562166213989,2139
342.375,1.78125,0.18515746295452118,2140
475.25,-0.037500000000000006,0.2113569974899292,2141
253.75,9.75,0.14588741958141327,2142
264.75,5.03125,0.23491400480270386,2143
260.625,8.5,0.21859116852283478,2144
418.25,13.0,0.27335405349731445,2145
157.375,5.125,0.16321739554405212,2146
284.75,9.75,0.3892056941986084,2147
276.125,8.125,0.24288621544837952,2148
306.5,13.0,0.29316264390945435,2149
210.75,8.125,0.16235512495040894,2150
236.75,13.0,0.21686308085918427,2151
156.625,7.125,0.21428482234477997,2152
510.5,8.1,0.36555200815200806,2153
276.75,13.0,0.09942325949668884,2154
260.125,6.5,0.13833384215831757,2155
261.125,13.0,0.17982885241508484,2156
245.25,11.375,0.2894951403141022,2157
309.0,13.0,0.30645811557769775,2158
416.0,1.6500000000000001,0.17234155535697937,2159
203.125,13.0,0.21885019540786743,2160
174.125,3.25,0.2012099027633667,2161
211.5,1.9375,0.4280053973197937,2162
151.625,13.0,0.3535163402557373,2163
722.625,1.55,0.3202955722808838,2164
365.375,11.375,0.09017764031887054,2165
439.25,-0.0125,0.1301671713590622,2166
419.625,3.225,0.2077886015176773,2167
255.25,11.375,0.21016456186771393,2168
179.875,13.0,0.2387390434741974,2169
217.875,11.375,0.32003799080848694,2170
286.25,11.625,0.23996691405773163,2171
430.0,6.7375,0.12847402691841125,2172
170.125,13.0,0.17827187478542328,2173
259.5,13.0,0.3346385955810547,2174
215.75,13.0,0.1614648848772049,2175
274.75,13.0,0.24980981647968292,2176
148.0,11.375,0.13928821682929993,2177
176.25,11.53125,0.3410281538963318,2178
437.5,1.5875000000000001,0.3683970868587494,2179
663.625,-0.0625,0.161174014210701,2180
209.75,13.0,0.09187537431716919,2181
280.875,1.78125,0.38424602150917053,2182
423.25,0.89375,0.21947206556797028,2183
285.0,13.0,0.15482251346111298,2184
275.5,0.15625,0.24374687671661377,2185
301.0,7.0375,0.1797443926334381,2186
166.375,13.0,0.2665919065475464,2187
373.875,1.6125,0.3384222090244293,2188
452.0,8.1,0.14309200644493103,2189
251.375,13.0,0.1464972048997879,2190
247.75,7.5,0.1698334664106369,2191
187.125,13.0,0.14170178771018982,2192
249.375,11.375,0.26465165615081787,2193
191.375,11.6,0.1865583062171936,2194
236.375,11.375,0.32458025217056274,2195
187.0,13.0,0.3212166428565979,2196
254.375,2.28125,0.17891760170459747,2197
530.75,3.275,0.14322011172771454,2198
347.75,3.3125,0.18965771794319153,2199
191.625,13.0,0.2195136845111847,2200
602.625,0.012500000000000004,0.23676246404647827,2201
373.25,4.85,0.15072451531887054,2202
381.5,1.8125,0.21996791660785675,2203
186.125,13.0,0.16608567535877228,2204
209.375,11.375,0.1714331954717636,2205
329.375,7.5,0.19358772039413452,2206
312.125,2.125,0.20701466500759125,2207
380.5,10.025,0.21499669551849365,2208
232.75,6.5,0.10405854135751724,2209
454.125,3.2375,0.2447413057088852,2210
362.625,3.40625,0.17774586379528046,2211
205.25,4.875,0.22149313986301422,2212
257.0,10.0625,0.2692969739437103,2213
237.625,13.0,0.274942547082901,2214
288.875,11.375,0.15656878054141998,2215
317.75,9.90625,0.1635427474975586,2216
280.875,6.5,0.13786210119724274,2217
395.625,2.06875,0.11805573850870132,2218
593.0,1.5750000000000002,0.19948448240756989,2219
156.5,13.0,0.1676298975944519,2220
385.5,0.025000000000000005,0.3284027874469757,2221
433.875,3.3125,0.2527369260787964,2222
170.625,11.53125,0.16380731761455536,2223
276.625,3.875,0.29208192229270935,2224
299.375,8.375,0.23514902591705322,2225
547.625,11.3625,0.2423485815525055,2226
565.375,0.025000000000000005,0.12851040065288544,2227
246.75,13.0,0.1324593871831894,2228
505.0,3.2874999999999996,0.1973627656698227,2229
167.875,13.0,0.17110292613506317,2230
188.875,13.0,0.25655698776245117,2231
291.875,6.5,0.3254671096801758,2232
240.625,1.625,0.16916686296463013,2233
185.875,13.0,0.3433302044868469,2234
216.5,12.875,0.2274407297372818,2235
301.125,9.75,0.16888101398944855,2236
597.75,8.0875,0.19748549163341522,2237
388.0,13.0,0.09181000292301178,2238
385.0,8.1625,0.160248801112175,2239
291.5,13.0,0.1768789142370224,2240
329.875,5.125,0.23615622520446777,2241
499.25,3.2375,0.16208407282829285,2242
161.125,13.0,0.22788992524147034,2243
155.75,0.9125,0.4433373510837555,2244
275.25,13.0,0.47099271416664124,2245
357.5,0.05625000000000001,0.17486588656902313,2246
365.375,0.05,0.2410726547241211,2247
206.0,3.28125,0.2188635617494583,2248
122.375,13.0,0.2556680142879486,2249
673.5,-0.07500000000000001,0.23238946497440338,2250
294.25,13.0,0.09606675803661346,2251
478.5,0.012500000000000004,0.2066810578107834,2252
278.875,8.125,0.1625491976737976,2253
393.375,0.5,0.2634214758872986,2254
208.125,8.125,0.20785023272037506,2255
197.375,13.0,0.3378121256828308,2256
314.875,13.0,0.24803104996681213,2257
465.75,8.1,0.15181361138820648,2258
433.625,6.6625,0.14298135042190552,2259
199.0,11.3875,0.22220566868782043,2260
304.0,1.7625,0.2855774760246277,2261
235.625,9.75,0.18047010898590088,2262
253.625,8.125,0.3235124945640564,2263
408.25,10.15625,0.18474864959716797,2264
240.625,9.75,0.15894630551338196,2265
728.0,-0.08750000000000001,0.2992321848869324,2266
256.5,13.0,0.09790214151144028,2267
476.625,5.175,0.27210357785224915,2268
537.625,13.0,0.1349317878484726,2269
319.125,4.8625,0.1334899365901947,2270
265.75,0.0,0.19895502924919128,2271
259.5,8.125,0.23646104335784912,2272
506.125,1.675,0.2522473931312561,2273
485.75,3.2375,0.1716480851173401,2274
370.75,-0.0125,0.17067761719226837,2275
224.625,8.125,0.13731902837753296,2276
281.875,11.375,0.20080137252807617,2277
201.625,6.99375,0.22794799506664276,2278
608.875,0.225,0.33197468519210815,2279
280.625,3.8125,0.08732587099075317,2280
197.5,13.0,0.27496227622032166,2281
306.375,13.0,0.333854615688324,2282
273.25,6.8125,0.1932556927204132,2283
429.125,3.70625,0.19319580495357513,2284
336.625,11.3625,0.19242903590202332,2285
362.5,8.1125,0.21051406860351562,2286
464.375,3.7125,0.19682493805885315,2287
203.125,13.0,0.16912461817264557,2288
536.875,1.275,0.23211853206157684,2289
560.625,3.7312499999999997,0.13935069739818573,2290
334.75,4.875,0.15010087192058563,2291
207.75,12.975,0.2034783810377121,2292
191.5,13.0,0.26308149099349976,2293
632.5,0.0375,0.18234926462173462,2294
153.875,13.0,0.15797953307628632,2295
277.5,8.125,0.30420446395874023,2296
189.5,11.375,0.16141211986541748,2297
645.25,-0.05,0.19395889341831207,2298
430.75,3.25,0.1564599573612213,2299
201.5,9.75,0.17553110420703888,2300
527.375,3.3,0.24621164798736572,2301
271.625,13.0,0.14609818160533905,2302
376.375,5.0625,0.17597632110118866,2303
228.875,6.5625,0.15282882750034332,2304
364.5,8.1,0.19197645783424377,2305
353.375,0.07500000000000001,0.16618654131889343,2306
257.75,13.0,0.20594996213912964,2307
287.125,11.325,0.2593456208705902,2308
442.0,13.0,0.23845648765563965,2309
152.125,11.375,0.1084069088101387,2310
584.75,1.6375000000000002,0.48267805576324463,2311
333.75,11.3625,0.10733018070459366,2312
353.25,3.63125,0.11040317267179489,2313
206.5,13.0,0.20589198172092438,2314
768.0,-0.1,0.11666148155927658,2315
168.25,13.0,0.10189364850521088,2316
185.0,13.0,0.37148433923721313,2317
632.125,-0.05,0.18988056480884552,2318
230.75,11.3625,0.1567113846540451,2319
566.75,0.1375,0.20922835171222687,2320
356.5,1.3125,0.15045730769634247,2321
290.0,11.375,0.16848498582839966,2322
197.75,13.0,0.1984214186668396,2323
284.125,13.0,0.2611609101295471,2324
173.625,11.375,0.14086610078811646,2325
245.625,11.375,0.3221419155597687,2326
324.0,1.9375,0.1893913745880127,2327
362.375,1.78125,0.20106908679008484,2328
593.0,-0.037500000000000006,0.22810907661914825,2329
268.5,8.1,0.12526118755340576,2330
319.5,1.625,0.3112299144268036,2331
421.0,3.40625,0.22699074447155,2332
413.75,11.3625,0.17293165624141693,2333
391.75,13.0,0.1333516538143158,2334
383.75,12.975,0.1969781219959259,2335
179.625,13.0,0.13902731239795685,2336
323.375,9.8125,0.27077484130859375,2337
180.5,13.0,0.20466752350330353,2338
486.125,6.7375,0.28899115324020386,2339
293.875,4.9375,0.15209484100341797,2340
380.625,3.25,0.2643791437149048,2341
363.0,1.625,0.1721053123474121,2342
515.125,1.6125,0.20573680102825165,2343
326.875,11.625,0.15739262104034424,2344
370.0,8.125,0.19946765899658203,2345
175.5,9.75,0.17967014014720917,2346
273.875,13.0,0.32776933908462524,2347
261.5,13.0,0.1391109973192215,2348
255.875,11.375,0.13327844440937042,2349
194.625,13.0,0.22753454744815826,2350
216.875,12.975,0.2586582899093628,2351
221.25,13.0,0.1727398782968521,2352
286.125,3.25,0.22427670657634735,2353
253.875,9.75,0.1945863664150238,2354
619.25,1.5875,0.26716136932373047,2355
313.0,9.75,0.12765370309352875,2356
636.125,-0.0125,0.16835670173168182,2357
495.75,4.9,0.10546061396598816,2358
166.0,13.0,0.17064380645751953,2359
485.125,0.125,0.38382771611213684,2360
304.875,11.375,0.14172711968421936,2361
209.25,13.0,0.15558260679244995,2362
265.375,11.3625,0.2831592559814453,2363
431.5,9.625,0.24142594635486603,2364
251.125,5.65625,0.14901743829250336,2365
235.75,11.375,0.24579696357250214,2366
290.0,9.75,0.26734328269958496,2367
658.5,3.34375,0.20579655468463898,2368
465.375,2.1,0.10192559659481049,2369
400.125,11.4375,0.1804889589548111,2370
324.125,8.28125,0.18610084056854248,2371
357.125,4.8875,0.18076063692569733,2372
282.75,11.375,0.2601783573627472,2373
237.0,13.0,0.21423430740833282,2374
211.125,13.0,0.14218924939632416,2375
203.375,13.0,0.11527273058891296,2376
311.875,9.75,0.12033820152282715,2377
357.75,3.78125,0.1941954642534256,2378
666.75,0.037500000000000006,0.22387182712554932,2379
384.25,0.3125,0.12354958057403564,2380
262.875,13.0,0.24829840660095215,2381
149.625,13.0,0.22884830832481384,2382
274.875,11.53125,0.2575424313545227,2383
307.375,2.28125,0.2394309639930725,2384
157.25,13.0,0.24630790948867798,2385
275.125,13.0,0.3668175935745239,2386
504.75,6.475,0.23798522353172302,2387
510.125,0.0125,0.16385114192962646,2388
371.0,8.625,0.12466905266046524,2389
230.25,13.0,0.1814880669116974,2390
210.25,13.0,0.2388940155506134,2391
248.875,11.375,0.25462356209754944,2392
290.25,5.225,0.2048119753599167,2393
302.125,1.78125,0.21592427790164948,2394
455.5,1.8625,0.2320687472820282,2395
456.25,4.8375,0.2038043588399887,2396
211.25,13.0,0.13570375740528107,2397
541.125,3.39375,0.25464800000190735,2398
576.0,-0.025,0.1445753574371338,2399
249.5,3.90625,0.1497877538204193,2400
315.625,1.625,0.3103385865688324,2401
373.5,8.1875,0.41618141531944275,2402
478.375,11.3625,0.2598167359828949,2403
204.875,11.35,0.1821577548980713,2404
160.125,1.625,0.3326866924762726,2405
200.625,13.0,0.260283887386322,2406
260.375,0.5,0.36395296454429626,2407
167.0,8.3875,0.1902124285697937,2408
618.25,0.10624999999999998,0.3025782108306885,2409
249.625,13.0,0.10569354146718979,2410
372.375,8.1125,0.4149399995803833,2411
284.5,13.0,0.21056069433689117,2412
519.625,0.5,0.16634729504585266,2413
345.25,13.0,0.13505232334136963,2414
350.25,1.40625,0.1069592535495758,2415
446.125,11.3625,0.23481059074401855,2416
271.25,13.0,0.106866754591465,2417
294.875,4.9125,0.24703246355056763,2418
728.0,3.2625,0.22496816515922546,2419
290.5,6.5,0.10110931098461151,2420
182.375,11.375,0.278137743473053,2421
288.625,13.0,0.3214368522167206,2422
348.875,13.0,0.22919099032878876,2423
244.5,10.0125,0.1581418812274933,2424
309.5,11.375,0.29379695653915405,2425
158.75,13.0,0.24789917469024658,2426
282.375,13.0,0.2888619303703308,2427
226.125,13.0,0.24008271098136902,2428
708.0,-0.07500000000000001,0.24284416437149048,2429
166.625,13.0,0.11627136915922165,2430
208.5,10.0625,0.24207204580307007,2431
435.375,1.675,0.19560085237026215,2432
174.0,13.0,0.15621867775917053,2433
668.125,0.09374999999999999,0.2012927532196045,2434
176.875,13.0,0.10388695448637009,2435
258.5,13.0,0.2893016040325165,2436
168.75,13.0,0.18645627796649933,2437
422.375,3.55,0.2951223850250244,2438
340.125,1.84375,0.23109962046146393,2439
204.125,13.0,0.21054787933826447,2440
411.25,-0.11249999999999999,0.18813933432102203,2441
536.625,0.35624999999999996,0.20095843076705933,2442
456.0,6.5375,0.1715627759695053,2443
178.125,0.5,0.16436767578125,2444
768.0,-0.1,0.4238723814487457,2445
398.5,3.25,0.08209972828626633,2446
234.875,12.975,0.1630905717611313,2447
373.25,11.55,0.24254770576953888,2448
390.25,13.0,0.18178163468837738,2449
351.25,1.625,0.15864978730678558,2450
263.125,11.375,0.17976905405521393,2451
632.5,-0.05,0.2292073518037796,2452
201.75,13.0,0.14222167432308197,2453
327.875,0.4875,0.37599802017211914,2454
372.25,8.375,0.30583035945892334,2455
378.375,9.7875,0.16357731819152832,2456
284.5,11.375,0.17947427928447723,2457
189.125,13.0,0.22193986177444458,2458
306.625,9.75,0.317626953125,2459
124.875,0.0,0.26511067152023315,2460
291.875,13.0,0.5009307861328125,2461
204.5,9.75,0.14760722219944,2462
362.375,11.375,0.20300543308258057,2463
491.0,3.2375,0.13095776736736298,2464
439.875,0.425,0.11722610145807266,2465
209.75,13.0,0.20678643882274628,2466
512.375,3.2125000000000004,0.24155646562576294,2467
191.5,11.375,0.19623984396457672,2468
191.375,13.0,0.19508419930934906,2469
163.875,11.375,0.3472616672515869,2470
146.875,13.0,0.22625909745693207,2471
685.0,-0.0625,0.3520180881023407,2472
456.75,6.4875,0.0951768308877945,2473
283.375,9.625,0.15481452643871307,2474
428.875,1.925,0.27615347504615784,2475
293.375,8.125,0.2346765398979187,2476
341.75,6.5,0.19713537395000458,2477
178.25,13.0,0.18706506490707397,2478
256.375,9.75,0.29786598682403564,2479
390.125,0.425,0.18151241540908813,2480
430.25,1.7875,0.1693994253873825,2481
217.25,11.375,0.2130807489156723,2482
264.0,13.0,0.2552017569541931,2483
359.875,0.0,0.21589072048664093,2484
201.5,1.5875,0.2704542279243469,2485
686.0,0.3125,0.28832897543907166,2486
432.625,1.74375,0.08896757662296295,2487
176.625,13.0,0.18573793768882751,2488
468.75,3.5,0.24750325083732605,2489
218.5,6.575,0.18077482283115387,2490
347.5,8.1125,0.21376918256282806,2491
333.875,3.25,0.21993204951286316,2492
452.875,13.0,0.18999095261096954,2493
232.125,13.0,0.17083144187927246,2494
210.875,13.0,0.18598954379558563,2495
209.125,13.0,0.16251379251480103,2496
268.25,7.125,0.26282432675361633,2497
261.875,8.6875,0.1609971523284912,2498
209.0,8.125,0.246313214302063,2499
284.875,13.0,0.2363080233335495,2500
427.5,8.1125,0.11843235790729523,2501
221.375,11.375,0.13906104862689972,2502
283.375,13.0,0.30065950751304626,2503
493.125,11.325,0.153889462351799,2504
168.5,7.925000000000001,0.17462819814682007,2505
447.125,0.41874999999999996,0.30871424078941345,2506
633.25,4.825,0.2152707576751709,2507
165.75,12.95,0.1309535801410675,2508
338.875,0.14375000000000002,0.2516004741191864,2509
134.5,13.0,0.23834314942359924,2510
335.0,4.875,0.5445115566253662,2511
385.5,5.1875,0.15500710904598236,2512
234.625,6.8125,0.1961478739976883,2513
377.75,0.44375000000000003,0.2755405902862549,2514
370.125,4.0375000000000005,0.24400223791599274,2515
142.5,13.0,0.14968763291835785,2516
196.5,13.0,0.4191820025444031,2517
252.625,7.09375,0.29820549488067627,2518
206.625,12.875,0.31879839301109314,2519
239.375,11.325,0.1518104374408722,2520
471.75,0.018750000000000017,0.3004770576953888,2521
241.5,8.3875,0.18725146353244781,2522
237.5,11.375,0.17990396916866302,2523
248.625,3.5625,0.2234426736831665,2524
244.625,3.1000000000000005,0.2982395589351654,2525
456.625,8.1125,0.20605416595935822,2526
445.75,0.11875000000000002,0.1298348605632782,2527
172.25,12.875,0.17382045090198517,2528
231.25,13.0,0.20997397601604462,2529
351.0,1.5000000000000002,0.2506476044654846,2530
285.375,12.975,0.20073585212230682,2531
362.5,13.0,0.1701553910970688,2532
451.75,1.4875,0.10427885502576828,2533
431.375,13.0,0.27454960346221924,2534
248.875,7.55,0.18227146565914154,2535
145.375,13.0,0.20004725456237793,2536
236.75,12.825000000000001,0.5051418542861938,2537
344.0,4.9375,0.22582033276557922,2538
507.5,0.28125,0.2059803009033203,2539
377.625,9.90625,0.10905883461236954,2540
289.125,9.7375,0.20403927564620972,2541
352.5,1.4625,0.20367029309272766,2542
255.375,11.375,0.17195680737495422,2543
272.75,11.375,0.2323780059814453,2544
243.0,13.0,0.23956134915351868,2545
276.75,11.35,0.2246764749288559,2546
241.0,11.375,0.2520415186882019,2547
205.5,3.40625,0.2360517531633377,2548
343.0,0.0,0.2117334008216858,2549
295.875,8.2375,0.2021838277578354,2550
390.875,8.125,0.23691138625144958,2551
331.875,6.75,0.1848340779542923,2552
306.0,1.625,0.2988815903663635,2553
400.625,6.5,0.2449960708618164,2554
332.75,3.39375,0.15396395325660706,2555
263.0,3.5,0.19196775555610657,2556
279.875,9.75,0.19738666713237762,2557
188.0,13.0,0.1788928359746933,2558
312.0,11.375,0.3727826178073883,2559
517.875,2.01875,0.25934624671936035,2560
324.375,11.375,0.15464258193969727,2561
333.75,9.7625,0.1352388709783554,2562
328.75,5.09375,0.22493837773799896,2563
372.125,7.5,0.23760046064853668,2564
739.125,-0.08750000000000001,0.21445326507091522,2565
412.875,11.3625,0.10346296429634094,2566
490.75,1.5875000000000001,0.13295790553092957,2567
323.0,10.0,0.15672269463539124,2568
347.5,9.975,0.2525124251842499,2569
286.0,0.10000000000000003,0.15453843772411346,2570
447.125,0.0,0.15654106438159943,2571
153.0,13.0,0.21266809105873108,2572
174.75,13.0,0.34111008048057556,2573
382.0,11.3625,0.31772226095199585,2574
389.5,3.25,0.17049477994441986,2575
431.25,9.725,0.2197326272726059,2576
280.625,9.75,0.1682308316230774,2577
168.25,13.0,0.12261310964822769,2578
166.5,13.0,0.2245640903711319,2579
477.625,5.125,0.3514007329940796,2580
483.5,13.0,0.2005775421857834,2581
349.5,1.25,0.14627206325531006,2582
482.875,-0.17499999999999996,0.21774309873580933,2583
607.125,1.5750000000000002,0.1406562626361847,2584
251.875,8.59375,0.1158001720905304,2585
250.25,11.375,0.24513950943946838,2586
180.375,13.0,0.2505248785018921,2587
240.75,3.225,0.29244083166122437,2588
196.875,13.0,0.28249669075012207,2589
387.75,10.15625,0.3258466422557831,2590
204.375,9.75,0.09786708652973175,2591
332.875,8.125,0.21851959824562073,2592
419.0,4.9375,0.27691468596458435,2593
407.875,6.7375,0.1677209734916687,2594
270.875,13.0,0.22926856577396393,2595
223.0,10.25,0.30975380539894104,2596
319.875,13.0,0.2309788018465042,2597
571.0,5.0875,0.22064732015132904,2598
227.125,1.625,0.10248644649982452,2599
284.75,11.625,0.2891032099723816,2600
332.375,4.875,0.19549597799777985,2601
409.375,13.0,0.18030507862567902,2602
307.25,6.5,0.14554442465305328,2603
175.375,13.0,0.22179055213928223,2604
351.875,3.25,0.24443410336971283,2605
306.75,8.025,0.20831915736198425,2606
376.125,0.30000000000000004,0.13592416048049927,2607
180.5,13.0,0.2660037577152252,2608
408.5,6.7375,0.30494627356529236,2609
514.5,5.15,0.16003817319869995,2610
236.5,8.125,0.1784927397966385,2611
400.625,4.875,0.2963581383228302,2612
418.875,3.71875,0.21250949800014496,2613
267.5,0.0,0.17542821168899536,2614
390.0,6.7375,0.15141022205352783,2615
586.75,3.5500000000000003,0.21310146152973175,2616
261.75,1.625,0.10808925330638885,2617
586.5,1.5875000000000001,0.3149469196796417,2618
334.0,0.2375,0.15793122351169586,2619
307.625,13.0,0.24645663797855377,2620
404.0,5.1875,0.13009440898895264,2621
284.5,13.0,0.2381214052438736,2622
262.25,3.3125,0.13413457572460175,2623
232.75,13.0,0.2790873646736145,2624
323.0,3.25,0.18652890622615814,2625
366.875,8.1125,0.23818938434123993,2626
130.0,13.0,0.20965510606765747,2627
259.5,1.475,0.40261033177375793,2628
343.25,9.7375,0.23318791389465332,2629
232.25,13.0,0.14445534348487854,2630
643.375,0.36874999999999997,0.20346567034721375,2631
209.625,9.75,0.08263608813285828,2632
355.375,8.375,0.44157683849334717,2633
417.875,0.725,0.19851471483707428,2634
183.5,11.375,0.23923273384571075,2635
292.875,11.2625,0.2551721930503845,2636
337.0,8.125,0.18664827942848206,2637
212.0,13.0,0.1801731139421463,2638
298.25,8.8375,0.25291508436203003,2639
459.625,8.1125,0.2960793077945709,2640
281.875,11.375,0.19773174822330475,2641
187.5,13.0,0.1897585690021515,2642
516.5,-0.025,0.35516121983528137,2643
411.625,0.14375,0.14980022609233856,2644
236.75,4.25,0.20001134276390076,2645
301.625,12.95,0.31469592452049255,2646
375.875,12.95,0.12140049785375595,2647
148.375,13.0,0.11666686087846756,2648
455.375,1.1125,0.22257542610168457,2649
575.75,4.8625,0.18312489986419678,2650
286.625,13.0,0.12477608770132065,2651
262.0,13.0,0.2305268496274948,2652
285.75,8.075,0.15619780123233795,2653
358.0,8.1125,0.24839875102043152,2654
160.375,13.0,0.1855810433626175,2655
402.75,1.6875,0.31982871890068054,2656
446.0,9.6125,0.16448098421096802,2657
499.25,8.0875,0.13579998910427094,2658
392.875,0.875,0.14150258898735046,2659
138.875,13.0,0.2356463223695755,2660
311.375,9.75,0.31502166390419006,2661
529.0,3.225,0.2422967553138733,2662
328.625,-0.12499999999999997,0.12763473391532898,2663
443.375,9.7375,0.18297527730464935,2664
267.0,11.625,0.2135412096977234,2665
252.0,4.875,0.30302694439888,2666
298.0,13.0,0.23711493611335754,2667
369.75,8.125,0.17435263097286224,2668
340.25,6.475,0.22876648604869843,2669
241.5,4.875,0.199485182762146,2670
201.625,11.375,0.2987532615661621,2671
263.75,3.25,0.3880248963832855,2672
184.75,13.0,0.3279232978820801,2673
250.5,8.28125,0.2053329050540924,2674
428.0,9.8,0.3583948016166687,2675
367.0,4.875,0.1737293004989624,2676
174.0,12.95,0.20592863857746124,2677
378.5,11.625,0.3579186797142029,2678
332.0,8.125,0.25997593998908997,2679
313.25,8.125,0.15049678087234497,2680
424.0,6.4875,0.194802924990654,2681
368.5,11.375,0.15593118965625763,2682
552.75,3.89375,0.13758189976215363,2683
219.125,13.0,0.179993137717247,2684
172.5,8.125,0.21548479795455933,2685
305.125,13.0,0.276283860206604,2686
238.125,11.225000000000001,0.11374952644109726,2687
193.125,13.0,0.39246079325675964,2688
174.25,13.0,0.2837696671485901,2689
371.25,11.375,0.2549573481082916,2690
281.0,9.75,0.20810100436210632,2691
239.0,13.0,0.2700265645980835,2692
219.5,8.125,0.18295007944107056,2693
348.25,1.625,0.2394368201494217,2694
370.125,6.4875,0.22775231301784515,2695
318.75,13.0,0.25300776958465576,2696
433.125,10.0375,0.1944148689508438,2697
295.125,-0.0125,0.13395941257476807,2698
350.5,8.26875,0.2284417450428009,2699
667.75,-0.0625,0.1706828773021698,2700
600.125,0.012500000000000004,0.13485746085643768,2701
407.625,6.4875,0.13898956775665283,2702
332.375,9.75,0.15307138860225677,2703
245.5,13.0,0.19631054997444153,2704
479.125,1.78125,0.23232699930667877,2705
336.0,11.375,0.16484984755516052,2706
333.5,0.4375,0.20300088822841644,2707
269.625,13.0,0.29566580057144165,2708
188.875,13.0,0.2904701232910156,2709
415.75,6.6125,0.28400176763534546,2710
420.625,3.225,0.16865861415863037,2711
768.0,-0.1,0.17509178817272186,2712
715.875,-0.07500000000000001,0.06996815651655197,2713
189.75,13.0,0.11646424233913422,2714
244.625,13.0,0.21922925114631653,2715
209.25,13.0,0.12036284804344177,2716
540.75,0.15,0.3147552013397217,2717
307.625,11.375,0.1994972825050354,2718
230.125,4.875,0.25135537981987,2719
457.25,1.6125,0.2614884674549103,2720
269.375,13.0,0.18081963062286377,2721
539.25,3.5,0.26444289088249207,2722
303.125,13.0,0.1595953106880188,2723
265.0,10.0,0.1823674738407135,2724
253.875,9.75,0.2230861634016037,2725
286.875,13.0,0.30563247203826904,2726
426.625,8.175,0.2897014915943146,2727
717.0,1.5375,0.15475481748580933,2728
230.5,11.375,0.07249866425991058,2729
471.25,0.14375,0.3769741356372833,2730
447.5,6.5,0.19141852855682373,2731
230.125,13.0,0.18410882353782654,2732
298.0,8.125,0.2956894040107727,2733
291.5,0.35000000000000003,0.18230633437633514,2734
417.25,0.025000000000000005,0.15407821536064148,2735
288.375,13.0,0.16651201248168945,2736
217.0,13.0,0.2446952909231186,2737
273.375,13.0,0.17262865602970123,2738
259.5,11.53125,0.20643149316310883,2739
273.875,13.0,0.2695729732513428,2740
279.875,11.625,0.16644468903541565,2741
364.25,13.0,0.23599986732006073,2742
196.75,13.0,0.13712546229362488,2743
332.75,13.0,0.3046194016933441,2744
247.25,12.850000000000001,0.23459206521511078,2745
560.125,-0.025,0.20533058047294617,2746
340.5,2.1,0.2146032303571701,2747
258.125,12.975,0.17762330174446106,2748
429.75,3.63125,0.2281908392906189,2749
507.125,1.6125,0.1448110193014145,2750
558.875,2.30625,0.17382663488388062,2751
135.875,11.375,0.18011289834976196,2752
261.625,13.0,0.42846497893333435,2753
246.125,9.725,0.17004182934761047,2754
389.375,8.1125,0.21207188069820404,2755
337.875,9.89375,0.18700918555259705,2756
277.25,-0.024999999999999994,0.25966858863830566,2757
362.625,11.375,0.17626607418060303,2758
280.0,13.0,0.2773158848285675,2759
343.25,11.375,0.21391698718070984,2760
184.875,11.375,0.1235441043972969,2761
745.0,1.8125,0.36013197898864746,2762
277.625,9.75,0.11270105093717575,2763
361.375,11.375,0.1940009742975235,2764
612.75,4.9125,0.1274486780166626,2765
426.25,2.125,0.0751713216304779,2766
250.125,13.0,0.18179604411125183,2767
354.625,9.7375,0.2581888735294342,2768
267.0,1.625,0.17204968631267548,2769
327.375,5.53125,0.3499617278575897,2770
245.25,13.0,0.23912401497364044,2771
395.25,13.0,0.15031476318836212,2772
377.5,9.75,0.18498386442661285,2773
297.625,11.375,0.2270043045282364,2774
225.625,10.25,0.16860686242580414,2775
272.75,13.0,0.2363469898700714,2776
158.875,9.75,0.2241629958152771,2777
188.25,13.0,0.4996252954006195,2778
185.75,13.0,0.3587447702884674,2779
375.375,1.475,0.3464875817298889,2780
351.125,11.375,0.1624867469072342,2781
231.5,11.375,0.1627577245235443,2782
352.25,11.375,0.28369587659835815,2783
677.625,0.012499999999999997,0.21628513932228088,2784
424.5,9.7875,0.1733722686767578,2785
467.5,3.2375,0.2385205626487732,2786
317.5,0.0,0.1713639348745346,2787
174.375,13.0,0.21124958992004395,2788
213.625,9.75,0.33587002754211426,2789
481.625,6.475,0.3206160068511963,2790
299.75,13.0,0.10865069925785065,2791
264.5,8.28125,0.17750395834445953,2792
233.75,1.8125,0.20608638226985931,2793
435.0,4.925,0.2931325137615204,2794
241.5,6.5,0.2415255606174469,2795
265.5,0.0,0.3348456621170044,2796
192.25,13.0,0.27780604362487793,2797
547.125,0.4125,0.20759767293930054,2798
327.125,0.96875,0.17182938754558563,2799
184.125,11.375,0.21054130792617798,2800
344.375,9.75,0.3241235017776489,2801
310.75,0.15625,0.1835688352584839,2802
560.5,6.55,0.209938183426857,2803
195.5,13.0,0.1464209109544754,2804
205.125,6.5,0.2212301343679428,2805
338.75,11.53125,0.3140423595905304,2806
167.0,13.0,0.21600069105625153,2807
494.75,-0.17499999999999996,0.37070250511169434,2808
283.375,13.0,0.15743304789066315,2809
281.875,13.0,0.2024066150188446,2810
569.125,1.75625,0.21191160380840302,2811
439.0,3.39375,0.20001572370529175,2812
223.375,13.0,0.20732071995735168,2813
468.625,3.0375,0.14321152865886688,2814
262.0,4.375,0.15327252447605133,2815
361.5,0.0,0.31218141317367554,2816
222.125,13.0,0.23033517599105835,2817
394.125,3.2375,0.21777935326099396,2818
238.875,13.0,0.22095225751399994,2819
299.25,9.75,0.3001391589641571,2820
204.0,13.0,0.22748975455760956,2821
206.5,13.0,0.25975334644317627,2822
265.375,3.25,0.270169198513031,2823
243.25,13.0,0.22386491298675537,2824
477.0,-0.0125,0.19105617702007294,2825
455.25,9.7375,0.1843080371618271,2826
401.125,6.5,0.22913144528865814,2827
502.375,-0.025,0.1618957817554474,2828
317.5,2.03125,0.1653415858745575,2829
513.125,-0.037500000000000006,0.23495519161224365,2830
270.625,10.100000000000001,0.1619633585214615,2831
227.5,4.875,0.18800930678844452,2832
541.125,0.0625,0.26197266578674316,2833
336.25,0.0,0.21107317507266998,2834
496.0,3.225,0.20978659391403198,2835
221.75,13.0,0.14535391330718994,2836
404.0,8.125,0.2737390697002411,2837
360.0,0.0,0.17934224009513855,2838
190.5,13.0,0.19655106961727142,2839
345.0,13.0,0.25479671359062195,2840
221.25,8.1875,0.1845567226409912,2841
222.25,5.1625,0.3769655227661133,2842
767.25,1.5375,0.2799051105976105,2843
298.375,2.71875,0.08445028215646744,2844
237.75,9.75,0.2829146385192871,2845
311.0,9.75,0.2775810956954956,2846
210.0,13.0,0.23500286042690277,2847
695.0,0.5125,0.21887029707431793,2848
339.625,12.850000000000001,0.12716251611709595,2849
297.625,13.0,0.1213497743010521,2850
162.625,13.0,0.16676266491413116,2851
412.375,8.1125,0.3789548873901367,2852
300.5,11.375,0.14411771297454834,2853
211.0,13.0,0.1995922178030014,2854
305.375,13.0,0.23821695148944855,2855
278.0,13.0,0.22067080438137054,2856
275.5,12.875,0.20433524250984192,2857
262.5,9.75,0.1917242556810379,2858
195.0,13.0,0.18046900629997253,2859
237.125,1.0,0.2544437348842621,2860
270.75,9.75,0.24555130302906036,2861
546.625,0.68125,0.22018945217132568,2862
653.875,1.8875000000000002,0.2283957153558731,2863
309.0,2.78125,0.10436420887708664,2864
399.625,6.55,0.24156402051448822,2865
302.375,0.0,0.1677858978509903,2866
259.0,8.4375,0.21024860441684723,2867
294.125,0.625,0.2567274272441864,2868
423.25,9.7625,0.30062687397003174,2869
348.125,11.375,0.20062604546546936,2870
344.375,-0.024999999999999994,0.16427147388458252,2871
313.875,9.600000000000001,0.21511375904083252,2872
346.0,4.8625,0.16694122552871704,2873
275.25,11.625,0.24012616276741028,2874
367.25,12.850000000000001,0.21260161697864532,2875
381.25,13.0,0.1117105633020401,2876
683.375,0.6875,0.19675147533416748,2877
296.125,4.875,0.1043446883559227,2878
495.375,6.525,0.17269624769687653,2879
278.125,13.0,0.13903173804283142,2880
363.875,0.5,0.21566951274871826,2881
225.25,11.375,0.17432066798210144,2882
198.125,8.125,0.2669889032840729,2883
268.375,5.03125,0.3494439423084259,2884
256.125,13.0,0.25769707560539246,2885
204.5,11.375,0.25506487488746643,2886
231.875,13.0,0.20920024812221527,2887
439.75,0.4875,0.2017015963792801,2888
698.0,4.99375,0.19727355241775513,2889
338.375,5.03125,0.1162404790520668,2890
233.25,11.375,0.19776827096939087,2891
257.375,13.0,0.2599306106567383,2892
278.875,8.28125,0.23511788249015808,2893
435.375,10.025,0.1747312992811203,2894
670.25,8.0875,0.13993701338768005,2895
248.375,8.28125,0.12846091389656067,2896
352.75,2.0,0.223357692360878,2897
308.5,9.75,0.15585148334503174,2898
371.125,10.0375,0.25230640172958374,2899
656.625,1.5625,0.162453293800354,2900
341.25,10.0625,0.09477410465478897,2901
236.25,11.375,0.22347280383110046,2902
283.875,13.0,0.2601349651813507,2903
429.5,5.30625,0.2205505520105362,2904
388.375,9.8125,0.16609109938144684,2905
554.75,1.75625,0.14152391254901886,2906
230.75,13.0,0.2059488296508789,2907
271.5,1.625,0.2182101160287857,2908
265.75,13.0,0.2476026564836502,2909
188.625,13.0,0.1810220181941986,2910
524.375,1.9625,0.5004847645759583,2911
361.625,6.75,0.14665380120277405,2912
480.875,3.4875,0.19704224169254303,2913
276.5,8.0875,0.12161950767040253,2914
304.125,8.125,0.18134385347366333,2915
401.25,0.0625,0.16969536244869232,2916
663.125,-0.175,0.2528473138809204,2917
289.0,13.0,0.11914242058992386,2918
596.0,2.5500000000000003,0.14765846729278564,2919
205.875,8.125,0.1136956587433815,2920
473.875,4.13125,0.26020732522010803,2921
612.625,0.5375,0.14193472266197205,2922
264.75,6.5,0.10607891529798508,2923
398.125,13.0,0.32368341088294983,2924
248.875,4.875,0.20343071222305298,2925
469.25,3.225,0.3561832904815674,2926
355.25,4.875,0.19080190360546112,2927
318.125,6.5,0.2383815348148346,2928
364.75,11.4125,0.2607220411300659,2929
515.0,3.225,0.2459186166524887,2930
615.875,3.1375,0.17538538575172424,2931
216.5,13.0,0.0768078863620758,2932
449.5,6.475,0.2811279594898224,2933
663.0,-0.037500000000000006,0.21012742817401886,2934
255.625,13.0,0.09705738723278046,2935
309.625,11.375,0.15837277472019196,2936
425.5,-0.025,0.2336910367012024,2937
242.875,11.375,0.15655335783958435,2938
437.625,3.6312499999999996,0.2636966109275818,2939
365.75,7.05,0.18663103878498077,2940
284.0,13.0,0.19776396453380585,2941
421.625,0.25,0.16293247044086456,2942
294.375,9.85625,0.17109495401382446,2943
235.125,1.625,0.1594114452600479,2944
456.375,11.3625,0.32428672909736633,2945
580.375,1.6,0.09378252178430557,2946
544.0,0.11875,0.1220991313457489,2947
280.875,8.375,0.15727311372756958,2948
649.625,1.5375,0.19373273849487305,2949
250.875,8.28125,0.13032931089401245,2950
350.5,9.75,0.31745797395706177,2951
303.0,5.09375,0.28573858737945557,2952
294.875,12.975,0.13617222011089325,2953
199.375,13.0,0.21419359743595123,2954
226.0,8.125,0.2274838089942932,2955
265.625,11.35,0.2289622277021408,2956
323.75,1.3125,0.27103155851364136,2957
371.125,11.3625,0.2847122550010681,2958
185.25,12.850000000000001,0.20768150687217712,2959
549.25,8.375,0.292510449886322,2960
168.75,13.0,0.16355931758880615,2961
363.75,0.15625,0.47440919280052185,2962
402.0,8.6375,0.21346528828144073,2963
231.5,11.375,0.2525574266910553,2964
348.75,13.0,0.25119438767433167,2965
553.875,2.24375,0.11055000871419907,2966
341.375,4.8625,0.10112865269184113,2967
726.75,0.012499999999999997,0.24810035526752472,2968
298.75,13.0,0.10083019733428955,2969
665.375,1.5625000000000002,0.21718186140060425,2970
310.125,11.625,0.1493675410747528,2971
305.0,4.875,0.20097759366035461,2972
267.25,9.75,0.17790472507476807,2973
324.125,11.375,0.26611003279685974,2974
569.375,0.35,0.20242130756378174,2975
262.625,13.0,0.1471722573041916,2976
321.25,0.3125,0.15935289859771729,2977
308.75,4.875,0.29451891779899597,2978
290.0,13.0,0.2391757369041443,2979
423.125,13.0,0.17840750515460968,2980
381.875,0.18125,0.18908388912677765,2981
234.75,11.375,0.28758567571640015,2982
215.125,13.0,0.25923797488212585,2983
309.375,13.0,0.19782795011997223,2984
476.75,-0.0125,0.279560387134552,2985
255.875,1.625,0.20985880494117737,2986
258.125,13.0,0.23472800850868225,2987
383.0,2.3625,0.18779724836349487,2988
214.875,8.125,0.24559783935546875,2989
173.75,13.0,0.25280633568763733,2990
173.0,3.25,0.22939841449260712,2991
231.125,12.95,0.3228208124637604,2992
430.75,9.7375,0.1762450486421585,2993
524.0,8.1,0.20788805186748505,2994
237.75,2.5625,0.166489839553833,2995
383.875,1.625,0.1777268350124359,2996
369.25,3.25,0.2073824405670166,2997
313.375,0.25,0.25618430972099304,2998
231.75,13.0,0.2304510474205017,2999
219.625,13.0,0.19827592372894287,3000
332.875,8.125,0.24574322998523712,3001
332.125,3.5625,0.19630643725395203,3002
274.75,11.375,0.18365688621997833,3003
372.375,0.0,0.21941085159778595,3004
303.375,12.9,0.19341030716896057,3005
407.0,0.0,0.18302388489246368,3006
283.625,13.0,0.2242102175951004,3007
260.5,8.625,0.22803188860416412,3008
219.125,13.0,0.2829244136810303,3009
324.75,-0.0125,0.1881377100944519,3010
551.5,0.11875,0.24385567009449005,3011
520.75,6.475,0.13925714790821075,3012
574.625,3.2125000000000004,0.14092642068862915,3013
204.75,8.125,0.15104073286056519,3014
483.25,4.925,0.3302842676639557,3015
271.625,9.75,0.17452603578567505,3016
323.125,13.0,0.1792823076248169,3017
170.625,13.0,0.18896062672138214,3018
220.5,9.75,0.2042302042245865,3019
464.75,3.39375,0.2067549228668213,3020
419.75,0.5375,0.14097332954406738,3021
320.125,6.8125,0.19563524425029755,3022
407.25,0.5625,0.2362721860408783,3023
168.0,10.25,0.19198308885097504,3024
160.625,11.4375,0.3401291072368622,3025
219.875,5.125,0.550628125667572,3026
394.75,3.225,0.24302421510219574,3027
200.375,13.0,0.19685044884681702,3028
331.125,11.625,0.24357081949710846,3029
244.25,11.375,0.18163685500621796,3030
411.75,13.0,0.3051320016384125,3031
344.375,10.0,0.1789514720439911,3032
434.375,8.4875,0.19287601113319397,3033
321.875,13.0,0.08958053588867188,3034
353.875,13.0,0.23818999528884888,3035
200.625,9.75,0.21174152195453644,3036
288.875,12.95,0.28181546926498413,3037
598.375,1.8125,0.15848000347614288,3038
229.625,3.71875,0.12853781878948212,3039
247.875,6.65625,0.24392817914485931,3040
251.125,12.975,0.27818915247917175,3041
314.75,8.28125,0.29510512948036194,3042
240.5,8.7875,0.23582664132118225,3043
261.5,11.375,0.3693031370639801,3044
151.375,13.0,0.1842382848262787,3045
331.125,11.375,0.374187707901001,3046
341.375,11.375,0.2634095847606659,3047
634.125,3.1999999999999997,0.20025092363357544,3048
433.625,11.3625,0.16988438367843628,3049
333.25,1.475,0.1141401082277298,3050
217.0,8.125,0.22749659419059753,3051
225.0,8.125,0.20557719469070435,3052
323.875,8.4375,0.2590796649456024,3053
333.125,13.0,0.22191384434700012,3054
446.875,6.5,0.178083136677742,3055
495.5,0.45,0.16551679372787476,3056
182.75,11.375,0.2134544402360916,3057
301.5,3.25,0.3659259080886841,3058
556.0,3.175,0.22511273622512817,3059
469.875,0.7375,0.20314140617847443,3060
576.25,3.225,0.20709924399852753,3061
427.875,4.5,0.15924625098705292,3062
381.625,6.96875,0.14049752056598663,3063
236.0,0.0,0.17582087218761444,3064
519.375,1.6625,0.24369314312934875,3065
278.375,0.0,0.11943481862545013,3066
360.75,1.625,0.2732509672641754,3067
309.0,9.90625,0.2696668207645416,3068
475.25,2.26875,0.16625039279460907,3069
250.25,6.475,0.2588059604167938,3070
481.625,3.40625,0.2715557813644409,3071
409.375,3.225,0.25450077652931213,3072
252.75,9.75,0.1971372663974762,3073
321.125,13.0,0.23522549867630005,3074
241.625,3.25,0.29586485028266907,3075
390.125,4.8625,0.3338389992713928,3076
208.875,13.0,0.20420265197753906,3077
239.875,1.78125,0.14026828110218048,3078
181.875,6.65625,0.2863514721393585,3079
169.625,13.0,0.3095649778842926,3080
190.0,8.125,0.2502279281616211,3081
219.375,9.75,0.4167056679725647,3082
494.125,0.22499999999999998,0.27732622623443604,3083
312.25,9.7375,0.21084605157375336,3084
396.0,11.375,0.1760270595550537,3085
108.375,12.925,0.1689397245645523,3086
203.0,13.0,0.3158285915851593,3087
455.125,9.90625,0.22029761970043182,3088
360.5,11.3625,0.18461443483829498,3089
513.75,0.9875,0.10554230958223343,3090
497.125,3.3687500000000004,0.13456904888153076,3091
275.875,8.0,0.1434401273727417,3092
264.25,1.475,0.24505314230918884,3093
161.125,13.0,0.21979273855686188,3094
273.875,13.0,0.3963288366794586,3095
536.875,-0.037500000000000006,0.18505306541919708,3096
335.25,9.8375,0.152486652135849,3097
356.375,3.975,0.15202434360980988,3098
318.875,11.375,0.21729111671447754,3099
253.375,11.53125,0.2357526272535324,3100
229.75,0.0,0.24157407879829407,3101
277.5,11.4125,0.3065181076526642,3102
541.875,-0.049999999999999996,0.19628512859344482,3103
286.75,13.0,0.19768011569976807,3104
321.25,11.375,0.19110509753227234,3105
557.375,0.2625,0.17911899089813232,3106
185.625,13.0,0.09705460071563721,3107
172.25,13.0,0.3552122116088867,3108
324.625,8.4375,0.2811957895755768,3109
403.875,7.4,0.24640728533267975,3110
587.125,6.725,0.12393628060817719,3111
321.0,1.8375000000000001,0.12658412754535675,3112
224.125,13.0,0.1812051236629486,3113
300.5,1.85,0.22160913050174713,3114
322.25,9.7375,0.24392053484916687,3115
408.5,0.40625,0.2831447124481201,3116
446.375,5.26875,0.22593653202056885,3117
282.75,13.0,0.19603723287582397,3118
178.125,11.625,0.2035900503396988,3119
295.75,5.85,0.42543825507164,3120
260.875,13.0,0.2532601058483124,3121
624.0,5.025,0.27329161763191223,3122
323.375,4.875,0.18892735242843628,3123
511.0,6.8,0.18882353603839874,3124
194.75,13.0,0.15450133383274078,3125
306.0,0.0,0.2485673725605011,3126
536.875,6.4625,0.20339541137218475,3127
599.375,-0.05,0.17428947985172272,3128
330.5,8.28125,0.15927404165267944,3129
210.875,13.0,0.16879604756832123,3130
242.125,4.875,0.16700012981891632,3131
123.125,13.0,0.3188719153404236,3132
264.125,13.0,0.3250649869441986,3133
254.125,13.0,0.2193882167339325,3134
677.5,-0.0625,0.26286566257476807,3135
212.625,13.0,0.09475219994783401,3136
257.75,13.0,0.2763836979866028,3137
248.375,13.0,0.20517498254776,3138
324.25,7.40625,0.1920326203107834,3139
243.25,11.4125,0.21030156314373016,3140
351.375,11.375,0.3580016791820526,3141
489.875,4.875,0.19330747425556183,3142
507.375,9.725,0.15583127737045288,3143
409.0,6.4875,0.1537928432226181,3144
439.5,-0.03749999999999999,0.17276403307914734,3145
321.125,9.75,0.2337455302476883,3146
368.625,4.875,0.2219938039779663,3147
278.0,13.0,0.15050165355205536,3148
332.25,11.375,0.23793908953666687,3149
315.375,-0.0125,0.20047472417354584,3150
432.875,3.2375,0.26173073053359985,3151
219.0,13.0,0.21107959747314453,3152
335.125,1.6125,0.3573722541332245,3153
303.0,1.625,0.22886447608470917,3154
396.125,0.0,0.2507581114768982,3155
383.5,3.39375,0.19636191427707672,3156
448.25,9.75,0.22010411322116852,3157
341.125,3.25,0.1578027606010437,3158
381.375,1.525,0.27584752440452576,3159
158.875,13.0,0.21643881499767303,3160
348.25,13.0,0.3840240240097046,3161
274.0,13.0,0.24716611206531525,3162
530.125,-0.037500000000000006,0.19897012412548065,3163
226.5,9.600000000000001,0.1467694640159607,3164
179.0,13.0,0.22515997290611267,3165
413.125,3.3125,0.3478953242301941,3166
255.0,11.6375,0.2472190111875534,3167
467.125,-0.025,0.22342152893543243,3168
508.0,0.27499999999999997,0.23900648951530457,3169
585.125,1.875,0.1595274806022644,3170
301.25,11.375,0.15476366877555847,3171
337.5,1.9375,0.26141613721847534,3172
657.5,0.06250000000000001,0.23223282396793365,3173
396.875,0.75,0.12720493972301483,3174
423.25,7.0625,0.17967461049556732,3175
425.625,9.75,0.22378812730312347,3176
458.375,11.3625,0.190820574760437,3177
444.875,8.375,0.16922231018543243,3178
448.75,3.2625,0.20947793126106262,3179
716.25,-0.08750000000000001,0.2331855148077011,3180
246.25,13.0,0.1178637444972992,3181
247.125,11.375,0.2873851954936981,3182
316.625,11.53125,0.23069052398204803,3183
236.5,11.375,0.21469241380691528,3184
255.75,11.375,0.21324823796749115,3185
203.125,13.0,0.23746833205223083,3186
226.875,0.25,0.297013521194458,3187
748.0,0.2375,0.31491103768348694,3188
378.5,3.55,0.09366083890199661,3189
226.0,11.375,0.1898990422487259,3190
321.125,9.90625,0.2850624620914459,3191
306.875,6.5625,0.175785094499588,3192
370.875,3.4875,0.1957475244998932,3193
426.25,1.625,0.21755458414554596,3194
204.875,13.0,0.17929285764694214,3195
631.0,-0.0625,0.19396020472049713,3196
159.125,13.0,0.16976067423820496,3197
220.25,13.0,0.4683695137500763,3198
356.625,10.0375,0.13099227845668793,3199
306.0,3.25,0.19258876144886017,3200
204.25,13.0,0.21782146394252777,3201
617.875,1.575,0.20270287990570068,3202
330.0,5.737500000000001,0.17707142233848572,3203
307.375,13.0,0.18583723902702332,3204
206.0,11.375,0.1368432193994522,3205
522.125,1.9625000000000001,0.2193620800971985,3206
456.125,3.469446951953614e-18,0.14596828818321228,3207
203.5,0.5,0.13162237405776978,3208
262.25,12.95,0.3125947415828705,3209
233.25,11.40625,0.24231548607349396,3210
164.0,13.0,0.29874876141548157,3211
510.5,5.125,0.23127594590187073,3212
401.875,11.3625,0.1882965862751007,3213
199.5,13.0,0.13940052688121796,3214
576.5,0.0375,0.3383619487285614,3215
684.125,4.8125,0.13348309695720673,3216
161.0,13.0,0.13636469841003418,3217
259.0,13.0,0.3068256676197052,3218
225.75,13.0,0.1756184846162796,3219
211.625,8.875,0.19677437841892242,3220
507.75,3.55,0.3889220058917999,3221
625.75,0.2,0.1468925178050995,3222
178.125,11.375,0.15071268379688263,3223
430.125,0.1125,0.2450273633003235,3224
408.0,8.1125,0.23046725988388062,3225
464.25,0.0125,0.14301620423793793,3226
294.875,11.53125,0.19053149223327637,3227
172.5,9.75,0.24514737725257874,3228
278.75,13.0,0.4303748309612274,3229
267.625,11.53125,0.22572219371795654,3230
290.75,0.0,0.2842358946800232,3231
554.625,8.0875,0.23094415664672852,3232
592.375,1.75625,0.17364898324012756,3233
316.875,6.5,0.1521606147289276,3234
389.375,1.6125,0.2190679907798767,3235
306.0,11.375,0.2190461903810501,3236
175.0,9.75,0.18249014019966125,3237
421.75,3.25,0.3926750123500824,3238
438.0,9.725,0.21084484457969666,3239
298.0,12.850000000000001,0.1267673671245575,3240
332.125,10.25,0.12043485790491104,3241
329.625,11.375,0.1213860735297203,3242
267.25,13.0,0.17114150524139404,3243
310.25,6.5,0.2203020304441452,3244
321.0,3.25,0.35622620582580566,3245
490.625,0.9750000000000001,0.17196542024612427,3246
239.375,13.0,0.21197909116744995,3247
684.75,1.8499999999999999,0.17078065872192383,3248
398.875,8.1875,0.07074645161628723,3249
529.375,-0.175,0.14903315901756287,3250
506.875,6.4625,0.17471325397491455,3251
214.0,13.0,0.13138195872306824,3252
334.25,10.0625,0.26645880937576294,3253
276.125,13.0,0.22450803220272064,3254
659.875,6.4625,0.2198491245508194,3255
458.625,2.0125,0.1320648342370987,3256
188.625,13.0,0.1173739805817604,3257
569.75,0.13124999999999998,0.3139268457889557,3258
608.25,3.3687500000000004,0.13904394209384918,3259
334.0,9.90625,0.17013083398342133,3260
415.125,9.6125,0.20845304429531097,3261
282.875,13.0,0.1947765052318573,3262
670.75,-0.012499999999999997,0.17463038861751556,3263
402.625,10.2875,0.2175157219171524,3264
187.125,0.0,0.1398279070854187,3265
347.125,11.3625,0.2477036863565445,3266
308.25,12.95,0.2552260756492615,3267
263.0,11.375,0.26580795645713806,3268
339.5,5.5,0.2561807632446289,3269
171.0,11.375,0.16005797684192657,3270
275.5,1.84375,0.3302249014377594,3271
238.0,13.0,0.3382468819618225,3272
323.375,9.75,0.27313536405563354,3273
461.875,9.9875,0.22877395153045654,3274
420.25,3.475,0.13010980188846588,3275
429.125,1.9375,0.19136442244052887,3276
471.25,0.3,0.223542720079422,3277
253.625,9.75,0.17831797897815704,3278
236.75,13.0,0.1746523380279541,3279
333.375,1.9375,0.2766059637069702,3280
509.5,4.875,0.20924963057041168,3281
221.5,13.0,0.2206132858991623,3282
158.125,13.0,0.23444747924804688,3283
508.5,-0.025,0.35862627625465393,3284
252.875,11.375,0.21463999152183533,3285
638.0,0.18124999999999997,0.242767795920372,3286
294.125,13.0,0.11857582628726959,3287
567.5,0.08125000000000002,0.16383330523967743,3288
768.0,-0.1,0.16292276978492737,3289
402.25,0.5,0.09280823916196823,3290
306.25,11.25,0.1973608136177063,3291
369.5,6.5375,0.2345435619354248,3292
336.75,3.475,0.12758159637451172,3293
192.875,13.0,0.19928720593452454,3294
241.375,13.0,0.38623175024986267,3295
201.0,10.25,0.14169342815876007,3296
206.25,11.4375,0.16764554381370544,3297
271.875,13.0,0.3030238449573517,3298
209.625,13.0,0.10825780034065247,3299
215.25,13.0,0.17547409236431122,3300
303.75,4.875,0.2102285623550415,3301
230.5,12.95,0.2625531256198883,3302
214.5,13.0,0.2327665388584137,3303
480.5,3.0250000000000004,0.22894054651260376,3304
185.875,13.0,0.20392873883247375,3305
246.75,0.0,0.2706054151058197,3306
182.25,0.0,0.3185160458087921,3307
487.0,1.6125,0.2947525382041931,3308
320.5,4.21875,0.17585597932338715,3309
211.625,13.0,0.20159530639648438,3310
624.5,8.1,0.22827057540416718,3311
367.875,9.75,0.09253373742103577,3312
531.75,8.1,0.2562931180000305,3313
239.0,13.0,0.13401462137699127,3314
320.5,11.53125,0.19505730271339417,3315
379.0,11.375,0.2596668303012848,3316
287.0,1.375,0.17564450204372406,3317
248.625,2.40625,0.32540369033813477,3318
403.625,0.08750000000000001,0.2350415587425232,3319
207.875,13.0,0.19594988226890564,3320
496.25,0.43125,0.19286203384399414,3321
588.125,9.600000000000001,0.17243653535842896,3322
359.75,0.0,0.1433919072151184,3323
261.5,2.28125,0.2468061000108719,3324
191.0,13.0,0.21437683701515198,3325
471.5,0.39375,0.3317520320415497,3326
213.625,4.1875,0.22519324719905853,3327
213.5,11.375,0.2287147045135498,3328
319.875,11.35,0.18452776968479156,3329
309.875,9.75,0.19527579843997955,3330
242.25,13.0,0.18901118636131287,3331
373.875,11.3625,0.12235629558563232,3332
609.5,0.275,0.20866268873214722,3333
333.5,11.375,0.10695964097976685,3334
397.75,0.5,0.17308136820793152,3335
366.375,4.8625,0.161672905087471,3336
238.0,12.9,0.21445497870445251,3337
316.25,6.5,0.1458708941936493,3338
321.75,11.375,0.17326438426971436,3339
196.5,13.0,0.14485660195350647,3340
238.75,13.0,0.3457828760147095,3341
300.5,13.0,0.301848828792572,3342
237.125,9.75,0.12349719554185867,3343
225.875,9.75,0.33099818229675293,3344
270.75,13.0,0.33942872285842896,3345
546.625,0.625,0.20008786022663116,3346
274.875,3.25,0.11164238303899765,3347
587.25,3.68125,0.19000862538814545,3348
438.625,0.5,0.0988248959183693,3349
230.0,11.375,0.24221105873584747,3350
540.625,3.1750000000000003,0.2139136642217636,3351
262.75,4.9375,0.1643574833869934,3352
483.375,1.675,0.2430991679430008,3353
172.75,13.0,0.181674987077713,3354
606.875,0.7125,0.31735411286354065,3355
307.875,4.875,0.07289692759513855,3356
293.875,11.375,0.2512078583240509,3357
543.75,3.1875,0.2027115374803543,3358
191.75,13.0,0.13092219829559326,3359
160.25,13.0,0.24313096702098846,3360
428.75,13.0,0.4141959547996521,3361
239.25,11.875,0.14986008405685425,3362
678.75,3.2,0.2817181646823883,3363
,,0.15368811786174774,3364
