tag,step,wall_time,value
actor/eval/kl,0,1781270647.183821,0.0005003635306
actor/eval/kl,64,1781271142.275159,-0.001225618878
actor/eval/kl,128,1781271582.802138,0.04211790487
actor/eval/kl,192,1781272034.597045,0.06940685958
actor/eval/kl,256,1781272439.326797,0.1364323944
actor/eval/kl,320,1781272842.367926,0.05651399121
actor/eval/kl,384,1781273202.769500,0.1675036252
actor/eval/kl,448,1781273543.915845,0.1479679942
rewards/train/sum,0,1781270706.698842,0.8999999762
rewards/train/sum,1,1781270707.679207,0.8999999762
rewards/train/sum,2,1781270709.726330,-0.6125000119
rewards/train/sum,3,1781270710.504839,1.131250024
rewards/train/sum,4,1781270711.021249,0.7624999881
rewards/train/sum,5,1781270711.586678,-0.5
rewards/train/sum,6,1781270713.631940,-0.462500006
rewards/train/sum,7,1781270714.437596,1.899999976
rewards/train/sum,8,1781270715.018764,0.75
rewards/train/sum,9,1781270715.596651,0.8999999762
rewards/train/sum,10,1781270716.573915,6.037499905
rewards/train/sum,11,1781270718.618975,-0.7375000119
rewards/train/sum,12,1781270719.622527,2.6875
rewards/train/sum,13,1781270720.543395,0.287499994
rewards/train/sum,14,1781270721.018695,0.8999999762
rewards/train/sum,15,1781270723.065568,0.349999994
rewards/train/sum,16,1781270723.702580,0.462500006
rewards/train/sum,17,1781270725.022394,1.375
rewards/train/sum,18,1781270725.802831,0.4375
rewards/train/sum,19,1781270726.691401,0.25
rewards/train/sum,20,1781270727.208094,-0.275000006
rewards/train/sum,21,1781270727.912119,0.6875
rewards/train/sum,22,1781270729.958493,0.174999997
rewards/train/sum,23,1781270731.180198,0.7124999762
rewards/train/sum,24,1781270731.849437,0.5
rewards/train/sum,25,1781270732.652417,0.8999999762
rewards/train/sum,26,1781270733.128815,-0.05000000075
rewards/train/sum,27,1781270733.976458,0.5874999762
rewards/train/sum,28,1781270736.025117,-0.9125000238
rewards/train/sum,29,1781270738.073308,-0.8000000119
rewards/train/sum,30,1781270738.978715,0.400000006
rewards/train/sum,31,1781270741.026945,0.224999994
rewards/train/sum,32,1781270743.073772,-0.6750000119
rewards/train/sum,33,1781270745.121580,0.8500000238
rewards/train/sum,34,1781270747.168406,-0.287499994
rewards/train/sum,35,1781270749.215538,-0.137500003
rewards/train/sum,36,1781270749.999113,0.8999999762
rewards/train/sum,37,1781270750.585291,0.625
rewards/train/sum,38,1781270752.634218,1.481250048
rewards/train/sum,39,1781270753.308317,0.4499999881
rewards/train/sum,40,1781270755.357277,-0.3249999881
rewards/train/sum,41,1781270756.195720,0.7749999762
rewards/train/sum,42,1781270757.734334,0.412499994
rewards/train/sum,43,1781270759.781740,0.162499994
rewards/train/sum,44,1781270760.708090,0.9250000119
rewards/train/sum,45,1781270762.756105,-0.200000003
rewards/train/sum,46,1781270763.537564,0.8999999762
rewards/train/sum,47,1781270764.905080,0.400000006
rewards/train/sum,48,1781270765.446288,0.8999999762
rewards/train/sum,49,1781270767.242618,7.025000095
rewards/train/sum,50,1781270768.599858,1.962499976
rewards/train/sum,51,1781270770.649054,4.375
rewards/train/sum,52,1781270771.329954,1.850000024
rewards/train/sum,53,1781270771.910311,0.5375000238
rewards/train/sum,54,1781270772.671746,9.018750191
rewards/train/sum,55,1781270773.885963,0.1000000015
rewards/train/sum,56,1781270774.359770,0.6875
rewards/train/sum,57,1781270775.003362,3.650000095
rewards/train/sum,58,1781270776.509503,4.400000095
rewards/train/sum,59,1781270778.558654,-0.137500003
rewards/train/sum,60,1781270780.606123,1.137500048
rewards/train/sum,61,1781270781.106249,0.75
rewards/train/sum,62,1781270781.762723,0.75
rewards/train/sum,63,1781270782.454127,0.474999994
rewards/train/sum,64,1781271142.425878,4.5
rewards/train/sum,65,1781271144.488080,1.6875
rewards/train/sum,66,1781271146.537183,-0.137500003
rewards/train/sum,67,1781271147.255462,1.512500048
rewards/train/sum,68,1781271147.906743,0.3125
rewards/train/sum,69,1781271148.775652,0.75
rewards/train/sum,70,1781271150.634068,5.362500191
rewards/train/sum,71,1781271152.682862,-0.6499999762
rewards/train/sum,72,1781271153.150692,3.387500048
rewards/train/sum,73,1781271155.198241,7.400000095
rewards/train/sum,74,1781271156.017565,0.9875000119
rewards/train/sum,75,1781271156.595422,2.462500095
rewards/train/sum,76,1781271158.645101,4.237500191
rewards/train/sum,77,1781271159.271224,10.86250019
rewards/train/sum,78,1781271159.914841,9
rewards/train/sum,79,1781271160.410159,3.950000048
rewards/train/sum,80,1781271162.458848,4.724999905
rewards/train/sum,81,1781271163.267183,0.7749999762
rewards/train/sum,82,1781271165.126339,2.4375
rewards/train/sum,83,1781271165.612829,5.481249809
rewards/train/sum,84,1781271167.664081,0.375
rewards/train/sum,85,1781271168.267156,1.075000048
rewards/train/sum,86,1781271168.781989,8.300000191
rewards/train/sum,87,1781271169.446943,3.737499952
rewards/train/sum,88,1781271170.098187,12.0625
rewards/train/sum,89,1781271171.036808,8.581250191
rewards/train/sum,90,1781271173.085997,5.5
rewards/train/sum,91,1781271175.135927,3.162499905
rewards/train/sum,92,1781271176.174978,12.19999981
rewards/train/sum,93,1781271176.799784,9.237500191
rewards/train/sum,94,1781271177.598682,9.149999619
rewards/train/sum,95,1781271178.230672,9.824999809
rewards/train/sum,96,1781271180.280391,6.525000095
rewards/train/sum,97,1781271182.328247,5.28125
rewards/train/sum,98,1781271184.378021,2.775000095
rewards/train/sum,99,1781271185.017418,8.262499809
rewards/train/sum,100,1781271187.068323,4.818749905
rewards/train/sum,101,1781271188.371851,7.3125
rewards/train/sum,102,1781271189.195269,9.331250191
rewards/train/sum,103,1781271191.079211,7.3125
rewards/train/sum,104,1781271191.817800,11.60000038
rewards/train/sum,105,1781271192.481482,8.675000191
rewards/train/sum,106,1781271193.280607,8.699999809
rewards/train/sum,107,1781271195.327301,5.637499809
rewards/train/sum,108,1781271196.101816,6.943749905
rewards/train/sum,109,1781271198.149623,8.100000381
rewards/train/sum,110,1781271198.746541,8.800000191
rewards/train/sum,111,1781271200.796622,5.949999809
rewards/train/sum,112,1781271202.848297,4.087500095
rewards/train/sum,113,1781271203.347484,11.30000019
rewards/train/sum,114,1781271204.209022,10.89999962
rewards/train/sum,115,1781271204.858024,11.35000038
rewards/train/sum,116,1781271206.908706,6.787499905
rewards/train/sum,117,1781271208.957627,2.162499905
rewards/train/sum,118,1781271211.006259,7.387499809
rewards/train/sum,119,1781271211.686260,12.5
rewards/train/sum,120,1781271212.216357,11.60000038
rewards/train/sum,121,1781271212.872685,10.75
rewards/train/sum,122,1781271213.953618,8.225000381
rewards/train/sum,123,1781271216.002899,8.475000381
rewards/train/sum,124,1781271217.863484,4.568749905
rewards/train/sum,125,1781271219.732701,7.400000095
rewards/train/sum,126,1781271220.193030,10.98750019
rewards/train/sum,127,1781271221.001363,9.956250191
rewards/train/sum,128,1781271582.953515,11.1875
rewards/train/sum,129,1781271585.018101,6.375
rewards/train/sum,130,1781271586.107446,7.306250095
rewards/train/sum,131,1781271588.158085,6.199999809
rewards/train/sum,132,1781271588.672243,9
rewards/train/sum,133,1781271590.347884,8.225000381
rewards/train/sum,134,1781271591.827446,9.5625
rewards/train/sum,135,1781271593.878565,6.637499809
rewards/train/sum,136,1781271595.929504,7.025000095
rewards/train/sum,137,1781271597.981441,6.050000191
rewards/train/sum,138,1781271598.790080,10.21875
rewards/train/sum,139,1781271599.595995,10.60000038
rewards/train/sum,140,1781271600.169757,11.16250038
rewards/train/sum,141,1781271601.204901,4.425000191
rewards/train/sum,142,1781271602.270310,6.8125
rewards/train/sum,143,1781271603.030310,11.3125
rewards/train/sum,144,1781271603.698503,12.5
rewards/train/sum,145,1781271604.254621,10.86250019
rewards/train/sum,146,1781271604.836766,11.28750038
rewards/train/sum,147,1781271606.888943,8.118749619
rewards/train/sum,148,1781271608.939924,3.762500048
rewards/train/sum,149,1781271609.763274,11.38749981
rewards/train/sum,150,1781271610.535527,9
rewards/train/sum,151,1781271611.404322,11.17500019
rewards/train/sum,152,1781271612.039325,9.550000191
rewards/train/sum,153,1781271613.317570,11.30000019
rewards/train/sum,154,1781271615.024125,6.137499809
rewards/train/sum,155,1781271616.695759,8.300000191
rewards/train/sum,156,1781271617.432137,10.30000019
rewards/train/sum,157,1781271619.483403,6.3125
rewards/train/sum,158,1781271620.452357,9.800000191
rewards/train/sum,159,1781271620.980797,12.5
rewards/train/sum,160,1781271621.891782,8.506250381
rewards/train/sum,161,1781271622.556350,9.137499809
rewards/train/sum,162,1781271624.606829,7.925000191
rewards/train/sum,163,1781271625.253389,9.212499619
rewards/train/sum,164,1781271627.305197,7.768750191
rewards/train/sum,165,1781271628.182596,12.0625
rewards/train/sum,166,1781271629.549577,10
rewards/train/sum,167,1781271630.422732,7.025000095
rewards/train/sum,168,1781271631.261284,11.28750038
rewards/train/sum,169,1781271632.056876,11.875
rewards/train/sum,170,1781271632.921842,9.762499809
rewards/train/sum,171,1781271633.643428,9.5625
rewards/train/sum,172,1781271634.235099,12.5
rewards/train/sum,173,1781271635.299427,9.637499809
rewards/train/sum,174,1781271636.147127,9.25
rewards/train/sum,175,1781271636.712005,9
rewards/train/sum,176,1781271638.039340,10.47500038
rewards/train/sum,177,1781271640.091153,5.775000095
rewards/train/sum,178,1781271642.143365,6.199999809
rewards/train/sum,179,1781271642.689250,12.5
rewards/train/sum,180,1781271644.740102,9.475000381
rewards/train/sum,181,1781271645.592024,7.412499905
rewards/train/sum,182,1781271646.488106,9.875
rewards/train/sum,183,1781271647.064420,12.5
rewards/train/sum,184,1781271649.114326,4.074999809
rewards/train/sum,185,1781271649.730449,12.0625
rewards/train/sum,186,1781271650.400888,10.22500038
rewards/train/sum,187,1781271651.514231,7.462500095
rewards/train/sum,188,1781271653.564284,6.849999905
rewards/train/sum,189,1781271655.616482,6.056250095
rewards/train/sum,190,1781271656.535125,9
rewards/train/sum,191,1781271657.089679,11.13749981
rewards/train/sum,192,1781272034.749210,5.65625
rewards/train/sum,193,1781272035.335395,10.625
rewards/train/sum,194,1781272035.997953,11.0625
rewards/train/sum,195,1781272037.330999,9.237500191
rewards/train/sum,196,1781272037.991871,9.4375
rewards/train/sum,197,1781272039.647365,11.9375
rewards/train/sum,198,1781272041.017431,11.13749981
rewards/train/sum,199,1781272041.655216,9.25
rewards/train/sum,200,1781272042.575212,7.025000095
rewards/train/sum,201,1781272043.009820,11.625
rewards/train/sum,202,1781272044.291781,9.125
rewards/train/sum,203,1781272045.046249,12.0625
rewards/train/sum,204,1781272045.910501,9.324999809
rewards/train/sum,205,1781272047.854688,10.98750019
rewards/train/sum,206,1781272049.905094,6.887499809
rewards/train/sum,207,1781272050.766738,10.75
rewards/train/sum,208,1781272051.485629,12.5
rewards/train/sum,209,1781272052.853852,9.4375
rewards/train/sum,210,1781272053.511356,12.5
rewards/train/sum,211,1781272054.372275,11.625
rewards/train/sum,212,1781272055.232275,9.262499809
rewards/train/sum,213,1781272056.210059,11.35000038
rewards/train/sum,214,1781272057.371839,12.0625
rewards/train/sum,215,1781272058.085144,10.8125
rewards/train/sum,216,1781272060.134927,10.98750019
rewards/train/sum,217,1781272062.184738,3.424999952
rewards/train/sum,218,1781272064.235452,10.98750019
rewards/train/sum,219,1781272064.916619,9.600000381
rewards/train/sum,220,1781272065.733595,12.0625
rewards/train/sum,221,1781272067.784586,7.8125
rewards/train/sum,222,1781272068.636381,9.287500381
rewards/train/sum,223,1781272069.254998,12.1875
rewards/train/sum,224,1781272071.304944,7.150000095
rewards/train/sum,225,1781272073.355579,8.662500381
rewards/train/sum,226,1781272074.133933,10.88749981
rewards/train/sum,227,1781272076.183612,8.800000191
rewards/train/sum,228,1781272077.202776,11.1875
rewards/train/sum,229,1781272077.984939,11.625
rewards/train/sum,230,1781272080.037184,7.925000191
rewards/train/sum,231,1781272080.677005,9.975000381
rewards/train/sum,232,1781272081.296494,9.100000381
rewards/train/sum,233,1781272083.348265,0.400000006
rewards/train/sum,234,1781272085.400284,8.237500191
rewards/train/sum,235,1781272086.860691,9.15625
rewards/train/sum,236,1781272087.756783,10.3125
rewards/train/sum,237,1781272088.380595,9.5
rewards/train/sum,238,1781272089.234548,12.5
rewards/train/sum,239,1781272089.880352,12.5
rewards/train/sum,240,1781272090.433180,12.5
rewards/train/sum,241,1781272092.483565,8.368749619
rewards/train/sum,242,1781272094.532921,7.925000191
rewards/train/sum,243,1781272095.305468,11.625
rewards/train/sum,244,1781272096.513076,11.625
rewards/train/sum,245,1781272097.368755,12.0625
rewards/train/sum,246,1781272098.147758,12.35000038
rewards/train/sum,247,1781272100.198921,5.300000191
rewards/train/sum,248,1781272100.963974,9.537500381
rewards/train/sum,249,1781272103.056191,9
rewards/train/sum,250,1781272104.405291,11.25
rewards/train/sum,251,1781272106.454077,3.924999952
rewards/train/sum,252,1781272107.664321,9
rewards/train/sum,253,1781272108.253901,12.5
rewards/train/sum,254,1781272108.783128,12.5
rewards/train/sum,255,1781272110.832267,8.362500191
rewards/train/sum,256,1781272439.477768,9.84375
rewards/train/sum,257,1781272440.520163,9.875
rewards/train/sum,258,1781272441.246978,9.5
rewards/train/sum,259,1781272441.825414,9
rewards/train/sum,260,1781272442.639984,9.375
rewards/train/sum,261,1781272443.423245,12.0625
rewards/train/sum,262,1781272444.049142,9.4375
rewards/train/sum,263,1781272445.002177,9.050000191
rewards/train/sum,264,1781272445.638633,12.5
rewards/train/sum,265,1781272447.019609,8.287500381
rewards/train/sum,266,1781272448.612311,3.712500095
rewards/train/sum,267,1781272450.662980,4.462500095
rewards/train/sum,268,1781272452.096910,9.537500381
rewards/train/sum,269,1781272452.761451,9.15625
rewards/train/sum,270,1781272453.606874,9.78125
rewards/train/sum,271,1781272454.228307,10
rewards/train/sum,272,1781272454.970586,11.1875
rewards/train/sum,273,1781272457.022494,7.068749905
rewards/train/sum,274,1781272457.608150,12.5
rewards/train/sum,275,1781272458.726934,7.449999809
rewards/train/sum,276,1781272459.886544,12.5
rewards/train/sum,277,1781272460.836320,9.28125
rewards/train/sum,278,1781272462.271143,9.175000191
rewards/train/sum,279,1781272463.336007,9
rewards/train/sum,280,1781272463.965427,11.35000038
rewards/train/sum,281,1781272464.432826,12.5
rewards/train/sum,282,1781272465.389673,9.15625
rewards/train/sum,283,1781272466.631397,8.662500381
rewards/train/sum,284,1781272468.682202,3.625
rewards/train/sum,285,1781272469.793319,11.09375
rewards/train/sum,286,1781272471.845540,0.8500000238
rewards/train/sum,287,1781272473.896357,7.925000191
rewards/train/sum,288,1781272474.362745,12.5
rewards/train/sum,289,1781272475.061581,12.0625
rewards/train/sum,290,1781272475.806547,12.5
rewards/train/sum,291,1781272476.530800,10.3125
rewards/train/sum,292,1781272477.545148,9
rewards/train/sum,293,1781272478.513489,9.875
rewards/train/sum,294,1781272479.407811,12.0625
rewards/train/sum,295,1781272480.130892,12.0625
rewards/train/sum,296,1781272482.162062,7.925000191
rewards/train/sum,297,1781272483.660924,10.98750019
rewards/train/sum,298,1781272484.484120,9.875
rewards/train/sum,299,1781272485.172723,10.75
rewards/train/sum,300,1781272487.224055,7.925000191
rewards/train/sum,301,1781272488.700232,10.625
rewards/train/sum,302,1781272489.773470,12.5
rewards/train/sum,303,1781272490.494919,12.5
rewards/train/sum,304,1781272491.033281,12.5
rewards/train/sum,305,1781272491.823883,8.225000381
rewards/train/sum,306,1781272492.635178,10.65625
rewards/train/sum,307,1781272494.687917,7.650000095
rewards/train/sum,308,1781272496.540479,7.987500191
rewards/train/sum,309,1781272497.014040,12.5
rewards/train/sum,310,1781272499.065701,4.662499905
rewards/train/sum,311,1781272500.913510,8.962499619
rewards/train/sum,312,1781272502.966003,7.150000095
rewards/train/sum,313,1781272503.506319,12.5
rewards/train/sum,314,1781272504.605455,11.1875
rewards/train/sum,315,1781272505.279420,12.5
rewards/train/sum,316,1781272506.214815,12.5
rewards/train/sum,317,1781272507.023978,9.4375
rewards/train/sum,318,1781272507.962183,9
rewards/train/sum,319,1781272508.439303,12.0625
rewards/train/sum,320,1781272842.520038,8.537500381
rewards/train/sum,321,1781272843.368045,10.3125
rewards/train/sum,322,1781272844.033659,12.0625
rewards/train/sum,323,1781272846.086356,6.349999905
rewards/train/sum,324,1781272846.643301,5.637499809
rewards/train/sum,325,1781272848.696806,5.137499809
rewards/train/sum,326,1781272849.749800,12.21875
rewards/train/sum,327,1781272850.547791,9.15625
rewards/train/sum,328,1781272852.599965,7.925000191
rewards/train/sum,329,1781272853.192429,11.25
rewards/train/sum,330,1781272853.957851,10.875
rewards/train/sum,331,1781272854.790613,10.3125
rewards/train/sum,332,1781272855.426079,12.5
rewards/train/sum,333,1781272856.444942,9.4375
rewards/train/sum,334,1781272857.198206,10.75
rewards/train/sum,335,1781272858.188672,9.4375
rewards/train/sum,336,1781272859.451229,11.25
rewards/train/sum,337,1781272861.502677,7.412499905
rewards/train/sum,338,1781272862.351209,8.693750381
rewards/train/sum,339,1781272863.229055,9.4375
rewards/train/sum,340,1781272864.037965,12.5
rewards/train/sum,341,1781272865.559741,10.55000019
rewards/train/sum,342,1781272866.836690,10.75
rewards/train/sum,343,1781272867.653398,12.21875
rewards/train/sum,344,1781272868.349910,12.5
rewards/train/sum,345,1781272869.308200,9.4375
rewards/train/sum,346,1781272870.025411,12.5
rewards/train/sum,347,1781272870.647829,12.5
rewards/train/sum,348,1781272872.700017,6.337500095
rewards/train/sum,349,1781272873.679421,11.35000038
rewards/train/sum,350,1781272875.733101,6.025000095
rewards/train/sum,351,1781272877.785811,2.987499952
rewards/train/sum,352,1781272878.697159,10.0625
rewards/train/sum,353,1781272879.220530,9.875
rewards/train/sum,354,1781272881.028942,8.725000381
rewards/train/sum,355,1781272881.979142,9
rewards/train/sum,356,1781272882.999146,9
rewards/train/sum,357,1781272885.050406,8.600000381
rewards/train/sum,358,1781272886.787452,9.4375
rewards/train/sum,359,1781272887.373425,9.4375
rewards/train/sum,360,1781272889.427197,6.375
rewards/train/sum,361,1781272889.917394,12.0625
rewards/train/sum,362,1781272890.507278,11.59375
rewards/train/sum,363,1781272891.290209,10.75
rewards/train/sum,364,1781272891.835266,11.625
rewards/train/sum,365,1781272892.553080,10.3125
rewards/train/sum,366,1781272893.170653,12.5
rewards/train/sum,367,1781272894.141566,9.4375
rewards/train/sum,368,1781272895.849560,7.925000191
rewards/train/sum,369,1781272896.576413,12.5
rewards/train/sum,370,1781272898.045062,11.0625
rewards/train/sum,371,1781272899.118140,9.475000381
rewards/train/sum,372,1781272900.585705,8.262499809
rewards/train/sum,373,1781272901.434291,9.875
rewards/train/sum,374,1781272902.926133,8.512499809
rewards/train/sum,375,1781272903.572904,12.5
rewards/train/sum,376,1781272904.126209,11.625
rewards/train/sum,377,1781272905.001357,11.625
rewards/train/sum,378,1781272905.854360,10.3125
rewards/train/sum,379,1781272906.833182,11.1875
rewards/train/sum,380,1781272907.473394,10.03125
rewards/train/sum,381,1781272908.076988,12.0625
rewards/train/sum,382,1781272908.696954,12.5
rewards/train/sum,383,1781272909.884838,12.5
rewards/train/sum,384,1781273202.921185,11.625
rewards/train/sum,385,1781273203.889687,12.21875
rewards/train/sum,386,1781273205.031185,11.625
rewards/train/sum,387,1781273205.638091,12.5
rewards/train/sum,388,1781273206.278954,12.5
rewards/train/sum,389,1781273207.254667,11.625
rewards/train/sum,390,1781273208.188912,9.125
rewards/train/sum,391,1781273208.685854,12.0625
rewards/train/sum,392,1781273210.116351,9.15625
rewards/train/sum,393,1781273210.799805,11.625
rewards/train/sum,394,1781273211.208783,12.5
rewards/train/sum,395,1781273211.782301,12.0625
rewards/train/sum,396,1781273213.833472,6.074999809
rewards/train/sum,397,1781273214.709399,10.875
rewards/train/sum,398,1781273215.680703,9.100000381
rewards/train/sum,399,1781273216.575551,9.875
rewards/train/sum,400,1781273217.300309,9
rewards/train/sum,401,1781273218.515744,11.1875
rewards/train/sum,402,1781273218.974235,12.5
rewards/train/sum,403,1781273219.883165,11.625
rewards/train/sum,404,1781273220.694824,9
rewards/train/sum,405,1781273221.611145,11.1875
rewards/train/sum,406,1781273223.132018,9
rewards/train/sum,407,1781273224.659073,9.21875
rewards/train/sum,408,1781273225.320534,12.1875
rewards/train/sum,409,1781273225.912178,12.0625
rewards/train/sum,410,1781273226.580521,12.0625
rewards/train/sum,411,1781273227.345088,11.4375
rewards/train/sum,412,1781273228.215499,11.75
rewards/train/sum,413,1781273228.888683,10.9375
rewards/train/sum,414,1781273229.720932,10.875
rewards/train/sum,415,1781273230.518669,10.625
rewards/train/sum,416,1781273231.023165,12.5
rewards/train/sum,417,1781273231.990332,9.75
rewards/train/sum,418,1781273232.754890,9
rewards/train/sum,419,1781273233.727931,11.1875
rewards/train/sum,420,1781273234.607946,10.875
rewards/train/sum,421,1781273235.457567,9.75
rewards/train/sum,422,1781273236.022728,12.5
rewards/train/sum,423,1781273236.549191,10.3125
rewards/train/sum,424,1781273237.613450,9
rewards/train/sum,425,1781273238.261888,12.5
rewards/train/sum,426,1781273239.442167,11.375
rewards/train/sum,427,1781273240.184120,8.350000381
rewards/train/sum,428,1781273241.255854,10.3125
rewards/train/sum,429,1781273242.209369,9.125
rewards/train/sum,430,1781273243.023854,10.125
rewards/train/sum,431,1781273243.955349,8.225000381
rewards/train/sum,432,1781273244.892899,10.875
rewards/train/sum,433,1781273245.479461,9
rewards/train/sum,434,1781273246.220925,11.1875
rewards/train/sum,435,1781273247.655358,9.75
rewards/train/sum,436,1781273248.561846,10.3125
rewards/train/sum,437,1781273249.298715,12.5
rewards/train/sum,438,1781273251.349445,7.4375
rewards/train/sum,439,1781273252.328431,10.3125
rewards/train/sum,440,1781273253.137862,10.75
rewards/train/sum,441,1781273254.353471,9
rewards/train/sum,442,1781273255.380301,9.4375
rewards/train/sum,443,1781273257.251657,9.40625
rewards/train/sum,444,1781273257.921196,9.875
rewards/train/sum,445,1781273258.759215,10
rewards/train/sum,446,1781273260.630781,8.381250381
rewards/train/sum,447,1781273261.471806,9.4375
rewards/train/sum,448,1781273544.068209,12.5
rewards/train/sum,449,1781273545.244597,9.875
rewards/train/sum,450,1781273545.867402,9
rewards/train/sum,451,1781273547.063287,9.5
rewards/train/sum,452,1781273548.437201,9
rewards/train/sum,453,1781273549.453444,9.875
rewards/train/sum,454,1781273550.303623,10.75
rewards/train/sum,455,1781273551.310771,12.0625
rewards/train/sum,456,1781273551.974174,9
rewards/train/sum,457,1781273552.659737,12.5
rewards/train/sum,458,1781273553.341318,9
rewards/train/sum,459,1781273554.093740,10.3125
rewards/train/sum,460,1781273554.746732,12.5
rewards/train/sum,461,1781273556.040782,9.5625
rewards/train/sum,462,1781273556.712059,10.375
rewards/train/sum,463,1781273558.765262,9.925000191
rewards/train/sum,464,1781273559.674083,8.662500381
rewards/train/sum,465,1781273560.489666,9.875
rewards/train/sum,466,1781273562.539865,8.081250191
rewards/train/sum,467,1781273563.410935,9.4375
rewards/train/sum,468,1781273563.930032,9
rewards/train/sum,469,1781273565.980410,0.400000006
rewards/train/sum,470,1781273566.716595,11.4375
rewards/train/sum,471,1781273567.410285,12.5
rewards/train/sum,472,1781273569.461571,6.849999905
rewards/train/sum,473,1781273571.513540,7.724999905
rewards/train/sum,474,1781273572.353010,12.5
rewards/train/sum,475,1781273572.786255,12.0625
rewards/train/sum,476,1781273573.443665,10.3125
rewards/train/sum,477,1781273574.224750,9
rewards/train/sum,478,1781273575.233542,10.75
rewards/train/sum,479,1781273575.905103,12.5
rewards/train/sum,480,1781273576.372083,12.5
rewards/train/sum,481,1781273577.059173,11.1875
rewards/train/sum,482,1781273577.902935,9.25
rewards/train/sum,483,1781273578.677148,11.1875
rewards/train/sum,484,1781273580.084955,10.3125
rewards/train/sum,485,1781273580.687256,9.125
rewards/train/sum,486,1781273582.505015,8.800000191
rewards/train/sum,487,1781273583.044507,12.5
rewards/train/sum,488,1781273584.963076,8.712499619
rewards/train/sum,489,1781273586.537469,9
rewards/train/sum,490,1781273587.307544,12.5
rewards/train/sum,491,1781273587.930387,12.5
rewards/train/sum,492,1781273588.740940,9
rewards/train/sum,493,1781273589.381413,9.875
rewards/train/sum,494,1781273590.274890,10.3125
rewards/train/sum,495,1781273591.111004,9.28125
rewards/train/sum,496,1781273592.108022,12.5
rewards/train/sum,497,1781273592.823432,10.8125
rewards/train/sum,498,1781273593.531803,10.75
rewards/train/sum,499,1781273595.877770,10
rewards/train/mean,0,1781270706.699449,0.224999994
rewards/train/mean,1,1781270707.679832,0.224999994
rewards/train/mean,2,1781270709.726940,-0.153125003
rewards/train/mean,3,1781270710.505458,0.282812506
rewards/train/mean,4,1781270711.021872,0.190624997
rewards/train/mean,5,1781270711.587275,-0.125
rewards/train/mean,6,1781270713.632546,-0.1156250015
rewards/train/mean,7,1781270714.438214,0.474999994
rewards/train/mean,8,1781270715.019388,0.1875
rewards/train/mean,9,1781270715.597264,0.224999994
rewards/train/mean,10,1781270716.574553,1.509374976
rewards/train/mean,11,1781270718.619579,-0.184375003
rewards/train/mean,12,1781270719.623185,0.671875
rewards/train/mean,13,1781270720.544018,0.07187499851
rewards/train/mean,14,1781270721.019319,0.224999994
rewards/train/mean,15,1781270723.066223,0.08749999851
rewards/train/mean,16,1781270723.703194,0.1156250015
rewards/train/mean,17,1781270725.023028,0.34375
rewards/train/mean,18,1781270725.803421,0.109375
rewards/train/mean,19,1781270726.692044,0.0625
rewards/train/mean,20,1781270727.208699,-0.06875000149
rewards/train/mean,21,1781270727.912721,0.171875
rewards/train/mean,22,1781270729.959126,0.04374999925
rewards/train/mean,23,1781270731.180818,0.178124994
rewards/train/mean,24,1781270731.850057,0.125
rewards/train/mean,25,1781270732.653039,0.224999994
rewards/train/mean,26,1781270733.129461,-0.01250000019
rewards/train/mean,27,1781270733.977100,0.146874994
rewards/train/mean,28,1781270736.025736,-0.228125006
rewards/train/mean,29,1781270738.073936,-0.200000003
rewards/train/mean,30,1781270738.979322,0.1000000015
rewards/train/mean,31,1781270741.027555,0.05624999851
rewards/train/mean,32,1781270743.074385,-0.168750003
rewards/train/mean,33,1781270745.122206,0.212500006
rewards/train/mean,34,1781270747.169020,-0.07187499851
rewards/train/mean,35,1781270749.216152,-0.03437500075
rewards/train/mean,36,1781270749.999750,0.224999994
rewards/train/mean,37,1781270750.585948,0.15625
rewards/train/mean,38,1781270752.634813,0.3703125119
rewards/train/mean,39,1781270753.308953,0.112499997
rewards/train/mean,40,1781270755.357929,-0.08124999702
rewards/train/mean,41,1781270756.196304,0.193749994
rewards/train/mean,42,1781270757.734960,0.1031249985
rewards/train/mean,43,1781270759.782348,0.04062499851
rewards/train/mean,44,1781270760.708738,0.231250003
rewards/train/mean,45,1781270762.756754,-0.05000000075
rewards/train/mean,46,1781270763.538167,0.224999994
rewards/train/mean,47,1781270764.905697,0.1000000015
rewards/train/mean,48,1781270765.446909,0.224999994
rewards/train/mean,49,1781270767.243222,1.756250024
rewards/train/mean,50,1781270768.600385,0.490624994
rewards/train/mean,51,1781270770.649558,1.09375
rewards/train/mean,52,1781270771.330460,0.462500006
rewards/train/mean,53,1781270771.910845,0.134375006
rewards/train/mean,54,1781270772.672235,2.254687548
rewards/train/mean,55,1781270773.886472,0.02500000037
rewards/train/mean,56,1781270774.360273,0.171875
rewards/train/mean,57,1781270775.003903,0.9125000238
rewards/train/mean,58,1781270776.509989,1.100000024
rewards/train/mean,59,1781270778.559176,-0.03437500075
rewards/train/mean,60,1781270780.606651,0.2843750119
rewards/train/mean,61,1781270781.106807,0.1875
rewards/train/mean,62,1781270781.763247,0.1875
rewards/train/mean,63,1781270782.454668,0.1187499985
rewards/train/mean,64,1781271142.426455,1.125
rewards/train/mean,65,1781271144.488606,0.421875
rewards/train/mean,66,1781271146.537724,-0.03437500075
rewards/train/mean,67,1781271147.256004,0.3781250119
rewards/train/mean,68,1781271147.907265,0.078125
rewards/train/mean,69,1781271148.776182,0.1875
rewards/train/mean,70,1781271150.634630,1.340625048
rewards/train/mean,71,1781271152.683396,-0.162499994
rewards/train/mean,72,1781271153.151219,0.8468750119
rewards/train/mean,73,1781271155.198789,1.850000024
rewards/train/mean,74,1781271156.018102,0.246875003
rewards/train/mean,75,1781271156.595979,0.6156250238
rewards/train/mean,76,1781271158.645661,1.059375048
rewards/train/mean,77,1781271159.271778,2.715625048
rewards/train/mean,78,1781271159.915364,2.25
rewards/train/mean,79,1781271160.410713,0.9875000119
rewards/train/mean,80,1781271162.459302,1.181249976
rewards/train/mean,81,1781271163.267733,0.193749994
rewards/train/mean,82,1781271165.126879,0.609375
rewards/train/mean,83,1781271165.613358,1.370312452
rewards/train/mean,84,1781271167.664621,0.09375
rewards/train/mean,85,1781271168.267714,0.2687500119
rewards/train/mean,86,1781271168.782517,2.075000048
rewards/train/mean,87,1781271169.447466,0.9343749881
rewards/train/mean,88,1781271170.098676,3.015625
rewards/train/mean,89,1781271171.037367,2.145312548
rewards/train/mean,90,1781271173.086534,1.375
rewards/train/mean,91,1781271175.136484,0.7906249762
rewards/train/mean,92,1781271176.175533,3.049999952
rewards/train/mean,93,1781271176.800312,2.309375048
rewards/train/mean,94,1781271177.599230,2.287499905
rewards/train/mean,95,1781271178.231207,2.456249952
rewards/train/mean,96,1781271180.280869,1.631250024
rewards/train/mean,97,1781271182.328798,1.3203125
rewards/train/mean,98,1781271184.378551,0.6937500238
rewards/train/mean,99,1781271185.017985,2.065624952
rewards/train/mean,100,1781271187.068889,1.204687476
rewards/train/mean,101,1781271188.372317,1.828125
rewards/train/mean,102,1781271189.195814,2.332812548
rewards/train/mean,103,1781271191.079693,1.828125
rewards/train/mean,104,1781271191.818261,2.900000095
rewards/train/mean,105,1781271192.482042,2.168750048
rewards/train/mean,106,1781271193.281161,2.174999952
rewards/train/mean,107,1781271195.327862,1.409374952
rewards/train/mean,108,1781271196.102293,1.735937476
rewards/train/mean,109,1781271198.150183,2.025000095
rewards/train/mean,110,1781271198.747086,2.200000048
rewards/train/mean,111,1781271200.797183,1.487499952
rewards/train/mean,112,1781271202.848851,1.021875024
rewards/train/mean,113,1781271203.348036,2.825000048
rewards/train/mean,114,1781271204.209559,2.724999905
rewards/train/mean,115,1781271204.858541,2.837500095
rewards/train/mean,116,1781271206.909226,1.696874976
rewards/train/mean,117,1781271208.958165,0.5406249762
rewards/train/mean,118,1781271211.006820,1.846874952
rewards/train/mean,119,1781271211.686806,3.125
rewards/train/mean,120,1781271212.216905,2.900000095
rewards/train/mean,121,1781271212.873215,2.6875
rewards/train/mean,122,1781271213.954164,2.056250095
rewards/train/mean,123,1781271216.003430,2.118750095
rewards/train/mean,124,1781271217.864053,1.142187476
rewards/train/mean,125,1781271219.733153,1.850000024
rewards/train/mean,126,1781271220.193568,2.746875048
rewards/train/mean,127,1781271221.001935,2.489062548
rewards/train/mean,128,1781271582.954066,2.796875
rewards/train/mean,129,1781271585.018651,1.59375
rewards/train/mean,130,1781271586.107966,1.826562524
rewards/train/mean,131,1781271588.158599,1.549999952
rewards/train/mean,132,1781271588.672771,2.25
rewards/train/mean,133,1781271590.348498,2.056250095
rewards/train/mean,134,1781271591.827909,2.390625
rewards/train/mean,135,1781271593.879107,1.659374952
rewards/train/mean,136,1781271595.930051,1.756250024
rewards/train/mean,137,1781271597.981996,1.512500048
rewards/train/mean,138,1781271598.790679,2.5546875
rewards/train/mean,139,1781271599.596493,2.650000095
rewards/train/mean,140,1781271600.170259,2.790625095
rewards/train/mean,141,1781271601.205405,1.106250048
rewards/train/mean,142,1781271602.270841,1.703125
rewards/train/mean,143,1781271603.030873,2.828125
rewards/train/mean,144,1781271603.699029,3.125
rewards/train/mean,145,1781271604.255137,2.715625048
rewards/train/mean,146,1781271604.837264,2.821875095
rewards/train/mean,147,1781271606.889458,2.029687405
rewards/train/mean,148,1781271608.940444,0.9406250119
rewards/train/mean,149,1781271609.763800,2.846874952
rewards/train/mean,150,1781271610.536077,2.25
rewards/train/mean,151,1781271611.404916,2.793750048
rewards/train/mean,152,1781271612.039896,2.387500048
rewards/train/mean,153,1781271613.318100,2.825000048
rewards/train/mean,154,1781271615.024698,1.534374952
rewards/train/mean,155,1781271616.696277,2.075000048
rewards/train/mean,156,1781271617.432684,2.575000048
rewards/train/mean,157,1781271619.483889,1.578125
rewards/train/mean,158,1781271620.452909,2.450000048
rewards/train/mean,159,1781271620.981333,3.125
rewards/train/mean,160,1781271621.892282,2.126562595
rewards/train/mean,161,1781271622.556808,2.284374952
rewards/train/mean,162,1781271624.607326,1.981250048
rewards/train/mean,163,1781271625.253918,2.303124905
rewards/train/mean,164,1781271627.305711,1.942187548
rewards/train/mean,165,1781271628.183122,3.015625
rewards/train/mean,166,1781271629.550120,2.5
rewards/train/mean,167,1781271630.423233,1.756250024
rewards/train/mean,168,1781271631.261864,2.821875095
rewards/train/mean,169,1781271632.057416,2.96875
rewards/train/mean,170,1781271632.922351,2.440624952
rewards/train/mean,171,1781271633.643979,2.390625
rewards/train/mean,172,1781271634.235603,3.125
rewards/train/mean,173,1781271635.299957,2.409374952
rewards/train/mean,174,1781271636.147664,2.3125
rewards/train/mean,175,1781271636.712520,2.25
rewards/train/mean,176,1781271638.039887,2.618750095
rewards/train/mean,177,1781271640.091665,1.443750024
rewards/train/mean,178,1781271642.143897,1.549999952
rewards/train/mean,179,1781271642.689776,3.125
rewards/train/mean,180,1781271644.740533,2.368750095
rewards/train/mean,181,1781271645.592541,1.853124976
rewards/train/mean,182,1781271646.488572,2.46875
rewards/train/mean,183,1781271647.064981,3.125
rewards/train/mean,184,1781271649.114854,1.018749952
rewards/train/mean,185,1781271649.730967,3.015625
rewards/train/mean,186,1781271650.401436,2.556250095
rewards/train/mean,187,1781271651.514771,1.865625024
rewards/train/mean,188,1781271653.564831,1.712499976
rewards/train/mean,189,1781271655.617028,1.514062524
rewards/train/mean,190,1781271656.535662,2.25
rewards/train/mean,191,1781271657.090216,2.784374952
rewards/train/mean,192,1781272034.749794,1.4140625
rewards/train/mean,193,1781272035.335952,2.65625
rewards/train/mean,194,1781272035.998496,2.765625
rewards/train/mean,195,1781272037.331533,2.309375048
rewards/train/mean,196,1781272037.992396,2.359375
rewards/train/mean,197,1781272039.647945,2.984375
rewards/train/mean,198,1781272041.017982,2.784374952
rewards/train/mean,199,1781272041.655758,2.3125
rewards/train/mean,200,1781272042.575761,1.756250024
rewards/train/mean,201,1781272043.010344,2.90625
rewards/train/mean,202,1781272044.292284,2.28125
rewards/train/mean,203,1781272045.046787,3.015625
rewards/train/mean,204,1781272045.911021,2.331249952
rewards/train/mean,205,1781272047.855196,2.746875048
rewards/train/mean,206,1781272049.905681,1.721874952
rewards/train/mean,207,1781272050.767256,2.6875
rewards/train/mean,208,1781272051.486212,3.125
rewards/train/mean,209,1781272052.854391,2.359375
rewards/train/mean,210,1781272053.511907,3.125
rewards/train/mean,211,1781272054.372832,2.90625
rewards/train/mean,212,1781272055.232877,2.315624952
rewards/train/mean,213,1781272056.210620,2.837500095
rewards/train/mean,214,1781272057.372381,3.015625
rewards/train/mean,215,1781272058.085597,2.703125
rewards/train/mean,216,1781272060.135460,2.746875048
rewards/train/mean,217,1781272062.185187,0.8562499881
rewards/train/mean,218,1781272064.236000,2.746875048
rewards/train/mean,219,1781272064.917155,2.400000095
rewards/train/mean,220,1781272065.734063,3.015625
rewards/train/mean,221,1781272067.785130,1.953125
rewards/train/mean,222,1781272068.636925,2.321875095
rewards/train/mean,223,1781272069.255522,3.046875
rewards/train/mean,224,1781272071.305470,1.787500024
rewards/train/mean,225,1781272073.356116,2.165625095
rewards/train/mean,226,1781272074.134448,2.721874952
rewards/train/mean,227,1781272076.184145,2.200000048
rewards/train/mean,228,1781272077.203291,2.796875
rewards/train/mean,229,1781272077.985492,2.90625
rewards/train/mean,230,1781272080.037755,1.981250048
rewards/train/mean,231,1781272080.677546,2.493750095
rewards/train/mean,232,1781272081.297027,2.275000095
rewards/train/mean,233,1781272083.348809,0.1000000015
rewards/train/mean,234,1781272085.400823,2.059375048
rewards/train/mean,235,1781272086.861213,2.2890625
rewards/train/mean,236,1781272087.757251,2.578125
rewards/train/mean,237,1781272088.381131,2.375
rewards/train/mean,238,1781272089.235120,3.125
rewards/train/mean,239,1781272089.880883,3.125
rewards/train/mean,240,1781272090.433726,3.125
rewards/train/mean,241,1781272092.484056,2.092187405
rewards/train/mean,242,1781272094.533432,1.981250048
rewards/train/mean,243,1781272095.305994,2.90625
rewards/train/mean,244,1781272096.513534,2.90625
rewards/train/mean,245,1781272097.369260,3.015625
rewards/train/mean,246,1781272098.148281,3.087500095
rewards/train/mean,247,1781272100.199464,1.325000048
rewards/train/mean,248,1781272100.964486,2.384375095
rewards/train/mean,249,1781272103.077606,2.25
rewards/train/mean,250,1781272104.405817,2.8125
rewards/train/mean,251,1781272106.454663,0.9812499881
rewards/train/mean,252,1781272107.664901,2.25
rewards/train/mean,253,1781272108.254438,3.125
rewards/train/mean,254,1781272108.783701,3.125
rewards/train/mean,255,1781272110.832841,2.090625048
rewards/train/mean,256,1781272439.478333,2.4609375
rewards/train/mean,257,1781272440.520699,2.46875
rewards/train/mean,258,1781272441.247497,2.375
rewards/train/mean,259,1781272441.825946,2.25
rewards/train/mean,260,1781272442.640549,2.34375
rewards/train/mean,261,1781272443.423780,3.015625
rewards/train/mean,262,1781272444.049712,2.359375
rewards/train/mean,263,1781272445.002741,2.262500048
rewards/train/mean,264,1781272445.639193,3.125
rewards/train/mean,265,1781272447.020206,2.071875095
rewards/train/mean,266,1781272448.612859,0.9281250238
rewards/train/mean,267,1781272450.663513,1.115625024
rewards/train/mean,268,1781272452.097496,2.384375095
rewards/train/mean,269,1781272452.762041,2.2890625
rewards/train/mean,270,1781272453.607656,2.4453125
rewards/train/mean,271,1781272454.229072,2.5
rewards/train/mean,272,1781272454.971329,2.796875
rewards/train/mean,273,1781272457.023191,1.767187476
rewards/train/mean,274,1781272457.608824,3.125
rewards/train/mean,275,1781272458.727576,1.862499952
rewards/train/mean,276,1781272459.887230,3.125
rewards/train/mean,277,1781272460.836975,2.3203125
rewards/train/mean,278,1781272462.271807,2.293750048
rewards/train/mean,279,1781272463.336687,2.25
rewards/train/mean,280,1781272463.966083,2.837500095
rewards/train/mean,281,1781272464.433491,3.125
rewards/train/mean,282,1781272465.390408,2.2890625
rewards/train/mean,283,1781272466.632097,2.165625095
rewards/train/mean,284,1781272468.682883,0.90625
rewards/train/mean,285,1781272469.793990,2.7734375
rewards/train/mean,286,1781272471.846215,0.212500006
rewards/train/mean,287,1781272473.897031,1.981250048
rewards/train/mean,288,1781272474.363404,3.125
rewards/train/mean,289,1781272475.062225,3.015625
rewards/train/mean,290,1781272475.807193,3.125
rewards/train/mean,291,1781272476.531426,2.578125
rewards/train/mean,292,1781272477.545810,2.25
rewards/train/mean,293,1781272478.514167,2.46875
rewards/train/mean,294,1781272479.408476,3.015625
rewards/train/mean,295,1781272480.131526,3.015625
rewards/train/mean,296,1781272482.162708,1.981250048
rewards/train/mean,297,1781272483.661581,2.746875048
rewards/train/mean,298,1781272484.484787,2.46875
rewards/train/mean,299,1781272485.173383,2.6875
rewards/train/mean,300,1781272487.224704,1.981250048
rewards/train/mean,301,1781272488.700890,2.65625
rewards/train/mean,302,1781272489.774142,3.125
rewards/train/mean,303,1781272490.495578,3.125
rewards/train/mean,304,1781272491.033995,3.125
rewards/train/mean,305,1781272491.824535,2.056250095
rewards/train/mean,306,1781272492.635837,2.6640625
rewards/train/mean,307,1781272494.688660,1.912500024
rewards/train/mean,308,1781272496.541152,1.996875048
rewards/train/mean,309,1781272497.014727,3.125
rewards/train/mean,310,1781272499.066419,1.165624976
rewards/train/mean,311,1781272500.914174,2.240624905
rewards/train/mean,312,1781272502.966692,1.787500024
rewards/train/mean,313,1781272503.507014,3.125
rewards/train/mean,314,1781272504.606184,2.796875
rewards/train/mean,315,1781272505.280084,3.125
rewards/train/mean,316,1781272506.215458,3.125
rewards/train/mean,317,1781272507.024620,2.359375
rewards/train/mean,318,1781272507.962869,2.25
rewards/train/mean,319,1781272508.440050,3.015625
rewards/train/mean,320,1781272842.520687,2.134375095
rewards/train/mean,321,1781272843.368698,2.578125
rewards/train/mean,322,1781272844.034308,3.015625
rewards/train/mean,323,1781272846.086990,1.587499976
rewards/train/mean,324,1781272846.643950,1.409374952
rewards/train/mean,325,1781272848.697436,1.284374952
rewards/train/mean,326,1781272849.750424,3.0546875
rewards/train/mean,327,1781272850.548414,2.2890625
rewards/train/mean,328,1781272852.600595,1.981250048
rewards/train/mean,329,1781272853.193056,2.8125
rewards/train/mean,330,1781272853.958508,2.71875
rewards/train/mean,331,1781272854.791247,2.578125
rewards/train/mean,332,1781272855.426713,3.125
rewards/train/mean,333,1781272856.445586,2.359375
rewards/train/mean,334,1781272857.198851,2.6875
rewards/train/mean,335,1781272858.189266,2.359375
rewards/train/mean,336,1781272859.451895,2.8125
rewards/train/mean,337,1781272861.503222,1.853124976
rewards/train/mean,338,1781272862.351819,2.173437595
rewards/train/mean,339,1781272863.229693,2.359375
rewards/train/mean,340,1781272864.038655,3.125
rewards/train/mean,341,1781272865.560428,2.637500048
rewards/train/mean,342,1781272866.837313,2.6875
rewards/train/mean,343,1781272867.654062,3.0546875
rewards/train/mean,344,1781272868.350619,3.125
rewards/train/mean,345,1781272869.308838,2.359375
rewards/train/mean,346,1781272870.026094,3.125
rewards/train/mean,347,1781272870.648452,3.125
rewards/train/mean,348,1781272872.700666,1.584375024
rewards/train/mean,349,1781272873.680044,2.837500095
rewards/train/mean,350,1781272875.733729,1.506250024
rewards/train/mean,351,1781272877.786430,0.7468749881
rewards/train/mean,352,1781272878.697786,2.515625
rewards/train/mean,353,1781272879.221150,2.46875
rewards/train/mean,354,1781272881.029607,2.181250095
rewards/train/mean,355,1781272881.979793,2.25
rewards/train/mean,356,1781272882.999766,2.25
rewards/train/mean,357,1781272885.051051,2.150000095
rewards/train/mean,358,1781272886.788100,2.359375
rewards/train/mean,359,1781272887.374091,2.359375
rewards/train/mean,360,1781272889.427867,1.59375
rewards/train/mean,361,1781272889.918025,3.015625
rewards/train/mean,362,1781272890.507944,2.8984375
rewards/train/mean,363,1781272891.290845,2.6875
rewards/train/mean,364,1781272891.835906,2.90625
rewards/train/mean,365,1781272892.553706,2.578125
rewards/train/mean,366,1781272893.171270,3.125
rewards/train/mean,367,1781272894.142189,2.359375
rewards/train/mean,368,1781272895.850205,1.981250048
rewards/train/mean,369,1781272896.577048,3.125
rewards/train/mean,370,1781272898.045728,2.765625
rewards/train/mean,371,1781272899.118830,2.368750095
rewards/train/mean,372,1781272900.586354,2.065624952
rewards/train/mean,373,1781272901.434939,2.46875
rewards/train/mean,374,1781272902.926776,2.128124952
rewards/train/mean,375,1781272903.573541,3.125
rewards/train/mean,376,1781272904.126827,2.90625
rewards/train/mean,377,1781272905.002030,2.90625
rewards/train/mean,378,1781272905.854976,2.578125
rewards/train/mean,379,1781272906.833810,2.796875
rewards/train/mean,380,1781272907.474010,2.5078125
rewards/train/mean,381,1781272908.077679,3.015625
rewards/train/mean,382,1781272908.697604,3.125
rewards/train/mean,383,1781272909.885521,3.125
rewards/train/mean,384,1781273202.921904,2.90625
rewards/train/mean,385,1781273203.890341,3.0546875
rewards/train/mean,386,1781273205.031869,2.90625
rewards/train/mean,387,1781273205.638765,3.125
rewards/train/mean,388,1781273206.279596,3.125
rewards/train/mean,389,1781273207.255298,2.90625
rewards/train/mean,390,1781273208.189488,2.28125
rewards/train/mean,391,1781273208.686465,3.015625
rewards/train/mean,392,1781273210.117001,2.2890625
rewards/train/mean,393,1781273210.800423,2.90625
rewards/train/mean,394,1781273211.209368,3.125
rewards/train/mean,395,1781273211.782930,3.015625
rewards/train/mean,396,1781273213.834096,1.518749952
rewards/train/mean,397,1781273214.710009,2.71875
rewards/train/mean,398,1781273215.681309,2.275000095
rewards/train/mean,399,1781273216.576176,2.46875
rewards/train/mean,400,1781273217.300944,2.25
rewards/train/mean,401,1781273218.516340,2.796875
rewards/train/mean,402,1781273218.974833,3.125
rewards/train/mean,403,1781273219.883765,2.90625
rewards/train/mean,404,1781273220.695432,2.25
rewards/train/mean,405,1781273221.611756,2.796875
rewards/train/mean,406,1781273223.132560,2.25
rewards/train/mean,407,1781273224.659686,2.3046875
rewards/train/mean,408,1781273225.321193,3.046875
rewards/train/mean,409,1781273225.912782,3.015625
rewards/train/mean,410,1781273226.581147,3.015625
rewards/train/mean,411,1781273227.345740,2.859375
rewards/train/mean,412,1781273228.216121,2.9375
rewards/train/mean,413,1781273228.889283,2.734375
rewards/train/mean,414,1781273229.721611,2.71875
rewards/train/mean,415,1781273230.519249,2.65625
rewards/train/mean,416,1781273231.023801,3.125
rewards/train/mean,417,1781273231.990962,2.4375
rewards/train/mean,418,1781273232.755475,2.25
rewards/train/mean,419,1781273233.728522,2.796875
rewards/train/mean,420,1781273234.608555,2.71875
rewards/train/mean,421,1781273235.458185,2.4375
rewards/train/mean,422,1781273236.023343,3.125
rewards/train/mean,423,1781273236.549772,2.578125
rewards/train/mean,424,1781273237.614073,2.25
rewards/train/mean,425,1781273238.262493,3.125
rewards/train/mean,426,1781273239.442803,2.84375
rewards/train/mean,427,1781273240.184714,2.087500095
rewards/train/mean,428,1781273241.256451,2.578125
rewards/train/mean,429,1781273242.209990,2.28125
rewards/train/mean,430,1781273243.024450,2.53125
rewards/train/mean,431,1781273243.955975,2.056250095
rewards/train/mean,432,1781273244.893517,2.71875
rewards/train/mean,433,1781273245.480096,2.25
rewards/train/mean,434,1781273246.221538,2.796875
rewards/train/mean,435,1781273247.655989,2.4375
rewards/train/mean,436,1781273248.562457,2.578125
rewards/train/mean,437,1781273249.299355,3.125
rewards/train/mean,438,1781273251.350053,1.859375
rewards/train/mean,439,1781273252.329044,2.578125
rewards/train/mean,440,1781273253.138457,2.6875
rewards/train/mean,441,1781273254.354093,2.25
rewards/train/mean,442,1781273255.380928,2.359375
rewards/train/mean,443,1781273257.252267,2.3515625
rewards/train/mean,444,1781273257.921833,2.46875
rewards/train/mean,445,1781273258.759827,2.5
rewards/train/mean,446,1781273260.631424,2.095312595
rewards/train/mean,447,1781273261.472408,2.359375
rewards/train/mean,448,1781273544.068882,3.125
rewards/train/mean,449,1781273545.245243,2.46875
rewards/train/mean,450,1781273545.868055,2.25
rewards/train/mean,451,1781273547.064055,2.375
rewards/train/mean,452,1781273548.437855,2.25
rewards/train/mean,453,1781273549.454120,2.46875
rewards/train/mean,454,1781273550.304251,2.6875
rewards/train/mean,455,1781273551.311424,3.015625
rewards/train/mean,456,1781273551.974867,2.25
rewards/train/mean,457,1781273552.660419,3.125
rewards/train/mean,458,1781273553.341991,2.25
rewards/train/mean,459,1781273554.094385,2.578125
rewards/train/mean,460,1781273554.747367,3.125
rewards/train/mean,461,1781273556.041510,2.390625
rewards/train/mean,462,1781273556.712739,2.59375
rewards/train/mean,463,1781273558.765916,2.481250048
rewards/train/mean,464,1781273559.674734,2.165625095
rewards/train/mean,465,1781273560.490291,2.46875
rewards/train/mean,466,1781273562.540533,2.020312548
rewards/train/mean,467,1781273563.411588,2.359375
rewards/train/mean,468,1781273563.930699,2.25
rewards/train/mean,469,1781273565.981090,0.1000000015
rewards/train/mean,470,1781273566.717239,2.859375
rewards/train/mean,471,1781273567.410826,3.125
rewards/train/mean,472,1781273569.462204,1.712499976
rewards/train/mean,473,1781273571.514190,1.931249976
rewards/train/mean,474,1781273572.353669,3.125
rewards/train/mean,475,1781273572.786867,3.015625
rewards/train/mean,476,1781273573.444294,2.578125
rewards/train/mean,477,1781273574.225365,2.25
rewards/train/mean,478,1781273575.234201,2.6875
rewards/train/mean,479,1781273575.905746,3.125
rewards/train/mean,480,1781273576.372721,3.125
rewards/train/mean,481,1781273577.059778,2.796875
rewards/train/mean,482,1781273577.903570,2.3125
rewards/train/mean,483,1781273578.677797,2.796875
rewards/train/mean,484,1781273580.085621,2.578125
rewards/train/mean,485,1781273580.687897,2.28125
rewards/train/mean,486,1781273582.505702,2.200000048
rewards/train/mean,487,1781273583.045187,3.125
rewards/train/mean,488,1781273584.963723,2.178124905
rewards/train/mean,489,1781273586.538102,2.25
rewards/train/mean,490,1781273587.308169,3.125
rewards/train/mean,491,1781273587.930994,3.125
rewards/train/mean,492,1781273588.741528,2.25
rewards/train/mean,493,1781273589.382050,2.46875
rewards/train/mean,494,1781273590.275484,2.578125
rewards/train/mean,495,1781273591.111609,2.3203125
rewards/train/mean,496,1781273592.108672,3.125
rewards/train/mean,497,1781273592.824064,2.703125
rewards/train/mean,498,1781273593.532397,2.6875
rewards/train/mean,499,1781273595.889583,2.5
rewards/train/min,0,1781270706.699758,0
rewards/train/min,1,1781270707.680101,0
rewards/train/min,2,1781270709.727180,-2
rewards/train/min,3,1781270710.505740,-2
rewards/train/min,4,1781270711.022120,-1
rewards/train/min,5,1781270711.587549,-0.8000000119
rewards/train/min,6,1781270713.632838,-2
rewards/train/min,7,1781270714.438451,-0.8000000119
rewards/train/min,8,1781270715.019659,-0.8000000119
rewards/train/min,9,1781270715.597529,0
rewards/train/min,10,1781270716.574833,0
rewards/train/min,11,1781270718.619861,-2
rewards/train/min,12,1781270719.623461,-1
rewards/train/min,13,1781270720.544249,-0.8000000119
rewards/train/min,14,1781270721.019564,0
rewards/train/min,15,1781270723.066507,-2
rewards/train/min,16,1781270723.703430,0
rewards/train/min,17,1781270725.023263,-0.8000000119
rewards/train/min,18,1781270725.803669,-0.8000000119
rewards/train/min,19,1781270726.692302,-0.8000000119
rewards/train/min,20,1781270727.208945,-0.8000000119
rewards/train/min,21,1781270727.912976,-0.8000000119
rewards/train/min,22,1781270729.959382,-2
rewards/train/min,23,1781270731.181045,0
rewards/train/min,24,1781270731.850296,-0.8000000119
rewards/train/min,25,1781270732.653286,0
rewards/train/min,26,1781270733.129761,-2
rewards/train/min,27,1781270733.977381,-0.8000000119
rewards/train/min,28,1781270736.025989,-2
rewards/train/min,29,1781270738.074208,-2
rewards/train/min,30,1781270738.979583,0
rewards/train/min,31,1781270741.027837,-2
rewards/train/min,32,1781270743.074666,-2
rewards/train/min,33,1781270745.122469,-2
rewards/train/min,34,1781270747.169269,-2
rewards/train/min,35,1781270749.216398,-2
rewards/train/min,36,1781270750.000008,0
rewards/train/min,37,1781270750.586206,-0.8000000119
rewards/train/min,38,1781270752.635051,-2
rewards/train/min,39,1781270753.309218,-0.8000000119
rewards/train/min,40,1781270755.358165,-2
rewards/train/min,41,1781270756.196553,0
rewards/train/min,42,1781270757.735217,-0.8000000119
rewards/train/min,43,1781270759.782615,-2
rewards/train/min,44,1781270760.709014,0
rewards/train/min,45,1781270762.757000,-2
rewards/train/min,46,1781270763.538427,0
rewards/train/min,47,1781270764.905951,0
rewards/train/min,48,1781270765.447155,0
rewards/train/min,49,1781270767.243489,-1
rewards/train/min,50,1781270768.600600,-1
rewards/train/min,51,1781270770.649784,-0.8000000119
rewards/train/min,52,1781270771.330692,-1
rewards/train/min,53,1781270771.911066,-0.8000000119
rewards/train/min,54,1781270772.672436,-1
rewards/train/min,55,1781270773.886694,-2
rewards/train/min,56,1781270774.360476,-0.8000000119
rewards/train/min,57,1781270775.004126,0
rewards/train/min,58,1781270776.510215,-1
rewards/train/min,59,1781270778.559392,-2
rewards/train/min,60,1781270780.606867,-2
rewards/train/min,61,1781270781.107034,-0.8000000119
rewards/train/min,62,1781270781.763473,-0.8000000119
rewards/train/min,63,1781270782.454890,-0.8000000119
rewards/train/min,64,1781271142.426716,-0.8000000119
rewards/train/min,65,1781271144.488867,-2
rewards/train/min,66,1781271146.537977,-2
rewards/train/min,67,1781271147.256248,-1
rewards/train/min,68,1781271147.907503,-0.8000000119
rewards/train/min,69,1781271148.776417,-0.8000000119
rewards/train/min,70,1781271150.634903,-1
rewards/train/min,71,1781271152.683650,-2
rewards/train/min,72,1781271153.151458,-1
rewards/train/min,73,1781271155.199007,-1
rewards/train/min,74,1781271156.018343,0
rewards/train/min,75,1781271156.596221,-1
rewards/train/min,76,1781271158.645912,-2
rewards/train/min,77,1781271159.272011,-1
rewards/train/min,78,1781271159.915604,0
rewards/train/min,79,1781271160.410933,-1
rewards/train/min,80,1781271162.459626,-1
rewards/train/min,81,1781271163.267978,0
rewards/train/min,82,1781271165.127115,0
rewards/train/min,83,1781271165.613595,-0.8000000119
rewards/train/min,84,1781271167.664885,-2
rewards/train/min,85,1781271168.267962,0
rewards/train/min,86,1781271168.782762,-0.5
rewards/train/min,87,1781271169.447717,0
rewards/train/min,88,1781271170.098958,-1
rewards/train/min,89,1781271171.037590,-1
rewards/train/min,90,1781271173.086804,-1
rewards/train/min,91,1781271175.136761,-0.8000000119
rewards/train/min,92,1781271176.175793,0.5
rewards/train/min,93,1781271176.800557,-1
rewards/train/min,94,1781271177.599475,0
rewards/train/min,95,1781271178.231448,-0.5
rewards/train/min,96,1781271180.281187,-1
rewards/train/min,97,1781271182.329033,-1
rewards/train/min,98,1781271184.378820,-1
rewards/train/min,99,1781271185.018232,-1
rewards/train/min,100,1781271187.069143,-1
rewards/train/min,101,1781271188.372662,-1
rewards/train/min,102,1781271189.196050,-1
rewards/train/min,103,1781271191.080007,-1
rewards/train/min,104,1781271191.818561,0.5
rewards/train/min,105,1781271192.482288,-1
rewards/train/min,106,1781271193.281396,-1
rewards/train/min,107,1781271195.328101,-0.8000000119
rewards/train/min,108,1781271196.102588,0
rewards/train/min,109,1781271198.150429,-1
rewards/train/min,110,1781271198.747317,-1
rewards/train/min,111,1781271200.797406,-1
rewards/train/min,112,1781271202.849092,-1
rewards/train/min,113,1781271203.348272,0.5
rewards/train/min,114,1781271204.209804,0
rewards/train/min,115,1781271204.858802,0
rewards/train/min,116,1781271206.909445,-1
rewards/train/min,117,1781271208.958408,-0.8000000119
rewards/train/min,118,1781271211.007063,-1
rewards/train/min,119,1781271211.687046,0.5
rewards/train/min,120,1781271212.217136,0.5
rewards/train/min,121,1781271212.873478,0
rewards/train/min,122,1781271213.954411,-1
rewards/train/min,123,1781271216.003680,-1
rewards/train/min,124,1781271217.864263,-1
rewards/train/min,125,1781271219.733431,-1
rewards/train/min,126,1781271220.193797,0
rewards/train/min,127,1781271221.002136,-1
rewards/train/min,128,1781271582.954300,-1
rewards/train/min,129,1781271585.018883,-1
rewards/train/min,130,1781271586.108182,-1
rewards/train/min,131,1781271588.158839,-1
rewards/train/min,132,1781271588.672986,-1
rewards/train/min,133,1781271590.348745,-1
rewards/train/min,134,1781271591.828183,-1
rewards/train/min,135,1781271593.879313,-1
rewards/train/min,136,1781271595.930262,-1
rewards/train/min,137,1781271597.982219,-1
rewards/train/min,138,1781271598.790920,0
rewards/train/min,139,1781271599.596717,-1
rewards/train/min,140,1781271600.170470,-1
rewards/train/min,141,1781271601.205623,0
rewards/train/min,142,1781271602.271055,-1
rewards/train/min,143,1781271603.031102,-1
rewards/train/min,144,1781271603.699243,0.5
rewards/train/min,145,1781271604.255363,-1
rewards/train/min,146,1781271604.837489,0
rewards/train/min,147,1781271606.889690,-1
rewards/train/min,148,1781271608.940674,-1
rewards/train/min,149,1781271609.764012,-1
rewards/train/min,150,1781271610.536296,-1
rewards/train/min,151,1781271611.405135,-1
rewards/train/min,152,1781271612.040120,-1
rewards/train/min,153,1781271613.318308,0.5
rewards/train/min,154,1781271615.024932,-1
rewards/train/min,155,1781271616.696499,-1
rewards/train/min,156,1781271617.432912,0
rewards/train/min,157,1781271619.484193,-1
rewards/train/min,158,1781271620.453121,-1
rewards/train/min,159,1781271620.981554,0.5
rewards/train/min,160,1781271621.892489,-1
rewards/train/min,161,1781271622.557095,-1
rewards/train/min,162,1781271624.607528,-1
rewards/train/min,163,1781271625.254132,-1
rewards/train/min,164,1781271627.305923,-1
rewards/train/min,165,1781271628.183331,-1
rewards/train/min,166,1781271629.550330,-1
rewards/train/min,167,1781271630.423449,-1
rewards/train/min,168,1781271631.262090,0
rewards/train/min,169,1781271632.057653,0
rewards/train/min,170,1781271632.922558,-1
rewards/train/min,171,1781271633.644186,-1
rewards/train/min,172,1781271634.235829,0.5
rewards/train/min,173,1781271635.300170,-1
rewards/train/min,174,1781271636.147861,-1
rewards/train/min,175,1781271636.712759,-1
rewards/train/min,176,1781271638.040107,-1
rewards/train/min,177,1781271640.091878,-1
rewards/train/min,178,1781271642.144098,-1
rewards/train/min,179,1781271642.689992,0.5
rewards/train/min,180,1781271644.740842,0
rewards/train/min,181,1781271645.592776,0
rewards/train/min,182,1781271646.488841,-1
rewards/train/min,183,1781271647.065195,0.5
rewards/train/min,184,1781271649.115061,-1
rewards/train/min,185,1781271649.731170,-1
rewards/train/min,186,1781271650.401668,-1
rewards/train/min,187,1781271651.514987,-1
rewards/train/min,188,1781271653.565053,-1
rewards/train/min,189,1781271655.617234,-1
rewards/train/min,190,1781271656.535892,-1
rewards/train/min,191,1781271657.090447,0
rewards/train/min,192,1781272034.750053,-1
rewards/train/min,193,1781272035.336183,-1
rewards/train/min,194,1781272035.998748,0
rewards/train/min,195,1781272037.331767,-1
rewards/train/min,196,1781272037.992608,-1
rewards/train/min,197,1781272039.648170,0
rewards/train/min,198,1781272041.018199,0
rewards/train/min,199,1781272041.655980,-1
rewards/train/min,200,1781272042.575979,-1
rewards/train/min,201,1781272043.010550,-1
rewards/train/min,202,1781272044.292496,-1
rewards/train/min,203,1781272045.047006,-1
rewards/train/min,204,1781272045.911224,-1
rewards/train/min,205,1781272047.855429,0
rewards/train/min,206,1781272049.905899,-1
rewards/train/min,207,1781272050.767480,-1
rewards/train/min,208,1781272051.486464,0.5
rewards/train/min,209,1781272052.854647,-1
rewards/train/min,210,1781272053.512141,0.5
rewards/train/min,211,1781272054.373071,-1
rewards/train/min,212,1781272055.233125,-1
rewards/train/min,213,1781272056.210898,0
rewards/train/min,214,1781272057.372616,-1
rewards/train/min,215,1781272058.085940,0
rewards/train/min,216,1781272060.135714,0
rewards/train/min,217,1781272062.185492,0
rewards/train/min,218,1781272064.236230,0
rewards/train/min,219,1781272064.917388,-1
rewards/train/min,220,1781272065.734369,-1
rewards/train/min,221,1781272067.785355,-1
rewards/train/min,222,1781272068.637120,-1
rewards/train/min,223,1781272069.255755,0
rewards/train/min,224,1781272071.305692,-1
rewards/train/min,225,1781272073.356445,-1
rewards/train/min,226,1781272074.134670,-1
rewards/train/min,227,1781272076.184362,-1
rewards/train/min,228,1781272077.203511,-1
rewards/train/min,229,1781272077.985723,-1
rewards/train/min,230,1781272080.037983,-1
rewards/train/min,231,1781272080.677781,-1
rewards/train/min,232,1781272081.297240,-1
rewards/train/min,233,1781272083.349035,0
rewards/train/min,234,1781272085.401045,-1
rewards/train/min,235,1781272086.861430,-1
rewards/train/min,236,1781272087.757567,-1
rewards/train/min,237,1781272088.381341,-0.5
rewards/train/min,238,1781272089.235339,0.5
rewards/train/min,239,1781272089.881095,0.5
rewards/train/min,240,1781272090.433946,0.5
rewards/train/min,241,1781272092.484348,-1
rewards/train/min,242,1781272094.533651,-1
rewards/train/min,243,1781272095.306200,-1
rewards/train/min,244,1781272096.513759,-1
rewards/train/min,245,1781272097.369479,-1
rewards/train/min,246,1781272098.148499,0.5
rewards/train/min,247,1781272100.199692,0
rewards/train/min,248,1781272100.964722,-1
rewards/train/min,249,1781272103.103845,-1
rewards/train/min,250,1781272104.406242,-1
rewards/train/min,251,1781272106.454916,-1
rewards/train/min,252,1781272107.665140,-1
rewards/train/min,253,1781272108.254689,0.5
rewards/train/min,254,1781272108.783951,0.5
rewards/train/min,255,1781272110.833081,-1
rewards/train/min,256,1781272439.478556,-1
rewards/train/min,257,1781272440.520933,-1
rewards/train/min,258,1781272441.247741,-0.5
rewards/train/min,259,1781272441.826174,-1
rewards/train/min,260,1781272442.640807,-1
rewards/train/min,261,1781272443.424000,-1
rewards/train/min,262,1781272444.049940,-1
rewards/train/min,263,1781272445.002976,0
rewards/train/min,264,1781272445.639425,0.5
rewards/train/min,265,1781272447.020542,-1
rewards/train/min,266,1781272448.613088,-1
rewards/train/min,267,1781272450.663757,-1
rewards/train/min,268,1781272452.097745,-1
rewards/train/min,269,1781272452.762298,-1
rewards/train/min,270,1781272453.608005,-1
rewards/train/min,271,1781272454.229398,-1
rewards/train/min,272,1781272454.971628,-1
rewards/train/min,273,1781272457.023483,-1
rewards/train/min,274,1781272457.609093,0.5
rewards/train/min,275,1781272458.727898,-1
rewards/train/min,276,1781272459.887532,0.5
rewards/train/min,277,1781272460.837241,-1
rewards/train/min,278,1781272462.272109,-1
rewards/train/min,279,1781272463.336976,-1
rewards/train/min,280,1781272463.966314,0
rewards/train/min,281,1781272464.433791,0.5
rewards/train/min,282,1781272465.390718,-1
rewards/train/min,283,1781272466.632398,-1
rewards/train/min,284,1781272468.683155,-1
rewards/train/min,285,1781272469.794270,0
rewards/train/min,286,1781272471.846498,0
rewards/train/min,287,1781272473.897331,-1
rewards/train/min,288,1781272474.363712,0.5
rewards/train/min,289,1781272475.062506,-1
rewards/train/min,290,1781272475.807432,0.5
rewards/train/min,291,1781272476.531706,-1
rewards/train/min,292,1781272477.546077,-1
rewards/train/min,293,1781272478.514438,-1
rewards/train/min,294,1781272479.408813,-1
rewards/train/min,295,1781272480.131818,-1
rewards/train/min,296,1781272482.163001,-1
rewards/train/min,297,1781272483.661892,0
rewards/train/min,298,1781272484.485061,-1
rewards/train/min,299,1781272485.173673,-1
rewards/train/min,300,1781272487.224985,-1
rewards/train/min,301,1781272488.701157,-1
rewards/train/min,302,1781272489.774428,0.5
rewards/train/min,303,1781272490.495843,0.5
rewards/train/min,304,1781272491.034272,0.5
rewards/train/min,305,1781272491.824841,-1
rewards/train/min,306,1781272492.636118,-1
rewards/train/min,307,1781272494.688938,-1
rewards/train/min,308,1781272496.541456,-1
rewards/train/min,309,1781272497.015010,0.5
rewards/train/min,310,1781272499.066689,-1
rewards/train/min,311,1781272500.914454,-1
rewards/train/min,312,1781272502.966993,-1
rewards/train/min,313,1781272503.507312,0.5
rewards/train/min,314,1781272504.606509,-1
rewards/train/min,315,1781272505.280374,0.5
rewards/train/min,316,1781272506.215741,0.5
rewards/train/min,317,1781272507.024908,-1
rewards/train/min,318,1781272507.963145,-1
rewards/train/min,319,1781272508.440342,-1
rewards/train/min,320,1781272842.520950,0
rewards/train/min,321,1781272843.368959,-1
rewards/train/min,322,1781272844.034566,-1
rewards/train/min,323,1781272846.087240,-1
rewards/train/min,324,1781272846.644205,0
rewards/train/min,325,1781272848.697723,-1
rewards/train/min,326,1781272849.750702,0
rewards/train/min,327,1781272850.548680,-1
rewards/train/min,328,1781272852.600869,-1
rewards/train/min,329,1781272853.193327,-1
rewards/train/min,330,1781272853.958800,-1
rewards/train/min,331,1781272854.791519,-1
rewards/train/min,332,1781272855.426975,0.5
rewards/train/min,333,1781272856.445864,-1
rewards/train/min,334,1781272857.199119,-1
rewards/train/min,335,1781272858.189537,-1
rewards/train/min,336,1781272859.452148,0
rewards/train/min,337,1781272861.503492,-1
rewards/train/min,338,1781272862.352085,-1
rewards/train/min,339,1781272863.229977,-1
rewards/train/min,340,1781272864.038921,0.5
rewards/train/min,341,1781272865.560701,-1
rewards/train/min,342,1781272866.837618,-1
rewards/train/min,343,1781272867.654326,0
rewards/train/min,344,1781272868.350899,0.5
rewards/train/min,345,1781272869.309095,-1
rewards/train/min,346,1781272870.026357,0.5
rewards/train/min,347,1781272870.648721,0.5
rewards/train/min,348,1781272872.700928,-1
rewards/train/min,349,1781272873.680306,0
rewards/train/min,350,1781272875.733992,-1
rewards/train/min,351,1781272877.786706,-1
rewards/train/min,352,1781272878.698034,-1
rewards/train/min,353,1781272879.221412,-1
rewards/train/min,354,1781272881.029869,-1
rewards/train/min,355,1781272881.980049,-1
rewards/train/min,356,1781272883.000036,-1
rewards/train/min,357,1781272885.051319,-1
rewards/train/min,358,1781272886.788354,-1
rewards/train/min,359,1781272887.374357,-1
rewards/train/min,360,1781272889.428123,-1
rewards/train/min,361,1781272889.918288,-1
rewards/train/min,362,1781272890.508204,0
rewards/train/min,363,1781272891.291098,-1
rewards/train/min,364,1781272891.836161,-1
rewards/train/min,365,1781272892.553971,-1
rewards/train/min,366,1781272893.171537,0.5
rewards/train/min,367,1781272894.142436,-1
rewards/train/min,368,1781272895.850481,-1
rewards/train/min,369,1781272896.577299,0.5
rewards/train/min,370,1781272898.045993,-1
rewards/train/min,371,1781272899.119116,-1
rewards/train/min,372,1781272900.586625,-1
rewards/train/min,373,1781272901.435200,-1
rewards/train/min,374,1781272902.927031,-1
rewards/train/min,375,1781272903.573828,0.5
rewards/train/min,376,1781272904.127071,-1
rewards/train/min,377,1781272905.002301,-1
rewards/train/min,378,1781272905.855240,-1
rewards/train/min,379,1781272906.834068,-1
rewards/train/min,380,1781272907.474279,-1
rewards/train/min,381,1781272908.077967,-1
rewards/train/min,382,1781272908.697845,0.5
rewards/train/min,383,1781272909.885825,0.5
rewards/train/min,384,1781273202.922164,-1
rewards/train/min,385,1781273203.890650,0
rewards/train/min,386,1781273205.032155,-1
rewards/train/min,387,1781273205.639050,0.5
rewards/train/min,388,1781273206.279830,0.5
rewards/train/min,389,1781273207.255588,-1
rewards/train/min,390,1781273208.189895,-1
rewards/train/min,391,1781273208.686735,-1
rewards/train/min,392,1781273210.117268,-1
rewards/train/min,393,1781273210.800679,-1
rewards/train/min,394,1781273211.209615,0.5
rewards/train/min,395,1781273211.783176,-1
rewards/train/min,396,1781273213.834355,-1
rewards/train/min,397,1781273214.710283,-1
rewards/train/min,398,1781273215.681584,-1
rewards/train/min,399,1781273216.576415,-1
rewards/train/min,400,1781273217.301183,-1
rewards/train/min,401,1781273218.516588,-1
rewards/train/min,402,1781273218.975077,0.5
rewards/train/min,403,1781273219.884036,-1
rewards/train/min,404,1781273220.695700,-1
rewards/train/min,405,1781273221.612018,-1
rewards/train/min,406,1781273223.132935,-1
rewards/train/min,407,1781273224.659935,-1
rewards/train/min,408,1781273225.321466,0
rewards/train/min,409,1781273225.913027,-1
rewards/train/min,410,1781273226.581434,-1
rewards/train/min,411,1781273227.345998,-1
rewards/train/min,412,1781273228.216378,-1
rewards/train/min,413,1781273228.889537,-1
rewards/train/min,414,1781273229.721876,-1
rewards/train/min,415,1781273230.519492,-1
rewards/train/min,416,1781273231.024050,0.5
rewards/train/min,417,1781273231.991203,-1
rewards/train/min,418,1781273232.755762,-1
rewards/train/min,419,1781273233.728784,-1
rewards/train/min,420,1781273234.608838,-1
rewards/train/min,421,1781273235.458441,-1
rewards/train/min,422,1781273236.023606,0.5
rewards/train/min,423,1781273236.549974,-1
rewards/train/min,424,1781273237.614318,-1
rewards/train/min,425,1781273238.262776,0.5
rewards/train/min,426,1781273239.443056,-0.5
rewards/train/min,427,1781273240.184968,-1
rewards/train/min,428,1781273241.256736,-1
rewards/train/min,429,1781273242.210229,-1
rewards/train/min,430,1781273243.024736,-1
rewards/train/min,431,1781273243.956244,-1
rewards/train/min,432,1781273244.893801,-1
rewards/train/min,433,1781273245.480371,-1
rewards/train/min,434,1781273246.221787,-1
rewards/train/min,435,1781273247.656234,-1
rewards/train/min,436,1781273248.562728,-1
rewards/train/min,437,1781273249.299652,0.5
rewards/train/min,438,1781273251.350324,-1
rewards/train/min,439,1781273252.329307,-1
rewards/train/min,440,1781273253.138726,-1
rewards/train/min,441,1781273254.354347,-1
rewards/train/min,442,1781273255.381186,-1
rewards/train/min,443,1781273257.252523,-1
rewards/train/min,444,1781273257.922096,-1
rewards/train/min,445,1781273258.760106,-1
rewards/train/min,446,1781273260.631707,-1
rewards/train/min,447,1781273261.472691,-1
rewards/train/min,448,1781273544.069154,0.5
rewards/train/min,449,1781273545.245511,-1
rewards/train/min,450,1781273545.868336,-1
rewards/train/min,451,1781273547.064347,-1
rewards/train/min,452,1781273548.438123,-1
rewards/train/min,453,1781273549.454396,-1
rewards/train/min,454,1781273550.304526,-1
rewards/train/min,455,1781273551.311717,-1
rewards/train/min,456,1781273551.975148,-1
rewards/train/min,457,1781273552.660748,0.5
rewards/train/min,458,1781273553.342258,-1
rewards/train/min,459,1781273554.094669,-1
rewards/train/min,460,1781273554.747649,0.5
rewards/train/min,461,1781273556.041826,-1
rewards/train/min,462,1781273556.713025,-1
rewards/train/min,463,1781273558.766212,-1
rewards/train/min,464,1781273559.675019,-0.5
rewards/train/min,465,1781273560.490558,-1
rewards/train/min,466,1781273562.540846,-1
rewards/train/min,467,1781273563.411901,-1
rewards/train/min,468,1781273563.930972,-1
rewards/train/min,469,1781273565.981364,0
rewards/train/min,470,1781273566.717513,-1
rewards/train/min,471,1781273567.411103,0.5
rewards/train/min,472,1781273569.462465,-1
rewards/train/min,473,1781273571.514467,-1
rewards/train/min,474,1781273572.353961,0.5
rewards/train/min,475,1781273572.787129,-1
rewards/train/min,476,1781273573.444573,-1
rewards/train/min,477,1781273574.225632,-1
rewards/train/min,478,1781273575.234475,-1
rewards/train/min,479,1781273575.906038,0.5
rewards/train/min,480,1781273576.372990,0.5
rewards/train/min,481,1781273577.060158,-1
rewards/train/min,482,1781273577.903881,-1
rewards/train/min,483,1781273578.678077,-1
rewards/train/min,484,1781273580.085919,-1
rewards/train/min,485,1781273580.688180,-1
rewards/train/min,486,1781273582.505985,-1
rewards/train/min,487,1781273583.045466,0.5
rewards/train/min,488,1781273584.963988,-1
rewards/train/min,489,1781273586.538367,-1
rewards/train/min,490,1781273587.308433,0.5
rewards/train/min,491,1781273587.931248,0.5
rewards/train/min,492,1781273588.741809,-1
rewards/train/min,493,1781273589.382303,-1
rewards/train/min,494,1781273590.275750,-1
rewards/train/min,495,1781273591.111889,-1
rewards/train/min,496,1781273592.108951,0.5
rewards/train/min,497,1781273592.824321,0
rewards/train/min,498,1781273593.532666,-1
rewards/train/min,499,1781273595.895209,-1
rewards/train/max,0,1781270706.700002,0.5
rewards/train/max,1,1781270707.680327,0.5
rewards/train/max,2,1781270709.727410,0.5
rewards/train/max,3,1781270710.505987,6
rewards/train/max,4,1781270711.022365,6
rewards/train/max,5,1781270711.587783,0.400000006
rewards/train/max,6,1781270713.633067,0.5
rewards/train/max,7,1781270714.438683,6
rewards/train/max,8,1781270715.019922,0.5
rewards/train/max,9,1781270715.597762,0.5
rewards/train/max,10,1781270716.575077,6
rewards/train/max,11,1781270718.620130,0.5
rewards/train/max,12,1781270719.623701,6
rewards/train/max,13,1781270720.544498,0.5
rewards/train/max,14,1781270721.019879,0.5
rewards/train/max,15,1781270723.066726,0.5
rewards/train/max,16,1781270723.703708,0.5
rewards/train/max,17,1781270725.023520,1.600000024
rewards/train/max,18,1781270725.803895,1.600000024
rewards/train/max,19,1781270726.692534,0.400000006
rewards/train/max,20,1781270727.209172,0.5
rewards/train/max,21,1781270727.913224,0.5
rewards/train/max,22,1781270729.959621,0.5
rewards/train/max,23,1781270731.181234,0.5
rewards/train/max,24,1781270731.850554,0.5
rewards/train/max,25,1781270732.653556,0.5
rewards/train/max,26,1781270733.130035,0.400000006
rewards/train/max,27,1781270733.977631,1.600000024
rewards/train/max,28,1781270736.026215,0.5
rewards/train/max,29,1781270738.074452,0.400000006
rewards/train/max,30,1781270738.979791,0.400000006
rewards/train/max,31,1781270741.028061,1.600000024
rewards/train/max,32,1781270743.074912,0.5
rewards/train/max,33,1781270745.122711,6
rewards/train/max,34,1781270747.169511,0.5
rewards/train/max,35,1781270749.216605,2.799999952
rewards/train/max,36,1781270750.000247,0.5
rewards/train/max,37,1781270750.586462,0.5
rewards/train/max,38,1781270752.635265,6
rewards/train/max,39,1781270753.309434,1.600000024
rewards/train/max,40,1781270755.358428,6
rewards/train/max,41,1781270756.196789,0.5
rewards/train/max,42,1781270757.735441,0.5
rewards/train/max,43,1781270759.782891,0.5
rewards/train/max,44,1781270760.709200,1.600000024
rewards/train/max,45,1781270762.757214,0.400000006
rewards/train/max,46,1781270763.538658,0.5
rewards/train/max,47,1781270764.906181,0.400000006
rewards/train/max,48,1781270765.447370,0.5
rewards/train/max,49,1781270767.243740,6
rewards/train/max,50,1781270768.600810,6
rewards/train/max,51,1781270770.649971,6
rewards/train/max,52,1781270771.330894,6
rewards/train/max,53,1781270771.911255,1.600000024
rewards/train/max,54,1781270772.672623,6
rewards/train/max,55,1781270773.886891,0.400000006
rewards/train/max,56,1781270774.360678,0.5
rewards/train/max,57,1781270775.004322,6
rewards/train/max,58,1781270776.510410,6
rewards/train/max,59,1781270778.559573,0.5
rewards/train/max,60,1781270780.607050,6
rewards/train/max,61,1781270781.107222,0.5
rewards/train/max,62,1781270781.763684,0.5
rewards/train/max,63,1781270782.455075,0.5
rewards/train/max,64,1781271142.426943,6
rewards/train/max,65,1781271144.489088,6
rewards/train/max,66,1781271146.538193,0.5
rewards/train/max,67,1781271147.256467,6
rewards/train/max,68,1781271147.907743,1.600000024
rewards/train/max,69,1781271148.776633,0.5
rewards/train/max,70,1781271150.635129,6
rewards/train/max,71,1781271152.683879,1.600000024
rewards/train/max,72,1781271153.151689,6
rewards/train/max,73,1781271155.199247,6
rewards/train/max,74,1781271156.018563,1.600000024
rewards/train/max,75,1781271156.596444,6
rewards/train/max,76,1781271158.646139,6
rewards/train/max,77,1781271159.272234,6
rewards/train/max,78,1781271159.915852,6
rewards/train/max,79,1781271160.411183,6
rewards/train/max,80,1781271162.459872,6
rewards/train/max,81,1781271163.268194,0.5
rewards/train/max,82,1781271165.127346,6
rewards/train/max,83,1781271165.613836,6
rewards/train/max,84,1781271167.665095,2.799999952
rewards/train/max,85,1781271168.268175,1.600000024
rewards/train/max,86,1781271168.782986,6
rewards/train/max,87,1781271169.447937,6
rewards/train/max,88,1781271170.099213,6
rewards/train/max,89,1781271171.037861,6
rewards/train/max,90,1781271173.087029,6
rewards/train/max,91,1781271175.136958,6
rewards/train/max,92,1781271176.176026,6
rewards/train/max,93,1781271176.800814,6
rewards/train/max,94,1781271177.599717,6
rewards/train/max,95,1781271178.231681,6
rewards/train/max,96,1781271180.281406,6
rewards/train/max,97,1781271182.329252,6
rewards/train/max,98,1781271184.379041,6
rewards/train/max,99,1781271185.018442,6
rewards/train/max,100,1781271187.069365,6
rewards/train/max,101,1781271188.372881,6
rewards/train/max,102,1781271189.196259,6
rewards/train/max,103,1781271191.080229,6
rewards/train/max,104,1781271191.818801,6
rewards/train/max,105,1781271192.482514,6
rewards/train/max,106,1781271193.281613,6
rewards/train/max,107,1781271195.328316,6
rewards/train/max,108,1781271196.102855,6
rewards/train/max,109,1781271198.150666,6
rewards/train/max,110,1781271198.747552,6
rewards/train/max,111,1781271200.797679,6
rewards/train/max,112,1781271202.849306,6
rewards/train/max,113,1781271203.348504,6
rewards/train/max,114,1781271204.210061,6
rewards/train/max,115,1781271204.859017,6
rewards/train/max,116,1781271206.909712,6
rewards/train/max,117,1781271208.958649,6
rewards/train/max,118,1781271211.007276,6
rewards/train/max,119,1781271211.687263,6
rewards/train/max,120,1781271212.217367,6
rewards/train/max,121,1781271212.873710,6
rewards/train/max,122,1781271213.954627,6
rewards/train/max,123,1781271216.003905,6
rewards/train/max,124,1781271217.864507,6
rewards/train/max,125,1781271219.733691,6
rewards/train/max,126,1781271220.194054,6
rewards/train/max,127,1781271221.002392,6
rewards/train/max,128,1781271582.954504,6
rewards/train/max,129,1781271585.019081,6
rewards/train/max,130,1781271586.108380,6
rewards/train/max,131,1781271588.159031,6
rewards/train/max,132,1781271588.673175,6
rewards/train/max,133,1781271590.349004,6
rewards/train/max,134,1781271591.828373,6
rewards/train/max,135,1781271593.879516,6
rewards/train/max,136,1781271595.930458,6
rewards/train/max,137,1781271597.982415,6
rewards/train/max,138,1781271598.791121,6
rewards/train/max,139,1781271599.596917,6
rewards/train/max,140,1781271600.170680,6
rewards/train/max,141,1781271601.205890,6
rewards/train/max,142,1781271602.271254,6
rewards/train/max,143,1781271603.031286,6
rewards/train/max,144,1781271603.699451,6
rewards/train/max,145,1781271604.255559,6
rewards/train/max,146,1781271604.837705,6
rewards/train/max,147,1781271606.889880,6
rewards/train/max,148,1781271608.940875,6
rewards/train/max,149,1781271609.764200,6
rewards/train/max,150,1781271610.536494,6
rewards/train/max,151,1781271611.405323,6
rewards/train/max,152,1781271612.040318,6
rewards/train/max,153,1781271613.318501,6
rewards/train/max,154,1781271615.025124,6
rewards/train/max,155,1781271616.696715,6
rewards/train/max,156,1781271617.433117,6
rewards/train/max,157,1781271619.484472,6
rewards/train/max,158,1781271620.453301,6
rewards/train/max,159,1781271620.981760,6
rewards/train/max,160,1781271621.892705,6
rewards/train/max,161,1781271622.557290,6
rewards/train/max,162,1781271624.607718,6
rewards/train/max,163,1781271625.254316,6
rewards/train/max,164,1781271627.306108,6
rewards/train/max,165,1781271628.183513,6
rewards/train/max,166,1781271629.550527,6
rewards/train/max,167,1781271630.423661,6
rewards/train/max,168,1781271631.262287,6
rewards/train/max,169,1781271632.057851,6
rewards/train/max,170,1781271632.922764,6
rewards/train/max,171,1781271633.644371,6
rewards/train/max,172,1781271634.236022,6
rewards/train/max,173,1781271635.300358,6
rewards/train/max,174,1781271636.148078,6
rewards/train/max,175,1781271636.713028,6
rewards/train/max,176,1781271638.040296,6
rewards/train/max,177,1781271640.092064,6
rewards/train/max,178,1781271642.144275,6
rewards/train/max,179,1781271642.690187,6
rewards/train/max,180,1781271644.741036,6
rewards/train/max,181,1781271645.592964,6
rewards/train/max,182,1781271646.489052,6
rewards/train/max,183,1781271647.065401,6
rewards/train/max,184,1781271649.115255,6
rewards/train/max,185,1781271649.731362,6
rewards/train/max,186,1781271650.401861,6
rewards/train/max,187,1781271651.515173,6
rewards/train/max,188,1781271653.565238,6
rewards/train/max,189,1781271655.617440,6
rewards/train/max,190,1781271656.536075,6
rewards/train/max,191,1781271657.090650,6
rewards/train/max,192,1781272034.750281,6
rewards/train/max,193,1781272035.336393,6
rewards/train/max,194,1781272035.998949,6
rewards/train/max,195,1781272037.331975,6
rewards/train/max,196,1781272037.992823,6
rewards/train/max,197,1781272039.648365,6
rewards/train/max,198,1781272041.018393,6
rewards/train/max,199,1781272041.656173,6
rewards/train/max,200,1781272042.576166,6
rewards/train/max,201,1781272043.010752,6
rewards/train/max,202,1781272044.292696,6
rewards/train/max,203,1781272045.047187,6
rewards/train/max,204,1781272045.911421,6
rewards/train/max,205,1781272047.855630,6
rewards/train/max,206,1781272049.906098,6
rewards/train/max,207,1781272050.767686,6
rewards/train/max,208,1781272051.486707,6
rewards/train/max,209,1781272052.854873,6
rewards/train/max,210,1781272053.512369,6
rewards/train/max,211,1781272054.373280,6
rewards/train/max,212,1781272055.233355,6
rewards/train/max,213,1781272056.211119,6
rewards/train/max,214,1781272057.372853,6
rewards/train/max,215,1781272058.086152,6
rewards/train/max,216,1781272060.135936,6
rewards/train/max,217,1781272062.185753,6
rewards/train/max,218,1781272064.236441,6
rewards/train/max,219,1781272064.917600,6
rewards/train/max,220,1781272065.734577,6
rewards/train/max,221,1781272067.785539,6
rewards/train/max,222,1781272068.637364,6
rewards/train/max,223,1781272069.255952,6
rewards/train/max,224,1781272071.305892,6
rewards/train/max,225,1781272073.356674,6
rewards/train/max,226,1781272074.134879,6
rewards/train/max,227,1781272076.184548,6
rewards/train/max,228,1781272077.203730,6
rewards/train/max,229,1781272077.985972,6
rewards/train/max,230,1781272080.038183,6
rewards/train/max,231,1781272080.677985,6
rewards/train/max,232,1781272081.297441,6
rewards/train/max,233,1781272083.349302,0.400000006
rewards/train/max,234,1781272085.401303,6
rewards/train/max,235,1781272086.861656,6
rewards/train/max,236,1781272087.757792,6
rewards/train/max,237,1781272088.381524,6
rewards/train/max,238,1781272089.235532,6
rewards/train/max,239,1781272089.881287,6
rewards/train/max,240,1781272090.434137,6
rewards/train/max,241,1781272092.484539,6
rewards/train/max,242,1781272094.533861,6
rewards/train/max,243,1781272095.306394,6
rewards/train/max,244,1781272096.513949,6
rewards/train/max,245,1781272097.369692,6
rewards/train/max,246,1781272098.148702,6
rewards/train/max,247,1781272100.199886,6
rewards/train/max,248,1781272100.964916,6
rewards/train/max,249,1781272103.111857,6
rewards/train/max,250,1781272104.406584,6
rewards/train/max,251,1781272106.455127,6
rewards/train/max,252,1781272107.665360,6
rewards/train/max,253,1781272108.254917,6
rewards/train/max,254,1781272108.784162,6
rewards/train/max,255,1781272110.833286,6
rewards/train/max,256,1781272439.478770,6
rewards/train/max,257,1781272440.521118,6
rewards/train/max,258,1781272441.247964,6
rewards/train/max,259,1781272441.826371,6
rewards/train/max,260,1781272442.641010,6
rewards/train/max,261,1781272443.424185,6
rewards/train/max,262,1781272444.050147,6
rewards/train/max,263,1781272445.003171,6
rewards/train/max,264,1781272445.639601,6
rewards/train/max,265,1781272447.020793,6
rewards/train/max,266,1781272448.613278,6
rewards/train/max,267,1781272450.663974,6
rewards/train/max,268,1781272452.097964,6
rewards/train/max,269,1781272452.762531,6
rewards/train/max,270,1781272453.608307,6
rewards/train/max,271,1781272454.229680,6
rewards/train/max,272,1781272454.971901,6
rewards/train/max,273,1781272457.023747,6
rewards/train/max,274,1781272457.609334,6
rewards/train/max,275,1781272458.728162,6
rewards/train/max,276,1781272459.887820,6
rewards/train/max,277,1781272460.837534,6
rewards/train/max,278,1781272462.272379,6
rewards/train/max,279,1781272463.337264,6
rewards/train/max,280,1781272463.966590,6
rewards/train/max,281,1781272464.434040,6
rewards/train/max,282,1781272465.390991,6
rewards/train/max,283,1781272466.632665,6
rewards/train/max,284,1781272468.683385,6
rewards/train/max,285,1781272469.794535,6
rewards/train/max,286,1781272471.846754,2.799999952
rewards/train/max,287,1781272473.897609,6
rewards/train/max,288,1781272474.363968,6
rewards/train/max,289,1781272475.062766,6
rewards/train/max,290,1781272475.807734,6
rewards/train/max,291,1781272476.531955,6
rewards/train/max,292,1781272477.546317,6
rewards/train/max,293,1781272478.514722,6
rewards/train/max,294,1781272479.409038,6
rewards/train/max,295,1781272480.132043,6
rewards/train/max,296,1781272482.163249,6
rewards/train/max,297,1781272483.662143,6
rewards/train/max,298,1781272484.485299,6
rewards/train/max,299,1781272485.173925,6
rewards/train/max,300,1781272487.225233,6
rewards/train/max,301,1781272488.701405,6
rewards/train/max,302,1781272489.774688,6
rewards/train/max,303,1781272490.496102,6
rewards/train/max,304,1781272491.034531,6
rewards/train/max,305,1781272491.825108,6
rewards/train/max,306,1781272492.636373,6
rewards/train/max,307,1781272494.689187,6
rewards/train/max,308,1781272496.541735,6
rewards/train/max,309,1781272497.015258,6
rewards/train/max,310,1781272499.067029,6
rewards/train/max,311,1781272500.914728,6
rewards/train/max,312,1781272502.967241,6
rewards/train/max,313,1781272503.507566,6
rewards/train/max,314,1781272504.606799,6
rewards/train/max,315,1781272505.280595,6
rewards/train/max,316,1781272506.215985,6
rewards/train/max,317,1781272507.025148,6
rewards/train/max,318,1781272507.963391,6
rewards/train/max,319,1781272508.440599,6
rewards/train/max,320,1781272842.521162,6
rewards/train/max,321,1781272843.369189,6
rewards/train/max,322,1781272844.034824,6
rewards/train/max,323,1781272846.087494,6
rewards/train/max,324,1781272846.644430,6
rewards/train/max,325,1781272848.697961,6
rewards/train/max,326,1781272849.750943,6
rewards/train/max,327,1781272850.548918,6
rewards/train/max,328,1781272852.601093,6
rewards/train/max,329,1781272853.193568,6
rewards/train/max,330,1781272853.959032,6
rewards/train/max,331,1781272854.791768,6
rewards/train/max,332,1781272855.427184,6
rewards/train/max,333,1781272856.446112,6
rewards/train/max,334,1781272857.199344,6
rewards/train/max,335,1781272858.189788,6
rewards/train/max,336,1781272859.452384,6
rewards/train/max,337,1781272861.503743,6
rewards/train/max,338,1781272862.352323,6
rewards/train/max,339,1781272863.230224,6
rewards/train/max,340,1781272864.039157,6
rewards/train/max,341,1781272865.560933,6
rewards/train/max,342,1781272866.837871,6
rewards/train/max,343,1781272867.654562,6
rewards/train/max,344,1781272868.351052,6
rewards/train/max,345,1781272869.309339,6
rewards/train/max,346,1781272870.026610,6
rewards/train/max,347,1781272870.648945,6
rewards/train/max,348,1781272872.701170,6
rewards/train/max,349,1781272873.680558,6
rewards/train/max,350,1781272875.734229,6
rewards/train/max,351,1781272877.786938,6
rewards/train/max,352,1781272878.698247,6
rewards/train/max,353,1781272879.221648,6
rewards/train/max,354,1781272881.030115,6
rewards/train/max,355,1781272881.980287,6
rewards/train/max,356,1781272883.000231,6
rewards/train/max,357,1781272885.051563,6
rewards/train/max,358,1781272886.788584,6
rewards/train/max,359,1781272887.374588,6
rewards/train/max,360,1781272889.428371,6
rewards/train/max,361,1781272889.918519,6
rewards/train/max,362,1781272890.508451,6
rewards/train/max,363,1781272891.291347,6
rewards/train/max,364,1781272891.836385,6
rewards/train/max,365,1781272892.554210,6
rewards/train/max,366,1781272893.171796,6
rewards/train/max,367,1781272894.142690,6
rewards/train/max,368,1781272895.850725,6
rewards/train/max,369,1781272896.577540,6
rewards/train/max,370,1781272898.046246,6
rewards/train/max,371,1781272899.119362,6
rewards/train/max,372,1781272900.586874,6
rewards/train/max,373,1781272901.435461,6
rewards/train/max,374,1781272902.927285,6
rewards/train/max,375,1781272903.574067,6
rewards/train/max,376,1781272904.127305,6
rewards/train/max,377,1781272905.002548,6
rewards/train/max,378,1781272905.855481,6
rewards/train/max,379,1781272906.834311,6
rewards/train/max,380,1781272907.474519,6
rewards/train/max,381,1781272908.078219,6
rewards/train/max,382,1781272908.698131,6
rewards/train/max,383,1781272909.886072,6
rewards/train/max,384,1781273202.922417,6
rewards/train/max,385,1781273203.890913,6
rewards/train/max,386,1781273205.032397,6
rewards/train/max,387,1781273205.639291,6
rewards/train/max,388,1781273206.280130,6
rewards/train/max,389,1781273207.255772,6
rewards/train/max,390,1781273208.190126,6
rewards/train/max,391,1781273208.686972,6
rewards/train/max,392,1781273210.117535,6
rewards/train/max,393,1781273210.800966,6
rewards/train/max,394,1781273211.209835,6
rewards/train/max,395,1781273211.783394,6
rewards/train/max,396,1781273213.834600,6
rewards/train/max,397,1781273214.710518,6
rewards/train/max,398,1781273215.681844,6
rewards/train/max,399,1781273216.576716,6
rewards/train/max,400,1781273217.301424,6
rewards/train/max,401,1781273218.516837,6
rewards/train/max,402,1781273218.975301,6
rewards/train/max,403,1781273219.884267,6
rewards/train/max,404,1781273220.695928,6
rewards/train/max,405,1781273221.612236,6
rewards/train/max,406,1781273223.133154,6
rewards/train/max,407,1781273224.660150,6
rewards/train/max,408,1781273225.321711,6
rewards/train/max,409,1781273225.913253,6
rewards/train/max,410,1781273226.581674,6
rewards/train/max,411,1781273227.346214,6
rewards/train/max,412,1781273228.216603,6
rewards/train/max,413,1781273228.889780,6
rewards/train/max,414,1781273229.722115,6
rewards/train/max,415,1781273230.519722,6
rewards/train/max,416,1781273231.024266,6
rewards/train/max,417,1781273231.991420,6
rewards/train/max,418,1781273232.756011,6
rewards/train/max,419,1781273233.729001,6
rewards/train/max,420,1781273234.609074,6
rewards/train/max,421,1781273235.458674,6
rewards/train/max,422,1781273236.023856,6
rewards/train/max,423,1781273236.550257,6
rewards/train/max,424,1781273237.614553,6
rewards/train/max,425,1781273238.263008,6
rewards/train/max,426,1781273239.443311,6
rewards/train/max,427,1781273240.185147,6
rewards/train/max,428,1781273241.256964,6
rewards/train/max,429,1781273242.210461,6
rewards/train/max,430,1781273243.024976,6
rewards/train/max,431,1781273243.956409,6
rewards/train/max,432,1781273244.894022,6
rewards/train/max,433,1781273245.480620,6
rewards/train/max,434,1781273246.221984,6
rewards/train/max,435,1781273247.656455,6
rewards/train/max,436,1781273248.562967,6
rewards/train/max,437,1781273249.299891,6
rewards/train/max,438,1781273251.350555,6
rewards/train/max,439,1781273252.329537,6
rewards/train/max,440,1781273253.138962,6
rewards/train/max,441,1781273254.354576,6
rewards/train/max,442,1781273255.381428,6
rewards/train/max,443,1781273257.252787,6
rewards/train/max,444,1781273257.922328,6
rewards/train/max,445,1781273258.760337,6
rewards/train/max,446,1781273260.631950,6
rewards/train/max,447,1781273261.472928,6
rewards/train/max,448,1781273544.069392,6
rewards/train/max,449,1781273545.245793,6
rewards/train/max,450,1781273545.868585,6
rewards/train/max,451,1781273547.064597,6
rewards/train/max,452,1781273548.438369,6
rewards/train/max,453,1781273549.454700,6
rewards/train/max,454,1781273550.304788,6
rewards/train/max,455,1781273551.311967,6
rewards/train/max,456,1781273551.975397,6
rewards/train/max,457,1781273552.660998,6
rewards/train/max,458,1781273553.342506,6
rewards/train/max,459,1781273554.094918,6
rewards/train/max,460,1781273554.747908,6
rewards/train/max,461,1781273556.042111,6
rewards/train/max,462,1781273556.713272,6
rewards/train/max,463,1781273558.766567,6
rewards/train/max,464,1781273559.675275,6
rewards/train/max,465,1781273560.490871,6
rewards/train/max,466,1781273562.541102,6
rewards/train/max,467,1781273563.412148,6
rewards/train/max,468,1781273563.931222,6
rewards/train/max,469,1781273565.981645,0.400000006
rewards/train/max,470,1781273566.717818,6
rewards/train/max,471,1781273567.411353,6
rewards/train/max,472,1781273569.462706,6
rewards/train/max,473,1781273571.514723,6
rewards/train/max,474,1781273572.354203,6
rewards/train/max,475,1781273572.787389,6
rewards/train/max,476,1781273573.444843,6
rewards/train/max,477,1781273574.225910,6
rewards/train/max,478,1781273575.234737,6
rewards/train/max,479,1781273575.906279,6
rewards/train/max,480,1781273576.373231,6
rewards/train/max,481,1781273577.060417,6
rewards/train/max,482,1781273577.904127,6
rewards/train/max,483,1781273578.678325,6
rewards/train/max,484,1781273580.086174,6
rewards/train/max,485,1781273580.688426,6
rewards/train/max,486,1781273582.506241,6
rewards/train/max,487,1781273583.045737,6
rewards/train/max,488,1781273584.964248,6
rewards/train/max,489,1781273586.538605,6
rewards/train/max,490,1781273587.308705,6
rewards/train/max,491,1781273587.931479,6
rewards/train/max,492,1781273588.742032,6
rewards/train/max,493,1781273589.382535,6
rewards/train/max,494,1781273590.276007,6
rewards/train/max,495,1781273591.112128,6
rewards/train/max,496,1781273592.109186,6
rewards/train/max,497,1781273592.824551,6
rewards/train/max,498,1781273593.532907,6
rewards/train/max,499,1781273595.898166,6
rewards/train/match_format_exactly,0,1781270706.700249,0
rewards/train/match_format_exactly,1,1781270707.680547,0
rewards/train/match_format_exactly,2,1781270709.727653,0
rewards/train/match_format_exactly,3,1781270710.506234,0.75
rewards/train/match_format_exactly,4,1781270711.022607,0.75
rewards/train/match_format_exactly,5,1781270711.588022,0
rewards/train/match_format_exactly,6,1781270713.633296,0
rewards/train/match_format_exactly,7,1781270714.438901,0.75
rewards/train/match_format_exactly,8,1781270715.020159,0
rewards/train/match_format_exactly,9,1781270715.598013,0
rewards/train/match_format_exactly,10,1781270716.575229,3
rewards/train/match_format_exactly,11,1781270718.620362,0
rewards/train/match_format_exactly,12,1781270719.623923,1.5
rewards/train/match_format_exactly,13,1781270720.544806,0
rewards/train/match_format_exactly,14,1781270721.020127,0
rewards/train/match_format_exactly,15,1781270723.066962,0
rewards/train/match_format_exactly,16,1781270723.703929,0
rewards/train/match_format_exactly,17,1781270725.023715,0
rewards/train/match_format_exactly,18,1781270725.804119,0
rewards/train/match_format_exactly,19,1781270726.692763,0
rewards/train/match_format_exactly,20,1781270727.209392,0
rewards/train/match_format_exactly,21,1781270727.913457,0
rewards/train/match_format_exactly,22,1781270729.959860,0
rewards/train/match_format_exactly,23,1781270731.181518,0
rewards/train/match_format_exactly,24,1781270731.850809,0
rewards/train/match_format_exactly,25,1781270732.653804,0
rewards/train/match_format_exactly,26,1781270733.130215,0
rewards/train/match_format_exactly,27,1781270733.977884,0
rewards/train/match_format_exactly,28,1781270736.026445,0
rewards/train/match_format_exactly,29,1781270738.074646,0
rewards/train/match_format_exactly,30,1781270738.980067,0
rewards/train/match_format_exactly,31,1781270741.028272,0
rewards/train/match_format_exactly,32,1781270743.075099,0
rewards/train/match_format_exactly,33,1781270745.122921,0.75
rewards/train/match_format_exactly,34,1781270747.169740,0
rewards/train/match_format_exactly,35,1781270749.216847,0
rewards/train/match_format_exactly,36,1781270750.000432,0
rewards/train/match_format_exactly,37,1781270750.586695,0
rewards/train/match_format_exactly,38,1781270752.635422,0.75
rewards/train/match_format_exactly,39,1781270753.309679,0
rewards/train/match_format_exactly,40,1781270755.358681,0.75
rewards/train/match_format_exactly,41,1781270756.197023,0
rewards/train/match_format_exactly,42,1781270757.735675,0
rewards/train/match_format_exactly,43,1781270759.783104,0
rewards/train/match_format_exactly,44,1781270760.709468,0
rewards/train/match_format_exactly,45,1781270762.757440,0
rewards/train/match_format_exactly,46,1781270763.538877,0
rewards/train/match_format_exactly,47,1781270764.906408,0
rewards/train/match_format_exactly,48,1781270765.447599,0
rewards/train/match_format_exactly,49,1781270767.243957,5.25
rewards/train/match_format_exactly,50,1781270768.600998,0.75
rewards/train/match_format_exactly,51,1781270770.650149,2.25
rewards/train/match_format_exactly,52,1781270771.331085,0.75
rewards/train/match_format_exactly,53,1781270771.911435,0
rewards/train/match_format_exactly,54,1781270772.672833,6
rewards/train/match_format_exactly,55,1781270773.887076,0
rewards/train/match_format_exactly,56,1781270774.360876,0
rewards/train/match_format_exactly,57,1781270775.004516,1.5
rewards/train/match_format_exactly,58,1781270776.510595,3
rewards/train/match_format_exactly,59,1781270778.559779,0
rewards/train/match_format_exactly,60,1781270780.607227,0.75
rewards/train/match_format_exactly,61,1781270781.107410,0
rewards/train/match_format_exactly,62,1781270781.763880,0
rewards/train/match_format_exactly,63,1781270782.455258,0
rewards/train/match_format_exactly,64,1781271142.427157,2.25
rewards/train/match_format_exactly,65,1781271144.489295,1.5
rewards/train/match_format_exactly,66,1781271146.538409,0
rewards/train/match_format_exactly,67,1781271147.256698,0.75
rewards/train/match_format_exactly,68,1781271147.907962,0
rewards/train/match_format_exactly,69,1781271148.776861,0
rewards/train/match_format_exactly,70,1781271150.635343,3
rewards/train/match_format_exactly,71,1781271152.684093,0
rewards/train/match_format_exactly,72,1781271153.151886,2.25
rewards/train/match_format_exactly,73,1781271155.199466,4.5
rewards/train/match_format_exactly,74,1781271156.018796,0
rewards/train/match_format_exactly,75,1781271156.596669,1.5
rewards/train/match_format_exactly,76,1781271158.646354,3
rewards/train/match_format_exactly,77,1781271159.272449,6
rewards/train/match_format_exactly,78,1781271159.916065,4.5
rewards/train/match_format_exactly,79,1781271160.411396,3
rewards/train/match_format_exactly,80,1781271162.460093,3.75
rewards/train/match_format_exactly,81,1781271163.268414,0
rewards/train/match_format_exactly,82,1781271165.127557,0.75
rewards/train/match_format_exactly,83,1781271165.614055,3
rewards/train/match_format_exactly,84,1781271167.665303,0
rewards/train/match_format_exactly,85,1781271168.268391,0
rewards/train/match_format_exactly,86,1781271168.783193,6
rewards/train/match_format_exactly,87,1781271169.448145,1.5
rewards/train/match_format_exactly,88,1781271170.099430,6
rewards/train/match_format_exactly,89,1781271171.038074,6
rewards/train/match_format_exactly,90,1781271173.087251,3.75
rewards/train/match_format_exactly,91,1781271175.137199,1.5
rewards/train/match_format_exactly,92,1781271176.176236,6
rewards/train/match_format_exactly,93,1781271176.801029,6
rewards/train/match_format_exactly,94,1781271177.599937,4.5
rewards/train/match_format_exactly,95,1781271178.231902,4.5
rewards/train/match_format_exactly,96,1781271180.281621,4.5
rewards/train/match_format_exactly,97,1781271182.329463,3.75
rewards/train/match_format_exactly,98,1781271184.379258,0.75
rewards/train/match_format_exactly,99,1781271185.018677,5.25
rewards/train/match_format_exactly,100,1781271187.069576,3
rewards/train/match_format_exactly,101,1781271188.373089,5.25
rewards/train/match_format_exactly,102,1781271189.196463,6
rewards/train/match_format_exactly,103,1781271191.080443,5.25
rewards/train/match_format_exactly,104,1781271191.819022,6
rewards/train/match_format_exactly,105,1781271192.482749,6
rewards/train/match_format_exactly,106,1781271193.281848,6
rewards/train/match_format_exactly,107,1781271195.328529,2.25
rewards/train/match_format_exactly,108,1781271196.103068,3
rewards/train/match_format_exactly,109,1781271198.150887,5.25
rewards/train/match_format_exactly,110,1781271198.747782,6
rewards/train/match_format_exactly,111,1781271200.797903,4.5
rewards/train/match_format_exactly,112,1781271202.849522,2.25
rewards/train/match_format_exactly,113,1781271203.348734,6
rewards/train/match_format_exactly,114,1781271204.210269,5.25
rewards/train/match_format_exactly,115,1781271204.859228,5.25
rewards/train/match_format_exactly,116,1781271206.909939,5.25
rewards/train/match_format_exactly,117,1781271208.958875,0.75
rewards/train/match_format_exactly,118,1781271211.007487,3.75
rewards/train/match_format_exactly,119,1781271211.687472,6
rewards/train/match_format_exactly,120,1781271212.217583,6
rewards/train/match_format_exactly,121,1781271212.873926,5.25
rewards/train/match_format_exactly,122,1781271213.954833,5.25
rewards/train/match_format_exactly,123,1781271216.004112,5.25
rewards/train/match_format_exactly,124,1781271217.864741,2.25
rewards/train/match_format_exactly,125,1781271219.733908,3.75
rewards/train/match_format_exactly,126,1781271220.194265,5.25
rewards/train/match_format_exactly,127,1781271221.002617,5.25
rewards/train/match_format_exactly,128,1781271582.954718,6
rewards/train/match_format_exactly,129,1781271585.019266,3.75
rewards/train/match_format_exactly,130,1781271586.108559,5.25
rewards/train/match_format_exactly,131,1781271588.159209,3.75
rewards/train/match_format_exactly,132,1781271588.673360,6
rewards/train/match_format_exactly,133,1781271590.349191,5.25
rewards/train/match_format_exactly,134,1781271591.828550,6
rewards/train/match_format_exactly,135,1781271593.879725,4.5
rewards/train/match_format_exactly,136,1781271595.930664,5.25
rewards/train/match_format_exactly,137,1781271597.982617,3
rewards/train/match_format_exactly,138,1781271598.791309,6
rewards/train/match_format_exactly,139,1781271599.597097,6
rewards/train/match_format_exactly,140,1781271600.170879,6
rewards/train/match_format_exactly,141,1781271601.206081,1.5
rewards/train/match_format_exactly,142,1781271602.271448,4.5
rewards/train/match_format_exactly,143,1781271603.031514,6
rewards/train/match_format_exactly,144,1781271603.699668,6
rewards/train/match_format_exactly,145,1781271604.255765,6
rewards/train/match_format_exactly,146,1781271604.837890,5.25
rewards/train/match_format_exactly,147,1781271606.890075,5.25
rewards/train/match_format_exactly,148,1781271608.941070,2.25
rewards/train/match_format_exactly,149,1781271609.764387,6
rewards/train/match_format_exactly,150,1781271610.536698,6
rewards/train/match_format_exactly,151,1781271611.405515,6
rewards/train/match_format_exactly,152,1781271612.040506,6
rewards/train/match_format_exactly,153,1781271613.318701,6
rewards/train/match_format_exactly,154,1781271615.025317,3.75
rewards/train/match_format_exactly,155,1781271616.696905,5.25
rewards/train/match_format_exactly,156,1781271617.433303,5.25
rewards/train/match_format_exactly,157,1781271619.484679,3
rewards/train/match_format_exactly,158,1781271620.453489,5.25
rewards/train/match_format_exactly,159,1781271620.981948,6
rewards/train/match_format_exactly,160,1781271621.892893,5.25
rewards/train/match_format_exactly,161,1781271622.557498,6
rewards/train/match_format_exactly,162,1781271624.607892,5.25
rewards/train/match_format_exactly,163,1781271625.254496,5.25
rewards/train/match_format_exactly,164,1781271627.306287,5.25
rewards/train/match_format_exactly,165,1781271628.183717,6
rewards/train/match_format_exactly,166,1781271629.550727,6
rewards/train/match_format_exactly,167,1781271630.423856,3.75
rewards/train/match_format_exactly,168,1781271631.262487,5.25
rewards/train/match_format_exactly,169,1781271632.058034,6
rewards/train/match_format_exactly,170,1781271632.922945,4.5
rewards/train/match_format_exactly,171,1781271633.644550,6
rewards/train/match_format_exactly,172,1781271634.236211,6
rewards/train/match_format_exactly,173,1781271635.300541,6
rewards/train/match_format_exactly,174,1781271636.148269,6
rewards/train/match_format_exactly,175,1781271636.713188,6
rewards/train/match_format_exactly,176,1781271638.040484,5.25
rewards/train/match_format_exactly,177,1781271640.092257,3.75
rewards/train/match_format_exactly,178,1781271642.144450,3.75
rewards/train/match_format_exactly,179,1781271642.690369,6
rewards/train/match_format_exactly,180,1781271644.741226,4.5
rewards/train/match_format_exactly,181,1781271645.593136,3
rewards/train/match_format_exactly,182,1781271646.489260,6
rewards/train/match_format_exactly,183,1781271647.065587,6
rewards/train/match_format_exactly,184,1781271649.115443,2.25
rewards/train/match_format_exactly,185,1781271649.731537,6
rewards/train/match_format_exactly,186,1781271650.402043,5.25
rewards/train/match_format_exactly,187,1781271651.515356,4.5
rewards/train/match_format_exactly,188,1781271653.565427,4.5
rewards/train/match_format_exactly,189,1781271655.617631,3.75
rewards/train/match_format_exactly,190,1781271656.536260,6
rewards/train/match_format_exactly,191,1781271657.090851,5.25
rewards/train/match_format_exactly,192,1781272034.750506,3
rewards/train/match_format_exactly,193,1781272035.336592,6
rewards/train/match_format_exactly,194,1781272035.999138,6
rewards/train/match_format_exactly,195,1781272037.332165,5.25
rewards/train/match_format_exactly,196,1781272037.993010,6
rewards/train/match_format_exactly,197,1781272039.648557,6
rewards/train/match_format_exactly,198,1781272041.018595,5.25
rewards/train/match_format_exactly,199,1781272041.656369,6
rewards/train/match_format_exactly,200,1781272042.576358,3
rewards/train/match_format_exactly,201,1781272043.010942,6
rewards/train/match_format_exactly,202,1781272044.292893,6
rewards/train/match_format_exactly,203,1781272045.047373,6
rewards/train/match_format_exactly,204,1781272045.911612,4.5
rewards/train/match_format_exactly,205,1781272047.855836,5.25
rewards/train/match_format_exactly,206,1781272049.906279,3
rewards/train/match_format_exactly,207,1781272050.767886,6
rewards/train/match_format_exactly,208,1781272051.486932,6
rewards/train/match_format_exactly,209,1781272052.855083,6
rewards/train/match_format_exactly,210,1781272053.512575,6
rewards/train/match_format_exactly,211,1781272054.373497,6
rewards/train/match_format_exactly,212,1781272055.233571,4.5
rewards/train/match_format_exactly,213,1781272056.211327,5.25
rewards/train/match_format_exactly,214,1781272057.373069,6
rewards/train/match_format_exactly,215,1781272058.086370,6
rewards/train/match_format_exactly,216,1781272060.136156,5.25
rewards/train/match_format_exactly,217,1781272062.185967,1.5
rewards/train/match_format_exactly,218,1781272064.236662,5.25
rewards/train/match_format_exactly,219,1781272064.917822,5.25
rewards/train/match_format_exactly,220,1781272065.734800,6
rewards/train/match_format_exactly,221,1781272067.785734,3.75
rewards/train/match_format_exactly,222,1781272068.637551,5.25
rewards/train/match_format_exactly,223,1781272069.256137,6
rewards/train/match_format_exactly,224,1781272071.306081,4.5
rewards/train/match_format_exactly,225,1781272073.356879,5.25
rewards/train/match_format_exactly,226,1781272074.135061,6
rewards/train/match_format_exactly,227,1781272076.184750,5.25
rewards/train/match_format_exactly,228,1781272077.203932,6
rewards/train/match_format_exactly,229,1781272077.986156,6
rewards/train/match_format_exactly,230,1781272080.038370,5.25
rewards/train/match_format_exactly,231,1781272080.678173,5.25
rewards/train/match_format_exactly,232,1781272081.297667,6
rewards/train/match_format_exactly,233,1781272083.349499,0
rewards/train/match_format_exactly,234,1781272085.401505,5.25
rewards/train/match_format_exactly,235,1781272086.861857,6
rewards/train/match_format_exactly,236,1781272087.757976,6
rewards/train/match_format_exactly,237,1781272088.381730,6
rewards/train/match_format_exactly,238,1781272089.235754,6
rewards/train/match_format_exactly,239,1781272089.881464,6
rewards/train/match_format_exactly,240,1781272090.434317,6
rewards/train/match_format_exactly,241,1781272092.484748,5.25
rewards/train/match_format_exactly,242,1781272094.534049,5.25
rewards/train/match_format_exactly,243,1781272095.306580,6
rewards/train/match_format_exactly,244,1781272096.514126,6
rewards/train/match_format_exactly,245,1781272097.369880,6
rewards/train/match_format_exactly,246,1781272098.148891,6
rewards/train/match_format_exactly,247,1781272100.200078,2.25
rewards/train/match_format_exactly,248,1781272100.965103,5.25
rewards/train/match_format_exactly,249,1781272103.606133,6
rewards/train/match_format_exactly,250,1781272104.406801,6
rewards/train/match_format_exactly,251,1781272106.455334,2.25
rewards/train/match_format_exactly,252,1781272107.665570,6
rewards/train/match_format_exactly,253,1781272108.255123,6
rewards/train/match_format_exactly,254,1781272108.784379,6
rewards/train/match_format_exactly,255,1781272110.833495,5.25
rewards/train/match_format_exactly,256,1781272439.478950,6
rewards/train/match_format_exactly,257,1781272440.521309,6
rewards/train/match_format_exactly,258,1781272441.248154,6
rewards/train/match_format_exactly,259,1781272441.826563,6
rewards/train/match_format_exactly,260,1781272442.641198,6
rewards/train/match_format_exactly,261,1781272443.424377,6
rewards/train/match_format_exactly,262,1781272444.050347,6
rewards/train/match_format_exactly,263,1781272445.003364,3.75
rewards/train/match_format_exactly,264,1781272445.639842,6
rewards/train/match_format_exactly,265,1781272447.021010,5.25
rewards/train/match_format_exactly,266,1781272448.613477,1.5
rewards/train/match_format_exactly,267,1781272450.664162,3
rewards/train/match_format_exactly,268,1781272452.098161,5.25
rewards/train/match_format_exactly,269,1781272452.762768,6
rewards/train/match_format_exactly,270,1781272453.608589,6
rewards/train/match_format_exactly,271,1781272454.229934,6
rewards/train/match_format_exactly,272,1781272454.972152,6
rewards/train/match_format_exactly,273,1781272457.023996,4.5
rewards/train/match_format_exactly,274,1781272457.609576,6
rewards/train/match_format_exactly,275,1781272458.728402,4.5
rewards/train/match_format_exactly,276,1781272459.888067,6
rewards/train/match_format_exactly,277,1781272460.837800,6
rewards/train/match_format_exactly,278,1781272462.272665,4.5
rewards/train/match_format_exactly,279,1781272463.337565,6
rewards/train/match_format_exactly,280,1781272463.966898,5.25
rewards/train/match_format_exactly,281,1781272464.434283,6
rewards/train/match_format_exactly,282,1781272465.391212,6
rewards/train/match_format_exactly,283,1781272466.632923,5.25
rewards/train/match_format_exactly,284,1781272468.683696,2.25
rewards/train/match_format_exactly,285,1781272469.794813,6
rewards/train/match_format_exactly,286,1781272471.847002,0
rewards/train/match_format_exactly,287,1781272473.897871,5.25
rewards/train/match_format_exactly,288,1781272474.364205,6
rewards/train/match_format_exactly,289,1781272475.063004,6
rewards/train/match_format_exactly,290,1781272475.807979,6
rewards/train/match_format_exactly,291,1781272476.532195,6
rewards/train/match_format_exactly,292,1781272477.546558,6
rewards/train/match_format_exactly,293,1781272478.514972,6
rewards/train/match_format_exactly,294,1781272479.409338,6
rewards/train/match_format_exactly,295,1781272480.132324,6
rewards/train/match_format_exactly,296,1781272482.163494,5.25
rewards/train/match_format_exactly,297,1781272483.662389,5.25
rewards/train/match_format_exactly,298,1781272484.485568,6
rewards/train/match_format_exactly,299,1781272485.174175,6
rewards/train/match_format_exactly,300,1781272487.225475,5.25
rewards/train/match_format_exactly,301,1781272488.701624,6
rewards/train/match_format_exactly,302,1781272489.774935,6
rewards/train/match_format_exactly,303,1781272490.496394,6
rewards/train/match_format_exactly,304,1781272491.034776,6
rewards/train/match_format_exactly,305,1781272491.825356,5.25
rewards/train/match_format_exactly,306,1781272492.636629,6
rewards/train/match_format_exactly,307,1781272494.689428,4.5
rewards/train/match_format_exactly,308,1781272496.541987,4.5
rewards/train/match_format_exactly,309,1781272497.015494,6
rewards/train/match_format_exactly,310,1781272499.067278,2.25
rewards/train/match_format_exactly,311,1781272500.914974,4.5
rewards/train/match_format_exactly,312,1781272502.967491,4.5
rewards/train/match_format_exactly,313,1781272503.507802,6
rewards/train/match_format_exactly,314,1781272504.607022,6
rewards/train/match_format_exactly,315,1781272505.280900,6
rewards/train/match_format_exactly,316,1781272506.216238,6
rewards/train/match_format_exactly,317,1781272507.025386,6
rewards/train/match_format_exactly,318,1781272507.963660,6
rewards/train/match_format_exactly,319,1781272508.440876,6
rewards/train/match_format_exactly,320,1781272842.521399,3.75
rewards/train/match_format_exactly,321,1781272843.369402,6
rewards/train/match_format_exactly,322,1781272844.035052,6
rewards/train/match_format_exactly,323,1781272846.087752,3.75
rewards/train/match_format_exactly,324,1781272846.644586,2.25
rewards/train/match_format_exactly,325,1781272848.698234,3
rewards/train/match_format_exactly,326,1781272849.751178,6
rewards/train/match_format_exactly,327,1781272850.549130,6
rewards/train/match_format_exactly,328,1781272852.601319,5.25
rewards/train/match_format_exactly,329,1781272853.193830,6
rewards/train/match_format_exactly,330,1781272853.959274,6
rewards/train/match_format_exactly,331,1781272854.792002,6
rewards/train/match_format_exactly,332,1781272855.427422,6
rewards/train/match_format_exactly,333,1781272856.446364,6
rewards/train/match_format_exactly,334,1781272857.199563,6
rewards/train/match_format_exactly,335,1781272858.190033,6
rewards/train/match_format_exactly,336,1781272859.452623,6
rewards/train/match_format_exactly,337,1781272861.503973,4.5
rewards/train/match_format_exactly,338,1781272862.352562,5.25
rewards/train/match_format_exactly,339,1781272863.230471,6
rewards/train/match_format_exactly,340,1781272864.039381,6
rewards/train/match_format_exactly,341,1781272865.561140,5.25
rewards/train/match_format_exactly,342,1781272866.838117,6
rewards/train/match_format_exactly,343,1781272867.654827,6
rewards/train/match_format_exactly,344,1781272868.351327,6
rewards/train/match_format_exactly,345,1781272869.309588,6
rewards/train/match_format_exactly,346,1781272870.026865,6
rewards/train/match_format_exactly,347,1781272870.649192,6
rewards/train/match_format_exactly,348,1781272872.701416,3.75
rewards/train/match_format_exactly,349,1781272873.680807,5.25
rewards/train/match_format_exactly,350,1781272875.734455,3.75
rewards/train/match_format_exactly,351,1781272877.787162,1.5
rewards/train/match_format_exactly,352,1781272878.698438,6
rewards/train/match_format_exactly,353,1781272879.221906,6
rewards/train/match_format_exactly,354,1781272881.030388,5.25
rewards/train/match_format_exactly,355,1781272881.980513,6
rewards/train/match_format_exactly,356,1781272883.000428,6
rewards/train/match_format_exactly,357,1781272885.051815,4.5
rewards/train/match_format_exactly,358,1781272886.788823,6
rewards/train/match_format_exactly,359,1781272887.374836,6
rewards/train/match_format_exactly,360,1781272889.428612,3
rewards/train/match_format_exactly,361,1781272889.918767,6
rewards/train/match_format_exactly,362,1781272890.508703,6
rewards/train/match_format_exactly,363,1781272891.291597,6
rewards/train/match_format_exactly,364,1781272891.836597,6
rewards/train/match_format_exactly,365,1781272892.554453,6
rewards/train/match_format_exactly,366,1781272893.172020,6
rewards/train/match_format_exactly,367,1781272894.142921,6
rewards/train/match_format_exactly,368,1781272895.850948,5.25
rewards/train/match_format_exactly,369,1781272896.577797,6
rewards/train/match_format_exactly,370,1781272898.046495,6
rewards/train/match_format_exactly,371,1781272899.119612,6
rewards/train/match_format_exactly,372,1781272900.587109,5.25
rewards/train/match_format_exactly,373,1781272901.435704,6
rewards/train/match_format_exactly,374,1781272902.927532,5.25
rewards/train/match_format_exactly,375,1781272903.574302,6
rewards/train/match_format_exactly,376,1781272904.127540,6
rewards/train/match_format_exactly,377,1781272905.002805,6
rewards/train/match_format_exactly,378,1781272905.855730,6
rewards/train/match_format_exactly,379,1781272906.834511,6
rewards/train/match_format_exactly,380,1781272907.474781,6
rewards/train/match_format_exactly,381,1781272908.078475,6
rewards/train/match_format_exactly,382,1781272908.698370,6
rewards/train/match_format_exactly,383,1781272909.886320,6
rewards/train/match_format_exactly,384,1781273202.922677,6
rewards/train/match_format_exactly,385,1781273203.891173,6
rewards/train/match_format_exactly,386,1781273205.032663,6
rewards/train/match_format_exactly,387,1781273205.639530,6
rewards/train/match_format_exactly,388,1781273206.280367,6
rewards/train/match_format_exactly,389,1781273207.256057,6
rewards/train/match_format_exactly,390,1781273208.190399,6
rewards/train/match_format_exactly,391,1781273208.687204,6
rewards/train/match_format_exactly,392,1781273210.117807,6
rewards/train/match_format_exactly,393,1781273210.801205,6
rewards/train/match_format_exactly,394,1781273211.210024,6
rewards/train/match_format_exactly,395,1781273211.783607,6
rewards/train/match_format_exactly,396,1781273213.834839,3.75
rewards/train/match_format_exactly,397,1781273214.710772,6
rewards/train/match_format_exactly,398,1781273215.682086,6
rewards/train/match_format_exactly,399,1781273216.576955,6
rewards/train/match_format_exactly,400,1781273217.301611,6
rewards/train/match_format_exactly,401,1781273218.517050,6
rewards/train/match_format_exactly,402,1781273218.975514,6
rewards/train/match_format_exactly,403,1781273219.884482,6
rewards/train/match_format_exactly,404,1781273220.696155,6
rewards/train/match_format_exactly,405,1781273221.612468,6
rewards/train/match_format_exactly,406,1781273223.133387,6
rewards/train/match_format_exactly,407,1781273224.660346,6
rewards/train/match_format_exactly,408,1781273225.321929,6
rewards/train/match_format_exactly,409,1781273225.913478,6
rewards/train/match_format_exactly,410,1781273226.581911,6
rewards/train/match_format_exactly,411,1781273227.346436,6
rewards/train/match_format_exactly,412,1781273228.216847,6
rewards/train/match_format_exactly,413,1781273228.889992,6
rewards/train/match_format_exactly,414,1781273229.722362,6
rewards/train/match_format_exactly,415,1781273230.519961,6
rewards/train/match_format_exactly,416,1781273231.024505,6
rewards/train/match_format_exactly,417,1781273231.991651,6
rewards/train/match_format_exactly,418,1781273232.756211,6
rewards/train/match_format_exactly,419,1781273233.729239,6
rewards/train/match_format_exactly,420,1781273234.609307,6
rewards/train/match_format_exactly,421,1781273235.458893,6
rewards/train/match_format_exactly,422,1781273236.024083,6
rewards/train/match_format_exactly,423,1781273236.550470,6
rewards/train/match_format_exactly,424,1781273237.614801,6
rewards/train/match_format_exactly,425,1781273238.263215,6
rewards/train/match_format_exactly,426,1781273239.443541,6
rewards/train/match_format_exactly,427,1781273240.185445,6
rewards/train/match_format_exactly,428,1781273241.257144,6
rewards/train/match_format_exactly,429,1781273242.210684,6
rewards/train/match_format_exactly,430,1781273243.025186,6
rewards/train/match_format_exactly,431,1781273243.956682,5.25
rewards/train/match_format_exactly,432,1781273244.894243,6
rewards/train/match_format_exactly,433,1781273245.480857,6
rewards/train/match_format_exactly,434,1781273246.222259,6
rewards/train/match_format_exactly,435,1781273247.656684,6
rewards/train/match_format_exactly,436,1781273248.563193,6
rewards/train/match_format_exactly,437,1781273249.300112,6
rewards/train/match_format_exactly,438,1781273251.350807,4.5
rewards/train/match_format_exactly,439,1781273252.329778,6
rewards/train/match_format_exactly,440,1781273253.139186,6
rewards/train/match_format_exactly,441,1781273254.354828,6
rewards/train/match_format_exactly,442,1781273255.381675,6
rewards/train/match_format_exactly,443,1781273257.253018,6
rewards/train/match_format_exactly,444,1781273257.922562,6
rewards/train/match_format_exactly,445,1781273258.760575,6
rewards/train/match_format_exactly,446,1781273260.632176,5.25
rewards/train/match_format_exactly,447,1781273261.473155,6
rewards/train/match_format_exactly,448,1781273544.069631,6
rewards/train/match_format_exactly,449,1781273545.246037,6
rewards/train/match_format_exactly,450,1781273545.868844,6
rewards/train/match_format_exactly,451,1781273547.064857,6
rewards/train/match_format_exactly,452,1781273548.438613,6
rewards/train/match_format_exactly,453,1781273549.454947,6
rewards/train/match_format_exactly,454,1781273550.305027,6
rewards/train/match_format_exactly,455,1781273551.312206,6
rewards/train/match_format_exactly,456,1781273551.975650,6
rewards/train/match_format_exactly,457,1781273552.661228,6
rewards/train/match_format_exactly,458,1781273553.342783,6
rewards/train/match_format_exactly,459,1781273554.095158,6
rewards/train/match_format_exactly,460,1781273554.748149,6
rewards/train/match_format_exactly,461,1781273556.042359,6
rewards/train/match_format_exactly,462,1781273556.713537,6
rewards/train/match_format_exactly,463,1781273558.766855,5.25
rewards/train/match_format_exactly,464,1781273559.675518,5.25
rewards/train/match_format_exactly,465,1781273560.491128,6
rewards/train/match_format_exactly,466,1781273562.541354,5.25
rewards/train/match_format_exactly,467,1781273563.412386,6
rewards/train/match_format_exactly,468,1781273563.931465,6
rewards/train/match_format_exactly,469,1781273565.981912,0
rewards/train/match_format_exactly,470,1781273566.718074,6
rewards/train/match_format_exactly,471,1781273567.411597,6
rewards/train/match_format_exactly,472,1781273569.462953,4.5
rewards/train/match_format_exactly,473,1781273571.514972,4.5
rewards/train/match_format_exactly,474,1781273572.354447,6
rewards/train/match_format_exactly,475,1781273572.787633,6
rewards/train/match_format_exactly,476,1781273573.445082,6
rewards/train/match_format_exactly,477,1781273574.226145,6
rewards/train/match_format_exactly,478,1781273575.234987,6
rewards/train/match_format_exactly,479,1781273575.906524,6
rewards/train/match_format_exactly,480,1781273576.373471,6
rewards/train/match_format_exactly,481,1781273577.060685,6
rewards/train/match_format_exactly,482,1781273577.904365,6
rewards/train/match_format_exactly,483,1781273578.678564,6
rewards/train/match_format_exactly,484,1781273580.086415,6
rewards/train/match_format_exactly,485,1781273580.688678,6
rewards/train/match_format_exactly,486,1781273582.506497,5.25
rewards/train/match_format_exactly,487,1781273583.045980,6
rewards/train/match_format_exactly,488,1781273584.964483,4.5
rewards/train/match_format_exactly,489,1781273586.538859,6
rewards/train/match_format_exactly,490,1781273587.308946,6
rewards/train/match_format_exactly,491,1781273587.931717,6
rewards/train/match_format_exactly,492,1781273588.742317,6
rewards/train/match_format_exactly,493,1781273589.382787,6
rewards/train/match_format_exactly,494,1781273590.276240,6
rewards/train/match_format_exactly,495,1781273591.112355,6
rewards/train/match_format_exactly,496,1781273592.109420,6
rewards/train/match_format_exactly,497,1781273592.824822,6
rewards/train/match_format_exactly,498,1781273593.533139,6
rewards/train/match_format_exactly,499,1781273595.900053,6
rewards/train/match_format_approximately,0,1781270706.700467,0.400000006
rewards/train/match_format_approximately,1,1781270707.680780,0.400000006
rewards/train/match_format_approximately,2,1781270709.727898,-0.8000000119
rewards/train/match_format_approximately,3,1781270710.506453,0.1000000015
rewards/train/match_format_approximately,4,1781270711.022846,-0.05000000075
rewards/train/match_format_approximately,5,1781270711.588240,-0.5
rewards/train/match_format_approximately,6,1781270713.633505,-0.6499999762
rewards/train/match_format_approximately,7,1781270714.439082,0.400000006
rewards/train/match_format_approximately,8,1781270715.020393,0.25
rewards/train/match_format_approximately,9,1781270715.598225,0.400000006
rewards/train/match_format_approximately,10,1781270716.575462,1.600000024
rewards/train/match_format_approximately,11,1781270718.620594,-0.8000000119
rewards/train/match_format_approximately,12,1781270719.624137,1
rewards/train/match_format_approximately,13,1781270720.545032,0.1000000015
rewards/train/match_format_approximately,14,1781270721.020363,0.400000006
rewards/train/match_format_approximately,15,1781270723.067223,0.1000000015
rewards/train/match_format_approximately,16,1781270723.704134,0.400000006
rewards/train/match_format_approximately,17,1781270725.024009,1
rewards/train/match_format_approximately,18,1781270725.804296,0.25
rewards/train/match_format_approximately,19,1781270726.693001,0.25
rewards/train/match_format_approximately,20,1781270727.209608,-0.6499999762
rewards/train/match_format_approximately,21,1781270727.913714,0.25
rewards/train/match_format_approximately,22,1781270729.960075,-0.200000003
rewards/train/match_format_approximately,23,1781270731.181756,0.400000006
rewards/train/match_format_approximately,24,1781270731.851060,0.25
rewards/train/match_format_approximately,25,1781270732.654022,0.400000006
rewards/train/match_format_approximately,26,1781270733.130487,-0.05000000075
rewards/train/match_format_approximately,27,1781270733.978110,0.400000006
rewards/train/match_format_approximately,28,1781270736.026603,-1.100000024
rewards/train/match_format_approximately,29,1781270738.074861,-0.8000000119
rewards/train/match_format_approximately,30,1781270738.980305,0.400000006
rewards/train/match_format_approximately,31,1781270741.028486,0.1000000015
rewards/train/match_format_approximately,32,1781270743.075372,-0.8000000119
rewards/train/match_format_approximately,33,1781270745.123160,0.1000000015
rewards/train/match_format_approximately,34,1781270747.169952,-0.349999994
rewards/train/match_format_approximately,35,1781270749.217115,-0.200000003
rewards/train/match_format_approximately,36,1781270750.000677,0.400000006
rewards/train/match_format_approximately,37,1781270750.586915,0.25
rewards/train/match_format_approximately,38,1781270752.635709,0.6999999881
rewards/train/match_format_approximately,39,1781270753.309918,-0.05000000075
rewards/train/match_format_approximately,40,1781270755.358895,-0.9499999881
rewards/train/match_format_approximately,41,1781270756.197219,0.400000006
rewards/train/match_format_approximately,42,1781270757.735893,0.1000000015
rewards/train/match_format_approximately,43,1781270759.783314,0.1000000015
rewards/train/match_format_approximately,44,1781270760.709699,0.5500000119
rewards/train/match_format_approximately,45,1781270762.757678,-0.200000003
rewards/train/match_format_approximately,46,1781270763.539102,0.400000006
rewards/train/match_format_approximately,47,1781270764.906624,0.400000006
rewards/train/match_format_approximately,48,1781270765.447852,0.400000006
rewards/train/match_format_approximately,49,1781270767.244199,2.650000095
rewards/train/match_format_approximately,50,1781270768.601178,1.149999976
rewards/train/match_format_approximately,51,1781270770.650332,1
rewards/train/match_format_approximately,52,1781270771.331273,0.8500000238
rewards/train/match_format_approximately,53,1781270771.911618,0.1000000015
rewards/train/match_format_approximately,54,1781270772.673017,2.799999952
rewards/train/match_format_approximately,55,1781270773.887254,0.1000000015
rewards/train/match_format_approximately,56,1781270774.361064,0.25
rewards/train/match_format_approximately,57,1781270775.004716,1.149999976
rewards/train/match_format_approximately,58,1781270776.510805,1.899999976
rewards/train/match_format_approximately,59,1781270778.559966,-0.200000003
rewards/train/match_format_approximately,60,1781270780.607414,-0.05000000075
rewards/train/match_format_approximately,61,1781270781.107605,0.25
rewards/train/match_format_approximately,62,1781270781.764065,0.25
rewards/train/match_format_approximately,63,1781270782.455446,0.1000000015
rewards/train/match_format_approximately,64,1781271142.427372,1
rewards/train/match_format_approximately,65,1781271144.489512,-0.5
rewards/train/match_format_approximately,66,1781271146.538625,-0.200000003
rewards/train/match_format_approximately,67,1781271147.256916,0.6999999881
rewards/train/match_format_approximately,68,1781271147.908178,0.25
rewards/train/match_format_approximately,69,1781271148.777072,0.25
rewards/train/match_format_approximately,70,1781271150.635561,2.799999952
rewards/train/match_format_approximately,71,1781271152.684312,-0.6499999762
rewards/train/match_format_approximately,72,1781271153.152139,1.450000048
rewards/train/match_format_approximately,73,1781271155.199698,1.899999976
rewards/train/match_format_approximately,74,1781271156.019008,0.5500000119
rewards/train/match_format_approximately,75,1781271156.596895,1.149999976
rewards/train/match_format_approximately,76,1781271158.646572,1.299999952
rewards/train/match_format_approximately,77,1781271159.272670,2.799999952
rewards/train/match_format_approximately,78,1781271159.916293,2.5
rewards/train/match_format_approximately,79,1781271160.411616,1.450000048
rewards/train/match_format_approximately,80,1781271162.460309,1.600000024
rewards/train/match_format_approximately,81,1781271163.268627,0.400000006
rewards/train/match_format_approximately,82,1781271165.127793,1
rewards/train/match_format_approximately,83,1781271165.614268,1.450000048
rewards/train/match_format_approximately,84,1781271167.665518,0.25
rewards/train/match_format_approximately,85,1781271168.268575,0.6999999881
rewards/train/match_format_approximately,86,1781271168.783405,2.799999952
rewards/train/match_format_approximately,87,1781271169.448357,1.299999952
rewards/train/match_format_approximately,88,1781271170.099659,4
rewards/train/match_format_approximately,89,1781271171.038282,2.799999952
rewards/train/match_format_approximately,90,1781271173.087477,1.75
rewards/train/match_format_approximately,91,1781271175.137432,0.8500000238
rewards/train/match_format_approximately,92,1781271176.176450,3.700000048
rewards/train/match_format_approximately,93,1781271176.801248,2.799999952
rewards/train/match_format_approximately,94,1781271177.600148,2.650000095
rewards/train/match_format_approximately,95,1781271178.232110,3.700000048
rewards/train/match_format_approximately,96,1781271180.281839,1.899999976
rewards/train/match_format_approximately,97,1781271182.329694,1.75
rewards/train/match_format_approximately,98,1781271184.379472,1.899999976
rewards/train/match_format_approximately,99,1781271185.018899,2.950000048
rewards/train/match_format_approximately,100,1781271187.069809,1.600000024
rewards/train/match_format_approximately,101,1781271188.373291,2.5
rewards/train/match_format_approximately,102,1781271189.196688,2.799999952
rewards/train/match_format_approximately,103,1781271191.080669,2.5
rewards/train/match_format_approximately,104,1781271191.819250,3.099999905
rewards/train/match_format_approximately,105,1781271192.482968,2.799999952
rewards/train/match_format_approximately,106,1781271193.282057,2.950000048
rewards/train/match_format_approximately,107,1781271195.328760,2.200000048
rewards/train/match_format_approximately,108,1781271196.103277,3.099999905
rewards/train/match_format_approximately,109,1781271198.151100,2.349999905
rewards/train/match_format_approximately,110,1781271198.748000,3.549999952
rewards/train/match_format_approximately,111,1781271200.798119,2.200000048
rewards/train/match_format_approximately,112,1781271202.849754,1.149999976
rewards/train/match_format_approximately,113,1781271203.348951,2.799999952
rewards/train/match_format_approximately,114,1781271204.210484,3.400000095
rewards/train/match_format_approximately,115,1781271204.859438,3.849999905
rewards/train/match_format_approximately,116,1781271206.910145,2.349999905
rewards/train/match_format_approximately,117,1781271208.959085,0.8500000238
rewards/train/match_format_approximately,118,1781271211.007718,2.950000048
rewards/train/match_format_approximately,119,1781271211.687704,4
rewards/train/match_format_approximately,120,1781271212.217827,3.099999905
rewards/train/match_format_approximately,121,1781271212.874134,3.25
rewards/train/match_format_approximately,122,1781271213.955072,3.849999905
rewards/train/match_format_approximately,123,1781271216.004319,2.349999905
rewards/train/match_format_approximately,124,1781271217.864957,2.349999905
rewards/train/match_format_approximately,125,1781271219.734119,3.400000095
rewards/train/match_format_approximately,126,1781271220.194486,3.549999952
rewards/train/match_format_approximately,127,1781271221.002847,3.549999952
rewards/train/match_format_approximately,128,1781271582.954908,4
rewards/train/match_format_approximately,129,1781271585.019452,3.25
rewards/train/match_format_approximately,130,1781271586.108769,2.650000095
rewards/train/match_format_approximately,131,1781271588.159400,2.950000048
rewards/train/match_format_approximately,132,1781271588.673541,4
rewards/train/match_format_approximately,133,1781271590.349379,3.849999905
rewards/train/match_format_approximately,134,1781271591.828754,4
rewards/train/match_format_approximately,135,1781271593.879906,2.200000048
rewards/train/match_format_approximately,136,1781271595.930855,2.650000095
rewards/train/match_format_approximately,137,1781271597.982826,2.049999952
rewards/train/match_format_approximately,138,1781271598.791505,4
rewards/train/match_format_approximately,139,1781271599.597276,3.849999905
rewards/train/match_format_approximately,140,1781271600.171059,3.099999905
rewards/train/match_format_approximately,141,1781271601.206263,2.049999952
rewards/train/match_format_approximately,142,1781271602.271662,2.5
rewards/train/match_format_approximately,143,1781271603.031718,4
rewards/train/match_format_approximately,144,1781271603.699869,4
rewards/train/match_format_approximately,145,1781271604.255947,2.799999952
rewards/train/match_format_approximately,146,1781271604.838086,3.849999905
rewards/train/match_format_approximately,147,1781271606.890256,2.650000095
rewards/train/match_format_approximately,148,1781271608.941266,1.450000048
rewards/train/match_format_approximately,149,1781271609.764569,3.700000048
rewards/train/match_format_approximately,150,1781271610.536888,4
rewards/train/match_format_approximately,151,1781271611.405731,3.549999952
rewards/train/match_format_approximately,152,1781271612.040706,3.549999952
rewards/train/match_format_approximately,153,1781271613.318888,2.799999952
rewards/train/match_format_approximately,154,1781271615.025511,2.950000048
rewards/train/match_format_approximately,155,1781271616.697094,3.549999952
rewards/train/match_format_approximately,156,1781271617.433496,2.799999952
rewards/train/match_format_approximately,157,1781271619.484864,2.5
rewards/train/match_format_approximately,158,1781271620.453692,2.799999952
rewards/train/match_format_approximately,159,1781271620.982140,4
rewards/train/match_format_approximately,160,1781271621.893073,3.849999905
rewards/train/match_format_approximately,161,1781271622.557707,3.700000048
rewards/train/match_format_approximately,162,1781271624.608078,3.549999952
rewards/train/match_format_approximately,163,1781271625.254699,2.650000095
rewards/train/match_format_approximately,164,1781271627.306474,2.799999952
rewards/train/match_format_approximately,165,1781271628.183916,4
rewards/train/match_format_approximately,166,1781271629.550923,3.25
rewards/train/match_format_approximately,167,1781271630.424040,3.400000095
rewards/train/match_format_approximately,168,1781271631.262692,3.849999905
rewards/train/match_format_approximately,169,1781271632.058231,4
rewards/train/match_format_approximately,170,1781271632.923121,3.700000048
rewards/train/match_format_approximately,171,1781271633.644763,4
rewards/train/match_format_approximately,172,1781271634.236395,4
rewards/train/match_format_approximately,173,1781271635.300750,3.700000048
rewards/train/match_format_approximately,174,1781271636.148453,4
rewards/train/match_format_approximately,175,1781271636.713401,4
rewards/train/match_format_approximately,176,1781271638.040685,3.849999905
rewards/train/match_format_approximately,177,1781271640.092443,2.650000095
rewards/train/match_format_approximately,178,1781271642.144654,2.950000048
rewards/train/match_format_approximately,179,1781271642.690547,4
rewards/train/match_format_approximately,180,1781271644.741413,3.099999905
rewards/train/match_format_approximately,181,1781271645.593317,3.099999905
rewards/train/match_format_approximately,182,1781271646.489471,4
rewards/train/match_format_approximately,183,1781271647.065775,4
rewards/train/match_format_approximately,184,1781271649.115658,2.200000048
rewards/train/match_format_approximately,185,1781271649.731745,4
rewards/train/match_format_approximately,186,1781271650.402217,3.849999905
rewards/train/match_format_approximately,187,1781271651.515542,3.400000095
rewards/train/match_format_approximately,188,1781271653.565618,3.099999905
rewards/train/match_format_approximately,189,1781271655.617839,2.650000095
rewards/train/match_format_approximately,190,1781271656.536445,4
rewards/train/match_format_approximately,191,1781271657.091042,3.700000048
rewards/train/match_format_approximately,192,1781272034.750747,2.5
rewards/train/match_format_approximately,193,1781272035.336807,4
rewards/train/match_format_approximately,194,1781272035.999323,4
rewards/train/match_format_approximately,195,1781272037.332369,3.549999952
rewards/train/match_format_approximately,196,1781272037.993202,4
rewards/train/match_format_approximately,197,1781272039.648767,4
rewards/train/match_format_approximately,198,1781272041.018813,3.700000048
rewards/train/match_format_approximately,199,1781272041.656556,4
rewards/train/match_format_approximately,200,1781272042.576548,3.400000095
rewards/train/match_format_approximately,201,1781272043.011130,4
rewards/train/match_format_approximately,202,1781272044.293077,4
rewards/train/match_format_approximately,203,1781272045.047547,4
rewards/train/match_format_approximately,204,1781272045.911828,3.700000048
rewards/train/match_format_approximately,205,1781272047.856021,3.549999952
rewards/train/match_format_approximately,206,1781272049.906484,2.950000048
rewards/train/match_format_approximately,207,1781272050.768080,4
rewards/train/match_format_approximately,208,1781272051.487148,4
rewards/train/match_format_approximately,209,1781272052.855298,4
rewards/train/match_format_approximately,210,1781272053.512799,4
rewards/train/match_format_approximately,211,1781272054.373728,4
rewards/train/match_format_approximately,212,1781272055.233808,3.700000048
rewards/train/match_format_approximately,213,1781272056.211544,3.849999905
rewards/train/match_format_approximately,214,1781272057.373278,4
rewards/train/match_format_approximately,215,1781272058.086584,4
rewards/train/match_format_approximately,216,1781272060.136369,3.549999952
rewards/train/match_format_approximately,217,1781272062.186170,1.299999952
rewards/train/match_format_approximately,218,1781272064.236882,3.549999952
rewards/train/match_format_approximately,219,1781272064.918015,3.849999905
rewards/train/match_format_approximately,220,1781272065.735002,4
rewards/train/match_format_approximately,221,1781272067.785932,3.25
rewards/train/match_format_approximately,222,1781272068.637762,3.849999905
rewards/train/match_format_approximately,223,1781272069.256341,4
rewards/train/match_format_approximately,224,1781272071.306260,3.400000095
rewards/train/match_format_approximately,225,1781272073.357064,3.849999905
rewards/train/match_format_approximately,226,1781272074.135248,3.700000048
rewards/train/match_format_approximately,227,1781272076.184933,3.549999952
rewards/train/match_format_approximately,228,1781272077.204123,4
rewards/train/match_format_approximately,229,1781272077.986341,4
rewards/train/match_format_approximately,230,1781272080.038562,3.549999952
rewards/train/match_format_approximately,231,1781272080.678367,3.849999905
rewards/train/match_format_approximately,232,1781272081.297865,3.849999905
rewards/train/match_format_approximately,233,1781272083.349692,0.400000006
rewards/train/match_format_approximately,234,1781272085.401708,3.549999952
rewards/train/match_format_approximately,235,1781272086.862044,4
rewards/train/match_format_approximately,236,1781272087.758162,4
rewards/train/match_format_approximately,237,1781272088.381927,4
rewards/train/match_format_approximately,238,1781272089.235950,4
rewards/train/match_format_approximately,239,1781272089.881668,4
rewards/train/match_format_approximately,240,1781272090.434500,4
rewards/train/match_format_approximately,241,1781272092.484936,3.400000095
rewards/train/match_format_approximately,242,1781272094.534229,3.549999952
rewards/train/match_format_approximately,243,1781272095.306782,4
rewards/train/match_format_approximately,244,1781272096.514307,4
rewards/train/match_format_approximately,245,1781272097.370066,4
rewards/train/match_format_approximately,246,1781272098.149074,3.849999905
rewards/train/match_format_approximately,247,1781272100.200268,2.049999952
rewards/train/match_format_approximately,248,1781272100.965291,3.849999905
rewards/train/match_format_approximately,249,1781272103.611478,4
rewards/train/match_format_approximately,250,1781272104.406990,4
rewards/train/match_format_approximately,251,1781272106.455521,2.049999952
rewards/train/match_format_approximately,252,1781272107.665802,4
rewards/train/match_format_approximately,253,1781272108.255330,4
rewards/train/match_format_approximately,254,1781272108.784595,4
rewards/train/match_format_approximately,255,1781272110.833709,3.549999952
rewards/train/match_format_approximately,256,1781272439.479135,4
rewards/train/match_format_approximately,257,1781272440.521507,4
rewards/train/match_format_approximately,258,1781272441.248346,4
rewards/train/match_format_approximately,259,1781272441.826772,4
rewards/train/match_format_approximately,260,1781272442.641393,4
rewards/train/match_format_approximately,261,1781272443.424570,4
rewards/train/match_format_approximately,262,1781272444.050536,4
rewards/train/match_format_approximately,263,1781272445.003544,3.549999952
rewards/train/match_format_approximately,264,1781272445.640033,4
rewards/train/match_format_approximately,265,1781272447.021218,3.849999905
rewards/train/match_format_approximately,266,1781272448.613682,1.899999976
rewards/train/match_format_approximately,267,1781272450.664353,1.899999976
rewards/train/match_format_approximately,268,1781272452.098358,3.849999905
rewards/train/match_format_approximately,269,1781272452.762994,4
rewards/train/match_format_approximately,270,1781272453.608869,4
rewards/train/match_format_approximately,271,1781272454.230201,4
rewards/train/match_format_approximately,272,1781272454.972397,4
rewards/train/match_format_approximately,273,1781272457.024238,3.099999905
rewards/train/match_format_approximately,274,1781272457.609810,4
rewards/train/match_format_approximately,275,1781272458.728728,3.700000048
rewards/train/match_format_approximately,276,1781272459.888323,4
rewards/train/match_format_approximately,277,1781272460.838047,4
rewards/train/match_format_approximately,278,1781272462.272938,3.549999952
rewards/train/match_format_approximately,279,1781272463.337866,4
rewards/train/match_format_approximately,280,1781272463.967122,3.849999905
rewards/train/match_format_approximately,281,1781272464.434525,4
rewards/train/match_format_approximately,282,1781272465.391507,4
rewards/train/match_format_approximately,283,1781272466.633178,3.849999905
rewards/train/match_format_approximately,284,1781272468.683962,1.75
rewards/train/match_format_approximately,285,1781272469.795058,4
rewards/train/match_format_approximately,286,1781272471.847239,0.8500000238
rewards/train/match_format_approximately,287,1781272473.898105,3.549999952
rewards/train/match_format_approximately,288,1781272474.364450,4
rewards/train/match_format_approximately,289,1781272475.063239,4
rewards/train/match_format_approximately,290,1781272475.808222,4
rewards/train/match_format_approximately,291,1781272476.532463,4
rewards/train/match_format_approximately,292,1781272477.546814,4
rewards/train/match_format_approximately,293,1781272478.515211,4
rewards/train/match_format_approximately,294,1781272479.409562,4
rewards/train/match_format_approximately,295,1781272480.132576,4
rewards/train/match_format_approximately,296,1781272482.163750,3.549999952
rewards/train/match_format_approximately,297,1781272483.662648,3.549999952
rewards/train/match_format_approximately,298,1781272484.485849,4
rewards/train/match_format_approximately,299,1781272485.174437,4
rewards/train/match_format_approximately,300,1781272487.225735,3.549999952
rewards/train/match_format_approximately,301,1781272488.701932,4
rewards/train/match_format_approximately,302,1781272489.775175,4
rewards/train/match_format_approximately,303,1781272490.496702,4
rewards/train/match_format_approximately,304,1781272491.035063,4
rewards/train/match_format_approximately,305,1781272491.825600,3.849999905
rewards/train/match_format_approximately,306,1781272492.636901,4
rewards/train/match_format_approximately,307,1781272494.689686,3.400000095
rewards/train/match_format_approximately,308,1781272496.542234,3.549999952
rewards/train/match_format_approximately,309,1781272497.015797,4
rewards/train/match_format_approximately,310,1781272499.067528,2.349999905
rewards/train/match_format_approximately,311,1781272500.915209,3.400000095
rewards/train/match_format_approximately,312,1781272502.967751,3.400000095
rewards/train/match_format_approximately,313,1781272503.508095,4
rewards/train/match_format_approximately,314,1781272504.607317,4
rewards/train/match_format_approximately,315,1781272505.281143,4
rewards/train/match_format_approximately,316,1781272506.216494,4
rewards/train/match_format_approximately,317,1781272507.025655,4
rewards/train/match_format_approximately,318,1781272507.963946,4
rewards/train/match_format_approximately,319,1781272508.441141,4
rewards/train/match_format_approximately,320,1781272842.521588,3.099999905
rewards/train/match_format_approximately,321,1781272843.369652,4
rewards/train/match_format_approximately,322,1781272844.035274,4
rewards/train/match_format_approximately,323,1781272846.087981,3.099999905
rewards/train/match_format_approximately,324,1781272846.644810,2.200000048
rewards/train/match_format_approximately,325,1781272848.698467,2.200000048
rewards/train/match_format_approximately,326,1781272849.751409,4
rewards/train/match_format_approximately,327,1781272850.549437,4
rewards/train/match_format_approximately,328,1781272852.601543,3.549999952
rewards/train/match_format_approximately,329,1781272853.194090,4
rewards/train/match_format_approximately,330,1781272853.959500,4
rewards/train/match_format_approximately,331,1781272854.792227,4
rewards/train/match_format_approximately,332,1781272855.427727,4
rewards/train/match_format_approximately,333,1781272856.446521,4
rewards/train/match_format_approximately,334,1781272857.199815,4
rewards/train/match_format_approximately,335,1781272858.190257,4
rewards/train/match_format_approximately,336,1781272859.452866,4
rewards/train/match_format_approximately,337,1781272861.504215,3.099999905
rewards/train/match_format_approximately,338,1781272862.352779,3.849999905
rewards/train/match_format_approximately,339,1781272863.230697,4
rewards/train/match_format_approximately,340,1781272864.039613,4
rewards/train/match_format_approximately,341,1781272865.561394,3.549999952
rewards/train/match_format_approximately,342,1781272866.838343,4
rewards/train/match_format_approximately,343,1781272867.655055,4
rewards/train/match_format_approximately,344,1781272868.351565,4
rewards/train/match_format_approximately,345,1781272869.309765,4
rewards/train/match_format_approximately,346,1781272870.027121,4
rewards/train/match_format_approximately,347,1781272870.649412,4
rewards/train/match_format_approximately,348,1781272872.701654,2.650000095
rewards/train/match_format_approximately,349,1781272873.681035,3.849999905
rewards/train/match_format_approximately,350,1781272875.734697,2.650000095
rewards/train/match_format_approximately,351,1781272877.787385,1.299999952
rewards/train/match_format_approximately,352,1781272878.698709,4
rewards/train/match_format_approximately,353,1781272879.222107,4
rewards/train/match_format_approximately,354,1781272881.030617,3.849999905
rewards/train/match_format_approximately,355,1781272881.980746,4
rewards/train/match_format_approximately,356,1781272883.000740,4
rewards/train/match_format_approximately,357,1781272885.052037,3.099999905
rewards/train/match_format_approximately,358,1781272886.789051,4
rewards/train/match_format_approximately,359,1781272887.375056,4
rewards/train/match_format_approximately,360,1781272889.428870,2.5
rewards/train/match_format_approximately,361,1781272889.918989,4
rewards/train/match_format_approximately,362,1781272890.508939,4
rewards/train/match_format_approximately,363,1781272891.291816,4
rewards/train/match_format_approximately,364,1781272891.836881,4
rewards/train/match_format_approximately,365,1781272892.554694,4
rewards/train/match_format_approximately,366,1781272893.172256,4
rewards/train/match_format_approximately,367,1781272894.143104,4
rewards/train/match_format_approximately,368,1781272895.851171,3.549999952
rewards/train/match_format_approximately,369,1781272896.578023,4
rewards/train/match_format_approximately,370,1781272898.046738,4
rewards/train/match_format_approximately,371,1781272899.119850,3.849999905
rewards/train/match_format_approximately,372,1781272900.587365,3.700000048
rewards/train/match_format_approximately,373,1781272901.435930,4
rewards/train/match_format_approximately,374,1781272902.927778,3.700000048
rewards/train/match_format_approximately,375,1781272903.574487,4
rewards/train/match_format_approximately,376,1781272904.127793,4
rewards/train/match_format_approximately,377,1781272905.003047,4
rewards/train/match_format_approximately,378,1781272905.855956,4
rewards/train/match_format_approximately,379,1781272906.834784,4
rewards/train/match_format_approximately,380,1781272907.475004,4
rewards/train/match_format_approximately,381,1781272908.078717,4
rewards/train/match_format_approximately,382,1781272908.698596,4
rewards/train/match_format_approximately,383,1781272909.886550,4
rewards/train/match_format_approximately,384,1781273202.922918,4
rewards/train/match_format_approximately,385,1781273203.891406,4
rewards/train/match_format_approximately,386,1781273205.032895,4
rewards/train/match_format_approximately,387,1781273205.639776,4
rewards/train/match_format_approximately,388,1781273206.280617,4
rewards/train/match_format_approximately,389,1781273207.256278,4
rewards/train/match_format_approximately,390,1781273208.190629,4
rewards/train/match_format_approximately,391,1781273208.687454,4
rewards/train/match_format_approximately,392,1781273210.118043,4
rewards/train/match_format_approximately,393,1781273210.801413,4
rewards/train/match_format_approximately,394,1781273211.210307,4
rewards/train/match_format_approximately,395,1781273211.783810,4
rewards/train/match_format_approximately,396,1781273213.835081,2.950000048
rewards/train/match_format_approximately,397,1781273214.711001,4
rewards/train/match_format_approximately,398,1781273215.682300,3.849999905
rewards/train/match_format_approximately,399,1781273216.577138,4
rewards/train/match_format_approximately,400,1781273217.301812,4
rewards/train/match_format_approximately,401,1781273218.517252,4
rewards/train/match_format_approximately,402,1781273218.975743,4
rewards/train/match_format_approximately,403,1781273219.884733,4
rewards/train/match_format_approximately,404,1781273220.696396,4
rewards/train/match_format_approximately,405,1781273221.612627,4
rewards/train/match_format_approximately,406,1781273223.133604,4
rewards/train/match_format_approximately,407,1781273224.660621,4
rewards/train/match_format_approximately,408,1781273225.322123,4
rewards/train/match_format_approximately,409,1781273225.913719,4
rewards/train/match_format_approximately,410,1781273226.582121,4
rewards/train/match_format_approximately,411,1781273227.346699,4
rewards/train/match_format_approximately,412,1781273228.217066,4
rewards/train/match_format_approximately,413,1781273228.890208,4
rewards/train/match_format_approximately,414,1781273229.722583,4
rewards/train/match_format_approximately,415,1781273230.520179,4
rewards/train/match_format_approximately,416,1781273231.024743,4
rewards/train/match_format_approximately,417,1781273231.991879,4
rewards/train/match_format_approximately,418,1781273232.756487,4
rewards/train/match_format_approximately,419,1781273233.729451,4
rewards/train/match_format_approximately,420,1781273234.609545,4
rewards/train/match_format_approximately,421,1781273235.459126,4
rewards/train/match_format_approximately,422,1781273236.024338,4
rewards/train/match_format_approximately,423,1781273236.550696,4
rewards/train/match_format_approximately,424,1781273237.615033,4
rewards/train/match_format_approximately,425,1781273238.263427,4
rewards/train/match_format_approximately,426,1781273239.443802,4
rewards/train/match_format_approximately,427,1781273240.185688,3.099999905
rewards/train/match_format_approximately,428,1781273241.257336,4
rewards/train/match_format_approximately,429,1781273242.210889,4
rewards/train/match_format_approximately,430,1781273243.025408,4
rewards/train/match_format_approximately,431,1781273243.956957,3.849999905
rewards/train/match_format_approximately,432,1781273244.894468,4
rewards/train/match_format_approximately,433,1781273245.481046,4
rewards/train/match_format_approximately,434,1781273246.222520,4
rewards/train/match_format_approximately,435,1781273247.656929,4
rewards/train/match_format_approximately,436,1781273248.563437,4
rewards/train/match_format_approximately,437,1781273249.300346,4
rewards/train/match_format_approximately,438,1781273251.351039,3.25
rewards/train/match_format_approximately,439,1781273252.330005,4
rewards/train/match_format_approximately,440,1781273253.139426,4
rewards/train/match_format_approximately,441,1781273254.355067,4
rewards/train/match_format_approximately,442,1781273255.381906,4
rewards/train/match_format_approximately,443,1781273257.253235,4
rewards/train/match_format_approximately,444,1781273257.922810,4
rewards/train/match_format_approximately,445,1781273258.760826,4
rewards/train/match_format_approximately,446,1781273260.632421,3.849999905
rewards/train/match_format_approximately,447,1781273261.473390,4
rewards/train/match_format_approximately,448,1781273544.069881,4
rewards/train/match_format_approximately,449,1781273545.246280,4
rewards/train/match_format_approximately,450,1781273545.869073,4
rewards/train/match_format_approximately,451,1781273547.065107,4
rewards/train/match_format_approximately,452,1781273548.438869,4
rewards/train/match_format_approximately,453,1781273549.455185,4
rewards/train/match_format_approximately,454,1781273550.305282,4
rewards/train/match_format_approximately,455,1781273551.312439,4
rewards/train/match_format_approximately,456,1781273551.975920,4
rewards/train/match_format_approximately,457,1781273552.661486,4
rewards/train/match_format_approximately,458,1781273553.343019,4
rewards/train/match_format_approximately,459,1781273554.095395,4
rewards/train/match_format_approximately,460,1781273554.748381,4
rewards/train/match_format_approximately,461,1781273556.042626,4
rewards/train/match_format_approximately,462,1781273556.713817,4
rewards/train/match_format_approximately,463,1781273558.767113,3.549999952
rewards/train/match_format_approximately,464,1781273559.675788,3.849999905
rewards/train/match_format_approximately,465,1781273560.491387,4
rewards/train/match_format_approximately,466,1781273562.541618,3.549999952
rewards/train/match_format_approximately,467,1781273563.412659,4
rewards/train/match_format_approximately,468,1781273563.931723,4
rewards/train/match_format_approximately,469,1781273565.982167,0.400000006
rewards/train/match_format_approximately,470,1781273566.718317,4
rewards/train/match_format_approximately,471,1781273567.411861,4
rewards/train/match_format_approximately,472,1781273569.463195,3.099999905
rewards/train/match_format_approximately,473,1781273571.515200,3.099999905
rewards/train/match_format_approximately,474,1781273572.354704,4
rewards/train/match_format_approximately,475,1781273572.787891,4
rewards/train/match_format_approximately,476,1781273573.445310,4
rewards/train/match_format_approximately,477,1781273574.226382,4
rewards/train/match_format_approximately,478,1781273575.235242,4
rewards/train/match_format_approximately,479,1781273575.906805,4
rewards/train/match_format_approximately,480,1781273576.373715,4
rewards/train/match_format_approximately,481,1781273577.060934,4
rewards/train/match_format_approximately,482,1781273577.904604,4
rewards/train/match_format_approximately,483,1781273578.678814,4
rewards/train/match_format_approximately,484,1781273580.086660,4
rewards/train/match_format_approximately,485,1781273580.688929,4
rewards/train/match_format_approximately,486,1781273582.506753,3.549999952
rewards/train/match_format_approximately,487,1781273583.046238,4
rewards/train/match_format_approximately,488,1781273584.964728,3.400000095
rewards/train/match_format_approximately,489,1781273586.539094,4
rewards/train/match_format_approximately,490,1781273587.309199,4
rewards/train/match_format_approximately,491,1781273587.931947,4
rewards/train/match_format_approximately,492,1781273588.742550,4
rewards/train/match_format_approximately,493,1781273589.383024,4
rewards/train/match_format_approximately,494,1781273590.276479,4
rewards/train/match_format_approximately,495,1781273591.112590,4
rewards/train/match_format_approximately,496,1781273592.109664,4
rewards/train/match_format_approximately,497,1781273592.825055,4
rewards/train/match_format_approximately,498,1781273593.533365,4
rewards/train/match_format_approximately,499,1781273595.901803,4
rewards/train/check_answer,0,1781270706.700716,0
rewards/train/check_answer,1,1781270707.680999,0
rewards/train/check_answer,2,1781270709.728113,0
rewards/train/check_answer,3,1781270710.506698,0.03125
rewards/train/check_answer,4,1781270711.023070,-0.125
rewards/train/check_answer,5,1781270711.588451,0
rewards/train/check_answer,6,1781270713.633753,0
rewards/train/check_answer,7,1781270714.439312,0.25
rewards/train/check_answer,8,1781270715.020605,0
rewards/train/check_answer,9,1781270715.598439,0
rewards/train/check_answer,10,1781270716.575769,1
rewards/train/check_answer,11,1781270718.620834,0
rewards/train/check_answer,12,1781270719.624355,0.125
rewards/train/check_answer,13,1781270720.545223,0
rewards/train/check_answer,14,1781270721.020590,0
rewards/train/check_answer,15,1781270723.067435,0
rewards/train/check_answer,16,1781270723.704278,0
rewards/train/check_answer,17,1781270725.024242,0
rewards/train/check_answer,18,1781270725.804558,0
rewards/train/check_answer,19,1781270726.693221,0
rewards/train/check_answer,20,1781270727.209839,0
rewards/train/check_answer,21,1781270727.913969,0
rewards/train/check_answer,22,1781270729.960285,0
rewards/train/check_answer,23,1781270731.181968,0
rewards/train/check_answer,24,1781270731.851289,0
rewards/train/check_answer,25,1781270732.654264,0
rewards/train/check_answer,26,1781270733.130782,0
rewards/train/check_answer,27,1781270733.978345,0
rewards/train/check_answer,28,1781270736.026906,0
rewards/train/check_answer,29,1781270738.075143,0
rewards/train/check_answer,30,1781270738.980519,0
rewards/train/check_answer,31,1781270741.028712,0
rewards/train/check_answer,32,1781270743.075576,0
rewards/train/check_answer,33,1781270745.123350,0
rewards/train/check_answer,34,1781270747.170163,0
rewards/train/check_answer,35,1781270749.217334,0
rewards/train/check_answer,36,1781270750.000948,0
rewards/train/check_answer,37,1781270750.587126,0
rewards/train/check_answer,38,1781270752.635934,0.03125
rewards/train/check_answer,39,1781270753.310129,0
rewards/train/check_answer,40,1781270755.359127,-0.125
rewards/train/check_answer,41,1781270756.197474,0
rewards/train/check_answer,42,1781270757.736101,0
rewards/train/check_answer,43,1781270759.783499,0
rewards/train/check_answer,44,1781270760.709912,0
rewards/train/check_answer,45,1781270762.757897,0
rewards/train/check_answer,46,1781270763.539307,0
rewards/train/check_answer,47,1781270764.906862,0
rewards/train/check_answer,48,1781270765.448085,0
rewards/train/check_answer,49,1781270767.244416,-0.875
rewards/train/check_answer,50,1781270768.601347,-0.125
rewards/train/check_answer,51,1781270770.650524,0.75
rewards/train/check_answer,52,1781270771.331461,-0.125
rewards/train/check_answer,53,1781270771.911813,0
rewards/train/check_answer,54,1781270772.673196,0.15625
rewards/train/check_answer,55,1781270773.887438,0
rewards/train/check_answer,56,1781270774.361245,0
rewards/train/check_answer,57,1781270775.004893,0.5
rewards/train/check_answer,58,1781270776.510991,-0.5
rewards/train/check_answer,59,1781270778.560148,0
rewards/train/check_answer,60,1781270780.607595,0.25
rewards/train/check_answer,61,1781270781.107814,0
rewards/train/check_answer,62,1781270781.764247,0
rewards/train/check_answer,63,1781270782.455617,0
rewards/train/check_answer,64,1781271142.427583,0.75
rewards/train/check_answer,65,1781271144.489738,0.5
rewards/train/check_answer,66,1781271146.538852,0
rewards/train/check_answer,67,1781271147.257128,-0.125
rewards/train/check_answer,68,1781271147.908390,0
rewards/train/check_answer,69,1781271148.777279,0
rewards/train/check_answer,70,1781271150.635787,-0.4375
rewards/train/check_answer,71,1781271152.684535,0
rewards/train/check_answer,72,1781271153.152349,-0.375
rewards/train/check_answer,73,1781271155.199922,0.75
rewards/train/check_answer,74,1781271156.019212,0
rewards/train/check_answer,75,1781271156.597103,-0.1875
rewards/train/check_answer,76,1781271158.646801,-0.125
rewards/train/check_answer,77,1781271159.272889,1.625
rewards/train/check_answer,78,1781271159.916518,1.5
rewards/train/check_answer,79,1781271160.411858,-0.5
rewards/train/check_answer,80,1781271162.460532,-0.625
rewards/train/check_answer,81,1781271163.268866,0
rewards/train/check_answer,82,1781271165.128018,0.25
rewards/train/check_answer,83,1781271165.614470,0.78125
rewards/train/check_answer,84,1781271167.665745,0
rewards/train/check_answer,85,1781271168.268830,0
rewards/train/check_answer,86,1781271168.783610,-0.5
rewards/train/check_answer,87,1781271169.448561,0.5
rewards/train/check_answer,88,1781271170.099875,1.625
rewards/train/check_answer,89,1781271171.038495,-0.40625
rewards/train/check_answer,90,1781271173.087699,-0.1875
rewards/train/check_answer,91,1781271175.137658,0.5
rewards/train/check_answer,92,1781271176.176671,2
rewards/train/check_answer,93,1781271176.801466,0.25
rewards/train/check_answer,94,1781271177.600354,1.5
rewards/train/check_answer,95,1781271178.232314,1.1875
rewards/train/check_answer,96,1781271180.282077,0
rewards/train/check_answer,97,1781271182.329895,-0.21875
rewards/train/check_answer,98,1781271184.379697,-0.125
rewards/train/check_answer,99,1781271185.019111,-0.125
rewards/train/check_answer,100,1781271187.070019,0.15625
rewards/train/check_answer,101,1781271188.373504,-0.5
rewards/train/check_answer,102,1781271189.196903,0.09375
rewards/train/check_answer,103,1781271191.080883,-0.5
rewards/train/check_answer,104,1781271191.819456,2
rewards/train/check_answer,105,1781271192.483178,-0.125
rewards/train/check_answer,106,1781271193.282264,-0.3125
rewards/train/check_answer,107,1781271195.328973,0.75
rewards/train/check_answer,108,1781271196.103491,0.34375
rewards/train/check_answer,109,1781271198.151316,0.375
rewards/train/check_answer,110,1781271198.748204,-0.75
rewards/train/check_answer,111,1781271200.798313,-0.75
rewards/train/check_answer,112,1781271202.849965,0.375
rewards/train/check_answer,113,1781271203.349157,2
rewards/train/check_answer,114,1781271204.210705,1.75
rewards/train/check_answer,115,1781271204.859660,1.75
rewards/train/check_answer,116,1781271206.910356,-0.8125
rewards/train/check_answer,117,1781271208.959291,0.25
rewards/train/check_answer,118,1781271211.007930,0.5
rewards/train/check_answer,119,1781271211.687917,2
rewards/train/check_answer,120,1781271212.218036,2
rewards/train/check_answer,121,1781271212.874345,1.75
rewards/train/check_answer,122,1781271213.955278,-0.875
rewards/train/check_answer,123,1781271216.004520,0.625
rewards/train/check_answer,124,1781271217.865161,-0.21875
rewards/train/check_answer,125,1781271219.734335,0.125
rewards/train/check_answer,126,1781271220.194713,1.75
rewards/train/check_answer,127,1781271221.003051,0.90625
rewards/train/check_answer,128,1781271582.955093,0.875
rewards/train/check_answer,129,1781271585.019649,-0.625
rewards/train/check_answer,130,1781271586.108965,-0.59375
rewards/train/check_answer,131,1781271588.159590,-0.5
rewards/train/check_answer,132,1781271588.673745,-1
rewards/train/check_answer,133,1781271590.349559,-0.875
rewards/train/check_answer,134,1781271591.828935,-0.5
rewards/train/check_answer,135,1781271593.880094,-0.125
rewards/train/check_answer,136,1781271595.931034,-0.875
rewards/train/check_answer,137,1781271597.983009,0.625
rewards/train/check_answer,138,1781271598.791715,0.21875
rewards/train/check_answer,139,1781271599.597480,0.5
rewards/train/check_answer,140,1781271600.171240,1.625
rewards/train/check_answer,141,1781271601.206443,0.5
rewards/train/check_answer,142,1781271602.271859,-0.1875
rewards/train/check_answer,143,1781271603.031925,1
rewards/train/check_answer,144,1781271603.700058,2
rewards/train/check_answer,145,1781271604.256136,1.625
rewards/train/check_answer,146,1781271604.838264,1.75
rewards/train/check_answer,147,1781271606.890440,0.15625
rewards/train/check_answer,148,1781271608.941447,0
rewards/train/check_answer,149,1781271609.764764,1.3125
rewards/train/check_answer,150,1781271610.537073,-1
rewards/train/check_answer,151,1781271611.405922,1.25
rewards/train/check_answer,152,1781271612.040898,-0.125
rewards/train/check_answer,153,1781271613.319067,2
rewards/train/check_answer,154,1781271615.025714,-0.625
rewards/train/check_answer,155,1781271616.697280,-0.5
rewards/train/check_answer,156,1781271617.433699,1.75
rewards/train/check_answer,157,1781271619.485050,0.625
rewards/train/check_answer,158,1781271620.453886,1.375
rewards/train/check_answer,159,1781271620.982318,2
rewards/train/check_answer,160,1781271621.893244,-0.59375
rewards/train/check_answer,161,1781271622.557893,-0.625
rewards/train/check_answer,162,1781271624.608264,-0.875
rewards/train/check_answer,163,1781271625.254882,1
rewards/train/check_answer,164,1781271627.306662,-0.34375
rewards/train/check_answer,165,1781271628.184091,1.625
rewards/train/check_answer,166,1781271629.551096,0.5
rewards/train/check_answer,167,1781271630.424244,-0.1875
rewards/train/check_answer,168,1781271631.262877,1.75
rewards/train/check_answer,169,1781271632.058416,1.5
rewards/train/check_answer,170,1781271632.923298,1.125
rewards/train/check_answer,171,1781271633.644951,-0.5
rewards/train/check_answer,172,1781271634.236571,2
rewards/train/check_answer,173,1781271635.300931,-0.1875
rewards/train/check_answer,174,1781271636.148654,-0.75
rewards/train/check_answer,175,1781271636.713588,-1
rewards/train/check_answer,176,1781271638.040870,1
rewards/train/check_answer,177,1781271640.092630,-0.625
rewards/train/check_answer,178,1781271642.144845,-0.5
rewards/train/check_answer,179,1781271642.690754,2
rewards/train/check_answer,180,1781271644.741598,1.5
rewards/train/check_answer,181,1781271645.593501,1
rewards/train/check_answer,182,1781271646.489707,-0.25
rewards/train/check_answer,183,1781271647.065972,2
rewards/train/check_answer,184,1781271649.115852,-0.375
rewards/train/check_answer,185,1781271649.731930,1.625
rewards/train/check_answer,186,1781271650.402404,0.875
rewards/train/check_answer,187,1781271651.515741,-0.4375
rewards/train/check_answer,188,1781271653.565823,-0.75
rewards/train/check_answer,189,1781271655.618020,-0.34375
rewards/train/check_answer,190,1781271656.536649,-1
rewards/train/check_answer,191,1781271657.091228,1.75
rewards/train/check_answer,192,1781272034.750940,0.03125
rewards/train/check_answer,193,1781272035.336991,0.4375
rewards/train/check_answer,194,1781272035.999501,0.875
rewards/train/check_answer,195,1781272037.332562,0.25
rewards/train/check_answer,196,1781272037.993382,-0.625
rewards/train/check_answer,197,1781272039.648957,1.5625
rewards/train/check_answer,198,1781272041.018998,1.75
rewards/train/check_answer,199,1781272041.656751,-0.75
rewards/train/check_answer,200,1781272042.576746,0.25
rewards/train/check_answer,201,1781272043.011317,1.25
rewards/train/check_answer,202,1781272044.293259,-0.875
rewards/train/check_answer,203,1781272045.047763,1.625
rewards/train/check_answer,204,1781272045.912011,0.75
rewards/train/check_answer,205,1781272047.856207,1.75
rewards/train/check_answer,206,1781272049.906680,0.625
rewards/train/check_answer,207,1781272050.768262,0.5
rewards/train/check_answer,208,1781272051.487715,2
rewards/train/check_answer,209,1781272052.855523,-0.625
rewards/train/check_answer,210,1781272053.513045,2
rewards/train/check_answer,211,1781272054.373936,1.25
rewards/train/check_answer,212,1781272055.234017,0.75
rewards/train/check_answer,213,1781272056.211776,1.75
rewards/train/check_answer,214,1781272057.373489,1.625
rewards/train/check_answer,215,1781272058.086812,0.6875
rewards/train/check_answer,216,1781272060.136575,1.75
rewards/train/check_answer,217,1781272062.186376,0.5
rewards/train/check_answer,218,1781272064.237091,1.75
rewards/train/check_answer,219,1781272064.918213,0.25
rewards/train/check_answer,220,1781272065.735200,1.625
rewards/train/check_answer,221,1781272067.786108,0.5
rewards/train/check_answer,222,1781272068.637964,0.125
rewards/train/check_answer,223,1781272069.256528,1.75
rewards/train/check_answer,224,1781272071.306450,-0.75
rewards/train/check_answer,225,1781272073.357244,-0.5
rewards/train/check_answer,226,1781272074.135437,0.875
rewards/train/check_answer,227,1781272076.185107,-0.125
rewards/train/check_answer,228,1781272077.204310,0.875
rewards/train/check_answer,229,1781272077.986532,1.25
rewards/train/check_answer,230,1781272080.038771,-0.875
rewards/train/check_answer,231,1781272080.678550,0.625
rewards/train/check_answer,232,1781272081.298047,-0.75
rewards/train/check_answer,233,1781272083.349883,0
rewards/train/check_answer,234,1781272085.401929,-0.5625
rewards/train/check_answer,235,1781272086.862227,-0.84375
rewards/train/check_answer,236,1781272087.758343,0.125
rewards/train/check_answer,237,1781272088.382115,-0.5
rewards/train/check_answer,238,1781272089.236129,2
rewards/train/check_answer,239,1781272089.881863,2
rewards/train/check_answer,240,1781272090.434695,2
rewards/train/check_answer,241,1781272092.485121,-0.34375
rewards/train/check_answer,242,1781272094.534410,-0.875
rewards/train/check_answer,243,1781272095.306982,1.25
rewards/train/check_answer,244,1781272096.514492,1.25
rewards/train/check_answer,245,1781272097.370243,1.625
rewards/train/check_answer,246,1781272098.149251,2
rewards/train/check_answer,247,1781272100.200451,0.75
rewards/train/check_answer,248,1781272100.965477,0.25
rewards/train/check_answer,249,1781272103.612572,-1
rewards/train/check_answer,250,1781272104.407173,0.9375
rewards/train/check_answer,251,1781272106.455727,-0.375
rewards/train/check_answer,252,1781272107.665994,-1
rewards/train/check_answer,253,1781272108.255517,2
rewards/train/check_answer,254,1781272108.784807,2
rewards/train/check_answer,255,1781272110.833909,-0.5
rewards/train/check_answer,256,1781272439.479314,-0.15625
rewards/train/check_answer,257,1781272440.521700,-0.25
rewards/train/check_answer,258,1781272441.248523,-0.5
rewards/train/check_answer,259,1781272441.826953,-1
rewards/train/check_answer,260,1781272442.641575,-0.625
rewards/train/check_answer,261,1781272443.424774,1.625
rewards/train/check_answer,262,1781272444.050740,-0.625
rewards/train/check_answer,263,1781272445.003767,1.25
rewards/train/check_answer,264,1781272445.640213,2
rewards/train/check_answer,265,1781272447.021431,-0.8125
rewards/train/check_answer,266,1781272448.613880,0.125
rewards/train/check_answer,267,1781272450.664541,-0.4375
rewards/train/check_answer,268,1781272452.098544,0.25
rewards/train/check_answer,269,1781272452.763208,-0.84375
rewards/train/check_answer,270,1781272453.609206,-0.21875
rewards/train/check_answer,271,1781272454.230445,-0.25
rewards/train/check_answer,272,1781272454.972660,0.875
rewards/train/check_answer,273,1781272457.024508,-0.59375
rewards/train/check_answer,274,1781272457.610101,2
rewards/train/check_answer,275,1781272458.728987,-0.75
rewards/train/check_answer,276,1781272459.888535,2
rewards/train/check_answer,277,1781272460.838290,-0.71875
rewards/train/check_answer,278,1781272462.273184,0.75
rewards/train/check_answer,279,1781272463.338125,-1
rewards/train/check_answer,280,1781272463.967400,1.75
rewards/train/check_answer,281,1781272464.434784,2
rewards/train/check_answer,282,1781272465.391771,-0.84375
rewards/train/check_answer,283,1781272466.633428,-0.5
rewards/train/check_answer,284,1781272468.684220,-0.375
rewards/train/check_answer,285,1781272469.795290,0.90625
rewards/train/check_answer,286,1781272471.847499,0
rewards/train/check_answer,287,1781272473.898381,-0.875
rewards/train/check_answer,288,1781272474.364719,2
rewards/train/check_answer,289,1781272475.063478,1.625
rewards/train/check_answer,290,1781272475.808467,2
rewards/train/check_answer,291,1781272476.532725,0.125
rewards/train/check_answer,292,1781272477.547049,-1
rewards/train/check_answer,293,1781272478.515486,-0.25
rewards/train/check_answer,294,1781272479.409847,1.625
rewards/train/check_answer,295,1781272480.132838,1.625
rewards/train/check_answer,296,1781272482.164020,-0.875
rewards/train/check_answer,297,1781272483.662909,1.75
rewards/train/check_answer,298,1781272484.486088,-0.25
rewards/train/check_answer,299,1781272485.174696,0.5
rewards/train/check_answer,300,1781272487.225996,-0.875
rewards/train/check_answer,301,1781272488.702169,0.375
rewards/train/check_answer,302,1781272489.775419,2
rewards/train/check_answer,303,1781272490.496951,2
rewards/train/check_answer,304,1781272491.035314,2
rewards/train/check_answer,305,1781272491.825837,-0.875
rewards/train/check_answer,306,1781272492.637142,0.53125
rewards/train/check_answer,307,1781272494.689934,-0.375
rewards/train/check_answer,308,1781272496.542482,-0.125
rewards/train/check_answer,309,1781272497.016042,2
rewards/train/check_answer,310,1781272499.067822,0
rewards/train/check_answer,311,1781272500.915445,0.75
rewards/train/check_answer,312,1781272502.967996,-0.75
rewards/train/check_answer,313,1781272503.508327,2
rewards/train/check_answer,314,1781272504.607535,0.875
rewards/train/check_answer,315,1781272505.281383,2
rewards/train/check_answer,316,1781272506.216743,2
rewards/train/check_answer,317,1781272507.025878,-0.625
rewards/train/check_answer,318,1781272507.964193,-1
rewards/train/check_answer,319,1781272508.441380,1.625
rewards/train/check_answer,320,1781272842.521790,1.25
rewards/train/check_answer,321,1781272843.369919,0.125
rewards/train/check_answer,322,1781272844.035458,1.625
rewards/train/check_answer,323,1781272846.088202,-0.5
rewards/train/check_answer,324,1781272846.645100,0.75
rewards/train/check_answer,325,1781272848.698711,-0.125
rewards/train/check_answer,326,1781272849.751655,1.78125
rewards/train/check_answer,327,1781272850.549678,-0.84375
rewards/train/check_answer,328,1781272852.601716,-0.875
rewards/train/check_answer,329,1781272853.194312,0.875
rewards/train/check_answer,330,1781272853.959749,0.625
rewards/train/check_answer,331,1781272854.792451,0.125
rewards/train/check_answer,332,1781272855.427960,2
rewards/train/check_answer,333,1781272856.446739,-0.625
rewards/train/check_answer,334,1781272857.200039,0.5
rewards/train/check_answer,335,1781272858.190486,-0.625
rewards/train/check_answer,336,1781272859.453105,1
rewards/train/check_answer,337,1781272861.504455,-0.25
rewards/train/check_answer,338,1781272862.352973,-0.40625
rewards/train/check_answer,339,1781272863.230971,-0.625
rewards/train/check_answer,340,1781272864.039858,2
rewards/train/check_answer,341,1781272865.561624,1.375
rewards/train/check_answer,342,1781272866.838521,0.5
rewards/train/check_answer,343,1781272867.655270,1.78125
rewards/train/check_answer,344,1781272868.351780,2
rewards/train/check_answer,345,1781272869.310019,-0.625
rewards/train/check_answer,346,1781272870.027377,2
rewards/train/check_answer,347,1781272870.649594,2
rewards/train/check_answer,348,1781272872.701886,-0.125
rewards/train/check_answer,349,1781272873.681255,1.75
rewards/train/check_answer,350,1781272875.734927,-0.375
rewards/train/check_answer,351,1781272877.787589,0.125
rewards/train/check_answer,352,1781272878.698992,-0.0625
rewards/train/check_answer,353,1781272879.222336,-0.25
rewards/train/check_answer,354,1781272881.030864,-0.4375
rewards/train/check_answer,355,1781272881.980968,-1
rewards/train/check_answer,356,1781272883.000968,-1
rewards/train/check_answer,357,1781272885.052251,0.75
rewards/train/check_answer,358,1781272886.789248,-0.625
rewards/train/check_answer,359,1781272887.375272,-0.625
rewards/train/check_answer,360,1781272889.429102,0.625
rewards/train/check_answer,361,1781272889.919185,1.625
rewards/train/check_answer,362,1781272890.509188,1.28125
rewards/train/check_answer,363,1781272891.292070,0.5
rewards/train/check_answer,364,1781272891.837121,1.25
rewards/train/check_answer,365,1781272892.554919,0.125
rewards/train/check_answer,366,1781272893.172515,2
rewards/train/check_answer,367,1781272894.143344,-0.6875
rewards/train/check_answer,368,1781272895.851385,-0.875
rewards/train/check_answer,369,1781272896.578252,2
rewards/train/check_answer,370,1781272898.046961,0.8125
rewards/train/check_answer,371,1781272899.120113,-0.375
rewards/train/check_answer,372,1781272900.587592,-0.6875
rewards/train/check_answer,373,1781272901.436152,-0.25
rewards/train/check_answer,374,1781272902.927995,-0.5
rewards/train/check_answer,375,1781272903.574697,2
rewards/train/check_answer,376,1781272904.128031,1.25
rewards/train/check_answer,377,1781272905.003266,1.25
rewards/train/check_answer,378,1781272905.856196,0.125
rewards/train/check_answer,379,1781272906.835019,0.9375
rewards/train/check_answer,380,1781272907.475199,-0.09375
rewards/train/check_answer,381,1781272908.078958,1.625
rewards/train/check_answer,382,1781272908.698841,2
rewards/train/check_answer,383,1781272909.886755,2
rewards/train/check_answer,384,1781273202.923139,1.25
rewards/train/check_answer,385,1781273203.891604,1.78125
rewards/train/check_answer,386,1781273205.033116,1.25
rewards/train/check_answer,387,1781273205.639995,2
rewards/train/check_answer,388,1781273206.280782,2
rewards/train/check_answer,389,1781273207.256523,1.25
rewards/train/check_answer,390,1781273208.190871,-0.875
rewards/train/check_answer,391,1781273208.687661,1.625
rewards/train/check_answer,392,1781273210.118258,-0.84375
rewards/train/check_answer,393,1781273210.801669,1.25
rewards/train/check_answer,394,1781273211.210525,2
rewards/train/check_answer,395,1781273211.784099,1.625
rewards/train/check_answer,396,1781273213.835302,-0.625
rewards/train/check_answer,397,1781273214.711211,0.625
rewards/train/check_answer,398,1781273215.682507,-0.75
rewards/train/check_answer,399,1781273216.577396,-0.25
rewards/train/check_answer,400,1781273217.302148,-1
rewards/train/check_answer,401,1781273218.517445,0.875
rewards/train/check_answer,402,1781273218.975976,2
rewards/train/check_answer,403,1781273219.884944,1.25
rewards/train/check_answer,404,1781273220.696569,-1
rewards/train/check_answer,405,1781273221.612878,0.875
rewards/train/check_answer,406,1781273223.133854,-1
rewards/train/check_answer,407,1781273224.660878,-0.78125
rewards/train/check_answer,408,1781273225.322355,1.75
rewards/train/check_answer,409,1781273225.913957,1.625
rewards/train/check_answer,410,1781273226.582343,1.625
rewards/train/check_answer,411,1781273227.346947,1.125
rewards/train/check_answer,412,1781273228.217292,1.375
rewards/train/check_answer,413,1781273228.890418,0.75
rewards/train/check_answer,414,1781273229.722809,0.625
rewards/train/check_answer,415,1781273230.520370,0.4375
rewards/train/check_answer,416,1781273231.024960,2
rewards/train/check_answer,417,1781273231.992085,-0.25
rewards/train/check_answer,418,1781273232.756729,-1
rewards/train/check_answer,419,1781273233.729692,0.875
rewards/train/check_answer,420,1781273234.609781,0.625
rewards/train/check_answer,421,1781273235.459281,-0.25
rewards/train/check_answer,422,1781273236.024549,2
rewards/train/check_answer,423,1781273236.550936,0.125
rewards/train/check_answer,424,1781273237.615277,-1
rewards/train/check_answer,425,1781273238.263651,2
rewards/train/check_answer,426,1781273239.443997,1
rewards/train/check_answer,427,1781273240.185927,-0.75
rewards/train/check_answer,428,1781273241.257528,0.125
rewards/train/check_answer,429,1781273242.211123,-0.875
rewards/train/check_answer,430,1781273243.025582,0
rewards/train/check_answer,431,1781273243.957190,-0.875
rewards/train/check_answer,432,1781273244.894722,0.625
rewards/train/check_answer,433,1781273245.481266,-1
rewards/train/check_answer,434,1781273246.222743,0.875
rewards/train/check_answer,435,1781273247.657148,-0.3125
rewards/train/check_answer,436,1781273248.563678,0.125
rewards/train/check_answer,437,1781273249.300568,2
rewards/train/check_answer,438,1781273251.351263,-0.375
rewards/train/check_answer,439,1781273252.330231,0.125
rewards/train/check_answer,440,1781273253.139672,0.5
rewards/train/check_answer,441,1781273254.355301,-1
rewards/train/check_answer,442,1781273255.382130,-0.625
rewards/train/check_answer,443,1781273257.253483,-0.59375
rewards/train/check_answer,444,1781273257.923037,-0.25
rewards/train/check_answer,445,1781273258.761050,-0.125
rewards/train/check_answer,446,1781273260.632662,-0.71875
rewards/train/check_answer,447,1781273261.473617,-0.625
rewards/train/check_answer,448,1781273544.070120,2
rewards/train/check_answer,449,1781273545.246510,-0.25
rewards/train/check_answer,450,1781273545.869284,-1
rewards/train/check_answer,451,1781273547.065359,-0.5
rewards/train/check_answer,452,1781273548.439095,-1
rewards/train/check_answer,453,1781273549.455426,-0.25
rewards/train/check_answer,454,1781273550.305517,0.5
rewards/train/check_answer,455,1781273551.312681,1.625
rewards/train/check_answer,456,1781273551.976153,-1
rewards/train/check_answer,457,1781273552.661727,2
rewards/train/check_answer,458,1781273553.343240,-1
rewards/train/check_answer,459,1781273554.095632,0.125
rewards/train/check_answer,460,1781273554.748601,2
rewards/train/check_answer,461,1781273556.042905,-0.5
rewards/train/check_answer,462,1781273556.714067,0.1875
rewards/train/check_answer,463,1781273558.767388,0.875
rewards/train/check_answer,464,1781273559.676032,-0.4375
rewards/train/check_answer,465,1781273560.491630,-0.125
rewards/train/check_answer,466,1781273562.541881,-0.71875
rewards/train/check_answer,467,1781273563.412930,-0.625
rewards/train/check_answer,468,1781273563.931989,-1
rewards/train/check_answer,469,1781273565.982404,0
rewards/train/check_answer,470,1781273566.718582,1.125
rewards/train/check_answer,471,1781273567.412101,2
rewards/train/check_answer,472,1781273569.463421,-0.75
rewards/train/check_answer,473,1781273571.515423,0
rewards/train/check_answer,474,1781273572.354933,2
rewards/train/check_answer,475,1781273572.788124,1.625
rewards/train/check_answer,476,1781273573.445537,0.125
rewards/train/check_answer,477,1781273574.226618,-1
rewards/train/check_answer,478,1781273575.235451,0.5
rewards/train/check_answer,479,1781273575.907052,2
rewards/train/check_answer,480,1781273576.373945,2
rewards/train/check_answer,481,1781273577.061159,0.875
rewards/train/check_answer,482,1781273577.904874,-0.75
rewards/train/check_answer,483,1781273578.679070,0.875
rewards/train/check_answer,484,1781273580.086904,0.125
rewards/train/check_answer,485,1781273580.689151,-0.875
rewards/train/check_answer,486,1781273582.506988,-0.125
rewards/train/check_answer,487,1781273583.046473,2
rewards/train/check_answer,488,1781273584.964957,0.625
rewards/train/check_answer,489,1781273586.539317,-1
rewards/train/check_answer,490,1781273587.309440,2
rewards/train/check_answer,491,1781273587.932167,2
rewards/train/check_answer,492,1781273588.742803,-1
rewards/train/check_answer,493,1781273589.383275,-0.25
rewards/train/check_answer,494,1781273590.276722,0.125
rewards/train/check_answer,495,1781273591.112842,-0.71875
rewards/train/check_answer,496,1781273592.109895,2
rewards/train/check_answer,497,1781273592.825275,0.6875
rewards/train/check_answer,498,1781273593.533589,0.5
rewards/train/check_answer,499,1781273595.902205,-0.0625
rewards/train/check_numbers,0,1781270706.700972,0.5
rewards/train/check_numbers,1,1781270707.681211,0.5
rewards/train/check_numbers,2,1781270709.728318,0.1875
rewards/train/check_numbers,3,1781270710.506960,0.25
rewards/train/check_numbers,4,1781270711.023275,0.1875
rewards/train/check_numbers,5,1781270711.588702,0
rewards/train/check_numbers,6,1781270713.633975,0.1875
rewards/train/check_numbers,7,1781270714.439546,0.5
rewards/train/check_numbers,8,1781270715.020834,0.5
rewards/train/check_numbers,9,1781270715.598660,0.5
rewards/train/check_numbers,10,1781270716.576005,0.4375
rewards/train/check_numbers,11,1781270718.621056,0.0625
rewards/train/check_numbers,12,1781270719.624570,0.0625
rewards/train/check_numbers,13,1781270720.545484,0.1875
rewards/train/check_numbers,14,1781270721.020843,0.5
rewards/train/check_numbers,15,1781270723.067646,0.25
rewards/train/check_numbers,16,1781270723.704540,0.0625
rewards/train/check_numbers,17,1781270725.024471,0.375
rewards/train/check_numbers,18,1781270725.804787,0.1875
rewards/train/check_numbers,19,1781270726.693426,0
rewards/train/check_numbers,20,1781270727.210060,0.375
rewards/train/check_numbers,21,1781270727.914195,0.4375
rewards/train/check_numbers,22,1781270729.960496,0.375
rewards/train/check_numbers,23,1781270731.182172,0.3125
rewards/train/check_numbers,24,1781270731.851519,0.25
rewards/train/check_numbers,25,1781270732.654488,0.5
rewards/train/check_numbers,26,1781270733.131013,0
rewards/train/check_numbers,27,1781270733.978581,0.1875
rewards/train/check_numbers,28,1781270736.027123,0.1875
rewards/train/check_numbers,29,1781270738.075355,0
rewards/train/check_numbers,30,1781270738.980705,0
rewards/train/check_numbers,31,1781270741.028919,0.125
rewards/train/check_numbers,32,1781270743.075767,0.125
rewards/train/check_numbers,33,1781270745.123577,0
rewards/train/check_numbers,34,1781270747.170385,0.0625
rewards/train/check_numbers,35,1781270749.217546,0.0625
rewards/train/check_numbers,36,1781270750.001172,0.5
rewards/train/check_numbers,37,1781270750.587295,0.375
rewards/train/check_numbers,38,1781270752.636139,0
rewards/train/check_numbers,39,1781270753.310305,0.5
rewards/train/check_numbers,40,1781270755.359356,0
rewards/train/check_numbers,41,1781270756.197700,0.375
rewards/train/check_numbers,42,1781270757.736297,0.3125
rewards/train/check_numbers,43,1781270759.783787,0.0625
rewards/train/check_numbers,44,1781270760.710116,0.375
rewards/train/check_numbers,45,1781270762.758107,0
rewards/train/check_numbers,46,1781270763.539519,0.5
rewards/train/check_numbers,47,1781270764.907066,0
rewards/train/check_numbers,48,1781270765.448257,0.5
rewards/train/check_numbers,49,1781270767.244618,0
rewards/train/check_numbers,50,1781270768.601549,0.1875
rewards/train/check_numbers,51,1781270770.650711,0.375
rewards/train/check_numbers,52,1781270771.331657,0.375
rewards/train/check_numbers,53,1781270771.911994,0.4375
rewards/train/check_numbers,54,1781270772.673383,0.0625
rewards/train/check_numbers,55,1781270773.887605,0
rewards/train/check_numbers,56,1781270774.361425,0.4375
rewards/train/check_numbers,57,1781270775.005091,0.5
rewards/train/check_numbers,58,1781270776.511178,0
rewards/train/check_numbers,59,1781270778.560324,0.0625
rewards/train/check_numbers,60,1781270780.607792,0.1875
rewards/train/check_numbers,61,1781270781.107997,0.5
rewards/train/check_numbers,62,1781270781.764432,0.5
rewards/train/check_numbers,63,1781270782.455818,0.375
rewards/train/check_numbers,64,1781271142.427806,0.5
rewards/train/check_numbers,65,1781271144.489945,0.1875
rewards/train/check_numbers,66,1781271146.539049,0.0625
rewards/train/check_numbers,67,1781271147.257343,0.1875
rewards/train/check_numbers,68,1781271147.908598,0.0625
rewards/train/check_numbers,69,1781271148.777506,0.5
rewards/train/check_numbers,70,1781271150.635991,0
rewards/train/check_numbers,71,1781271152.684758,0
rewards/train/check_numbers,72,1781271153.152550,0.0625
rewards/train/check_numbers,73,1781271155.200133,0.25
rewards/train/check_numbers,74,1781271156.019414,0.4375
rewards/train/check_numbers,75,1781271156.597307,0
rewards/train/check_numbers,76,1781271158.647007,0.0625
rewards/train/check_numbers,77,1781271159.273087,0.4375
rewards/train/check_numbers,78,1781271159.916744,0.5
rewards/train/check_numbers,79,1781271160.412075,0
rewards/train/check_numbers,80,1781271162.460754,0
rewards/train/check_numbers,81,1781271163.269070,0.375
rewards/train/check_numbers,82,1781271165.128227,0.4375
rewards/train/check_numbers,83,1781271165.614721,0.25
rewards/train/check_numbers,84,1781271167.665948,0.125
rewards/train/check_numbers,85,1781271168.269034,0.375
rewards/train/check_numbers,86,1781271168.783835,0
rewards/train/check_numbers,87,1781271169.448792,0.4375
rewards/train/check_numbers,88,1781271170.100076,0.4375
rewards/train/check_numbers,89,1781271171.038705,0.1875
rewards/train/check_numbers,90,1781271173.087903,0.1875
rewards/train/check_numbers,91,1781271175.137875,0.3125
rewards/train/check_numbers,92,1781271176.176886,0.5
rewards/train/check_numbers,93,1781271176.801694,0.1875
rewards/train/check_numbers,94,1781271177.600553,0.5
rewards/train/check_numbers,95,1781271178.232520,0.4375
rewards/train/check_numbers,96,1781271180.282282,0.125
rewards/train/check_numbers,97,1781271182.330117,0
rewards/train/check_numbers,98,1781271184.379914,0.25
rewards/train/check_numbers,99,1781271185.019314,0.1875
rewards/train/check_numbers,100,1781271187.070222,0.0625
rewards/train/check_numbers,101,1781271188.373731,0.0625
rewards/train/check_numbers,102,1781271189.197108,0.4375
rewards/train/check_numbers,103,1781271191.081089,0.0625
rewards/train/check_numbers,104,1781271191.819692,0.5
rewards/train/check_numbers,105,1781271192.483381,0
rewards/train/check_numbers,106,1781271193.282466,0.0625
rewards/train/check_numbers,107,1781271195.329170,0.4375
rewards/train/check_numbers,108,1781271196.103702,0.5
rewards/train/check_numbers,109,1781271198.151529,0.125
rewards/train/check_numbers,110,1781271198.748408,0
rewards/train/check_numbers,111,1781271200.798545,0
rewards/train/check_numbers,112,1781271202.850166,0.3125
rewards/train/check_numbers,113,1781271203.349360,0.5
rewards/train/check_numbers,114,1781271204.210915,0.5
rewards/train/check_numbers,115,1781271204.859869,0.5
rewards/train/check_numbers,116,1781271206.910557,0
rewards/train/check_numbers,117,1781271208.959498,0.3125
rewards/train/check_numbers,118,1781271211.008127,0.1875
rewards/train/check_numbers,119,1781271211.688117,0.5
rewards/train/check_numbers,120,1781271212.218235,0.5
rewards/train/check_numbers,121,1781271212.874548,0.5
rewards/train/check_numbers,122,1781271213.955478,0
rewards/train/check_numbers,123,1781271216.004769,0.25
rewards/train/check_numbers,124,1781271217.865371,0.1875
rewards/train/check_numbers,125,1781271219.734541,0.125
rewards/train/check_numbers,126,1781271220.194922,0.4375
rewards/train/check_numbers,127,1781271221.003251,0.25
rewards/train/check_numbers,128,1781271582.955273,0.3125
rewards/train/check_numbers,129,1781271585.019840,0
rewards/train/check_numbers,130,1781271586.109143,0
rewards/train/check_numbers,131,1781271588.159792,0
rewards/train/check_numbers,132,1781271588.673927,0
rewards/train/check_numbers,133,1781271590.349769,0
rewards/train/check_numbers,134,1781271591.829112,0.0625
rewards/train/check_numbers,135,1781271593.880276,0.0625
rewards/train/check_numbers,136,1781271595.931210,0
rewards/train/check_numbers,137,1781271597.983183,0.375
rewards/train/check_numbers,138,1781271598.791900,0
rewards/train/check_numbers,139,1781271599.597685,0.25
rewards/train/check_numbers,140,1781271600.171417,0.4375
rewards/train/check_numbers,141,1781271601.206632,0.375
rewards/train/check_numbers,142,1781271602.272037,0
rewards/train/check_numbers,143,1781271603.032099,0.3125
rewards/train/check_numbers,144,1781271603.700236,0.5
rewards/train/check_numbers,145,1781271604.256309,0.4375
rewards/train/check_numbers,146,1781271604.838454,0.4375
rewards/train/check_numbers,147,1781271606.890618,0.0625
rewards/train/check_numbers,148,1781271608.941629,0.0625
rewards/train/check_numbers,149,1781271609.764933,0.375
rewards/train/check_numbers,150,1781271610.537247,0
rewards/train/check_numbers,151,1781271611.406096,0.375
rewards/train/check_numbers,152,1781271612.041078,0.125
rewards/train/check_numbers,153,1781271613.319235,0.5
rewards/train/check_numbers,154,1781271615.025906,0.0625
rewards/train/check_numbers,155,1781271616.697480,0
rewards/train/check_numbers,156,1781271617.433883,0.5
rewards/train/check_numbers,157,1781271619.485226,0.1875
rewards/train/check_numbers,158,1781271620.454065,0.375
rewards/train/check_numbers,159,1781271620.982501,0.5
rewards/train/check_numbers,160,1781271621.893411,0
rewards/train/check_numbers,161,1781271622.558062,0.0625
rewards/train/check_numbers,162,1781271624.608444,0
rewards/train/check_numbers,163,1781271625.255048,0.3125
rewards/train/check_numbers,164,1781271627.306841,0.0625
rewards/train/check_numbers,165,1781271628.184263,0.4375
rewards/train/check_numbers,166,1781271629.551267,0.25
rewards/train/check_numbers,167,1781271630.424417,0.0625
rewards/train/check_numbers,168,1781271631.263054,0.4375
rewards/train/check_numbers,169,1781271632.058598,0.375
rewards/train/check_numbers,170,1781271632.923469,0.4375
rewards/train/check_numbers,171,1781271633.645124,0.0625
rewards/train/check_numbers,172,1781271634.236771,0.5
rewards/train/check_numbers,173,1781271635.301111,0.125
rewards/train/check_numbers,174,1781271636.148842,0
rewards/train/check_numbers,175,1781271636.713786,0
rewards/train/check_numbers,176,1781271638.041042,0.375
rewards/train/check_numbers,177,1781271640.092827,0
rewards/train/check_numbers,178,1781271642.145019,0
rewards/train/check_numbers,179,1781271642.690936,0.5
rewards/train/check_numbers,180,1781271644.741801,0.375
rewards/train/check_numbers,181,1781271645.593688,0.3125
rewards/train/check_numbers,182,1781271646.489923,0.125
rewards/train/check_numbers,183,1781271647.066144,0.5
rewards/train/check_numbers,184,1781271649.116032,0
rewards/train/check_numbers,185,1781271649.732106,0.4375
rewards/train/check_numbers,186,1781271650.402579,0.25
rewards/train/check_numbers,187,1781271651.515921,0
rewards/train/check_numbers,188,1781271653.566000,0
rewards/train/check_numbers,189,1781271655.618199,0
rewards/train/check_numbers,190,1781271656.536838,0
rewards/train/check_numbers,191,1781271657.091415,0.4375
rewards/train/check_numbers,192,1781272034.751180,0.125
rewards/train/check_numbers,193,1781272035.337170,0.1875
rewards/train/check_numbers,194,1781272035.999715,0.1875
rewards/train/check_numbers,195,1781272037.332772,0.1875
rewards/train/check_numbers,196,1781272037.993557,0.0625
rewards/train/check_numbers,197,1781272039.649134,0.375
rewards/train/check_numbers,198,1781272041.019181,0.4375
rewards/train/check_numbers,199,1781272041.656934,0
rewards/train/check_numbers,200,1781272042.576930,0.375
rewards/train/check_numbers,201,1781272043.011507,0.375
rewards/train/check_numbers,202,1781272044.293442,0
rewards/train/check_numbers,203,1781272045.047936,0.4375
rewards/train/check_numbers,204,1781272045.912196,0.375
rewards/train/check_numbers,205,1781272047.856387,0.4375
rewards/train/check_numbers,206,1781272049.906868,0.3125
rewards/train/check_numbers,207,1781272050.768445,0.25
rewards/train/check_numbers,208,1781272051.488095,0.5
rewards/train/check_numbers,209,1781272052.855757,0.0625
rewards/train/check_numbers,210,1781272053.513244,0.5
rewards/train/check_numbers,211,1781272054.374140,0.375
rewards/train/check_numbers,212,1781272055.234215,0.3125
rewards/train/check_numbers,213,1781272056.211985,0.5
rewards/train/check_numbers,214,1781272057.373708,0.4375
rewards/train/check_numbers,215,1781272058.087022,0.125
rewards/train/check_numbers,216,1781272060.136790,0.4375
rewards/train/check_numbers,217,1781272062.186574,0.125
rewards/train/check_numbers,218,1781272064.237292,0.4375
rewards/train/check_numbers,219,1781272064.918399,0.25
rewards/train/check_numbers,220,1781272065.735393,0.4375
rewards/train/check_numbers,221,1781272067.786285,0.3125
rewards/train/check_numbers,222,1781272068.638157,0.0625
rewards/train/check_numbers,223,1781272069.256721,0.4375
rewards/train/check_numbers,224,1781272071.306628,0
rewards/train/check_numbers,225,1781272073.357439,0.0625
rewards/train/check_numbers,226,1781272074.135626,0.3125
rewards/train/check_numbers,227,1781272076.185293,0.125
rewards/train/check_numbers,228,1781272077.204483,0.3125
rewards/train/check_numbers,229,1781272077.986721,0.375
rewards/train/check_numbers,230,1781272080.038954,0
rewards/train/check_numbers,231,1781272080.678758,0.25
rewards/train/check_numbers,232,1781272081.298232,0
rewards/train/check_numbers,233,1781272083.350054,0
rewards/train/check_numbers,234,1781272085.402124,0
rewards/train/check_numbers,235,1781272086.862410,0
rewards/train/check_numbers,236,1781272087.758524,0.1875
rewards/train/check_numbers,237,1781272088.382296,0
rewards/train/check_numbers,238,1781272089.236300,0.5
rewards/train/check_numbers,239,1781272089.882041,0.5
rewards/train/check_numbers,240,1781272090.434877,0.5
rewards/train/check_numbers,241,1781272092.485300,0.0625
rewards/train/check_numbers,242,1781272094.534599,0
rewards/train/check_numbers,243,1781272095.307157,0.375
rewards/train/check_numbers,244,1781272096.514688,0.375
rewards/train/check_numbers,245,1781272097.370419,0.4375
rewards/train/check_numbers,246,1781272098.149433,0.5
rewards/train/check_numbers,247,1781272100.200649,0.25
rewards/train/check_numbers,248,1781272100.965669,0.1875
rewards/train/check_numbers,249,1781272103.613534,0
rewards/train/check_numbers,250,1781272104.407352,0.3125
rewards/train/check_numbers,251,1781272106.455914,0
rewards/train/check_numbers,252,1781272107.666178,0
rewards/train/check_numbers,253,1781272108.255708,0.5
rewards/train/check_numbers,254,1781272108.784992,0.5
rewards/train/check_numbers,255,1781272110.834076,0.0625
rewards/train/check_numbers,256,1781272439.479497,0
rewards/train/check_numbers,257,1781272440.521882,0.125
rewards/train/check_numbers,258,1781272441.248744,0
rewards/train/check_numbers,259,1781272441.827128,0
rewards/train/check_numbers,260,1781272442.641775,0
rewards/train/check_numbers,261,1781272443.424951,0.4375
rewards/train/check_numbers,262,1781272444.050927,0.0625
rewards/train/check_numbers,263,1781272445.003947,0.5
rewards/train/check_numbers,264,1781272445.640392,0.5
rewards/train/check_numbers,265,1781272447.021625,0
rewards/train/check_numbers,266,1781272448.614064,0.1875
rewards/train/check_numbers,267,1781272450.664748,0
rewards/train/check_numbers,268,1781272452.098739,0.1875
rewards/train/check_numbers,269,1781272452.763418,0
rewards/train/check_numbers,270,1781272453.609498,0
rewards/train/check_numbers,271,1781272454.230699,0.25
rewards/train/check_numbers,272,1781272454.972916,0.3125
rewards/train/check_numbers,273,1781272457.024767,0.0625
rewards/train/check_numbers,274,1781272457.610345,0.5
rewards/train/check_numbers,275,1781272458.729243,0
rewards/train/check_numbers,276,1781272459.888840,0.5
rewards/train/check_numbers,277,1781272460.838541,0
rewards/train/check_numbers,278,1781272462.273452,0.375
rewards/train/check_numbers,279,1781272463.338410,0
rewards/train/check_numbers,280,1781272463.967618,0.5
rewards/train/check_numbers,281,1781272464.435023,0.5
rewards/train/check_numbers,282,1781272465.392031,0
rewards/train/check_numbers,283,1781272466.633696,0.0625
rewards/train/check_numbers,284,1781272468.684473,0
rewards/train/check_numbers,285,1781272469.795532,0.1875
rewards/train/check_numbers,286,1781272471.847757,0
rewards/train/check_numbers,287,1781272473.898623,0
rewards/train/check_numbers,288,1781272474.364956,0.5
rewards/train/check_numbers,289,1781272475.063724,0.4375
rewards/train/check_numbers,290,1781272475.808701,0.5
rewards/train/check_numbers,291,1781272476.532938,0.1875
rewards/train/check_numbers,292,1781272477.547286,0
rewards/train/check_numbers,293,1781272478.515756,0.125
rewards/train/check_numbers,294,1781272479.410095,0.4375
rewards/train/check_numbers,295,1781272480.133073,0.4375
rewards/train/check_numbers,296,1781272482.164251,0
rewards/train/check_numbers,297,1781272483.663153,0.4375
rewards/train/check_numbers,298,1781272484.486324,0.125
rewards/train/check_numbers,299,1781272485.174946,0.25
rewards/train/check_numbers,300,1781272487.226228,0
rewards/train/check_numbers,301,1781272488.702408,0.25
rewards/train/check_numbers,302,1781272489.775675,0.5
rewards/train/check_numbers,303,1781272490.497182,0.5
rewards/train/check_numbers,304,1781272491.035550,0.5
rewards/train/check_numbers,305,1781272491.826127,0
rewards/train/check_numbers,306,1781272492.637405,0.125
rewards/train/check_numbers,307,1781272494.690184,0.125
rewards/train/check_numbers,308,1781272496.542733,0.0625
rewards/train/check_numbers,309,1781272497.016276,0.5
rewards/train/check_numbers,310,1781272499.068064,0.0625
rewards/train/check_numbers,311,1781272500.915700,0.3125
rewards/train/check_numbers,312,1781272502.968234,0
rewards/train/check_numbers,313,1781272503.508577,0.5
rewards/train/check_numbers,314,1781272504.607751,0.3125
rewards/train/check_numbers,315,1781272505.281617,0.5
rewards/train/check_numbers,316,1781272506.216979,0.5
rewards/train/check_numbers,317,1781272507.026154,0.0625
rewards/train/check_numbers,318,1781272507.964458,0
rewards/train/check_numbers,319,1781272508.441615,0.4375
rewards/train/check_numbers,320,1781272842.522114,0.4375
rewards/train/check_numbers,321,1781272843.370146,0.1875
rewards/train/check_numbers,322,1781272844.035793,0.4375
rewards/train/check_numbers,323,1781272846.088418,0
rewards/train/check_numbers,324,1781272846.645375,0.4375
rewards/train/check_numbers,325,1781272848.698933,0.0625
rewards/train/check_numbers,326,1781272849.751884,0.4375
rewards/train/check_numbers,327,1781272850.549903,0
rewards/train/check_numbers,328,1781272852.601976,0
rewards/train/check_numbers,329,1781272853.194492,0.375
rewards/train/check_numbers,330,1781272853.959969,0.25
rewards/train/check_numbers,331,1781272854.792658,0.1875
rewards/train/check_numbers,332,1781272855.428107,0.5
rewards/train/check_numbers,333,1781272856.446982,0.0625
rewards/train/check_numbers,334,1781272857.200217,0.25
rewards/train/check_numbers,335,1781272858.190731,0.0625
rewards/train/check_numbers,336,1781272859.453355,0.25
rewards/train/check_numbers,337,1781272861.504723,0.0625
rewards/train/check_numbers,338,1781272862.353259,0
rewards/train/check_numbers,339,1781272863.231184,0.0625
rewards/train/check_numbers,340,1781272864.040097,0.5
rewards/train/check_numbers,341,1781272865.561820,0.375
rewards/train/check_numbers,342,1781272866.838706,0.25
rewards/train/check_numbers,343,1781272867.655498,0.4375
rewards/train/check_numbers,344,1781272868.352034,0.5
rewards/train/check_numbers,345,1781272869.310306,0.0625
rewards/train/check_numbers,346,1781272870.027570,0.5
rewards/train/check_numbers,347,1781272870.649901,0.5
rewards/train/check_numbers,348,1781272872.702098,0.0625
rewards/train/check_numbers,349,1781272873.681473,0.5
rewards/train/check_numbers,350,1781272875.735170,0
rewards/train/check_numbers,351,1781272877.787849,0.0625
rewards/train/check_numbers,352,1781272878.699213,0.125
rewards/train/check_numbers,353,1781272879.222588,0.125
rewards/train/check_numbers,354,1781272881.031106,0.0625
rewards/train/check_numbers,355,1781272881.981187,0
rewards/train/check_numbers,356,1781272883.001198,0
rewards/train/check_numbers,357,1781272885.052420,0.25
rewards/train/check_numbers,358,1781272886.789430,0.0625
rewards/train/check_numbers,359,1781272887.375509,0.0625
rewards/train/check_numbers,360,1781272889.429290,0.25
rewards/train/check_numbers,361,1781272889.919371,0.4375
rewards/train/check_numbers,362,1781272890.509343,0.3125
rewards/train/check_numbers,363,1781272891.292293,0.25
rewards/train/check_numbers,364,1781272891.837364,0.375
rewards/train/check_numbers,365,1781272892.555136,0.1875
rewards/train/check_numbers,366,1781272893.172748,0.5
rewards/train/check_numbers,367,1781272894.143571,0.125
rewards/train/check_numbers,368,1781272895.851615,0
rewards/train/check_numbers,369,1781272896.578493,0.5
rewards/train/check_numbers,370,1781272898.047195,0.25
rewards/train/check_numbers,371,1781272899.120334,0
rewards/train/check_numbers,372,1781272900.587809,0
rewards/train/check_numbers,373,1781272901.436383,0.125
rewards/train/check_numbers,374,1781272902.928221,0.0625
rewards/train/check_numbers,375,1781272903.574965,0.5
rewards/train/check_numbers,376,1781272904.128258,0.375
rewards/train/check_numbers,377,1781272905.003507,0.375
rewards/train/check_numbers,378,1781272905.856428,0.1875
rewards/train/check_numbers,379,1781272906.835242,0.25
rewards/train/check_numbers,380,1781272907.475422,0.125
rewards/train/check_numbers,381,1781272908.079184,0.4375
rewards/train/check_numbers,382,1781272908.699033,0.5
rewards/train/check_numbers,383,1781272909.887028,0.5
rewards/train/check_numbers,384,1781273202.923350,0.375
rewards/train/check_numbers,385,1781273203.891884,0.4375
rewards/train/check_numbers,386,1781273205.033361,0.375
rewards/train/check_numbers,387,1781273205.640183,0.5
rewards/train/check_numbers,388,1781273206.281031,0.5
rewards/train/check_numbers,389,1781273207.256770,0.375
rewards/train/check_numbers,390,1781273208.191099,0
rewards/train/check_numbers,391,1781273208.687971,0.4375
rewards/train/check_numbers,392,1781273210.118479,0
rewards/train/check_numbers,393,1781273210.801906,0.375
rewards/train/check_numbers,394,1781273211.210747,0.5
rewards/train/check_numbers,395,1781273211.784289,0.4375
rewards/train/check_numbers,396,1781273213.835487,0
rewards/train/check_numbers,397,1781273214.711380,0.25
rewards/train/check_numbers,398,1781273215.682728,0
rewards/train/check_numbers,399,1781273216.577606,0.125
rewards/train/check_numbers,400,1781273217.302399,0
rewards/train/check_numbers,401,1781273218.517732,0.3125
rewards/train/check_numbers,402,1781273218.976185,0.5
rewards/train/check_numbers,403,1781273219.885180,0.375
rewards/train/check_numbers,404,1781273220.696813,0
rewards/train/check_numbers,405,1781273221.613104,0.3125
rewards/train/check_numbers,406,1781273223.134065,0
rewards/train/check_numbers,407,1781273224.661082,0
rewards/train/check_numbers,408,1781273225.322592,0.4375
rewards/train/check_numbers,409,1781273225.914164,0.4375
rewards/train/check_numbers,410,1781273226.582544,0.4375
rewards/train/check_numbers,411,1781273227.347153,0.3125
rewards/train/check_numbers,412,1781273228.217520,0.375
rewards/train/check_numbers,413,1781273228.890630,0.1875
rewards/train/check_numbers,414,1781273229.723042,0.25
rewards/train/check_numbers,415,1781273230.520630,0.1875
rewards/train/check_numbers,416,1781273231.025166,0.5
rewards/train/check_numbers,417,1781273231.992293,0
rewards/train/check_numbers,418,1781273232.756937,0
rewards/train/check_numbers,419,1781273233.729915,0.3125
rewards/train/check_numbers,420,1781273234.609929,0.25
rewards/train/check_numbers,421,1781273235.459417,0
rewards/train/check_numbers,422,1781273236.024769,0.5
rewards/train/check_numbers,423,1781273236.551141,0.1875
rewards/train/check_numbers,424,1781273237.615495,0
rewards/train/check_numbers,425,1781273238.263803,0.5
rewards/train/check_numbers,426,1781273239.444229,0.375
rewards/train/check_numbers,427,1781273240.186134,0
rewards/train/check_numbers,428,1781273241.257801,0.1875
rewards/train/check_numbers,429,1781273242.211329,0
rewards/train/check_numbers,430,1781273243.025865,0.125
rewards/train/check_numbers,431,1781273243.957433,0
rewards/train/check_numbers,432,1781273244.894952,0.25
rewards/train/check_numbers,433,1781273245.481506,0
rewards/train/check_numbers,434,1781273246.222947,0.3125
rewards/train/check_numbers,435,1781273247.657372,0.0625
rewards/train/check_numbers,436,1781273248.563903,0.1875
rewards/train/check_numbers,437,1781273249.300809,0.5
rewards/train/check_numbers,438,1781273251.351508,0.0625
rewards/train/check_numbers,439,1781273252.330466,0.1875
rewards/train/check_numbers,440,1781273253.139902,0.25
rewards/train/check_numbers,441,1781273254.355534,0
rewards/train/check_numbers,442,1781273255.382347,0.0625
rewards/train/check_numbers,443,1781273257.253744,0
rewards/train/check_numbers,444,1781273257.923272,0.125
rewards/train/check_numbers,445,1781273258.761265,0.125
rewards/train/check_numbers,446,1781273260.632889,0
rewards/train/check_numbers,447,1781273261.473858,0.0625
rewards/train/check_numbers,448,1781273544.070355,0.5
rewards/train/check_numbers,449,1781273545.246751,0.125
rewards/train/check_numbers,450,1781273545.869538,0
rewards/train/check_numbers,451,1781273547.065587,0
rewards/train/check_numbers,452,1781273548.439318,0
rewards/train/check_numbers,453,1781273549.455666,0.125
rewards/train/check_numbers,454,1781273550.305753,0.25
rewards/train/check_numbers,455,1781273551.312917,0.4375
rewards/train/check_numbers,456,1781273551.976382,0
rewards/train/check_numbers,457,1781273552.661963,0.5
rewards/train/check_numbers,458,1781273553.343463,0
rewards/train/check_numbers,459,1781273554.096027,0.1875
rewards/train/check_numbers,460,1781273554.748878,0.5
rewards/train/check_numbers,461,1781273556.043148,0.0625
rewards/train/check_numbers,462,1781273556.714296,0.1875
rewards/train/check_numbers,463,1781273558.767655,0.25
rewards/train/check_numbers,464,1781273559.676268,0
rewards/train/check_numbers,465,1781273560.491894,0
rewards/train/check_numbers,466,1781273562.542114,0
rewards/train/check_numbers,467,1781273563.413177,0.0625
rewards/train/check_numbers,468,1781273563.932223,0
rewards/train/check_numbers,469,1781273565.982649,0
rewards/train/check_numbers,470,1781273566.718845,0.3125
rewards/train/check_numbers,471,1781273567.412339,0.5
rewards/train/check_numbers,472,1781273569.463657,0
rewards/train/check_numbers,473,1781273571.515654,0.125
rewards/train/check_numbers,474,1781273572.355157,0.5
rewards/train/check_numbers,475,1781273572.788344,0.4375
rewards/train/check_numbers,476,1781273573.445776,0.1875
rewards/train/check_numbers,477,1781273574.226862,0
rewards/train/check_numbers,478,1781273575.235729,0.25
rewards/train/check_numbers,479,1781273575.907274,0.5
rewards/train/check_numbers,480,1781273576.374182,0.5
rewards/train/check_numbers,481,1781273577.061378,0.3125
rewards/train/check_numbers,482,1781273577.905092,0
rewards/train/check_numbers,483,1781273578.679313,0.3125
rewards/train/check_numbers,484,1781273580.087127,0.1875
rewards/train/check_numbers,485,1781273580.689373,0
rewards/train/check_numbers,486,1781273582.507209,0.125
rewards/train/check_numbers,487,1781273583.046717,0.5
rewards/train/check_numbers,488,1781273584.965206,0.1875
rewards/train/check_numbers,489,1781273586.539537,0
rewards/train/check_numbers,490,1781273587.309690,0.5
rewards/train/check_numbers,491,1781273587.932390,0.5
rewards/train/check_numbers,492,1781273588.743025,0
rewards/train/check_numbers,493,1781273589.383500,0.125
rewards/train/check_numbers,494,1781273590.276966,0.1875
rewards/train/check_numbers,495,1781273591.113063,0
rewards/train/check_numbers,496,1781273592.110117,0.5
rewards/train/check_numbers,497,1781273592.825503,0.125
rewards/train/check_numbers,498,1781273593.533842,0.25
rewards/train/check_numbers,499,1781273595.904796,0.0625
rewards/train/score/mean,0,1781270706.701199,0.8999999762
rewards/train/score/mean,1,1781270707.681414,0.8999999762
rewards/train/score/mean,2,1781270709.728538,-0.6125000119
rewards/train/score/mean,3,1781270710.507159,1.131250024
rewards/train/score/mean,4,1781270711.023480,0.7624999881
rewards/train/score/mean,5,1781270711.588909,-0.5
rewards/train/score/mean,6,1781270713.634172,-0.462500006
rewards/train/score/mean,7,1781270714.439825,1.899999976
rewards/train/score/mean,8,1781270715.021035,0.75
rewards/train/score/mean,9,1781270715.598878,0.8999999762
rewards/train/score/mean,10,1781270716.576222,6.037499905
rewards/train/score/mean,11,1781270718.621268,-0.7375000119
rewards/train/score/mean,12,1781270719.624795,2.6875
rewards/train/score/mean,13,1781270720.545733,0.287499994
rewards/train/score/mean,14,1781270721.021034,0.8999999762
rewards/train/score/mean,15,1781270723.067858,0.349999994
rewards/train/score/mean,16,1781270723.704819,0.462500006
rewards/train/score/mean,17,1781270725.024698,1.375
rewards/train/score/mean,18,1781270725.805001,0.4375
rewards/train/score/mean,19,1781270726.693624,0.25
rewards/train/score/mean,20,1781270727.210263,-0.275000006
rewards/train/score/mean,21,1781270727.914427,0.6875
rewards/train/score/mean,22,1781270729.960709,0.174999997
rewards/train/score/mean,23,1781270731.182382,0.7124999762
rewards/train/score/mean,24,1781270731.851753,0.5
rewards/train/score/mean,25,1781270732.654721,0.8999999762
rewards/train/score/mean,26,1781270733.131223,-0.05000000075
rewards/train/score/mean,27,1781270733.978787,0.5874999762
rewards/train/score/mean,28,1781270736.027290,-0.9125000238
rewards/train/score/mean,29,1781270738.075559,-0.8000000119
rewards/train/score/mean,30,1781270738.980969,0.400000006
rewards/train/score/mean,31,1781270741.029122,0.224999994
rewards/train/score/mean,32,1781270743.076041,-0.6750000119
rewards/train/score/mean,33,1781270745.123815,0.8500000238
rewards/train/score/mean,34,1781270747.170586,-0.287499994
rewards/train/score/mean,35,1781270749.217779,-0.137500003
rewards/train/score/mean,36,1781270750.001394,0.8999999762
rewards/train/score/mean,37,1781270750.587531,0.625
rewards/train/score/mean,38,1781270752.636279,1.481250048
rewards/train/score/mean,39,1781270753.310553,0.4499999881
rewards/train/score/mean,40,1781270755.359572,-0.3249999881
rewards/train/score/mean,41,1781270756.197921,0.7749999762
rewards/train/score/mean,42,1781270757.736470,0.412499994
rewards/train/score/mean,43,1781270759.784019,0.162499994
rewards/train/score/mean,44,1781270760.710290,0.9250000119
rewards/train/score/mean,45,1781270762.758311,-0.200000003
rewards/train/score/mean,46,1781270763.539743,0.8999999762
rewards/train/score/mean,47,1781270764.907278,0.400000006
rewards/train/score/mean,48,1781270765.448474,0.8999999762
rewards/train/score/mean,49,1781270767.244841,7.025000095
rewards/train/score/mean,50,1781270768.601746,1.962499976
rewards/train/score/mean,51,1781270770.650918,4.375
rewards/train/score/mean,52,1781270771.331842,1.850000024
rewards/train/score/mean,53,1781270771.912169,0.5375000238
rewards/train/score/mean,54,1781270772.673554,9.018750191
rewards/train/score/mean,55,1781270773.887802,0.1000000015
rewards/train/score/mean,56,1781270774.361600,0.6875
rewards/train/score/mean,57,1781270775.005269,3.650000095
rewards/train/score/mean,58,1781270776.511358,4.400000095
rewards/train/score/mean,59,1781270778.560498,-0.137500003
rewards/train/score/mean,60,1781270780.607965,1.137500048
rewards/train/score/mean,61,1781270781.108178,0.75
rewards/train/score/mean,62,1781270781.764602,0.75
rewards/train/score/mean,63,1781270782.455987,0.474999994
rewards/train/score/mean,64,1781271142.428009,4.5
rewards/train/score/mean,65,1781271144.490148,1.6875
rewards/train/score/mean,66,1781271146.539271,-0.137500003
rewards/train/score/mean,67,1781271147.257548,1.512500048
rewards/train/score/mean,68,1781271147.908824,0.3125
rewards/train/score/mean,69,1781271148.777712,0.75
rewards/train/score/mean,70,1781271150.636189,5.362500191
rewards/train/score/mean,71,1781271152.684965,-0.6499999762
rewards/train/score/mean,72,1781271153.152771,3.387500048
rewards/train/score/mean,73,1781271155.200341,7.400000095
rewards/train/score/mean,74,1781271156.019614,0.9875000119
rewards/train/score/mean,75,1781271156.597510,2.462500095
rewards/train/score/mean,76,1781271158.647207,4.237500191
rewards/train/score/mean,77,1781271159.273283,10.86250019
rewards/train/score/mean,78,1781271159.916960,9
rewards/train/score/mean,79,1781271160.412278,3.950000048
rewards/train/score/mean,80,1781271162.460957,4.724999905
rewards/train/score/mean,81,1781271163.269282,0.7749999762
rewards/train/score/mean,82,1781271165.128432,2.4375
rewards/train/score/mean,83,1781271165.614929,5.481249809
rewards/train/score/mean,84,1781271167.666146,0.375
rewards/train/score/mean,85,1781271168.269235,1.075000048
rewards/train/score/mean,86,1781271168.784034,8.300000191
rewards/train/score/mean,87,1781271169.449006,3.737499952
rewards/train/score/mean,88,1781271170.100271,12.0625
rewards/train/score/mean,89,1781271171.038909,8.581250191
rewards/train/score/mean,90,1781271173.088125,5.5
rewards/train/score/mean,91,1781271175.138073,3.162499905
rewards/train/score/mean,92,1781271176.177087,12.19999981
rewards/train/score/mean,93,1781271176.801905,9.237500191
rewards/train/score/mean,94,1781271177.600764,9.149999619
rewards/train/score/mean,95,1781271178.232744,9.824999809
rewards/train/score/mean,96,1781271180.282485,6.525000095
rewards/train/score/mean,97,1781271182.330319,5.28125
rewards/train/score/mean,98,1781271184.380115,2.775000095
rewards/train/score/mean,99,1781271185.019520,8.262499809
rewards/train/score/mean,100,1781271187.070424,4.818749905
rewards/train/score/mean,101,1781271188.373934,7.3125
rewards/train/score/mean,102,1781271189.197310,9.331250191
rewards/train/score/mean,103,1781271191.081297,7.3125
rewards/train/score/mean,104,1781271191.819880,11.60000038
rewards/train/score/mean,105,1781271192.483582,8.675000191
rewards/train/score/mean,106,1781271193.282690,8.699999809
rewards/train/score/mean,107,1781271195.329377,5.637499809
rewards/train/score/mean,108,1781271196.103907,6.943749905
rewards/train/score/mean,109,1781271198.151735,8.100000381
rewards/train/score/mean,110,1781271198.748606,8.800000191
rewards/train/score/mean,111,1781271200.798763,5.949999809
rewards/train/score/mean,112,1781271202.850366,4.087500095
rewards/train/score/mean,113,1781271203.349560,11.30000019
rewards/train/score/mean,114,1781271204.211112,10.89999962
rewards/train/score/mean,115,1781271204.860071,11.35000038
rewards/train/score/mean,116,1781271206.910772,6.787499905
rewards/train/score/mean,117,1781271208.959703,2.162499905
rewards/train/score/mean,118,1781271211.008381,7.387499809
rewards/train/score/mean,119,1781271211.688320,12.5
rewards/train/score/mean,120,1781271212.218431,11.60000038
rewards/train/score/mean,121,1781271212.874781,10.75
rewards/train/score/mean,122,1781271213.955698,8.225000381
rewards/train/score/mean,123,1781271216.004970,8.475000381
rewards/train/score/mean,124,1781271217.865574,4.568749905
rewards/train/score/mean,125,1781271219.734760,7.400000095
rewards/train/score/mean,126,1781271220.195119,10.98750019
rewards/train/score/mean,127,1781271221.003454,9.956250191
rewards/train/score/mean,128,1781271582.955452,11.1875
rewards/train/score/mean,129,1781271585.020016,6.375
rewards/train/score/mean,130,1781271586.109317,7.306250095
rewards/train/score/mean,131,1781271588.159966,6.199999809
rewards/train/score/mean,132,1781271588.674103,9
rewards/train/score/mean,133,1781271590.349942,8.225000381
rewards/train/score/mean,134,1781271591.829286,9.5625
rewards/train/score/mean,135,1781271593.880453,6.637499809
rewards/train/score/mean,136,1781271595.931369,7.025000095
rewards/train/score/mean,137,1781271597.983359,6.050000191
rewards/train/score/mean,138,1781271598.792083,10.21875
rewards/train/score/mean,139,1781271599.597866,10.60000038
rewards/train/score/mean,140,1781271600.171589,11.16250038
rewards/train/score/mean,141,1781271601.206818,4.425000191
rewards/train/score/mean,142,1781271602.272214,6.8125
rewards/train/score/mean,143,1781271603.032274,11.3125
rewards/train/score/mean,144,1781271603.700421,12.5
rewards/train/score/mean,145,1781271604.256491,10.86250019
rewards/train/score/mean,146,1781271604.838632,11.28750038
rewards/train/score/mean,147,1781271606.890815,8.118749619
rewards/train/score/mean,148,1781271608.941824,3.762500048
rewards/train/score/mean,149,1781271609.765107,11.38749981
rewards/train/score/mean,150,1781271610.537433,9
rewards/train/score/mean,151,1781271611.406263,11.17500019
rewards/train/score/mean,152,1781271612.041255,9.550000191
rewards/train/score/mean,153,1781271613.319419,11.30000019
rewards/train/score/mean,154,1781271615.026079,6.137499809
rewards/train/score/mean,155,1781271616.697666,8.300000191
rewards/train/score/mean,156,1781271617.434058,10.30000019
rewards/train/score/mean,157,1781271619.485402,6.3125
rewards/train/score/mean,158,1781271620.454238,9.800000191
rewards/train/score/mean,159,1781271620.982695,12.5
rewards/train/score/mean,160,1781271621.893602,8.506250381
rewards/train/score/mean,161,1781271622.558242,9.137499809
rewards/train/score/mean,162,1781271624.608613,7.925000191
rewards/train/score/mean,163,1781271625.255220,9.212499619
rewards/train/score/mean,164,1781271627.307018,7.768750191
rewards/train/score/mean,165,1781271628.184446,12.0625
rewards/train/score/mean,166,1781271629.551439,10
rewards/train/score/mean,167,1781271630.424587,7.025000095
rewards/train/score/mean,168,1781271631.263227,11.28750038
rewards/train/score/mean,169,1781271632.058787,11.875
rewards/train/score/mean,170,1781271632.923655,9.762499809
rewards/train/score/mean,171,1781271633.645295,9.5625
rewards/train/score/mean,172,1781271634.236954,12.5
rewards/train/score/mean,173,1781271635.301335,9.637499809
rewards/train/score/mean,174,1781271636.149011,9.25
rewards/train/score/mean,175,1781271636.713965,9
rewards/train/score/mean,176,1781271638.041223,10.47500038
rewards/train/score/mean,177,1781271640.093005,5.775000095
rewards/train/score/mean,178,1781271642.145193,6.199999809
rewards/train/score/mean,179,1781271642.691110,12.5
rewards/train/score/mean,180,1781271644.741976,9.475000381
rewards/train/score/mean,181,1781271645.593872,7.412499905
rewards/train/score/mean,182,1781271646.490131,9.875
rewards/train/score/mean,183,1781271647.066314,12.5
rewards/train/score/mean,184,1781271649.116204,4.074999809
rewards/train/score/mean,185,1781271649.732275,12.0625
rewards/train/score/mean,186,1781271650.402771,10.22500038
rewards/train/score/mean,187,1781271651.516090,7.462500095
rewards/train/score/mean,188,1781271653.566168,6.849999905
rewards/train/score/mean,189,1781271655.618377,6.056250095
rewards/train/score/mean,190,1781271656.537013,9
rewards/train/score/mean,191,1781271657.091587,11.13749981
rewards/train/score/mean,192,1781272034.751394,5.65625
rewards/train/score/mean,193,1781272035.337367,10.625
rewards/train/score/mean,194,1781272035.999897,11.0625
rewards/train/score/mean,195,1781272037.332958,9.237500191
rewards/train/score/mean,196,1781272037.993749,9.4375
rewards/train/score/mean,197,1781272039.649301,11.9375
rewards/train/score/mean,198,1781272041.019362,11.13749981
rewards/train/score/mean,199,1781272041.657111,9.25
rewards/train/score/mean,200,1781272042.577110,7.025000095
rewards/train/score/mean,201,1781272043.011688,11.625
rewards/train/score/mean,202,1781272044.293610,9.125
rewards/train/score/mean,203,1781272045.048110,12.0625
rewards/train/score/mean,204,1781272045.912364,9.324999809
rewards/train/score/mean,205,1781272047.856551,10.98750019
rewards/train/score/mean,206,1781272049.907042,6.887499809
rewards/train/score/mean,207,1781272050.768625,10.75
rewards/train/score/mean,208,1781272051.488303,12.5
rewards/train/score/mean,209,1781272052.855957,9.4375
rewards/train/score/mean,210,1781272053.513443,12.5
rewards/train/score/mean,211,1781272054.374336,11.625
rewards/train/score/mean,212,1781272055.234413,9.262499809
rewards/train/score/mean,213,1781272056.212182,11.35000038
rewards/train/score/mean,214,1781272057.373910,12.0625
rewards/train/score/mean,215,1781272058.087217,10.8125
rewards/train/score/mean,216,1781272060.136983,10.98750019
rewards/train/score/mean,217,1781272062.186793,3.424999952
rewards/train/score/mean,218,1781272064.237507,10.98750019
rewards/train/score/mean,219,1781272064.918597,9.600000381
rewards/train/score/mean,220,1781272065.735589,12.0625
rewards/train/score/mean,221,1781272067.786463,7.8125
rewards/train/score/mean,222,1781272068.638342,9.287500381
rewards/train/score/mean,223,1781272069.256909,12.1875
rewards/train/score/mean,224,1781272071.306826,7.150000095
rewards/train/score/mean,225,1781272073.357613,8.662500381
rewards/train/score/mean,226,1781272074.135825,10.88749981
rewards/train/score/mean,227,1781272076.185473,8.800000191
rewards/train/score/mean,228,1781272077.204669,11.1875
rewards/train/score/mean,229,1781272077.986906,11.625
rewards/train/score/mean,230,1781272080.039124,7.925000191
rewards/train/score/mean,231,1781272080.678938,9.975000381
rewards/train/score/mean,232,1781272081.298409,9.100000381
rewards/train/score/mean,233,1781272083.350222,0.400000006
rewards/train/score/mean,234,1781272085.402298,8.237500191
rewards/train/score/mean,235,1781272086.862591,9.15625
rewards/train/score/mean,236,1781272087.758730,10.3125
rewards/train/score/mean,237,1781272088.382470,9.5
rewards/train/score/mean,238,1781272089.236472,12.5
rewards/train/score/mean,239,1781272089.882217,12.5
rewards/train/score/mean,240,1781272090.435051,12.5
rewards/train/score/mean,241,1781272092.485481,8.368749619
rewards/train/score/mean,242,1781272094.534793,7.925000191
rewards/train/score/mean,243,1781272095.307327,11.625
rewards/train/score/mean,244,1781272096.514866,11.625
rewards/train/score/mean,245,1781272097.370600,12.0625
rewards/train/score/mean,246,1781272098.149619,12.35000038
rewards/train/score/mean,247,1781272100.200833,5.300000191
rewards/train/score/mean,248,1781272100.965852,9.537500381
rewards/train/score/mean,249,1781272103.613913,9
rewards/train/score/mean,250,1781272104.407529,11.25
rewards/train/score/mean,251,1781272106.456089,3.924999952
rewards/train/score/mean,252,1781272107.666359,9
rewards/train/score/mean,253,1781272108.255895,12.5
rewards/train/score/mean,254,1781272108.785169,12.5
rewards/train/score/mean,255,1781272110.834240,8.362500191
rewards/train/score/mean,256,1781272439.479699,9.84375
rewards/train/score/mean,257,1781272440.522057,9.875
rewards/train/score/mean,258,1781272441.248928,9.5
rewards/train/score/mean,259,1781272441.827306,9
rewards/train/score/mean,260,1781272442.641953,9.375
rewards/train/score/mean,261,1781272443.425123,12.0625
rewards/train/score/mean,262,1781272444.051102,9.4375
rewards/train/score/mean,263,1781272445.004125,9.050000191
rewards/train/score/mean,264,1781272445.640566,12.5
rewards/train/score/mean,265,1781272447.021845,8.287500381
rewards/train/score/mean,266,1781272448.614244,3.712500095
rewards/train/score/mean,267,1781272450.664923,4.462500095
rewards/train/score/mean,268,1781272452.098918,9.537500381
rewards/train/score/mean,269,1781272452.763630,9.15625
rewards/train/score/mean,270,1781272453.609792,9.78125
rewards/train/score/mean,271,1781272454.230949,10
rewards/train/score/mean,272,1781272454.973173,11.1875
rewards/train/score/mean,273,1781272457.025000,7.068749905
rewards/train/score/mean,274,1781272457.610587,12.5
rewards/train/score/mean,275,1781272458.729513,7.449999809
rewards/train/score/mean,276,1781272459.889092,12.5
rewards/train/score/mean,277,1781272460.838787,9.28125
rewards/train/score/mean,278,1781272462.273734,9.175000191
rewards/train/score/mean,279,1781272463.338684,9
rewards/train/score/mean,280,1781272463.967917,11.35000038
rewards/train/score/mean,281,1781272464.435263,12.5
rewards/train/score/mean,282,1781272465.392285,9.15625
rewards/train/score/mean,283,1781272466.633936,8.662500381
rewards/train/score/mean,284,1781272468.684696,3.625
rewards/train/score/mean,285,1781272469.795764,11.09375
rewards/train/score/mean,286,1781272471.847992,0.8500000238
rewards/train/score/mean,287,1781272473.898881,7.925000191
rewards/train/score/mean,288,1781272474.365186,12.5
rewards/train/score/mean,289,1781272475.063960,12.0625
rewards/train/score/mean,290,1781272475.808926,12.5
rewards/train/score/mean,291,1781272476.533218,10.3125
rewards/train/score/mean,292,1781272477.547529,9
rewards/train/score/mean,293,1781272478.515993,9.875
rewards/train/score/mean,294,1781272479.410330,12.0625
rewards/train/score/mean,295,1781272480.133303,12.0625
rewards/train/score/mean,296,1781272482.164489,7.925000191
rewards/train/score/mean,297,1781272483.663409,10.98750019
rewards/train/score/mean,298,1781272484.486582,9.875
rewards/train/score/mean,299,1781272485.175177,10.75
rewards/train/score/mean,300,1781272487.226457,7.925000191
rewards/train/score/mean,301,1781272488.702619,10.625
rewards/train/score/mean,302,1781272489.775911,12.5
rewards/train/score/mean,303,1781272490.497437,12.5
rewards/train/score/mean,304,1781272491.035799,12.5
rewards/train/score/mean,305,1781272491.826360,8.225000381
rewards/train/score/mean,306,1781272492.637666,10.65625
rewards/train/score/mean,307,1781272494.690413,7.650000095
rewards/train/score/mean,308,1781272496.542979,7.987500191
rewards/train/score/mean,309,1781272497.016518,12.5
rewards/train/score/mean,310,1781272499.068294,4.662499905
rewards/train/score/mean,311,1781272500.915939,8.962499619
rewards/train/score/mean,312,1781272502.968466,7.150000095
rewards/train/score/mean,313,1781272503.508836,12.5
rewards/train/score/mean,314,1781272504.608021,11.1875
rewards/train/score/mean,315,1781272505.281877,12.5
rewards/train/score/mean,316,1781272506.217206,12.5
rewards/train/score/mean,317,1781272507.026385,9.4375
rewards/train/score/mean,318,1781272507.964718,9
rewards/train/score/mean,319,1781272508.441868,12.0625
rewards/train/score/mean,320,1781272842.522350,8.537500381
rewards/train/score/mean,321,1781272843.370371,10.3125
rewards/train/score/mean,322,1781272844.036019,12.0625
rewards/train/score/mean,323,1781272846.088672,6.349999905
rewards/train/score/mean,324,1781272846.645587,5.637499809
rewards/train/score/mean,325,1781272848.699126,5.137499809
rewards/train/score/mean,326,1781272849.752096,12.21875
rewards/train/score/mean,327,1781272850.550133,9.15625
rewards/train/score/mean,328,1781272852.602199,7.925000191
rewards/train/score/mean,329,1781272853.194745,11.25
rewards/train/score/mean,330,1781272853.960198,10.875
rewards/train/score/mean,331,1781272854.792918,10.3125
rewards/train/score/mean,332,1781272855.428349,12.5
rewards/train/score/mean,333,1781272856.447151,9.4375
rewards/train/score/mean,334,1781272857.200412,10.75
rewards/train/score/mean,335,1781272858.190954,9.4375
rewards/train/score/mean,336,1781272859.453568,11.25
rewards/train/score/mean,337,1781272861.504948,7.412499905
rewards/train/score/mean,338,1781272862.353484,8.693750381
rewards/train/score/mean,339,1781272863.231422,9.4375
rewards/train/score/mean,340,1781272864.040251,12.5
rewards/train/score/mean,341,1781272865.562010,10.55000019
rewards/train/score/mean,342,1781272866.839019,10.75
rewards/train/score/mean,343,1781272867.655710,12.21875
rewards/train/score/mean,344,1781272868.352264,12.5
rewards/train/score/mean,345,1781272869.310526,9.4375
rewards/train/score/mean,346,1781272870.027762,12.5
rewards/train/score/mean,347,1781272870.650132,12.5
rewards/train/score/mean,348,1781272872.702323,6.337500095
rewards/train/score/mean,349,1781272873.681703,11.35000038
rewards/train/score/mean,350,1781272875.735392,6.025000095
rewards/train/score/mean,351,1781272877.788105,2.987499952
rewards/train/score/mean,352,1781272878.699406,10.0625
rewards/train/score/mean,353,1781272879.222834,9.875
rewards/train/score/mean,354,1781272881.031245,8.725000381
rewards/train/score/mean,355,1781272881.981460,9
rewards/train/score/mean,356,1781272883.001421,9
rewards/train/score/mean,357,1781272885.052677,8.600000381
rewards/train/score/mean,358,1781272886.789702,9.4375
rewards/train/score/mean,359,1781272887.375745,9.4375
rewards/train/score/mean,360,1781272889.429552,6.375
rewards/train/score/mean,361,1781272889.919651,12.0625
rewards/train/score/mean,362,1781272890.509629,11.59375
rewards/train/score/mean,363,1781272891.292501,10.75
rewards/train/score/mean,364,1781272891.837600,11.625
rewards/train/score/mean,365,1781272892.555363,10.3125
rewards/train/score/mean,366,1781272893.172968,12.5
rewards/train/score/mean,367,1781272894.143781,9.4375
rewards/train/score/mean,368,1781272895.851858,7.925000191
rewards/train/score/mean,369,1781272896.578719,12.5
rewards/train/score/mean,370,1781272898.047432,11.0625
rewards/train/score/mean,371,1781272899.120561,9.475000381
rewards/train/score/mean,372,1781272900.588048,8.262499809
rewards/train/score/mean,373,1781272901.436611,9.875
rewards/train/score/mean,374,1781272902.928416,8.512499809
rewards/train/score/mean,375,1781272903.575222,12.5
rewards/train/score/mean,376,1781272904.128477,11.625
rewards/train/score/mean,377,1781272905.003764,11.625
rewards/train/score/mean,378,1781272905.856665,10.3125
rewards/train/score/mean,379,1781272906.835518,11.1875
rewards/train/score/mean,380,1781272907.475685,10.03125
rewards/train/score/mean,381,1781272908.079398,12.0625
rewards/train/score/mean,382,1781272908.699293,12.5
rewards/train/score/mean,383,1781272909.887241,12.5
rewards/train/score/mean,384,1781273202.923590,11.625
rewards/train/score/mean,385,1781273203.892113,12.21875
rewards/train/score/mean,386,1781273205.033574,11.625
rewards/train/score/mean,387,1781273205.640405,12.5
rewards/train/score/mean,388,1781273206.281211,12.5
rewards/train/score/mean,389,1781273207.256984,11.625
rewards/train/score/mean,390,1781273208.191325,9.125
rewards/train/score/mean,391,1781273208.688196,12.0625
rewards/train/score/mean,392,1781273210.118833,9.15625
rewards/train/score/mean,393,1781273210.802138,11.625
rewards/train/score/mean,394,1781273211.210959,12.5
rewards/train/score/mean,395,1781273211.784488,12.0625
rewards/train/score/mean,396,1781273213.835790,6.074999809
rewards/train/score/mean,397,1781273214.711549,10.875
rewards/train/score/mean,398,1781273215.682944,9.100000381
rewards/train/score/mean,399,1781273216.577834,9.875
rewards/train/score/mean,400,1781273217.302620,9
rewards/train/score/mean,401,1781273218.517994,11.1875
rewards/train/score/mean,402,1781273218.976391,12.5
rewards/train/score/mean,403,1781273219.885396,11.625
rewards/train/score/mean,404,1781273220.697065,9
rewards/train/score/mean,405,1781273221.613359,11.1875
rewards/train/score/mean,406,1781273223.134263,9
rewards/train/score/mean,407,1781273224.661287,9.21875
rewards/train/score/mean,408,1781273225.322866,12.1875
rewards/train/score/mean,409,1781273225.914380,12.0625
rewards/train/score/mean,410,1781273226.582725,12.0625
rewards/train/score/mean,411,1781273227.347354,11.4375
rewards/train/score/mean,412,1781273228.217750,11.75
rewards/train/score/mean,413,1781273228.890844,10.9375
rewards/train/score/mean,414,1781273229.723250,10.875
rewards/train/score/mean,415,1781273230.520849,10.625
rewards/train/score/mean,416,1781273231.025368,12.5
rewards/train/score/mean,417,1781273231.992433,9.75
rewards/train/score/mean,418,1781273232.757133,9
rewards/train/score/mean,419,1781273233.730123,11.1875
rewards/train/score/mean,420,1781273234.610143,10.875
rewards/train/score/mean,421,1781273235.459714,9.75
rewards/train/score/mean,422,1781273236.024971,12.5
rewards/train/score/mean,423,1781273236.551329,10.3125
rewards/train/score/mean,424,1781273237.615698,9
rewards/train/score/mean,425,1781273238.264032,12.5
rewards/train/score/mean,426,1781273239.444485,11.375
rewards/train/score/mean,427,1781273240.186350,8.350000381
rewards/train/score/mean,428,1781273241.258065,10.3125
rewards/train/score/mean,429,1781273242.211535,9.125
rewards/train/score/mean,430,1781273243.026067,10.125
rewards/train/score/mean,431,1781273243.957577,8.225000381
rewards/train/score/mean,432,1781273244.895175,10.875
rewards/train/score/mean,433,1781273245.481709,9
rewards/train/score/mean,434,1781273246.223159,11.1875
rewards/train/score/mean,435,1781273247.657591,9.75
rewards/train/score/mean,436,1781273248.564115,10.3125
rewards/train/score/mean,437,1781273249.301021,12.5
rewards/train/score/mean,438,1781273251.351744,7.4375
rewards/train/score/mean,439,1781273252.330705,10.3125
rewards/train/score/mean,440,1781273253.140118,10.75
rewards/train/score/mean,441,1781273254.355773,9
rewards/train/score/mean,442,1781273255.382563,9.4375
rewards/train/score/mean,443,1781273257.253963,9.40625
rewards/train/score/mean,444,1781273257.923505,9.875
rewards/train/score/mean,445,1781273258.761478,10
rewards/train/score/mean,446,1781273260.633111,8.381250381
rewards/train/score/mean,447,1781273261.474074,9.4375
rewards/train/score/mean,448,1781273544.070577,12.5
rewards/train/score/mean,449,1781273545.246980,9.875
rewards/train/score/mean,450,1781273545.869784,9
rewards/train/score/mean,451,1781273547.065840,9.5
rewards/train/score/mean,452,1781273548.439535,9
rewards/train/score/mean,453,1781273549.455898,9.875
rewards/train/score/mean,454,1781273550.305981,10.75
rewards/train/score/mean,455,1781273551.313138,12.0625
rewards/train/score/mean,456,1781273551.976604,9
rewards/train/score/mean,457,1781273552.662182,12.5
rewards/train/score/mean,458,1781273553.343704,9
rewards/train/score/mean,459,1781273554.096277,10.3125
rewards/train/score/mean,460,1781273554.749098,12.5
rewards/train/score/mean,461,1781273556.043392,9.5625
rewards/train/score/mean,462,1781273556.714532,10.375
rewards/train/score/mean,463,1781273558.767908,9.925000191
rewards/train/score/mean,464,1781273559.676502,8.662500381
rewards/train/score/mean,465,1781273560.492138,9.875
rewards/train/score/mean,466,1781273562.542343,8.081250191
rewards/train/score/mean,467,1781273563.413412,9.4375
rewards/train/score/mean,468,1781273563.932457,9
rewards/train/score/mean,469,1781273565.982894,0.400000006
rewards/train/score/mean,470,1781273566.719085,11.4375
rewards/train/score/mean,471,1781273567.412574,12.5
rewards/train/score/mean,472,1781273569.463954,6.849999905
rewards/train/score/mean,473,1781273571.515879,7.724999905
rewards/train/score/mean,474,1781273572.355379,12.5
rewards/train/score/mean,475,1781273572.788561,12.0625
rewards/train/score/mean,476,1781273573.445999,10.3125
rewards/train/score/mean,477,1781273574.227082,9
rewards/train/score/mean,478,1781273575.235953,10.75
rewards/train/score/mean,479,1781273575.907491,12.5
rewards/train/score/mean,480,1781273576.374424,12.5
rewards/train/score/mean,481,1781273577.061612,11.1875
rewards/train/score/mean,482,1781273577.905335,9.25
rewards/train/score/mean,483,1781273578.679530,11.1875
rewards/train/score/mean,484,1781273580.087339,10.3125
rewards/train/score/mean,485,1781273580.689595,9.125
rewards/train/score/mean,486,1781273582.507430,8.800000191
rewards/train/score/mean,487,1781273583.046950,12.5
rewards/train/score/mean,488,1781273584.965433,8.712499619
rewards/train/score/mean,489,1781273586.539803,9
rewards/train/score/mean,490,1781273587.309918,12.5
rewards/train/score/mean,491,1781273587.932610,12.5
rewards/train/score/mean,492,1781273588.743240,9
rewards/train/score/mean,493,1781273589.383752,9.875
rewards/train/score/mean,494,1781273590.277181,10.3125
rewards/train/score/mean,495,1781273591.113282,9.28125
rewards/train/score/mean,496,1781273592.110337,12.5
rewards/train/score/mean,497,1781273592.825759,10.8125
rewards/train/score/mean,498,1781273593.534062,10.75
rewards/train/score/mean,499,1781273595.905397,10
rewards/train/score/max,0,1781270706.701408,0.8999999762
rewards/train/score/max,1,1781270707.681612,0.8999999762
rewards/train/score/max,2,1781270709.728777,0.8999999762
rewards/train/score/max,3,1781270710.507377,9.050000191
rewards/train/score/max,4,1781270711.023663,7.800000191
rewards/train/score/max,5,1781270711.589126,0.400000006
rewards/train/score/max,6,1781270713.634377,0.8999999762
rewards/train/score/max,7,1781270714.440026,11.30000019
rewards/train/score/max,8,1781270715.021234,0.8999999762
rewards/train/score/max,9,1781270715.599099,0.8999999762
rewards/train/score/max,10,1781270716.576417,11.30000019
rewards/train/score/max,11,1781270718.621477,0.8999999762
rewards/train/score/max,12,1781270719.624960,11.30000019
rewards/train/score/max,13,1781270720.545965,0.8999999762
rewards/train/score/max,14,1781270721.021278,0.8999999762
rewards/train/score/max,15,1781270723.068054,0.8999999762
rewards/train/score/max,16,1781270723.705027,0.8999999762
rewards/train/score/max,17,1781270725.024913,2.099999905
rewards/train/score/max,18,1781270725.805218,2.099999905
rewards/train/score/max,19,1781270726.693843,0.400000006
rewards/train/score/max,20,1781270727.210471,0.8999999762
rewards/train/score/max,21,1781270727.914649,0.8999999762
rewards/train/score/max,22,1781270729.960909,0.8999999762
rewards/train/score/max,23,1781270731.182576,0.8999999762
rewards/train/score/max,24,1781270731.851966,0.8999999762
rewards/train/score/max,25,1781270732.654935,0.8999999762
rewards/train/score/max,26,1781270733.131441,0.400000006
rewards/train/score/max,27,1781270733.979026,1.600000024
rewards/train/score/max,28,1781270736.027539,0.8999999762
rewards/train/score/max,29,1781270738.075709,0.400000006
rewards/train/score/max,30,1781270738.981183,0.400000006
rewards/train/score/max,31,1781270741.029343,2.099999905
rewards/train/score/max,32,1781270743.076236,0.8999999762
rewards/train/score/max,33,1781270745.124063,8.800000191
rewards/train/score/max,34,1781270747.170800,0.8999999762
rewards/train/score/max,35,1781270749.218007,2.799999952
rewards/train/score/max,36,1781270750.001600,0.8999999762
rewards/train/score/max,37,1781270750.587786,0.8999999762
rewards/train/score/max,38,1781270752.636530,10.25
rewards/train/score/max,39,1781270753.310760,2.099999905
rewards/train/score/max,40,1781270755.359845,7.800000191
rewards/train/score/max,41,1781270756.198119,0.8999999762
rewards/train/score/max,42,1781270757.736694,0.8999999762
rewards/train/score/max,43,1781270759.784235,0.8999999762
rewards/train/score/max,44,1781270760.710526,1.600000024
rewards/train/score/max,45,1781270762.758456,0.400000006
rewards/train/score/max,46,1781270763.539966,0.8999999762
rewards/train/score/max,47,1781270764.907493,0.400000006
rewards/train/score/max,48,1781270765.448700,0.8999999762
rewards/train/score/max,49,1781270767.245048,7.800000191
rewards/train/score/max,50,1781270768.601921,9
rewards/train/score/max,51,1781270770.651076,11.30000019
rewards/train/score/max,52,1781270771.332008,9
rewards/train/score/max,53,1781270771.912342,2.099999905
rewards/train/score/max,54,1781270772.673739,11.30000019
rewards/train/score/max,55,1781270773.887963,0.400000006
rewards/train/score/max,56,1781270774.361787,0.8999999762
rewards/train/score/max,57,1781270775.005437,12.5
rewards/train/score/max,58,1781270776.511527,9
rewards/train/score/max,59,1781270778.560679,0.8999999762
rewards/train/score/max,60,1781270780.608133,11.30000019
rewards/train/score/max,61,1781270781.108342,0.8999999762
rewards/train/score/max,62,1781270781.764790,0.8999999762
rewards/train/score/max,63,1781270782.456152,0.8999999762
rewards/train/score/max,64,1781271142.428202,11.30000019
rewards/train/score/max,65,1781271144.490350,11.30000019
rewards/train/score/max,66,1781271146.539468,0.8999999762
rewards/train/score/max,67,1781271147.257737,9
rewards/train/score/max,68,1781271147.909018,1.600000024
rewards/train/score/max,69,1781271148.777909,0.8999999762
rewards/train/score/max,70,1781271150.636391,9.5
rewards/train/score/max,71,1781271152.685156,1.600000024
rewards/train/score/max,72,1781271153.152971,9
rewards/train/score/max,73,1781271155.200541,11.30000019
rewards/train/score/max,74,1781271156.019829,1.600000024
rewards/train/score/max,75,1781271156.597752,9.5
rewards/train/score/max,76,1781271158.647404,11.30000019
rewards/train/score/max,77,1781271159.273485,11.30000019
rewards/train/score/max,78,1781271159.917146,11.30000019
rewards/train/score/max,79,1781271160.412481,9
rewards/train/score/max,80,1781271162.461153,7.800000191
rewards/train/score/max,81,1781271163.269488,0.8999999762
rewards/train/score/max,82,1781271165.128623,11.30000019
rewards/train/score/max,83,1781271165.615122,11.30000019
rewards/train/score/max,84,1781271167.666342,3.299999952
rewards/train/score/max,85,1781271168.269430,1.600000024
rewards/train/score/max,86,1781271168.784224,8.300000191
rewards/train/score/max,87,1781271169.449200,12.5
rewards/train/score/max,88,1781271170.100468,12.5
rewards/train/score/max,89,1781271171.039098,9.550000191
rewards/train/score/max,90,1781271173.088323,9.550000191
rewards/train/score/max,91,1781271175.138273,11.30000019
rewards/train/score/max,92,1781271176.177284,12.5
rewards/train/score/max,93,1781271176.802074,11.30000019
rewards/train/score/max,94,1781271177.600964,11.30000019
rewards/train/score/max,95,1781271178.232951,12.5
rewards/train/score/max,96,1781271180.282707,11.30000019
rewards/train/score/max,97,1781271182.330519,9.050000191
rewards/train/score/max,98,1781271184.380312,9
rewards/train/score/max,99,1781271185.019730,12.5
rewards/train/score/max,100,1781271187.070618,11.30000019
rewards/train/score/max,101,1781271188.374127,11.30000019
rewards/train/score/max,102,1781271189.197525,9.550000191
rewards/train/score/max,103,1781271191.081499,11.30000019
rewards/train/score/max,104,1781271191.820104,12.5
rewards/train/score/max,105,1781271192.483799,8.800000191
rewards/train/score/max,106,1781271193.282894,12.5
rewards/train/score/max,107,1781271195.329570,11.30000019
rewards/train/score/max,108,1781271196.104100,11.30000019
rewards/train/score/max,109,1781271198.151933,11.30000019
rewards/train/score/max,110,1781271198.748818,10
rewards/train/score/max,111,1781271200.798960,7.800000191
rewards/train/score/max,112,1781271202.850558,11.30000019
rewards/train/score/max,113,1781271203.349773,11.30000019
rewards/train/score/max,114,1781271204.211310,12.5
rewards/train/score/max,115,1781271204.860262,12.5
rewards/train/score/max,116,1781271206.910967,8.300000191
rewards/train/score/max,117,1781271208.959898,11.30000019
rewards/train/score/max,118,1781271211.008576,12.5
rewards/train/score/max,119,1781271211.688524,12.5
rewards/train/score/max,120,1781271212.218620,12.5
rewards/train/score/max,121,1781271212.875009,12.5
rewards/train/score/max,122,1781271213.955898,9
rewards/train/score/max,123,1781271216.005168,11.30000019
rewards/train/score/max,124,1781271217.865796,10.75
rewards/train/score/max,125,1781271219.734955,12.5
rewards/train/score/max,126,1781271220.195307,12.5
rewards/train/score/max,127,1781271221.003661,12.5
rewards/train/score/max,128,1781271582.955633,12.5
rewards/train/score/max,129,1781271585.020182,9
rewards/train/score/max,130,1781271586.109485,9.050000191
rewards/train/score/max,131,1781271588.160129,10
rewards/train/score/max,132,1781271588.674271,9
rewards/train/score/max,133,1781271590.350113,9
rewards/train/score/max,134,1781271591.829455,12.5
rewards/train/score/max,135,1781271593.880627,11.30000019
rewards/train/score/max,136,1781271595.931573,9
rewards/train/score/max,137,1781271597.983531,12.5
rewards/train/score/max,138,1781271598.792254,10.25
rewards/train/score/max,139,1781271599.598032,12.5
rewards/train/score/max,140,1781271600.171778,12.5
rewards/train/score/max,141,1781271601.207043,11.30000019
rewards/train/score/max,142,1781271602.272389,9.050000191
rewards/train/score/max,143,1781271603.032446,12.5
rewards/train/score/max,144,1781271603.700592,12.5
rewards/train/score/max,145,1781271604.256675,11.30000019
rewards/train/score/max,146,1781271604.838825,12.5
rewards/train/score/max,147,1781271606.890981,11.30000019
rewards/train/score/max,148,1781271608.941988,11.30000019
rewards/train/score/max,149,1781271609.765277,12.5
rewards/train/score/max,150,1781271610.537596,9
rewards/train/score/max,151,1781271611.406420,12.5
rewards/train/score/max,152,1781271612.041423,12.5
rewards/train/score/max,153,1781271613.319594,11.30000019
rewards/train/score/max,154,1781271615.026249,9
rewards/train/score/max,155,1781271616.697840,10
rewards/train/score/max,156,1781271617.434229,12.5
rewards/train/score/max,157,1781271619.485570,12.5
rewards/train/score/max,158,1781271620.454408,12.5
rewards/train/score/max,159,1781271620.982873,12.5
rewards/train/score/max,160,1781271621.893791,10.25
rewards/train/score/max,161,1781271622.558416,12.5
rewards/train/score/max,162,1781271624.608800,9
rewards/train/score/max,163,1781271625.255384,11.30000019
rewards/train/score/max,164,1781271627.307183,11.30000019
rewards/train/score/max,165,1781271628.184624,12.5
rewards/train/score/max,166,1781271629.551611,12.5
rewards/train/score/max,167,1781271630.424772,12.5
rewards/train/score/max,168,1781271631.263399,12.5
rewards/train/score/max,169,1781271632.058949,12.5
rewards/train/score/max,170,1781271632.923832,12.5
rewards/train/score/max,171,1781271633.645466,12.5
rewards/train/score/max,172,1781271634.237119,12.5
rewards/train/score/max,173,1781271635.301557,12.5
rewards/train/score/max,174,1781271636.149177,10
rewards/train/score/max,175,1781271636.714126,9
rewards/train/score/max,176,1781271638.041396,12.5
rewards/train/score/max,177,1781271640.093172,9
rewards/train/score/max,178,1781271642.145360,9.5
rewards/train/score/max,179,1781271642.691276,12.5
rewards/train/score/max,180,1781271644.742140,12.5
rewards/train/score/max,181,1781271645.594038,12.5
rewards/train/score/max,182,1781271646.490330,12.5
rewards/train/score/max,183,1781271647.066491,12.5
rewards/train/score/max,184,1781271649.116365,9
rewards/train/score/max,185,1781271649.732447,12.5
rewards/train/score/max,186,1781271650.402939,12.5
rewards/train/score/max,187,1781271651.516251,10.25
rewards/train/score/max,188,1781271653.566332,9
rewards/train/score/max,189,1781271655.618543,10.25
rewards/train/score/max,190,1781271656.537170,9
rewards/train/score/max,191,1781271657.091777,12.5
rewards/train/score/max,192,1781272034.751602,12.5
rewards/train/score/max,193,1781272035.337551,12.5
rewards/train/score/max,194,1781272036.000063,12.5
rewards/train/score/max,195,1781272037.333141,12.5
rewards/train/score/max,196,1781272037.993924,12.5
rewards/train/score/max,197,1781272039.649472,12.5
rewards/train/score/max,198,1781272041.019520,12.5
rewards/train/score/max,199,1781272041.657286,10
rewards/train/score/max,200,1781272042.577273,12.5
rewards/train/score/max,201,1781272043.011855,12.5
rewards/train/score/max,202,1781272044.293801,10
rewards/train/score/max,203,1781272045.048274,12.5
rewards/train/score/max,204,1781272045.912531,12.5
rewards/train/score/max,205,1781272047.856738,12.5
rewards/train/score/max,206,1781272049.907206,12.5
rewards/train/score/max,207,1781272050.768815,12.5
rewards/train/score/max,208,1781272051.488502,12.5
rewards/train/score/max,209,1781272052.856144,12.5
rewards/train/score/max,210,1781272053.513633,12.5
rewards/train/score/max,211,1781272054.374527,12.5
rewards/train/score/max,212,1781272055.234617,12.5
rewards/train/score/max,213,1781272056.212377,12.5
rewards/train/score/max,214,1781272057.374097,12.5
rewards/train/score/max,215,1781272058.087424,12.5
rewards/train/score/max,216,1781272060.137167,12.5
rewards/train/score/max,217,1781272062.186985,12.5
rewards/train/score/max,218,1781272064.237715,12.5
rewards/train/score/max,219,1781272064.918802,12.5
rewards/train/score/max,220,1781272065.735797,12.5
rewards/train/score/max,221,1781272067.786647,12.5
rewards/train/score/max,222,1781272068.638512,12.5
rewards/train/score/max,223,1781272069.257073,12.5
rewards/train/score/max,224,1781272071.307003,9
rewards/train/score/max,225,1781272073.357801,12.5
rewards/train/score/max,226,1781272074.135999,12.5
rewards/train/score/max,227,1781272076.185657,12.5
rewards/train/score/max,228,1781272077.204844,12.5
rewards/train/score/max,229,1781272077.987075,12.5
rewards/train/score/max,230,1781272080.039294,9
rewards/train/score/max,231,1781272080.679103,12.5
rewards/train/score/max,232,1781272081.298576,10
rewards/train/score/max,233,1781272083.350390,0.400000006
rewards/train/score/max,234,1781272085.402467,10
rewards/train/score/max,235,1781272086.862778,10.25
rewards/train/score/max,236,1781272087.758903,12.5
rewards/train/score/max,237,1781272088.382650,9.5
rewards/train/score/max,238,1781272089.236647,12.5
rewards/train/score/max,239,1781272089.882401,12.5
rewards/train/score/max,240,1781272090.435222,12.5
rewards/train/score/max,241,1781272092.485669,12.5
rewards/train/score/max,242,1781272094.534959,9
rewards/train/score/max,243,1781272095.307495,12.5
rewards/train/score/max,244,1781272096.515040,12.5
rewards/train/score/max,245,1781272097.370844,12.5
rewards/train/score/max,246,1781272098.149814,12.5
rewards/train/score/max,247,1781272100.201000,12.5
rewards/train/score/max,248,1781272100.966021,12.5
rewards/train/score/max,249,1781272103.620999,9
rewards/train/score/max,250,1781272104.407731,12.5
rewards/train/score/max,251,1781272106.456249,9
rewards/train/score/max,252,1781272107.666531,9
rewards/train/score/max,253,1781272108.256065,12.5
rewards/train/score/max,254,1781272108.785333,12.5
rewards/train/score/max,255,1781272110.834414,12.5
rewards/train/score/max,256,1781272439.479879,10.25
rewards/train/score/max,257,1781272440.522226,12.5
rewards/train/score/max,258,1781272441.249097,9.5
rewards/train/score/max,259,1781272441.827484,9
rewards/train/score/max,260,1781272442.642134,10
rewards/train/score/max,261,1781272443.425299,12.5
rewards/train/score/max,262,1781272444.051269,12.5
rewards/train/score/max,263,1781272445.004292,12.5
rewards/train/score/max,264,1781272445.640758,12.5
rewards/train/score/max,265,1781272447.022037,9.5
rewards/train/score/max,266,1781272448.614410,12.5
rewards/train/score/max,267,1781272450.665097,9
rewards/train/score/max,268,1781272452.099085,12.5
rewards/train/score/max,269,1781272452.763854,10.25
rewards/train/score/max,270,1781272453.610078,10.25
rewards/train/score/max,271,1781272454.231174,10.75
rewards/train/score/max,272,1781272454.973433,12.5
rewards/train/score/max,273,1781272457.025222,10.75
rewards/train/score/max,274,1781272457.610848,12.5
rewards/train/score/max,275,1781272458.729760,9
rewards/train/score/max,276,1781272459.889320,12.5
rewards/train/score/max,277,1781272460.839016,10.25
rewards/train/score/max,278,1781272462.273969,12.5
rewards/train/score/max,279,1781272463.338939,9
rewards/train/score/max,280,1781272463.968138,12.5
rewards/train/score/max,281,1781272464.435498,12.5
rewards/train/score/max,282,1781272465.392516,10.25
rewards/train/score/max,283,1781272466.634162,12.5
rewards/train/score/max,284,1781272468.684978,9
rewards/train/score/max,285,1781272469.795998,12.5
rewards/train/score/max,286,1781272471.848217,2.799999952
rewards/train/score/max,287,1781272473.899104,9
rewards/train/score/max,288,1781272474.365441,12.5
rewards/train/score/max,289,1781272475.064168,12.5
rewards/train/score/max,290,1781272475.809216,12.5
rewards/train/score/max,291,1781272476.533441,12.5
rewards/train/score/max,292,1781272477.547770,9
rewards/train/score/max,293,1781272478.516216,12.5
rewards/train/score/max,294,1781272479.410582,12.5
rewards/train/score/max,295,1781272480.133516,12.5
rewards/train/score/max,296,1781272482.164734,9
rewards/train/score/max,297,1781272483.663655,12.5
rewards/train/score/max,298,1781272484.486822,12.5
rewards/train/score/max,299,1781272485.175416,12.5
rewards/train/score/max,300,1781272487.226707,9
rewards/train/score/max,301,1781272488.702917,12.5
rewards/train/score/max,302,1781272489.776156,12.5
rewards/train/score/max,303,1781272490.497679,12.5
rewards/train/score/max,304,1781272491.036057,12.5
rewards/train/score/max,305,1781272491.826603,9
rewards/train/score/max,306,1781272492.637906,12.5
rewards/train/score/max,307,1781272494.690654,12.5
rewards/train/score/max,308,1781272496.543222,12.5
rewards/train/score/max,309,1781272497.016778,12.5
rewards/train/score/max,310,1781272499.068533,12.5
rewards/train/score/max,311,1781272500.916174,12.5
rewards/train/score/max,312,1781272502.968711,9
rewards/train/score/max,313,1781272503.509071,12.5
rewards/train/score/max,314,1781272504.608278,12.5
rewards/train/score/max,315,1781272505.282115,12.5
rewards/train/score/max,316,1781272506.217436,12.5
rewards/train/score/max,317,1781272507.026624,12.5
rewards/train/score/max,318,1781272507.964922,9
rewards/train/score/max,319,1781272508.442092,12.5
rewards/train/score/max,320,1781272842.522572,12.5
rewards/train/score/max,321,1781272843.370516,12.5
rewards/train/score/max,322,1781272844.036253,12.5
rewards/train/score/max,323,1781272846.088902,10
rewards/train/score/max,324,1781272846.645812,12.5
rewards/train/score/max,325,1781272848.699363,12.5
rewards/train/score/max,326,1781272849.752283,12.5
rewards/train/score/max,327,1781272850.550342,10.25
rewards/train/score/max,328,1781272852.602381,9
rewards/train/score/max,329,1781272853.194989,12.5
rewards/train/score/max,330,1781272853.960420,12.5
rewards/train/score/max,331,1781272854.793138,12.5
rewards/train/score/max,332,1781272855.428583,12.5
rewards/train/score/max,333,1781272856.447364,12.5
rewards/train/score/max,334,1781272857.200644,12.5
rewards/train/score/max,335,1781272858.191158,12.5
rewards/train/score/max,336,1781272859.453754,12.5
rewards/train/score/max,337,1781272861.505183,12.5
rewards/train/score/max,338,1781272862.353708,10.25
rewards/train/score/max,339,1781272863.231683,12.5
rewards/train/score/max,340,1781272864.040512,12.5
rewards/train/score/max,341,1781272865.562291,12.5
rewards/train/score/max,342,1781272866.839272,12.5
rewards/train/score/max,343,1781272867.655982,12.5
rewards/train/score/max,344,1781272868.352476,12.5
rewards/train/score/max,345,1781272869.310765,12.5
rewards/train/score/max,346,1781272870.027997,12.5
rewards/train/score/max,347,1781272870.650347,12.5
rewards/train/score/max,348,1781272872.702516,12.5
rewards/train/score/max,349,1781272873.681913,12.5
rewards/train/score/max,350,1781272875.735586,10
rewards/train/score/max,351,1781272877.788318,12.5
rewards/train/score/max,352,1781272878.699618,12.5
rewards/train/score/max,353,1781272879.223005,12.5
rewards/train/score/max,354,1781272881.031483,10.75
rewards/train/score/max,355,1781272881.981662,9
rewards/train/score/max,356,1781272883.001658,9
rewards/train/score/max,357,1781272885.052855,12.5
rewards/train/score/max,358,1781272886.789964,12.5
rewards/train/score/max,359,1781272887.375957,12.5
rewards/train/score/max,360,1781272889.429764,12.5
rewards/train/score/max,361,1781272889.919868,12.5
rewards/train/score/max,362,1781272890.509876,12.5
rewards/train/score/max,363,1781272891.292684,12.5
rewards/train/score/max,364,1781272891.837795,12.5
rewards/train/score/max,365,1781272892.555584,12.5
rewards/train/score/max,366,1781272893.173198,12.5
rewards/train/score/max,367,1781272894.144039,10.75
rewards/train/score/max,368,1781272895.852068,9
rewards/train/score/max,369,1781272896.578929,12.5
rewards/train/score/max,370,1781272898.047668,12.5
rewards/train/score/max,371,1781272899.120772,10.25
rewards/train/score/max,372,1781272900.588274,9.5
rewards/train/score/max,373,1781272901.436845,12.5
rewards/train/score/max,374,1781272902.928626,12.5
rewards/train/score/max,375,1781272903.575425,12.5
rewards/train/score/max,376,1781272904.128675,12.5
rewards/train/score/max,377,1781272905.003982,12.5
rewards/train/score/max,378,1781272905.856879,12.5
rewards/train/score/max,379,1781272906.835741,12.5
rewards/train/score/max,380,1781272907.475900,12.5
rewards/train/score/max,381,1781272908.079626,12.5
rewards/train/score/max,382,1781272908.699509,12.5
rewards/train/score/max,383,1781272909.887455,12.5
rewards/train/score/max,384,1781273202.923824,12.5
rewards/train/score/max,385,1781273203.892346,12.5
rewards/train/score/max,386,1781273205.033812,12.5
rewards/train/score/max,387,1781273205.640690,12.5
rewards/train/score/max,388,1781273206.281463,12.5
rewards/train/score/max,389,1781273207.257203,12.5
rewards/train/score/max,390,1781273208.191554,10
rewards/train/score/max,391,1781273208.688381,12.5
rewards/train/score/max,392,1781273210.119051,10.25
rewards/train/score/max,393,1781273210.802390,12.5
rewards/train/score/max,394,1781273211.211156,12.5
rewards/train/score/max,395,1781273211.784723,12.5
rewards/train/score/max,396,1781273213.836022,9
rewards/train/score/max,397,1781273214.711766,12.5
rewards/train/score/max,398,1781273215.683140,9.5
rewards/train/score/max,399,1781273216.578011,12.5
rewards/train/score/max,400,1781273217.302840,9
rewards/train/score/max,401,1781273218.518167,12.5
rewards/train/score/max,402,1781273218.976605,12.5
rewards/train/score/max,403,1781273219.885605,12.5
rewards/train/score/max,404,1781273220.697262,9
rewards/train/score/max,405,1781273221.613556,12.5
rewards/train/score/max,406,1781273223.134404,9
rewards/train/score/max,407,1781273224.661483,10.25
rewards/train/score/max,408,1781273225.323096,12.5
rewards/train/score/max,409,1781273225.914577,12.5
rewards/train/score/max,410,1781273226.582911,12.5
rewards/train/score/max,411,1781273227.347553,12.5
rewards/train/score/max,412,1781273228.217960,12.5
rewards/train/score/max,413,1781273228.891034,12.5
rewards/train/score/max,414,1781273229.723451,12.5
rewards/train/score/max,415,1781273230.521051,12.5
rewards/train/score/max,416,1781273231.025560,12.5
rewards/train/score/max,417,1781273231.992683,10
rewards/train/score/max,418,1781273232.757338,9
rewards/train/score/max,419,1781273233.730319,12.5
rewards/train/score/max,420,1781273234.610383,12.5
rewards/train/score/max,421,1781273235.459951,10.25
rewards/train/score/max,422,1781273236.025170,12.5
rewards/train/score/max,423,1781273236.551501,12.5
rewards/train/score/max,424,1781273237.615923,9
rewards/train/score/max,425,1781273238.264252,12.5
rewards/train/score/max,426,1781273239.444708,12.5
rewards/train/score/max,427,1781273240.186532,9
rewards/train/score/max,428,1781273241.258288,12.5
rewards/train/score/max,429,1781273242.211748,10
rewards/train/score/max,430,1781273243.026269,12.5
rewards/train/score/max,431,1781273243.957759,9
rewards/train/score/max,432,1781273244.895393,12.5
rewards/train/score/max,433,1781273245.481947,9
rewards/train/score/max,434,1781273246.223345,12.5
rewards/train/score/max,435,1781273247.657829,12.5
rewards/train/score/max,436,1781273248.564324,12.5
rewards/train/score/max,437,1781273249.301229,12.5
rewards/train/score/max,438,1781273251.351992,12.5
rewards/train/score/max,439,1781273252.330924,12.5
rewards/train/score/max,440,1781273253.140332,12.5
rewards/train/score/max,441,1781273254.356010,9
rewards/train/score/max,442,1781273255.382789,12.5
rewards/train/score/max,443,1781273257.254199,10.25
rewards/train/score/max,444,1781273257.923750,12.5
rewards/train/score/max,445,1781273258.761709,12.5
rewards/train/score/max,446,1781273260.633320,10.25
rewards/train/score/max,447,1781273261.474282,12.5
rewards/train/score/max,448,1781273544.070839,12.5
rewards/train/score/max,449,1781273545.247186,12.5
rewards/train/score/max,450,1781273545.870006,9
rewards/train/score/max,451,1781273547.066056,10
rewards/train/score/max,452,1781273548.439772,9
rewards/train/score/max,453,1781273549.456108,12.5
rewards/train/score/max,454,1781273550.306191,12.5
rewards/train/score/max,455,1781273551.313361,12.5
rewards/train/score/max,456,1781273551.976857,9
rewards/train/score/max,457,1781273552.662430,12.5
rewards/train/score/max,458,1781273553.343929,9
rewards/train/score/max,459,1781273554.096511,12.5
rewards/train/score/max,460,1781273554.749307,12.5
rewards/train/score/max,461,1781273556.043622,12.5
rewards/train/score/max,462,1781273556.714779,12.5
rewards/train/score/max,463,1781273558.768142,12.5
rewards/train/score/max,464,1781273559.676754,9.5
rewards/train/score/max,465,1781273560.492361,10
rewards/train/score/max,466,1781273562.542592,10.25
rewards/train/score/max,467,1781273563.413648,12.5
rewards/train/score/max,468,1781273563.932699,9
rewards/train/score/max,469,1781273565.983115,0.400000006
rewards/train/score/max,470,1781273566.719321,12.5
rewards/train/score/max,471,1781273567.412823,12.5
rewards/train/score/max,472,1781273569.464177,9
rewards/train/score/max,473,1781273571.516098,12.5
rewards/train/score/max,474,1781273572.355600,12.5
rewards/train/score/max,475,1781273572.788792,12.5
rewards/train/score/max,476,1781273573.446208,12.5
rewards/train/score/max,477,1781273574.227289,9
rewards/train/score/max,478,1781273575.236159,12.5
rewards/train/score/max,479,1781273575.907718,12.5
rewards/train/score/max,480,1781273576.374655,12.5
rewards/train/score/max,481,1781273577.061845,12.5
rewards/train/score/max,482,1781273577.905546,10
rewards/train/score/max,483,1781273578.679759,12.5
rewards/train/score/max,484,1781273580.087547,12.5
rewards/train/score/max,485,1781273580.689837,10
rewards/train/score/max,486,1781273582.507668,12.5
rewards/train/score/max,487,1781273583.047166,12.5
rewards/train/score/max,488,1781273584.965668,12.5
rewards/train/score/max,489,1781273586.540023,9
rewards/train/score/max,490,1781273587.310129,12.5
rewards/train/score/max,491,1781273587.932844,12.5
rewards/train/score/max,492,1781273588.743461,9
rewards/train/score/max,493,1781273589.383967,12.5
rewards/train/score/max,494,1781273590.277408,12.5
rewards/train/score/max,495,1781273591.113497,10.25
rewards/train/score/max,496,1781273592.110548,12.5
rewards/train/score/max,497,1781273592.825983,12.5
rewards/train/score/max,498,1781273593.534278,12.5
rewards/train/score/max,499,1781273595.905833,12.5
rewards/train/score/min,0,1781270706.701628,0.8999999762
rewards/train/score/min,1,1781270707.681794,0.8999999762
rewards/train/score/min,2,1781270709.728975,-2
rewards/train/score/min,3,1781270710.507519,-2
rewards/train/score/min,4,1781270711.023888,-0.8000000119
rewards/train/score/min,5,1781270711.589327,-0.8000000119
rewards/train/score/min,6,1781270713.634543,-2
rewards/train/score/min,7,1781270714.440240,-0.3000000119
rewards/train/score/min,8,1781270715.021416,-0.3000000119
rewards/train/score/min,9,1781270715.599283,0.8999999762
rewards/train/score/min,10,1781270716.576623,0.400000006
rewards/train/score/min,11,1781270718.621761,-2
rewards/train/score/min,12,1781270719.625200,-0.8000000119
rewards/train/score/min,13,1781270720.546180,-0.8000000119
rewards/train/score/min,14,1781270721.021500,0.8999999762
rewards/train/score/min,15,1781270723.068225,-2
rewards/train/score/min,16,1781270723.705238,0.400000006
rewards/train/score/min,17,1781270725.025130,-0.8000000119
rewards/train/score/min,18,1781270725.805442,-0.8000000119
rewards/train/score/min,19,1781270726.694048,-0.8000000119
rewards/train/score/min,20,1781270727.210691,-0.8000000119
rewards/train/score/min,21,1781270727.914882,-0.8000000119
rewards/train/score/min,22,1781270729.961128,-2
rewards/train/score/min,23,1781270731.182801,0.400000006
rewards/train/score/min,24,1781270731.852177,-0.8000000119
rewards/train/score/min,25,1781270732.655151,0.8999999762
rewards/train/score/min,26,1781270733.131680,-2
rewards/train/score/min,27,1781270733.979236,-0.8000000119
rewards/train/score/min,28,1781270736.027763,-2
rewards/train/score/min,29,1781270738.075889,-2
rewards/train/score/min,30,1781270738.981390,0.400000006
rewards/train/score/min,31,1781270741.029486,-2
rewards/train/score/min,32,1781270743.076433,-2
rewards/train/score/min,33,1781270745.124261,-2
rewards/train/score/min,34,1781270747.170993,-2
rewards/train/score/min,35,1781270749.218186,-2
rewards/train/score/min,36,1781270750.001784,0.8999999762
rewards/train/score/min,37,1781270750.587986,-0.8000000119
rewards/train/score/min,38,1781270752.636758,-2
rewards/train/score/min,39,1781270753.311039,-0.3000000119
rewards/train/score/min,40,1781270755.360064,-2
rewards/train/score/min,41,1781270756.198313,0.400000006
rewards/train/score/min,42,1781270757.736910,-0.3000000119
rewards/train/score/min,43,1781270759.784410,-2
rewards/train/score/min,44,1781270760.710764,0.400000006
rewards/train/score/min,45,1781270762.758718,-2
rewards/train/score/min,46,1781270763.540157,0.8999999762
rewards/train/score/min,47,1781270764.907671,0.400000006
rewards/train/score/min,48,1781270765.448912,0.8999999762
rewards/train/score/min,49,1781270767.245252,1.600000024
rewards/train/score/min,50,1781270768.602080,0.400000006
rewards/train/score/min,51,1781270770.651237,-0.8000000119
rewards/train/score/min,52,1781270771.332166,0.400000006
rewards/train/score/min,53,1781270771.912510,-0.3000000119
rewards/train/score/min,54,1781270772.673913,7.800000191
rewards/train/score/min,55,1781270773.888124,-2
rewards/train/score/min,56,1781270774.361957,-0.8000000119
rewards/train/score/min,57,1781270775.005602,0.8999999762
rewards/train/score/min,58,1781270776.511723,0.400000006
rewards/train/score/min,59,1781270778.560855,-2
rewards/train/score/min,60,1781270780.608294,-2
rewards/train/score/min,61,1781270781.108507,-0.3000000119
rewards/train/score/min,62,1781270781.764955,-0.3000000119
rewards/train/score/min,63,1781270782.456307,-0.8000000119
rewards/train/score/min,64,1781271142.428401,-0.3000000119
rewards/train/score/min,65,1781271144.490545,-2
rewards/train/score/min,66,1781271146.539681,-2
rewards/train/score/min,67,1781271147.257967,-0.3000000119
rewards/train/score/min,68,1781271147.909220,-0.8000000119
rewards/train/score/min,69,1781271148.778097,-0.3000000119
rewards/train/score/min,70,1781271150.636582,0.400000006
rewards/train/score/min,71,1781271152.685352,-2
rewards/train/score/min,72,1781271153.153162,-0.8000000119
rewards/train/score/min,73,1781271155.200757,-0.8000000119
rewards/train/score/min,74,1781271156.020020,0.8999999762
rewards/train/score/min,75,1781271156.597946,-0.8000000119
rewards/train/score/min,76,1781271158.647596,-2
rewards/train/score/min,77,1781271159.273691,7.800000191
rewards/train/score/min,78,1781271159.917351,0.8999999762
rewards/train/score/min,79,1781271160.412695,-0.8000000119
rewards/train/score/min,80,1781271162.461345,-0.8000000119
rewards/train/score/min,81,1781271163.269688,0.400000006
rewards/train/score/min,82,1781271165.128837,0.400000006
rewards/train/score/min,83,1781271165.615318,-0.8000000119
rewards/train/score/min,84,1781271167.666531,-2
rewards/train/score/min,85,1781271168.269619,0.8999999762
rewards/train/score/min,86,1781271168.784411,8.300000191
rewards/train/score/min,87,1781271169.449389,0.400000006
rewards/train/score/min,88,1781271170.100677,9
rewards/train/score/min,89,1781271171.039288,7.800000191
rewards/train/score/min,90,1781271173.088523,-0.8000000119
rewards/train/score/min,91,1781271175.138467,-0.8000000119
rewards/train/score/min,92,1781271176.177499,11.30000019
rewards/train/score/min,93,1781271176.802289,7.800000191
rewards/train/score/min,94,1781271177.601155,2.099999905
rewards/train/score/min,95,1781271178.233138,3.299999952
rewards/train/score/min,96,1781271180.282909,-0.8000000119
rewards/train/score/min,97,1781271182.330732,-0.8000000119
rewards/train/score/min,98,1781271184.380513,0.400000006
rewards/train/score/min,99,1781271185.019928,3.299999952
rewards/train/score/min,100,1781271187.070832,-0.8000000119
rewards/train/score/min,101,1781271188.374317,0.400000006
rewards/train/score/min,102,1781271189.197735,7.800000191
rewards/train/score/min,103,1781271191.081710,0.400000006
rewards/train/score/min,104,1781271191.820297,11.30000019
rewards/train/score/min,105,1781271192.483993,7.800000191
rewards/train/score/min,106,1781271193.283083,7.800000191
rewards/train/score/min,107,1781271195.329784,-0.8000000119
rewards/train/score/min,108,1781271196.104292,2.099999905
rewards/train/score/min,109,1781271198.152133,-0.8000000119
rewards/train/score/min,110,1781271198.749007,7.800000191
rewards/train/score/min,111,1781271200.799150,-0.8000000119
rewards/train/score/min,112,1781271202.850765,-0.8000000119
rewards/train/score/min,113,1781271203.349966,11.30000019
rewards/train/score/min,114,1781271204.211503,3.299999952
rewards/train/score/min,115,1781271204.860451,3.299999952
rewards/train/score/min,116,1781271206.911155,-0.8000000119
rewards/train/score/min,117,1781271208.960091,-0.8000000119
rewards/train/score/min,118,1781271211.008786,0.400000006
rewards/train/score/min,119,1781271211.688744,12.5
rewards/train/score/min,120,1781271212.218826,11.30000019
rewards/train/score/min,121,1781271212.875201,3.299999952
rewards/train/score/min,122,1781271213.956090,2.799999952
rewards/train/score/min,123,1781271216.005361,-0.8000000119
rewards/train/score/min,124,1781271217.865991,0.400000006
rewards/train/score/min,125,1781271219.735137,1.600000024
rewards/train/score/min,126,1781271220.195501,1.600000024
rewards/train/score/min,127,1781271221.003856,0.400000006
rewards/train/score/min,128,1781271582.955828,9
rewards/train/score/min,129,1781271585.020344,0.400000006
rewards/train/score/min,130,1781271586.109687,1.600000024
rewards/train/score/min,131,1781271588.160290,0.400000006
rewards/train/score/min,132,1781271588.674438,9
rewards/train/score/min,133,1781271590.350275,2.799999952
rewards/train/score/min,134,1781271591.829630,9
rewards/train/score/min,135,1781271593.880810,0.400000006
rewards/train/score/min,136,1781271595.931768,0.400000006
rewards/train/score/min,137,1781271597.983718,-0.8000000119
rewards/train/score/min,138,1781271598.792429,10
rewards/train/score/min,139,1781271599.598203,9
rewards/train/score/min,140,1781271600.171943,7.800000191
rewards/train/score/min,141,1781271601.207255,1.600000024
rewards/train/score/min,142,1781271602.272565,1.600000024
rewards/train/score/min,143,1781271603.032616,9
rewards/train/score/min,144,1781271603.700789,12.5
rewards/train/score/min,145,1781271604.256850,7.800000191
rewards/train/score/min,146,1781271604.838992,2.799999952
rewards/train/score/min,147,1781271606.891150,-0.8000000119
rewards/train/score/min,148,1781271608.942151,-0.8000000119
rewards/train/score/min,149,1781271609.765445,9
rewards/train/score/min,150,1781271610.537784,9
rewards/train/score/min,151,1781271611.406585,7.800000191
rewards/train/score/min,152,1781271612.041589,7.800000191
rewards/train/score/min,153,1781271613.319786,11.30000019
rewards/train/score/min,154,1781271615.026416,0.400000006
rewards/train/score/min,155,1781271616.698010,0.400000006
rewards/train/score/min,156,1781271617.434397,0.8999999762
rewards/train/score/min,157,1781271619.485759,0.400000006
rewards/train/score/min,158,1781271620.454568,1.600000024
rewards/train/score/min,159,1781271620.983033,12.5
rewards/train/score/min,160,1781271621.893953,2.799999952
rewards/train/score/min,161,1781271622.558585,7.800000191
rewards/train/score/min,162,1781271624.608958,0.400000006
rewards/train/score/min,163,1781271625.255545,1.600000024
rewards/train/score/min,164,1781271627.307351,-0.8000000119
rewards/train/score/min,165,1781271628.184806,9
rewards/train/score/min,166,1781271629.551796,7.800000191
rewards/train/score/min,167,1781271630.424934,1.600000024
rewards/train/score/min,168,1781271631.263566,2.799999952
rewards/train/score/min,169,1781271632.059112,10
rewards/train/score/min,170,1781271632.923997,3.299999952
rewards/train/score/min,171,1781271633.645647,9
rewards/train/score/min,172,1781271634.237283,12.5
rewards/train/score/min,173,1781271635.301742,7.800000191
rewards/train/score/min,174,1781271636.149340,9
rewards/train/score/min,175,1781271636.714296,9
rewards/train/score/min,176,1781271638.041564,3.299999952
rewards/train/score/min,177,1781271640.093329,0.400000006
rewards/train/score/min,178,1781271642.145518,0.400000006
rewards/train/score/min,179,1781271642.691445,12.5
rewards/train/score/min,180,1781271644.742302,0.400000006
rewards/train/score/min,181,1781271645.594194,1.600000024
rewards/train/score/min,182,1781271646.490531,9
rewards/train/score/min,183,1781271647.066680,12.5
rewards/train/score/min,184,1781271649.116531,0.400000006
rewards/train/score/min,185,1781271649.732620,9
rewards/train/score/min,186,1781271650.403098,2.799999952
rewards/train/score/min,187,1781271651.516418,1.600000024
rewards/train/score/min,188,1781271653.566499,0.400000006
rewards/train/score/min,189,1781271655.618730,0.400000006
rewards/train/score/min,190,1781271656.537344,9
rewards/train/score/min,191,1781271657.091934,1.600000024
rewards/train/score/min,192,1781272034.751823,0.400000006
rewards/train/score/min,193,1781272035.337750,9
rewards/train/score/min,194,1781272036.000221,10
rewards/train/score/min,195,1781272037.333315,0.400000006
rewards/train/score/min,196,1781272037.994092,9
rewards/train/score/min,197,1781272039.649650,10.25
rewards/train/score/min,198,1781272041.019706,1.600000024
rewards/train/score/min,199,1781272041.657482,9
rewards/train/score/min,200,1781272042.577452,3.299999952
rewards/train/score/min,201,1781272043.012025,9
rewards/train/score/min,202,1781272044.293969,9
rewards/train/score/min,203,1781272045.048444,9
rewards/train/score/min,204,1781272045.912704,3.299999952
rewards/train/score/min,205,1781272047.856906,0.400000006
rewards/train/score/min,206,1781272049.907365,0.400000006
rewards/train/score/min,207,1781272050.768984,9
rewards/train/score/min,208,1781272051.488708,12.5
rewards/train/score/min,209,1781272052.856353,9
rewards/train/score/min,210,1781272053.513846,12.5
rewards/train/score/min,211,1781272054.374734,9
rewards/train/score/min,212,1781272055.234830,2.799999952
rewards/train/score/min,213,1781272056.212569,3.299999952
rewards/train/score/min,214,1781272057.374283,9
rewards/train/score/min,215,1781272058.087629,10.25
rewards/train/score/min,216,1781272060.137371,0.400000006
rewards/train/score/min,217,1781272062.187177,0.400000006
rewards/train/score/min,218,1781272064.237914,0.400000006
rewards/train/score/min,219,1781272064.918964,3.299999952
rewards/train/score/min,220,1781272065.735974,9
rewards/train/score/min,221,1781272067.786822,0.400000006
rewards/train/score/min,222,1781272068.638707,2.799999952
rewards/train/score/min,223,1781272069.257242,10
rewards/train/score/min,224,1781272071.307167,0.400000006
rewards/train/score/min,225,1781272073.357967,2.799999952
rewards/train/score/min,226,1781272074.136162,7.800000191
rewards/train/score/min,227,1781272076.185826,0.400000006
rewards/train/score/min,228,1781272077.205015,9
rewards/train/score/min,229,1781272077.987241,9
rewards/train/score/min,230,1781272080.039468,0.400000006
rewards/train/score/min,231,1781272080.679270,2.799999952
rewards/train/score/min,232,1781272081.298770,7.800000191
rewards/train/score/min,233,1781272083.350549,0.400000006
rewards/train/score/min,234,1781272085.402652,0.400000006
rewards/train/score/min,235,1781272086.862947,9
rewards/train/score/min,236,1781272087.759067,9
rewards/train/score/min,237,1781272088.382829,9.5
rewards/train/score/min,238,1781272089.236835,12.5
rewards/train/score/min,239,1781272089.882568,12.5
rewards/train/score/min,240,1781272090.435394,12.5
rewards/train/score/min,241,1781272092.485850,0.400000006
rewards/train/score/min,242,1781272094.535118,0.400000006
rewards/train/score/min,243,1781272095.307679,9
rewards/train/score/min,244,1781272096.515210,9
rewards/train/score/min,245,1781272097.371028,9
rewards/train/score/min,246,1781272098.149984,11.30000019
rewards/train/score/min,247,1781272100.201162,0.400000006
rewards/train/score/min,248,1781272100.966181,2.799999952
rewards/train/score/min,249,1781272103.621684,9
rewards/train/score/min,250,1781272104.407911,9
rewards/train/score/min,251,1781272106.456414,0.400000006
rewards/train/score/min,252,1781272107.666713,9
rewards/train/score/min,253,1781272108.256232,12.5
rewards/train/score/min,254,1781272108.785508,12.5
rewards/train/score/min,255,1781272110.834580,0.400000006
rewards/train/score/min,256,1781272439.480045,9
rewards/train/score/min,257,1781272440.522388,9
rewards/train/score/min,258,1781272441.249259,9.5
rewards/train/score/min,259,1781272441.827663,9
rewards/train/score/min,260,1781272442.642306,9
rewards/train/score/min,261,1781272443.425465,9
rewards/train/score/min,262,1781272444.051435,9
rewards/train/score/min,263,1781272445.004474,3.299999952
rewards/train/score/min,264,1781272445.640933,12.5
rewards/train/score/min,265,1781272447.022246,2.799999952
rewards/train/score/min,266,1781272448.614570,0.400000006
rewards/train/score/min,267,1781272450.665271,0.400000006
rewards/train/score/min,268,1781272452.099255,2.799999952
rewards/train/score/min,269,1781272452.764057,9
rewards/train/score/min,270,1781272453.610339,9
rewards/train/score/min,271,1781272454.231400,9
rewards/train/score/min,272,1781272454.973703,9
rewards/train/score/min,273,1781272457.025463,0.400000006
rewards/train/score/min,274,1781272457.611092,12.5
rewards/train/score/min,275,1781272458.729998,2.799999952
rewards/train/score/min,276,1781272459.889558,12.5
rewards/train/score/min,277,1781272460.839235,9
rewards/train/score/min,278,1781272462.274209,2.099999905
rewards/train/score/min,279,1781272463.339177,9
rewards/train/score/min,280,1781272463.968362,3.299999952
rewards/train/score/min,281,1781272464.435738,12.5
rewards/train/score/min,282,1781272465.392756,9
rewards/train/score/min,283,1781272466.634410,2.799999952
rewards/train/score/min,284,1781272468.685222,0.400000006
rewards/train/score/min,285,1781272469.796259,10.25
rewards/train/score/min,286,1781272471.848422,0.400000006
rewards/train/score/min,287,1781272473.899308,0.400000006
rewards/train/score/min,288,1781272474.365692,12.5
rewards/train/score/min,289,1781272475.064424,9
rewards/train/score/min,290,1781272475.809466,12.5
rewards/train/score/min,291,1781272476.533686,9
rewards/train/score/min,292,1781272477.547997,9
rewards/train/score/min,293,1781272478.516459,9
rewards/train/score/min,294,1781272479.410844,9
rewards/train/score/min,295,1781272480.133787,9
rewards/train/score/min,296,1781272482.164979,0.400000006
rewards/train/score/min,297,1781272483.663918,0.400000006
rewards/train/score/min,298,1781272484.487058,9
rewards/train/score/min,299,1781272485.175653,9
rewards/train/score/min,300,1781272487.226937,0.400000006
rewards/train/score/min,301,1781272488.703138,9
rewards/train/score/min,302,1781272489.776364,12.5
rewards/train/score/min,303,1781272490.497908,12.5
rewards/train/score/min,304,1781272491.036282,12.5
rewards/train/score/min,305,1781272491.826858,2.799999952
rewards/train/score/min,306,1781272492.638138,9
rewards/train/score/min,307,1781272494.690889,0.400000006
rewards/train/score/min,308,1781272496.543464,1.600000024
rewards/train/score/min,309,1781272497.017045,12.5
rewards/train/score/min,310,1781272499.068783,0.400000006
rewards/train/score/min,311,1781272500.916427,0.400000006
rewards/train/score/min,312,1781272502.968959,0.400000006
rewards/train/score/min,313,1781272503.509300,12.5
rewards/train/score/min,314,1781272504.608521,9
rewards/train/score/min,315,1781272505.282335,12.5
rewards/train/score/min,316,1781272506.217731,12.5
rewards/train/score/min,317,1781272507.026855,9
rewards/train/score/min,318,1781272507.965181,9
rewards/train/score/min,319,1781272508.442312,9
rewards/train/score/min,320,1781272842.522850,0.400000006
rewards/train/score/min,321,1781272843.370794,9
rewards/train/score/min,322,1781272844.036472,9
rewards/train/score/min,323,1781272846.089108,0.400000006
rewards/train/score/min,324,1781272846.646041,0.8999999762
rewards/train/score/min,325,1781272848.699599,0.400000006
rewards/train/score/min,326,1781272849.752535,10.25
rewards/train/score/min,327,1781272850.550545,9
rewards/train/score/min,328,1781272852.602663,0.400000006
rewards/train/score/min,329,1781272853.195197,9
rewards/train/score/min,330,1781272853.960658,9
rewards/train/score/min,331,1781272854.793375,9
rewards/train/score/min,332,1781272855.428870,12.5
rewards/train/score/min,333,1781272856.447593,9
rewards/train/score/min,334,1781272857.200871,9
rewards/train/score/min,335,1781272858.191303,9
rewards/train/score/min,336,1781272859.453937,10
rewards/train/score/min,337,1781272861.505420,0.400000006
rewards/train/score/min,338,1781272862.353933,2.799999952
rewards/train/score/min,339,1781272863.231896,9
rewards/train/score/min,340,1781272864.040791,12.5
rewards/train/score/min,341,1781272865.562518,0.400000006
rewards/train/score/min,342,1781272866.839483,9
rewards/train/score/min,343,1781272867.656207,10.25
rewards/train/score/min,344,1781272868.352696,12.5
rewards/train/score/min,345,1781272869.310968,9
rewards/train/score/min,346,1781272870.028223,12.5
rewards/train/score/min,347,1781272870.650564,12.5
rewards/train/score/min,348,1781272872.702799,0.400000006
rewards/train/score/min,349,1781272873.682099,3.299999952
rewards/train/score/min,350,1781272875.735852,0.400000006
rewards/train/score/min,351,1781272877.788508,0.400000006
rewards/train/score/min,352,1781272878.699800,9
rewards/train/score/min,353,1781272879.223266,9
rewards/train/score/min,354,1781272881.031649,2.799999952
rewards/train/score/min,355,1781272881.981897,9
rewards/train/score/min,356,1781272883.001878,9
rewards/train/score/min,357,1781272885.053140,0.400000006
rewards/train/score/min,358,1781272886.790179,9
rewards/train/score/min,359,1781272887.376167,9
rewards/train/score/min,360,1781272889.430014,0.400000006
rewards/train/score/min,361,1781272889.920001,9
rewards/train/score/min,362,1781272890.510089,10
rewards/train/score/min,363,1781272891.292964,9
rewards/train/score/min,364,1781272891.837961,9
rewards/train/score/min,365,1781272892.555810,9
rewards/train/score/min,366,1781272893.173343,12.5
rewards/train/score/min,367,1781272894.144255,9
rewards/train/score/min,368,1781272895.852278,0.400000006
rewards/train/score/min,369,1781272896.579146,12.5
rewards/train/score/min,370,1781272898.047899,9
rewards/train/score/min,371,1781272899.120988,9
rewards/train/score/min,372,1781272900.588488,1.600000024
rewards/train/score/min,373,1781272901.437077,9
rewards/train/score/min,374,1781272902.928864,1.600000024
rewards/train/score/min,375,1781272903.575653,12.5
rewards/train/score/min,376,1781272904.128924,9
rewards/train/score/min,377,1781272905.004189,9
rewards/train/score/min,378,1781272905.857096,9
rewards/train/score/min,379,1781272906.835949,9
rewards/train/score/min,380,1781272907.476136,9
rewards/train/score/min,381,1781272908.079859,9
rewards/train/score/min,382,1781272908.699662,12.5
rewards/train/score/min,383,1781272909.887690,12.5
rewards/train/score/min,384,1781273202.924057,9
rewards/train/score/min,385,1781273203.892520,10.25
rewards/train/score/min,386,1781273205.034033,9
rewards/train/score/min,387,1781273205.640916,12.5
rewards/train/score/min,388,1781273206.281687,12.5
rewards/train/score/min,389,1781273207.257394,9
rewards/train/score/min,390,1781273208.191767,9
rewards/train/score/min,391,1781273208.688618,9
rewards/train/score/min,392,1781273210.119261,9
rewards/train/score/min,393,1781273210.802606,9
rewards/train/score/min,394,1781273211.211361,12.5
rewards/train/score/min,395,1781273211.784978,9
rewards/train/score/min,396,1781273213.836229,0.400000006
rewards/train/score/min,397,1781273214.712018,9
rewards/train/score/min,398,1781273215.683355,8.300000191
rewards/train/score/min,399,1781273216.578209,9
rewards/train/score/min,400,1781273217.303044,9
rewards/train/score/min,401,1781273218.518329,9
rewards/train/score/min,402,1781273218.976824,12.5
rewards/train/score/min,403,1781273219.885817,9
rewards/train/score/min,404,1781273220.697477,9
rewards/train/score/min,405,1781273221.613778,9
rewards/train/score/min,406,1781273223.134650,9
rewards/train/score/min,407,1781273224.661691,9
rewards/train/score/min,408,1781273225.323298,10
rewards/train/score/min,409,1781273225.914778,9
rewards/train/score/min,410,1781273226.583153,9
rewards/train/score/min,411,1781273227.347729,9
rewards/train/score/min,412,1781273228.218151,9
rewards/train/score/min,413,1781273228.891220,9
rewards/train/score/min,414,1781273229.723670,9
rewards/train/score/min,415,1781273230.521244,9
rewards/train/score/min,416,1781273231.025772,12.5
rewards/train/score/min,417,1781273231.992900,9
rewards/train/score/min,418,1781273232.757548,9
rewards/train/score/min,419,1781273233.730486,9
rewards/train/score/min,420,1781273234.610603,9
rewards/train/score/min,421,1781273235.460152,9
rewards/train/score/min,422,1781273236.025362,12.5
rewards/train/score/min,423,1781273236.551765,9
rewards/train/score/min,424,1781273237.616111,9
rewards/train/score/min,425,1781273238.264501,12.5
rewards/train/score/min,426,1781273239.444908,9.5
rewards/train/score/min,427,1781273240.186804,7.800000191
rewards/train/score/min,428,1781273241.258502,9
rewards/train/score/min,429,1781273242.211970,9
rewards/train/score/min,430,1781273243.026410,9
rewards/train/score/min,431,1781273243.957948,2.799999952
rewards/train/score/min,432,1781273244.895609,9
rewards/train/score/min,433,1781273245.482194,9
rewards/train/score/min,434,1781273246.223502,9
rewards/train/score/min,435,1781273247.658038,9
rewards/train/score/min,436,1781273248.564528,9
rewards/train/score/min,437,1781273249.301461,12.5
rewards/train/score/min,438,1781273251.352228,0.400000006
rewards/train/score/min,439,1781273252.331130,9
rewards/train/score/min,440,1781273253.140537,9
rewards/train/score/min,441,1781273254.356232,9
rewards/train/score/min,442,1781273255.382998,9
rewards/train/score/min,443,1781273257.254413,9
rewards/train/score/min,444,1781273257.923963,9
rewards/train/score/min,445,1781273258.761924,9
rewards/train/score/min,446,1781273260.633546,2.799999952
rewards/train/score/min,447,1781273261.474496,9
rewards/train/score/min,448,1781273544.071057,12.5
rewards/train/score/min,449,1781273545.247408,9
rewards/train/score/min,450,1781273545.870240,9
rewards/train/score/min,451,1781273547.066262,9
rewards/train/score/min,452,1781273548.439986,9
rewards/train/score/min,453,1781273549.456327,9
rewards/train/score/min,454,1781273550.306431,9
rewards/train/score/min,455,1781273551.313574,9
rewards/train/score/min,456,1781273551.977068,9
rewards/train/score/min,457,1781273552.662658,12.5
rewards/train/score/min,458,1781273553.344137,9
rewards/train/score/min,459,1781273554.096754,9
rewards/train/score/min,460,1781273554.749516,12.5
rewards/train/score/min,461,1781273556.043882,9
rewards/train/score/min,462,1781273556.715009,9
rewards/train/score/min,463,1781273558.768396,0.400000006
rewards/train/score/min,464,1781273559.676988,2.799999952
rewards/train/score/min,465,1781273560.492593,9
rewards/train/score/min,466,1781273562.542847,0.400000006
rewards/train/score/min,467,1781273563.413860,9
rewards/train/score/min,468,1781273563.932923,9
rewards/train/score/min,469,1781273565.983355,0.400000006
rewards/train/score/min,470,1781273566.719553,9
rewards/train/score/min,471,1781273567.413051,12.5
rewards/train/score/min,472,1781273569.464407,0.400000006
rewards/train/score/min,473,1781273571.516331,0.400000006
rewards/train/score/min,474,1781273572.355818,12.5
rewards/train/score/min,475,1781273572.789013,9
rewards/train/score/min,476,1781273573.446424,9
rewards/train/score/min,477,1781273574.227499,9
rewards/train/score/min,478,1781273575.236379,9
rewards/train/score/min,479,1781273575.907949,12.5
rewards/train/score/min,480,1781273576.374871,12.5
rewards/train/score/min,481,1781273577.062060,9
rewards/train/score/min,482,1781273577.905771,9
rewards/train/score/min,483,1781273578.679971,9
rewards/train/score/min,484,1781273580.087773,9
rewards/train/score/min,485,1781273580.690050,9
rewards/train/score/min,486,1781273582.507882,0.400000006
rewards/train/score/min,487,1781273583.047381,12.5
rewards/train/score/min,488,1781273584.965898,0.400000006
rewards/train/score/min,489,1781273586.540233,9
rewards/train/score/min,490,1781273587.310345,12.5
rewards/train/score/min,491,1781273587.933051,12.5
rewards/train/score/min,492,1781273588.743694,9
rewards/train/score/min,493,1781273589.384186,9
rewards/train/score/min,494,1781273590.277621,9
rewards/train/score/min,495,1781273591.113732,9
rewards/train/score/min,496,1781273592.110796,12.5
rewards/train/score/min,497,1781273592.826203,10.25
rewards/train/score/min,498,1781273593.534495,9
rewards/train/score/min,499,1781273595.906536,9
completions/train/mean_length,0,1781270706.701885,249.625
completions/train/mean_length,1,1781270707.682059,146.125
completions/train/mean_length,2,1781270709.729193,514.75
completions/train/mean_length,3,1781270710.507748,176.25
completions/train/mean_length,4,1781270711.024156,103.875
completions/train/mean_length,5,1781270711.589548,113.125
completions/train/mean_length,6,1781270713.634805,471.375
completions/train/mean_length,7,1781270714.440463,153.75
completions/train/mean_length,8,1781270715.021658,115.25
completions/train/mean_length,9,1781270715.599538,119.25
completions/train/mean_length,10,1781270716.576848,176
completions/train/mean_length,11,1781270718.622007,499.5
completions/train/mean_length,12,1781270719.625417,236.875
completions/train/mean_length,13,1781270720.546407,170.25
completions/train/mean_length,14,1781270721.021746,101.75
completions/train/mean_length,15,1781270723.068445,283.25
completions/train/mean_length,16,1781270723.705417,151.75
completions/train/mean_length,17,1781270725.025332,379.125
completions/train/mean_length,18,1781270725.805658,184.375
completions/train/mean_length,19,1781270726.694253,136.75
completions/train/mean_length,20,1781270727.210915,57.875
completions/train/mean_length,21,1781270727.915093,159.75
completions/train/mean_length,22,1781270729.961345,406.5
completions/train/mean_length,23,1781270731.183000,303.5
completions/train/mean_length,24,1781270731.852362,126.125
completions/train/mean_length,25,1781270732.655364,233.375
completions/train/mean_length,26,1781270733.131909,83
completions/train/mean_length,27,1781270733.979449,185.375
completions/train/mean_length,28,1781270736.027992,541.75
completions/train/mean_length,29,1781270738.076182,487.5
completions/train/mean_length,30,1781270738.981593,193.5
completions/train/mean_length,31,1781270741.029713,329
completions/train/mean_length,32,1781270743.076666,442
completions/train/mean_length,33,1781270745.124491,295.25
completions/train/mean_length,34,1781270747.171132,371.625
completions/train/mean_length,35,1781270749.218420,469.125
completions/train/mean_length,36,1781270750.002016,207.875
completions/train/mean_length,37,1781270750.588209,126
completions/train/mean_length,38,1781270752.636954,445.5
completions/train/mean_length,39,1781270753.311215,162.875
completions/train/mean_length,40,1781270755.360265,643.25
completions/train/mean_length,41,1781270756.198526,170.5
completions/train/mean_length,42,1781270757.737163,225.375
completions/train/mean_length,43,1781270759.784651,711.625
completions/train/mean_length,44,1781270760.710967,171.25
completions/train/mean_length,45,1781270762.758922,252.25
completions/train/mean_length,46,1781270763.540318,198.125
completions/train/mean_length,47,1781270764.907907,286.75
completions/train/mean_length,48,1781270765.449124,123
completions/train/mean_length,49,1781270767.245459,365.625
completions/train/mean_length,50,1781270768.602245,231.625
completions/train/mean_length,51,1781270770.651416,348
completions/train/mean_length,52,1781270771.332333,139.625
completions/train/mean_length,53,1781270771.912691,127.75
completions/train/mean_length,54,1781270772.674107,172.625
completions/train/mean_length,55,1781270773.888292,203
completions/train/mean_length,56,1781270774.362125,96.625
completions/train/mean_length,57,1781270775.005794,126.625
completions/train/mean_length,58,1781270776.511908,302.5
completions/train/mean_length,59,1781270778.561029,341.25
completions/train/mean_length,60,1781270780.608471,458
completions/train/mean_length,61,1781270781.108694,98
completions/train/mean_length,62,1781270781.765122,144.125
completions/train/mean_length,63,1781270782.456481,137.5
completions/train/mean_length,64,1781271142.428605,113.125
completions/train/mean_length,65,1781271144.490755,557.625
completions/train/mean_length,66,1781271146.539883,427.375
completions/train/mean_length,67,1781271147.258164,129.875
completions/train/mean_length,68,1781271147.909425,166.25
completions/train/mean_length,69,1781271148.778285,206.25
completions/train/mean_length,70,1781271150.636803,296.75
completions/train/mean_length,71,1781271152.685555,647
completions/train/mean_length,72,1781271153.153358,89.625
completions/train/mean_length,73,1781271155.200955,351.375
completions/train/mean_length,74,1781271156.020211,188.125
completions/train/mean_length,75,1781271156.598142,126.25
completions/train/mean_length,76,1781271158.647811,342.125
completions/train/mean_length,77,1781271159.273899,128.875
completions/train/mean_length,78,1781271159.917548,148.75
completions/train/mean_length,79,1781271160.412879,96.75
completions/train/mean_length,80,1781271162.461545,379.875
completions/train/mean_length,81,1781271163.269923,171.625
completions/train/mean_length,82,1781271165.129032,319.625
completions/train/mean_length,83,1781271165.615516,96.75
completions/train/mean_length,84,1781271167.666715,487.25
completions/train/mean_length,85,1781271168.269827,123.375
completions/train/mean_length,86,1781271168.784610,108.25
completions/train/mean_length,87,1781271169.449587,144.25
completions/train/mean_length,88,1781271170.100890,168.5
completions/train/mean_length,89,1781271171.039491,231.25
completions/train/mean_length,90,1781271173.088741,240.75
completions/train/mean_length,91,1781271175.138685,504.5
completions/train/mean_length,92,1781271176.177713,181.75
completions/train/mean_length,93,1781271176.802490,128.875
completions/train/mean_length,94,1781271177.601353,205.375
completions/train/mean_length,95,1781271178.233341,159.75
completions/train/mean_length,96,1781271180.283106,440.375
completions/train/mean_length,97,1781271182.330935,384.875
completions/train/mean_length,98,1781271184.380733,478.625
completions/train/mean_length,99,1781271185.020124,149
completions/train/mean_length,100,1781271187.071040,483
completions/train/mean_length,101,1781271188.374521,173.375
completions/train/mean_length,102,1781271189.197937,210
completions/train/mean_length,103,1781271191.081916,275.125
completions/train/mean_length,104,1781271191.820493,148.75
completions/train/mean_length,105,1781271192.484188,152.875
completions/train/mean_length,106,1781271193.283280,151.375
completions/train/mean_length,107,1781271195.329983,309.125
completions/train/mean_length,108,1781271196.104496,194.5
completions/train/mean_length,109,1781271198.152334,261
completions/train/mean_length,110,1781271198.749194,122.25
completions/train/mean_length,111,1781271200.799357,284.75
completions/train/mean_length,112,1781271202.850968,483.625
completions/train/mean_length,113,1781271203.350165,85.5
completions/train/mean_length,114,1781271204.211719,211.625
completions/train/mean_length,115,1781271204.860662,148.25
completions/train/mean_length,116,1781271206.911344,222.125
completions/train/mean_length,117,1781271208.960289,450
completions/train/mean_length,118,1781271211.008987,278.25
completions/train/mean_length,119,1781271211.688947,174.75
completions/train/mean_length,120,1781271212.219019,119.75
completions/train/mean_length,121,1781271212.875400,142.875
completions/train/mean_length,122,1781271213.956286,216
completions/train/mean_length,123,1781271216.005562,246.75
completions/train/mean_length,124,1781271217.866189,391.625
completions/train/mean_length,125,1781271219.735339,230.75
completions/train/mean_length,126,1781271220.195708,84.625
completions/train/mean_length,127,1781271221.004049,194.75
completions/train/mean_length,128,1781271582.956000,166.875
completions/train/mean_length,129,1781271585.020508,239.75
completions/train/mean_length,130,1781271586.109869,278.125
completions/train/mean_length,131,1781271588.160471,392.125
completions/train/mean_length,132,1781271588.674612,104
completions/train/mean_length,133,1781271590.350459,312.625
completions/train/mean_length,134,1781271591.829824,172.375
completions/train/mean_length,135,1781271593.880981,327.25
completions/train/mean_length,136,1781271595.931944,262.375
completions/train/mean_length,137,1781271597.983896,349.125
completions/train/mean_length,138,1781271598.792608,205
completions/train/mean_length,139,1781271599.598379,172.5
completions/train/mean_length,140,1781271600.172113,119.625
completions/train/mean_length,141,1781271601.207461,266.5
completions/train/mean_length,142,1781271602.272761,216.5
completions/train/mean_length,143,1781271603.032810,162.5
completions/train/mean_length,144,1781271603.700963,120.5
completions/train/mean_length,145,1781271604.257021,106.5
completions/train/mean_length,146,1781271604.839165,133.125
completions/train/mean_length,147,1781271606.891321,263.625
completions/train/mean_length,148,1781271608.942317,563.125
completions/train/mean_length,149,1781271609.765618,191
completions/train/mean_length,150,1781271610.537958,136.625
completions/train/mean_length,151,1781271611.406770,195.375
completions/train/mean_length,152,1781271612.041784,127.875
completions/train/mean_length,153,1781271613.319959,257.875
completions/train/mean_length,154,1781271615.026582,341.875
completions/train/mean_length,155,1781271616.698178,254
completions/train/mean_length,156,1781271617.434579,169.875
completions/train/mean_length,157,1781271619.485932,457.25
completions/train/mean_length,158,1781271620.454761,241.25
completions/train/mean_length,159,1781271620.983207,118.125
completions/train/mean_length,160,1781271621.894131,201.5
completions/train/mean_length,161,1781271622.558777,152.375
completions/train/mean_length,162,1781271624.609131,229.125
completions/train/mean_length,163,1781271625.255737,115
completions/train/mean_length,164,1781271627.307519,284.625
completions/train/mean_length,165,1781271628.184973,198.875
completions/train/mean_length,166,1781271629.551971,220.5
completions/train/mean_length,167,1781271630.425098,153
completions/train/mean_length,168,1781271631.263767,201.125
completions/train/mean_length,169,1781271632.059274,170.875
completions/train/mean_length,170,1781271632.924162,202.75
completions/train/mean_length,171,1781271633.645808,169
completions/train/mean_length,172,1781271634.237475,112.875
completions/train/mean_length,173,1781271635.301935,195.25
completions/train/mean_length,174,1781271636.149507,217.125
completions/train/mean_length,175,1781271636.714471,113
completions/train/mean_length,176,1781271638.041760,292.875
completions/train/mean_length,177,1781271640.093522,462.125
completions/train/mean_length,178,1781271642.145702,412
completions/train/mean_length,179,1781271642.691621,125.375
completions/train/mean_length,180,1781271644.742479,301.625
completions/train/mean_length,181,1781271645.594363,221.5
completions/train/mean_length,182,1781271646.490753,215.75
completions/train/mean_length,183,1781271647.066858,128
completions/train/mean_length,184,1781271649.116722,488.375
completions/train/mean_length,185,1781271649.732806,120.875
completions/train/mean_length,186,1781271650.403279,157.5
completions/train/mean_length,187,1781271651.516593,279.5
completions/train/mean_length,188,1781271653.566685,396.375
completions/train/mean_length,189,1781271655.618905,447
completions/train/mean_length,190,1781271656.537526,217.375
completions/train/mean_length,191,1781271657.092106,114.125
completions/train/mean_length,192,1781272034.752036,545.125
completions/train/mean_length,193,1781272035.337934,128.5
completions/train/mean_length,194,1781272036.000396,157.375
completions/train/mean_length,195,1781272037.333508,208.375
completions/train/mean_length,196,1781272037.994259,160.25
completions/train/mean_length,197,1781272039.649831,256
completions/train/mean_length,198,1781272041.019881,152.625
completions/train/mean_length,199,1781272041.657676,131.25
completions/train/mean_length,200,1781272042.577625,246.875
completions/train/mean_length,201,1781272043.012171,80.875
completions/train/mean_length,202,1781272044.294135,250.25
completions/train/mean_length,203,1781272045.048616,149.5
completions/train/mean_length,204,1781272045.912875,207.75
completions/train/mean_length,205,1781272047.857069,311.5
completions/train/mean_length,206,1781272049.907536,406.625
completions/train/mean_length,207,1781272050.769156,189.125
completions/train/mean_length,208,1781272051.488908,155.625
completions/train/mean_length,209,1781272052.856545,194.75
completions/train/mean_length,210,1781272053.514047,138.75
completions/train/mean_length,211,1781272054.374933,202
completions/train/mean_length,212,1781272055.235032,186.875
completions/train/mean_length,213,1781272056.212791,172.375
completions/train/mean_length,214,1781272057.374486,153
completions/train/mean_length,215,1781272058.087850,187.25
completions/train/mean_length,216,1781272060.137567,224
completions/train/mean_length,217,1781272062.187372,653.5
completions/train/mean_length,218,1781272064.238108,244.625
completions/train/mean_length,219,1781272064.919167,122.375
completions/train/mean_length,220,1781272065.736171,212.25
completions/train/mean_length,221,1781272067.786999,421.5
completions/train/mean_length,222,1781272068.638895,201
completions/train/mean_length,223,1781272069.257440,157.5
completions/train/mean_length,224,1781272071.307358,350.375
completions/train/mean_length,225,1781272073.358133,306.25
completions/train/mean_length,226,1781272074.136335,157.875
completions/train/mean_length,227,1781272076.185993,249.5
completions/train/mean_length,228,1781272077.205189,215.25
completions/train/mean_length,229,1781272077.987417,217.5
completions/train/mean_length,230,1781272080.039650,382.625
completions/train/mean_length,231,1781272080.679449,134
completions/train/mean_length,232,1781272081.298945,132.75
completions/train/mean_length,233,1781272083.350724,768
completions/train/mean_length,234,1781272085.402838,305.375
completions/train/mean_length,235,1781272086.863112,358.75
completions/train/mean_length,236,1781272087.759232,206.125
completions/train/mean_length,237,1781272088.383002,126.875
completions/train/mean_length,238,1781272089.237006,213
completions/train/mean_length,239,1781272089.882764,167
completions/train/mean_length,240,1781272090.435572,128.25
completions/train/mean_length,241,1781272092.486014,381.5
completions/train/mean_length,242,1781272094.535288,241.25
completions/train/mean_length,243,1781272095.307857,158.375
completions/train/mean_length,244,1781272096.515384,202.5
completions/train/mean_length,245,1781272097.371203,236.125
completions/train/mean_length,246,1781272098.150160,217
completions/train/mean_length,247,1781272100.201330,547.25
completions/train/mean_length,248,1781272100.966345,190
completions/train/mean_length,249,1781272103.623214,168.625
completions/train/mean_length,250,1781272104.408081,136.25
completions/train/mean_length,251,1781272106.456586,569
completions/train/mean_length,252,1781272107.666886,228.875
completions/train/mean_length,253,1781272108.256401,136.625
completions/train/mean_length,254,1781272108.785687,101.625
completions/train/mean_length,255,1781272110.834764,323.875
completions/train/mean_length,256,1781272439.480215,260.375
completions/train/mean_length,257,1781272440.522562,284.375
completions/train/mean_length,258,1781272441.249424,143.625
completions/train/mean_length,259,1781272441.827843,135.5
completions/train/mean_length,260,1781272442.642490,180.25
completions/train/mean_length,261,1781272443.425649,212.625
completions/train/mean_length,262,1781272444.051594,115.5
completions/train/mean_length,263,1781272445.004660,277.75
completions/train/mean_length,264,1781272445.641104,153.125
completions/train/mean_length,265,1781272447.022457,227.5
completions/train/mean_length,266,1781272448.614763,277.25
completions/train/mean_length,267,1781272450.665440,557
completions/train/mean_length,268,1781272452.099432,242.125
completions/train/mean_length,269,1781272452.764259,129.125
completions/train/mean_length,270,1781272453.610614,219.625
completions/train/mean_length,271,1781272454.231656,140.875
completions/train/mean_length,272,1781272454.973943,141.25
completions/train/mean_length,273,1781272457.025746,363.5
completions/train/mean_length,274,1781272457.611316,114.75
completions/train/mean_length,275,1781272458.730265,267.75
completions/train/mean_length,276,1781272459.889807,346
completions/train/mean_length,277,1781272460.839468,229.625
completions/train/mean_length,278,1781272462.274435,393.25
completions/train/mean_length,279,1781272463.339431,333.375
completions/train/mean_length,280,1781272463.968604,150.25
completions/train/mean_length,281,1781272464.435993,93.5
completions/train/mean_length,282,1781272465.392987,237.625
completions/train/mean_length,283,1781272466.634656,183.75
completions/train/mean_length,284,1781272468.685454,550.5
completions/train/mean_length,285,1781272469.796491,304.75
completions/train/mean_length,286,1781272471.848711,635.125
completions/train/mean_length,287,1781272473.899568,325.375
completions/train/mean_length,288,1781272474.365935,77
completions/train/mean_length,289,1781272475.064666,156.875
completions/train/mean_length,290,1781272475.809715,185.125
completions/train/mean_length,291,1781272476.533927,143.25
completions/train/mean_length,292,1781272477.548251,273.875
completions/train/mean_length,293,1781272478.516716,222.875
completions/train/mean_length,294,1781272479.411077,174.5
completions/train/mean_length,295,1781272480.134021,166
completions/train/mean_length,296,1781272482.165207,266.25
completions/train/mean_length,297,1781272483.664153,272.75
completions/train/mean_length,298,1781272484.487284,201.25
completions/train/mean_length,299,1781272485.175896,169
completions/train/mean_length,300,1781272487.227196,299
completions/train/mean_length,301,1781272488.703398,237.25
completions/train/mean_length,302,1781272489.776666,177.875
completions/train/mean_length,303,1781272490.498132,148.875
completions/train/mean_length,304,1781272491.036484,110.5
completions/train/mean_length,305,1781272491.827081,118.625
completions/train/mean_length,306,1781272492.638371,204.75
completions/train/mean_length,307,1781272494.691120,389
completions/train/mean_length,308,1781272496.543732,347.125
completions/train/mean_length,309,1781272497.017295,91.625
completions/train/mean_length,310,1781272499.069020,530
completions/train/mean_length,311,1781272500.916675,309.25
completions/train/mean_length,312,1781272502.969195,305.25
completions/train/mean_length,313,1781272503.509573,109
completions/train/mean_length,314,1781272504.608944,226.75
completions/train/mean_length,315,1781272505.282582,168.25
completions/train/mean_length,316,1781272506.217963,193.375
completions/train/mean_length,317,1781272507.027128,221.25
completions/train/mean_length,318,1781272507.965413,246.25
completions/train/mean_length,319,1781272508.442548,96
completions/train/mean_length,320,1781272842.523049,357.625
completions/train/mean_length,321,1781272843.371035,202
completions/train/mean_length,322,1781272844.036688,138.5
completions/train/mean_length,323,1781272846.089327,398.75
completions/train/mean_length,324,1781272846.646260,128.25
completions/train/mean_length,325,1781272848.699792,503.875
completions/train/mean_length,326,1781272849.752770,291.625
completions/train/mean_length,327,1781272850.550758,176.5
completions/train/mean_length,328,1781272852.602888,274
completions/train/mean_length,329,1781272853.195426,129.125
completions/train/mean_length,330,1781272853.960886,183.875
completions/train/mean_length,331,1781272854.793602,176.625
completions/train/mean_length,332,1781272855.429085,158.875
completions/train/mean_length,333,1781272856.447792,224.25
completions/train/mean_length,334,1781272857.201116,122.25
completions/train/mean_length,335,1781272858.191561,253.875
completions/train/mean_length,336,1781272859.454190,299.125
completions/train/mean_length,337,1781272861.505651,355.625
completions/train/mean_length,338,1781272862.354126,182.625
completions/train/mean_length,339,1781272863.232103,194.875
completions/train/mean_length,340,1781272864.041024,207.5
completions/train/mean_length,341,1781272865.562747,236.875
completions/train/mean_length,342,1781272866.839720,240.75
completions/train/mean_length,343,1781272867.656432,227.5
completions/train/mean_length,344,1781272868.352928,172.5
completions/train/mean_length,345,1781272869.311196,153
completions/train/mean_length,346,1781272870.028519,182.875
completions/train/mean_length,347,1781272870.650770,152.375
completions/train/mean_length,348,1781272872.702949,478.625
completions/train/mean_length,349,1781272873.682332,218.5
completions/train/mean_length,350,1781272875.736071,516.625
completions/train/mean_length,351,1781272877.788738,617.875
completions/train/mean_length,352,1781272878.700030,179.625
completions/train/mean_length,353,1781272879.223486,103.875
completions/train/mean_length,354,1781272881.031881,321.625
completions/train/mean_length,355,1781272881.982107,233.5
completions/train/mean_length,356,1781272883.002104,236.375
completions/train/mean_length,357,1781272885.053350,336.375
completions/train/mean_length,358,1781272886.790402,345.25
completions/train/mean_length,359,1781272887.376355,129.625
completions/train/mean_length,360,1781272889.430230,453.125
completions/train/mean_length,361,1781272889.920242,98.5
completions/train/mean_length,362,1781272890.510303,129.75
completions/train/mean_length,363,1781272891.293172,149.5
completions/train/mean_length,364,1781272891.838144,108.75
completions/train/mean_length,365,1781272892.555999,164.875
completions/train/mean_length,366,1781272893.173571,142.75
completions/train/mean_length,367,1781272894.144523,208
completions/train/mean_length,368,1781272895.852494,271
completions/train/mean_length,369,1781272896.579382,177.375
completions/train/mean_length,370,1781272898.048129,225.625
completions/train/mean_length,371,1781272899.121209,277.375
completions/train/mean_length,372,1781272900.588737,270.5
completions/train/mean_length,373,1781272901.437306,155.25
completions/train/mean_length,374,1781272902.929103,350.375
completions/train/mean_length,375,1781272903.575888,156
completions/train/mean_length,376,1781272904.129164,94.375
completions/train/mean_length,377,1781272905.004416,197
completions/train/mean_length,378,1781272905.857308,179
completions/train/mean_length,379,1781272906.836140,241.875
completions/train/mean_length,380,1781272907.476368,153.75
completions/train/mean_length,381,1781272908.080060,123.25
completions/train/mean_length,382,1781272908.699903,139.125
completions/train/mean_length,383,1781272909.887881,299.125
completions/train/mean_length,384,1781273202.924315,241.375
completions/train/mean_length,385,1781273203.892796,277.25
completions/train/mean_length,386,1781273205.034264,197.875
completions/train/mean_length,387,1781273205.641138,143.875
completions/train/mean_length,388,1781273206.281916,136.5
completions/train/mean_length,389,1781273207.257665,249.75
completions/train/mean_length,390,1781273208.192006,253.875
completions/train/mean_length,391,1781273208.688872,94.25
completions/train/mean_length,392,1781273210.119522,300.25
completions/train/mean_length,393,1781273210.802769,131
completions/train/mean_length,394,1781273211.211572,67.125
completions/train/mean_length,395,1781273211.785142,125.875
completions/train/mean_length,396,1781273213.836452,528.625
completions/train/mean_length,397,1781273214.712240,188.75
completions/train/mean_length,398,1781273215.683583,192.75
completions/train/mean_length,399,1781273216.578421,223.625
completions/train/mean_length,400,1781273217.303265,162
completions/train/mean_length,401,1781273218.518545,303
completions/train/mean_length,402,1781273218.977007,90.875
completions/train/mean_length,403,1781273219.886010,230.125
completions/train/mean_length,404,1781273220.697705,183.125
completions/train/mean_length,405,1781273221.613981,212.25
completions/train/mean_length,406,1781273223.134886,278.125
completions/train/mean_length,407,1781273224.661877,288
completions/train/mean_length,408,1781273225.323489,136
completions/train/mean_length,409,1781273225.914977,124.375
completions/train/mean_length,410,1781273226.583322,169.75
completions/train/mean_length,411,1781273227.347985,188.25
completions/train/mean_length,412,1781273228.218365,224.25
completions/train/mean_length,413,1781273228.891430,146.25
completions/train/mean_length,414,1781273229.723876,169.25
completions/train/mean_length,415,1781273230.521412,171.875
completions/train/mean_length,416,1781273231.025975,104.25
completions/train/mean_length,417,1781273231.993099,250.125
completions/train/mean_length,418,1781273232.757738,156.875
completions/train/mean_length,419,1781273233.730721,151.875
completions/train/mean_length,420,1781273234.610871,214.75
completions/train/mean_length,421,1781273235.460366,199.125
completions/train/mean_length,422,1781273236.025572,132
completions/train/mean_length,423,1781273236.551987,106.125
completions/train/mean_length,424,1781273237.616389,234
completions/train/mean_length,425,1781273238.264736,104.625
completions/train/mean_length,426,1781273239.445117,279.375
completions/train/mean_length,427,1781273240.187022,152.75
completions/train/mean_length,428,1781273241.258744,295.25
completions/train/mean_length,429,1781273242.212184,215
completions/train/mean_length,430,1781273243.026600,205.125
completions/train/mean_length,431,1781273243.958169,238.75
completions/train/mean_length,432,1781273244.895843,213.5
completions/train/mean_length,433,1781273245.482401,103.25
completions/train/mean_length,434,1781273246.223768,190.75
completions/train/mean_length,435,1781273247.658249,250.125
completions/train/mean_length,436,1781273248.564759,206.75
completions/train/mean_length,437,1781273249.301698,196.625
completions/train/mean_length,438,1781273251.352449,319.875
completions/train/mean_length,439,1781273252.331343,257.25
completions/train/mean_length,440,1781273253.140766,200.125
completions/train/mean_length,441,1781273254.356448,291.875
completions/train/mean_length,442,1781273255.383221,222.125
completions/train/mean_length,443,1781273257.254629,262.25
completions/train/mean_length,444,1781273257.924178,156.625
completions/train/mean_length,445,1781273258.762135,203.875
completions/train/mean_length,446,1781273260.633784,400.125
completions/train/mean_length,447,1781273261.474738,218.375
completions/train/mean_length,448,1781273544.071281,155.75
completions/train/mean_length,449,1781273545.247648,240.25
completions/train/mean_length,450,1781273545.870460,148.5
completions/train/mean_length,451,1781273547.066478,201.25
completions/train/mean_length,452,1781273548.440207,318.75
completions/train/mean_length,453,1781273549.456543,232
completions/train/mean_length,454,1781273550.306658,230.125
completions/train/mean_length,455,1781273551.313826,193.5
completions/train/mean_length,456,1781273551.977276,170
completions/train/mean_length,457,1781273552.662881,124.5
completions/train/mean_length,458,1781273553.344348,155.5
completions/train/mean_length,459,1781273554.097005,167.125
completions/train/mean_length,460,1781273554.749745,166
completions/train/mean_length,461,1781273556.044106,259
completions/train/mean_length,462,1781273556.715249,165.75
completions/train/mean_length,463,1781273558.768654,310.5
completions/train/mean_length,464,1781273559.677231,217
completions/train/mean_length,465,1781273560.492858,195.875
completions/train/mean_length,466,1781273562.543075,224.5
completions/train/mean_length,467,1781273563.414125,198.25
completions/train/mean_length,468,1781273563.933147,102.5
completions/train/mean_length,469,1781273565.983595,768
completions/train/mean_length,470,1781273566.719801,194
completions/train/mean_length,471,1781273567.413278,141.75
completions/train/mean_length,472,1781273569.464634,343.75
completions/train/mean_length,473,1781273571.516559,359.5
completions/train/mean_length,474,1781273572.356060,199.125
completions/train/mean_length,475,1781273572.789222,82.75
completions/train/mean_length,476,1781273573.446656,146.875
completions/train/mean_length,477,1781273574.227734,181.125
completions/train/mean_length,478,1781273575.236598,225.75
completions/train/mean_length,479,1781273575.908164,154.5
completions/train/mean_length,480,1781273576.375099,85.125
completions/train/mean_length,481,1781273577.062297,180.5
completions/train/mean_length,482,1781273577.905987,218.5
completions/train/mean_length,483,1781273578.680197,180.125
completions/train/mean_length,484,1781273580.087989,345
completions/train/mean_length,485,1781273580.690262,130.25
completions/train/mean_length,486,1781273582.508099,255.875
completions/train/mean_length,487,1781273583.047604,114
completions/train/mean_length,488,1781273584.966125,333
completions/train/mean_length,489,1781273586.540451,231.25
completions/train/mean_length,490,1781273587.310564,164.25
completions/train/mean_length,491,1781273587.933272,151
completions/train/mean_length,492,1781273588.743921,184.25
completions/train/mean_length,493,1781273589.384403,137.875
completions/train/mean_length,494,1781273590.277860,202.625
completions/train/mean_length,495,1781273591.113951,146.125
completions/train/mean_length,496,1781273592.111015,176.75
completions/train/mean_length,497,1781273592.826418,176.25
completions/train/mean_length,498,1781273593.534757,141.5
completions/train/mean_length,499,1781273595.909427,179
completions/train/max_length,0,1781270706.702083,291
completions/train/max_length,1,1781270707.682260,204
completions/train/max_length,2,1781270709.729408,768
completions/train/max_length,3,1781270710.507975,233
completions/train/max_length,4,1781270711.024373,123
completions/train/max_length,5,1781270711.589764,144
completions/train/max_length,6,1781270713.635041,768
completions/train/max_length,7,1781270714.440692,245
completions/train/max_length,8,1781270715.021886,150
completions/train/max_length,9,1781270715.599762,149
completions/train/max_length,10,1781270716.577051,317
completions/train/max_length,11,1781270718.622217,768
completions/train/max_length,12,1781270719.625628,328
completions/train/max_length,13,1781270720.546624,293
completions/train/max_length,14,1781270721.022002,105
completions/train/max_length,15,1781270723.068685,768
completions/train/max_length,16,1781270723.705673,174
completions/train/max_length,17,1781270725.025535,461
completions/train/max_length,18,1781270725.805858,234
completions/train/max_length,19,1781270726.694460,279
completions/train/max_length,20,1781270727.211138,123
completions/train/max_length,21,1781270727.915302,202
completions/train/max_length,22,1781270729.961564,768
completions/train/max_length,23,1781270731.183217,420
completions/train/max_length,24,1781270731.852629,187
completions/train/max_length,25,1781270732.655579,243
completions/train/max_length,26,1781270733.132113,106
completions/train/max_length,27,1781270733.979667,262
completions/train/max_length,28,1781270736.028198,768
completions/train/max_length,29,1781270738.076386,768
completions/train/max_length,30,1781270738.981807,286
completions/train/max_length,31,1781270741.029970,768
completions/train/max_length,32,1781270743.076888,768
completions/train/max_length,33,1781270745.124721,768
completions/train/max_length,34,1781270747.171361,768
completions/train/max_length,35,1781270749.218618,768
completions/train/max_length,36,1781270750.002271,235
completions/train/max_length,37,1781270750.588413,152
completions/train/max_length,38,1781270752.637192,768
completions/train/max_length,39,1781270753.311471,189
completions/train/max_length,40,1781270755.360489,768
completions/train/max_length,41,1781270756.198720,258
completions/train/max_length,42,1781270757.737387,553
completions/train/max_length,43,1781270759.784831,768
completions/train/max_length,44,1781270760.711169,295
completions/train/max_length,45,1781270762.759150,768
completions/train/max_length,46,1781270763.540488,234
completions/train/max_length,47,1781270764.908160,480
completions/train/max_length,48,1781270765.449416,133
completions/train/max_length,49,1781270767.245673,661
completions/train/max_length,50,1781270768.602424,477
completions/train/max_length,51,1781270770.651587,768
completions/train/max_length,52,1781270771.332504,192
completions/train/max_length,53,1781270771.912865,150
completions/train/max_length,54,1781270772.674286,225
completions/train/max_length,55,1781270773.888463,416
completions/train/max_length,56,1781270774.362299,105
completions/train/max_length,57,1781270775.005970,176
completions/train/max_length,58,1781270776.512088,540
completions/train/max_length,59,1781270778.561204,768
completions/train/max_length,60,1781270780.608656,768
completions/train/max_length,61,1781270781.108869,116
completions/train/max_length,62,1781270781.765291,182
completions/train/max_length,63,1781270782.456668,197
completions/train/max_length,64,1781271142.428830,175
completions/train/max_length,65,1781271144.490957,768
completions/train/max_length,66,1781271146.540077,768
completions/train/max_length,67,1781271147.258373,208
completions/train/max_length,68,1781271147.909624,179
completions/train/max_length,69,1781271148.778487,271
completions/train/max_length,70,1781271150.636996,687
completions/train/max_length,71,1781271152.685755,768
completions/train/max_length,72,1781271153.153556,102
completions/train/max_length,73,1781271155.201156,768
completions/train/max_length,74,1781271156.020422,250
completions/train/max_length,75,1781271156.598344,149
completions/train/max_length,76,1781271158.648004,768
completions/train/max_length,77,1781271159.274105,169
completions/train/max_length,78,1781271159.917759,176
completions/train/max_length,79,1781271160.413076,114
completions/train/max_length,80,1781271162.461762,768
completions/train/max_length,81,1781271163.270122,246
completions/train/max_length,82,1781271165.129228,498
completions/train/max_length,83,1781271165.615713,110
completions/train/max_length,84,1781271167.666942,768
completions/train/max_length,85,1781271168.270021,159
completions/train/max_length,86,1781271168.784827,122
completions/train/max_length,87,1781271169.449785,185
completions/train/max_length,88,1781271170.101086,179
completions/train/max_length,89,1781271171.039704,300
completions/train/max_length,90,1781271173.088944,768
completions/train/max_length,91,1781271175.138893,768
completions/train/max_length,92,1781271176.177917,342
completions/train/max_length,93,1781271176.802701,168
completions/train/max_length,94,1781271177.601549,241
completions/train/max_length,95,1781271178.233542,171
completions/train/max_length,96,1781271180.283307,768
completions/train/max_length,97,1781271182.331130,768
completions/train/max_length,98,1781271184.380938,768
completions/train/max_length,99,1781271185.020319,174
completions/train/max_length,100,1781271187.071242,768
completions/train/max_length,101,1781271188.374742,454
completions/train/max_length,102,1781271189.198137,251
completions/train/max_length,103,1781271191.082118,698
completions/train/max_length,104,1781271191.820706,216
completions/train/max_length,105,1781271192.484386,184
completions/train/max_length,106,1781271193.283479,241
completions/train/max_length,107,1781271195.330184,768
completions/train/max_length,108,1781271196.104714,231
completions/train/max_length,109,1781271198.152529,768
completions/train/max_length,110,1781271198.749396,156
completions/train/max_length,111,1781271200.799559,768
completions/train/max_length,112,1781271202.851163,768
completions/train/max_length,113,1781271203.350364,115
completions/train/max_length,114,1781271204.211923,267
completions/train/max_length,115,1781271204.860868,178
completions/train/max_length,116,1781271206.911542,768
completions/train/max_length,117,1781271208.960500,768
completions/train/max_length,118,1781271211.009185,768
completions/train/max_length,119,1781271211.689145,191
completions/train/max_length,120,1781271212.219217,128
completions/train/max_length,121,1781271212.875602,181
completions/train/max_length,122,1781271213.956489,360
completions/train/max_length,123,1781271216.005779,768
completions/train/max_length,124,1781271217.866389,688
completions/train/max_length,125,1781271219.735536,692
completions/train/max_length,126,1781271220.195910,99
completions/train/max_length,127,1781271221.004246,245
completions/train/max_length,128,1781271582.956169,203
completions/train/max_length,129,1781271585.020698,768
completions/train/max_length,130,1781271586.110047,363
completions/train/max_length,131,1781271588.160660,768
completions/train/max_length,132,1781271588.674808,121
completions/train/max_length,133,1781271590.350629,610
completions/train/max_length,134,1781271591.829989,337
completions/train/max_length,135,1781271593.881159,768
completions/train/max_length,136,1781271595.932124,768
completions/train/max_length,137,1781271597.984074,768
completions/train/max_length,138,1781271598.792801,245
completions/train/max_length,139,1781271599.598550,244
completions/train/max_length,140,1781271600.172278,146
completions/train/max_length,141,1781271601.207674,340
completions/train/max_length,142,1781271602.272940,353
completions/train/max_length,143,1781271603.032988,224
completions/train/max_length,144,1781271603.701138,186
completions/train/max_length,145,1781271604.257198,139
completions/train/max_length,146,1781271604.839336,150
completions/train/max_length,147,1781271606.891491,768
completions/train/max_length,148,1781271608.942496,768
completions/train/max_length,149,1781271609.765817,251
completions/train/max_length,150,1781271610.538128,230
completions/train/max_length,151,1781271611.406945,270
completions/train/max_length,152,1781271612.041954,172
completions/train/max_length,153,1781271613.320132,442
completions/train/max_length,154,1781271615.026773,623
completions/train/max_length,155,1781271616.698364,608
completions/train/max_length,156,1781271617.434770,215
completions/train/max_length,157,1781271619.486103,768
completions/train/max_length,158,1781271620.454934,312
completions/train/max_length,159,1781271620.983391,127
completions/train/max_length,160,1781271621.894301,288
completions/train/max_length,161,1781271622.558947,184
completions/train/max_length,162,1781271624.609294,768
completions/train/max_length,163,1781271625.255909,176
completions/train/max_length,164,1781271627.307708,768
completions/train/max_length,165,1781271628.185145,274
completions/train/max_length,166,1781271629.552135,480
completions/train/max_length,167,1781271630.425272,272
completions/train/max_length,168,1781271631.263939,258
completions/train/max_length,169,1781271632.059448,239
completions/train/max_length,170,1781271632.924339,269
completions/train/max_length,171,1781271633.646009,208
completions/train/max_length,172,1781271634.237663,154
completions/train/max_length,173,1781271635.302112,352
completions/train/max_length,174,1781271636.149697,261
completions/train/max_length,175,1781271636.714674,142
completions/train/max_length,176,1781271638.041940,463
completions/train/max_length,177,1781271640.093714,768
completions/train/max_length,178,1781271642.145878,768
completions/train/max_length,179,1781271642.691813,134
completions/train/max_length,180,1781271644.742668,768
completions/train/max_length,181,1781271645.594538,263
completions/train/max_length,182,1781271646.490959,282
completions/train/max_length,183,1781271647.067032,147
completions/train/max_length,184,1781271649.116903,768
completions/train/max_length,185,1781271649.732976,164
completions/train/max_length,186,1781271650.403451,187
completions/train/max_length,187,1781271651.516797,373
completions/train/max_length,188,1781271653.566874,768
completions/train/max_length,189,1781271655.619071,768
completions/train/max_length,190,1781271656.537718,291
completions/train/max_length,191,1781271657.092273,138
completions/train/max_length,192,1781272034.752239,768
completions/train/max_length,193,1781272035.338121,145
completions/train/max_length,194,1781272036.000565,183
completions/train/max_length,195,1781272037.333699,466
completions/train/max_length,196,1781272037.994428,182
completions/train/max_length,197,1781272039.650004,602
completions/train/max_length,198,1781272041.020054,482
completions/train/max_length,199,1781272041.657859,173
completions/train/max_length,200,1781272042.577821,291
completions/train/max_length,201,1781272043.012388,88
completions/train/max_length,202,1781272044.294308,444
completions/train/max_length,203,1781272045.048809,222
completions/train/max_length,204,1781272045.913040,268
completions/train/max_length,205,1781272047.857238,723
completions/train/max_length,206,1781272049.907734,768
completions/train/max_length,207,1781272050.769336,267
completions/train/max_length,208,1781272051.489110,207
completions/train/max_length,209,1781272052.856757,480
completions/train/max_length,210,1781272053.514244,181
completions/train/max_length,211,1781272054.375124,267
completions/train/max_length,212,1781272055.235228,266
completions/train/max_length,213,1781272056.212994,316
completions/train/max_length,214,1781272057.374705,203
completions/train/max_length,215,1781272058.088045,205
completions/train/max_length,216,1781272060.137789,768
completions/train/max_length,217,1781272062.187562,768
completions/train/max_length,218,1781272064.238313,768
completions/train/max_length,219,1781272064.919356,191
completions/train/max_length,220,1781272065.736359,248
completions/train/max_length,221,1781272067.787172,768
completions/train/max_length,222,1781272068.639085,263
completions/train/max_length,223,1781272069.257617,165
completions/train/max_length,224,1781272071.307534,768
completions/train/max_length,225,1781272073.358309,768
completions/train/max_length,226,1781272074.136497,232
completions/train/max_length,227,1781272076.186169,768
completions/train/max_length,228,1781272077.205371,334
completions/train/max_length,229,1781272077.987594,234
completions/train/max_length,230,1781272080.039833,768
completions/train/max_length,231,1781272080.679629,174
completions/train/max_length,232,1781272081.299123,165
completions/train/max_length,233,1781272083.350925,768
completions/train/max_length,234,1781272085.403012,768
completions/train/max_length,235,1781272086.863278,519
completions/train/max_length,236,1781272087.759413,282
completions/train/max_length,237,1781272088.383169,167
completions/train/max_length,238,1781272089.237179,264
completions/train/max_length,239,1781272089.882945,176
completions/train/max_length,240,1781272090.435764,137
completions/train/max_length,241,1781272092.486189,768
completions/train/max_length,242,1781272094.535461,768
completions/train/max_length,243,1781272095.308030,230
completions/train/max_length,244,1781272096.515556,413
completions/train/max_length,245,1781272097.371384,265
completions/train/max_length,246,1781272098.150340,232
completions/train/max_length,247,1781272100.201510,768
completions/train/max_length,248,1781272100.966525,227
completions/train/max_length,249,1781272103.623945,223
completions/train/max_length,250,1781272104.408251,205
completions/train/max_length,251,1781272106.456776,768
completions/train/max_length,252,1781272107.667063,414
completions/train/max_length,253,1781272108.256572,153
completions/train/max_length,254,1781272108.785866,128
completions/train/max_length,255,1781272110.834947,768
completions/train/max_length,256,1781272439.480395,341
completions/train/max_length,257,1781272440.522749,337
completions/train/max_length,258,1781272441.249601,210
completions/train/max_length,259,1781272441.828018,148
completions/train/max_length,260,1781272442.642679,247
completions/train/max_length,261,1781272443.425832,234
completions/train/max_length,262,1781272444.051791,168
completions/train/max_length,263,1781272445.004852,305
completions/train/max_length,264,1781272445.641277,172
completions/train/max_length,265,1781272447.022669,485
completions/train/max_length,266,1781272448.614946,576
completions/train/max_length,267,1781272450.665615,768
completions/train/max_length,268,1781272452.099608,509
completions/train/max_length,269,1781272452.764465,185
completions/train/max_length,270,1781272453.610905,260
completions/train/max_length,271,1781272454.231909,165
completions/train/max_length,272,1781272454.974173,217
completions/train/max_length,273,1781272457.025980,768
completions/train/max_length,274,1781272457.611542,151
completions/train/max_length,275,1781272458.730535,375
completions/train/max_length,276,1781272459.890057,392
completions/train/max_length,277,1781272460.839712,304
completions/train/max_length,278,1781272462.274752,508
completions/train/max_length,279,1781272463.339710,352
completions/train/max_length,280,1781272463.968868,169
completions/train/max_length,281,1781272464.436252,101
completions/train/max_length,282,1781272465.393212,307
completions/train/max_length,283,1781272466.634873,427
completions/train/max_length,284,1781272468.685694,768
completions/train/max_length,285,1781272469.796736,371
completions/train/max_length,286,1781272471.848954,768
completions/train/max_length,287,1781272473.899839,768
completions/train/max_length,288,1781272474.366166,101
completions/train/max_length,289,1781272475.064905,198
completions/train/max_length,290,1781272475.809958,218
completions/train/max_length,291,1781272476.534161,209
completions/train/max_length,292,1781272477.548490,331
completions/train/max_length,293,1781272478.516954,312
completions/train/max_length,294,1781272479.411321,281
completions/train/max_length,295,1781272480.134232,209
completions/train/max_length,296,1781272482.165442,760
completions/train/max_length,297,1781272483.664402,341
completions/train/max_length,298,1781272484.487528,250
completions/train/max_length,299,1781272485.176148,194
completions/train/max_length,300,1781272487.227459,768
completions/train/max_length,301,1781272488.703653,525
completions/train/max_length,302,1781272489.776915,356
completions/train/max_length,303,1781272490.498360,208
completions/train/max_length,304,1781272491.036782,131
completions/train/max_length,305,1781272491.827310,237
completions/train/max_length,306,1781272492.638600,245
completions/train/max_length,307,1781272494.691344,768
completions/train/max_length,308,1781272496.543976,684
completions/train/max_length,309,1781272497.017557,104
completions/train/max_length,310,1781272499.069247,768
completions/train/max_length,311,1781272500.916911,682
completions/train/max_length,312,1781272502.969428,768
completions/train/max_length,313,1781272503.509828,132
completions/train/max_length,314,1781272504.609204,367
completions/train/max_length,315,1781272505.282851,187
completions/train/max_length,316,1781272506.218193,298
completions/train/max_length,317,1781272507.027361,245
completions/train/max_length,318,1781272507.965666,299
completions/train/max_length,319,1781272508.442808,105
completions/train/max_length,320,1781272842.523273,564
completions/train/max_length,321,1781272843.371253,255
completions/train/max_length,322,1781272844.036882,184
completions/train/max_length,323,1781272846.089520,768
completions/train/max_length,324,1781272846.646478,138
completions/train/max_length,325,1781272848.699963,768
completions/train/max_length,326,1781272849.752988,346
completions/train/max_length,327,1781272850.551021,239
completions/train/max_length,328,1781272852.603098,768
completions/train/max_length,329,1781272853.195659,154
completions/train/max_length,330,1781272853.961080,226
completions/train/max_length,331,1781272854.793851,255
completions/train/max_length,332,1781272855.429305,171
completions/train/max_length,333,1781272856.448009,333
completions/train/max_length,334,1781272857.201372,221
completions/train/max_length,335,1781272858.191794,321
completions/train/max_length,336,1781272859.454415,435
completions/train/max_length,337,1781272861.505846,768
completions/train/max_length,338,1781272862.354332,261
completions/train/max_length,339,1781272863.232329,274
completions/train/max_length,340,1781272864.041243,245
completions/train/max_length,341,1781272865.562968,545
completions/train/max_length,342,1781272866.839933,441
completions/train/max_length,343,1781272867.656659,248
completions/train/max_length,344,1781272868.353137,198
completions/train/max_length,345,1781272869.311408,308
completions/train/max_length,346,1781272870.028750,206
completions/train/max_length,347,1781272870.651029,166
completions/train/max_length,348,1781272872.703209,768
completions/train/max_length,349,1781272873.682562,316
completions/train/max_length,350,1781272875.736264,768
completions/train/max_length,351,1781272877.788916,768
completions/train/max_length,352,1781272878.700293,288
completions/train/max_length,353,1781272879.223713,125
completions/train/max_length,354,1781272881.032101,665
completions/train/max_length,355,1781272881.982295,304
completions/train/max_length,356,1781272883.002334,334
completions/train/max_length,357,1781272885.053546,768
completions/train/max_length,358,1781272886.790621,635
completions/train/max_length,359,1781272887.376582,151
completions/train/max_length,360,1781272889.430409,768
completions/train/max_length,361,1781272889.920427,111
completions/train/max_length,362,1781272890.510535,152
completions/train/max_length,363,1781272891.293382,234
completions/train/max_length,364,1781272891.838476,134
completions/train/max_length,365,1781272892.556239,206
completions/train/max_length,366,1781272893.173778,164
completions/train/max_length,367,1781272894.144765,313
completions/train/max_length,368,1781272895.852720,623
completions/train/max_length,369,1781272896.579523,210
completions/train/max_length,370,1781272898.048345,332
completions/train/max_length,371,1781272899.121471,356
completions/train/max_length,372,1781272900.588957,522
completions/train/max_length,373,1781272901.437505,262
completions/train/max_length,374,1781272902.929309,533
completions/train/max_length,375,1781272903.576120,177
completions/train/max_length,376,1781272904.129375,138
completions/train/max_length,377,1781272905.004607,273
completions/train/max_length,378,1781272905.857518,264
completions/train/max_length,379,1781272906.836356,317
completions/train/max_length,380,1781272907.476603,174
completions/train/max_length,381,1781272908.080296,158
completions/train/max_length,382,1781272908.700121,165
completions/train/max_length,383,1781272909.888149,404
completions/train/max_length,384,1781273202.924563,370
completions/train/max_length,385,1781273203.893012,306
completions/train/max_length,386,1781273205.034463,385
completions/train/max_length,387,1781273205.641372,159
completions/train/max_length,388,1781273206.282136,174
completions/train/max_length,389,1781273207.257882,315
completions/train/max_length,390,1781273208.192217,297
completions/train/max_length,391,1781273208.689086,114
completions/train/max_length,392,1781273210.119751,506
completions/train/max_length,393,1781273210.802980,192
completions/train/max_length,394,1781273211.211757,77
completions/train/max_length,395,1781273211.785420,146
completions/train/max_length,396,1781273213.836667,768
completions/train/max_length,397,1781273214.712414,273
completions/train/max_length,398,1781273215.683819,313
completions/train/max_length,399,1781273216.578666,281
completions/train/max_length,400,1781273217.303473,210
completions/train/max_length,401,1781273218.518781,416
completions/train/max_length,402,1781273218.977240,98
completions/train/max_length,403,1781273219.886247,287
completions/train/max_length,404,1781273220.697853,246
completions/train/max_length,405,1781273221.614168,290
completions/train/max_length,406,1781273223.135088,544
completions/train/max_length,407,1781273224.662042,546
completions/train/max_length,408,1781273225.323717,183
completions/train/max_length,409,1781273225.915175,153
completions/train/max_length,410,1781273226.583489,185
completions/train/max_length,411,1781273227.348186,226
completions/train/max_length,412,1781273228.218565,271
completions/train/max_length,413,1781273228.891646,187
completions/train/max_length,414,1781273229.724100,255
completions/train/max_length,415,1781273230.521689,240
completions/train/max_length,416,1781273231.026195,117
completions/train/max_length,417,1781273231.993264,311
completions/train/max_length,418,1781273232.757998,226
completions/train/max_length,419,1781273233.730966,314
completions/train/max_length,420,1781273234.611071,275
completions/train/max_length,421,1781273235.460563,262
completions/train/max_length,422,1781273236.025794,142
completions/train/max_length,423,1781273236.552265,126
completions/train/max_length,424,1781273237.616611,352
completions/train/max_length,425,1781273238.264966,177
completions/train/max_length,426,1781273239.445313,401
completions/train/max_length,427,1781273240.187229,216
completions/train/max_length,428,1781273241.258980,355
completions/train/max_length,429,1781273242.212387,305
completions/train/max_length,430,1781273243.026881,247
completions/train/max_length,431,1781273243.958431,296
completions/train/max_length,432,1781273244.896062,299
completions/train/max_length,433,1781273245.482633,151
completions/train/max_length,434,1781273246.223987,216
completions/train/max_length,435,1781273247.658408,320
completions/train/max_length,436,1781273248.564979,286
completions/train/max_length,437,1781273249.301938,214
completions/train/max_length,438,1781273251.352690,768
completions/train/max_length,439,1781273252.331563,316
completions/train/max_length,440,1781273253.140980,245
completions/train/max_length,441,1781273254.356682,415
completions/train/max_length,442,1781273255.383468,336
completions/train/max_length,443,1781273257.254868,691
completions/train/max_length,444,1781273257.924421,186
completions/train/max_length,445,1781273258.762349,257
completions/train/max_length,446,1781273260.634022,692
completions/train/max_length,447,1781273261.474959,258
completions/train/max_length,448,1781273544.071507,183
completions/train/max_length,449,1781273545.247881,393
completions/train/max_length,450,1781273545.870700,166
completions/train/max_length,451,1781273547.066716,407
completions/train/max_length,452,1781273548.440428,482
completions/train/max_length,453,1781273549.456789,332
completions/train/max_length,454,1781273550.306878,262
completions/train/max_length,455,1781273551.314047,328
completions/train/max_length,456,1781273551.977519,183
completions/train/max_length,457,1781273552.663124,193
completions/train/max_length,458,1781273553.344563,191
completions/train/max_length,459,1781273554.097236,221
completions/train/max_length,460,1781273554.749963,179
completions/train/max_length,461,1781273556.044344,449
completions/train/max_length,462,1781273556.715491,186
completions/train/max_length,463,1781273558.768911,768
completions/train/max_length,464,1781273559.677484,286
completions/train/max_length,465,1781273560.493092,248
completions/train/max_length,466,1781273562.543305,768
completions/train/max_length,467,1781273563.414364,270
completions/train/max_length,468,1781273563.933373,123
completions/train/max_length,469,1781273565.983856,768
completions/train/max_length,470,1781273566.720045,214
completions/train/max_length,471,1781273567.413511,196
completions/train/max_length,472,1781273569.464899,768
completions/train/max_length,473,1781273571.516809,768
completions/train/max_length,474,1781273572.356302,257
completions/train/max_length,475,1781273572.789450,87
completions/train/max_length,476,1781273573.446884,181
completions/train/max_length,477,1781273574.227958,233
completions/train/max_length,478,1781273575.236836,329
completions/train/max_length,479,1781273575.908382,187
completions/train/max_length,480,1781273576.375310,101
completions/train/max_length,481,1781273577.062514,193
completions/train/max_length,482,1781273577.906198,259
completions/train/max_length,483,1781273578.680419,230
completions/train/max_length,484,1781273580.088205,496
completions/train/max_length,485,1781273580.690483,158
completions/train/max_length,486,1781273582.508317,669
completions/train/max_length,487,1781273583.047839,131
completions/train/max_length,488,1781273584.966373,711
completions/train/max_length,489,1781273586.540706,375
completions/train/max_length,490,1781273587.310798,228
completions/train/max_length,491,1781273587.933498,166
completions/train/max_length,492,1781273588.744150,245
completions/train/max_length,493,1781273589.384661,174
completions/train/max_length,494,1781273590.278078,280
completions/train/max_length,495,1781273591.114183,256
completions/train/max_length,496,1781273592.111243,324
completions/train/max_length,497,1781273592.826649,205
completions/train/max_length,498,1781273593.534981,202
completions/train/max_length,499,1781273595.909930,264
completions/train/min_length,0,1781270706.702281,170
completions/train/min_length,1,1781270707.682507,92
completions/train/min_length,2,1781270709.729645,236
completions/train/min_length,3,1781270710.508217,132
completions/train/min_length,4,1781270711.024604,80
completions/train/min_length,5,1781270711.590014,58
completions/train/min_length,6,1781270713.635270,224
completions/train/min_length,7,1781270714.440922,88
completions/train/min_length,8,1781270715.022075,90
completions/train/min_length,9,1781270715.599987,94
completions/train/min_length,10,1781270716.577274,80
completions/train/min_length,11,1781270718.622447,134
completions/train/min_length,12,1781270719.625876,180
completions/train/min_length,13,1781270720.546908,116
completions/train/min_length,14,1781270721.022258,96
completions/train/min_length,15,1781270723.068922,148
completions/train/min_length,16,1781270723.705910,130
completions/train/min_length,17,1781270725.025793,224
completions/train/min_length,18,1781270725.806080,132
completions/train/min_length,19,1781270726.694700,45
completions/train/min_length,20,1781270727.211367,42
completions/train/min_length,21,1781270727.915548,127
completions/train/min_length,22,1781270729.961811,177
completions/train/min_length,23,1781270731.183420,281
completions/train/min_length,24,1781270731.852914,38
completions/train/min_length,25,1781270732.655860,210
completions/train/min_length,26,1781270733.132357,71
completions/train/min_length,27,1781270733.979920,138
completions/train/min_length,28,1781270736.028398,143
completions/train/min_length,29,1781270738.076626,198
completions/train/min_length,30,1781270738.982023,89
completions/train/min_length,31,1781270741.030192,153
completions/train/min_length,32,1781270743.077110,212
completions/train/min_length,33,1781270745.124950,78
completions/train/min_length,34,1781270747.171556,138
completions/train/min_length,35,1781270749.218858,122
completions/train/min_length,36,1781270750.002520,167
completions/train/min_length,37,1781270750.588670,86
completions/train/min_length,38,1781270752.637465,268
completions/train/min_length,39,1781270753.311728,155
completions/train/min_length,40,1781270755.360746,208
completions/train/min_length,41,1781270756.198987,80
completions/train/min_length,42,1781270757.737619,120
completions/train/min_length,43,1781270759.785121,317
completions/train/min_length,44,1781270760.711411,86
completions/train/min_length,45,1781270762.759391,59
completions/train/min_length,46,1781270763.540735,161
completions/train/min_length,47,1781270764.908387,93
completions/train/min_length,48,1781270765.449668,110
completions/train/min_length,49,1781270767.245918,238
completions/train/min_length,50,1781270768.602616,147
completions/train/min_length,51,1781270770.651802,160
completions/train/min_length,52,1781270771.332718,97
completions/train/min_length,53,1781270771.913069,103
completions/train/min_length,54,1781270772.674481,145
completions/train/min_length,55,1781270773.888671,134
completions/train/min_length,56,1781270774.362499,86
completions/train/min_length,57,1781270775.006160,106
completions/train/min_length,58,1781270776.512276,204
completions/train/min_length,59,1781270778.561396,113
completions/train/min_length,60,1781270780.608861,177
completions/train/min_length,61,1781270781.109054,86
completions/train/min_length,62,1781270781.765488,95
completions/train/min_length,63,1781270782.456881,99
completions/train/min_length,64,1781271142.429051,82
completions/train/min_length,65,1781271144.491181,179
completions/train/min_length,66,1781271146.540295,109
completions/train/min_length,67,1781271147.258593,83
completions/train/min_length,68,1781271147.909862,154
completions/train/min_length,69,1781271148.778724,177
completions/train/min_length,70,1781271150.637218,34
completions/train/min_length,71,1781271152.686003,267
completions/train/min_length,72,1781271153.153793,79
completions/train/min_length,73,1781271155.201379,159
completions/train/min_length,74,1781271156.020661,104
completions/train/min_length,75,1781271156.598563,87
completions/train/min_length,76,1781271158.648223,116
completions/train/min_length,77,1781271159.274326,99
completions/train/min_length,78,1781271159.917984,121
completions/train/min_length,79,1781271160.413321,65
completions/train/min_length,80,1781271162.461991,130
completions/train/min_length,81,1781271163.270324,86
completions/train/min_length,82,1781271165.129457,233
completions/train/min_length,83,1781271165.615968,73
completions/train/min_length,84,1781271167.667159,238
completions/train/min_length,85,1781271168.270240,84
completions/train/min_length,86,1781271168.785043,91
completions/train/min_length,87,1781271169.450030,119
completions/train/min_length,88,1781271170.101300,156
completions/train/min_length,89,1781271171.039929,177
completions/train/min_length,90,1781271173.089161,113
completions/train/min_length,91,1781271175.139117,279
completions/train/min_length,92,1781271176.178141,153
completions/train/min_length,93,1781271176.802928,90
completions/train/min_length,94,1781271177.601796,154
completions/train/min_length,95,1781271178.233783,130
completions/train/min_length,96,1781271180.283533,95
completions/train/min_length,97,1781271182.331358,182
completions/train/min_length,98,1781271184.381159,276
completions/train/min_length,99,1781271185.020546,130
completions/train/min_length,100,1781271187.071466,124
completions/train/min_length,101,1781271188.374968,75
completions/train/min_length,102,1781271189.198358,186
completions/train/min_length,103,1781271191.082317,122
completions/train/min_length,104,1781271191.820939,115
completions/train/min_length,105,1781271192.484610,120
completions/train/min_length,106,1781271193.283716,103
completions/train/min_length,107,1781271195.330406,147
completions/train/min_length,108,1781271196.104935,169
completions/train/min_length,109,1781271198.152762,138
completions/train/min_length,110,1781271198.749620,92
completions/train/min_length,111,1781271200.799803,150
completions/train/min_length,112,1781271202.851381,222
completions/train/min_length,113,1781271203.350586,71
completions/train/min_length,114,1781271204.212148,179
completions/train/min_length,115,1781271204.861091,127
completions/train/min_length,116,1781271206.911777,90
completions/train/min_length,117,1781271208.960742,278
completions/train/min_length,118,1781271211.009409,151
completions/train/min_length,119,1781271211.689371,159
completions/train/min_length,120,1781271212.219435,116
completions/train/min_length,121,1781271212.875839,112
completions/train/min_length,122,1781271213.956730,168
completions/train/min_length,123,1781271216.005999,100
completions/train/min_length,124,1781271217.866617,201
completions/train/min_length,125,1781271219.735766,97
completions/train/min_length,126,1781271220.196128,75
completions/train/min_length,127,1781271221.004463,140
completions/train/min_length,128,1781271582.956365,138
completions/train/min_length,129,1781271585.020891,126
completions/train/min_length,130,1781271586.110248,225
completions/train/min_length,131,1781271588.160862,127
completions/train/min_length,132,1781271588.675008,87
completions/train/min_length,133,1781271590.350854,138
completions/train/min_length,134,1781271591.830181,118
completions/train/min_length,135,1781271593.881344,143
completions/train/min_length,136,1781271595.932321,87
completions/train/min_length,137,1781271597.984264,179
completions/train/min_length,138,1781271598.792997,172
completions/train/min_length,139,1781271599.598763,110
completions/train/min_length,140,1781271600.172471,97
completions/train/min_length,141,1781271601.207892,203
completions/train/min_length,142,1781271602.273132,116
completions/train/min_length,143,1781271603.033184,135
completions/train/min_length,144,1781271603.701337,91
completions/train/min_length,145,1781271604.257411,92
completions/train/min_length,146,1781271604.839545,117
completions/train/min_length,147,1781271606.891707,152
completions/train/min_length,148,1781271608.942709,166
completions/train/min_length,149,1781271609.766006,93
completions/train/min_length,150,1781271610.538322,84
completions/train/min_length,151,1781271611.407135,148
completions/train/min_length,152,1781271612.042147,90
completions/train/min_length,153,1781271613.320319,187
completions/train/min_length,154,1781271615.026967,194
completions/train/min_length,155,1781271616.698560,142
completions/train/min_length,156,1781271617.434967,87
completions/train/min_length,157,1781271619.486300,121
completions/train/min_length,158,1781271620.455136,201
completions/train/min_length,159,1781271620.983592,94
completions/train/min_length,160,1781271621.894493,116
completions/train/min_length,161,1781271622.559140,135
completions/train/min_length,162,1781271624.609484,104
completions/train/min_length,163,1781271625.256103,67
completions/train/min_length,164,1781271627.307909,162
completions/train/min_length,165,1781271628.185341,148
completions/train/min_length,166,1781271629.552321,144
completions/train/min_length,167,1781271630.425462,105
completions/train/min_length,168,1781271631.264143,137
completions/train/min_length,169,1781271632.059650,114
completions/train/min_length,170,1781271632.924525,164
completions/train/min_length,171,1781271633.646199,150
completions/train/min_length,172,1781271634.237862,80
completions/train/min_length,173,1781271635.302316,114
completions/train/min_length,174,1781271636.149900,178
completions/train/min_length,175,1781271636.714866,104
completions/train/min_length,176,1781271638.042136,140
completions/train/min_length,177,1781271640.093917,187
completions/train/min_length,178,1781271642.146069,219
completions/train/min_length,179,1781271642.692003,114
completions/train/min_length,180,1781271644.742868,114
completions/train/min_length,181,1781271645.594754,153
completions/train/min_length,182,1781271646.491186,178
completions/train/min_length,183,1781271647.067225,104
completions/train/min_length,184,1781271649.117100,90
completions/train/min_length,185,1781271649.733161,96
completions/train/min_length,186,1781271650.403652,96
completions/train/min_length,187,1781271651.516995,183
completions/train/min_length,188,1781271653.567077,223
completions/train/min_length,189,1781271655.619264,219
completions/train/min_length,190,1781271656.537920,176
completions/train/min_length,191,1781271657.092470,101
completions/train/min_length,192,1781272034.752459,203
completions/train/min_length,193,1781272035.338321,110
completions/train/min_length,194,1781272036.000787,127
completions/train/min_length,195,1781272037.333914,139
completions/train/min_length,196,1781272037.994629,125
completions/train/min_length,197,1781272039.650196,151
completions/train/min_length,198,1781272041.020250,89
completions/train/min_length,199,1781272041.658060,96
completions/train/min_length,200,1781272042.578019,196
completions/train/min_length,201,1781272043.012587,72
completions/train/min_length,202,1781272044.294506,142
completions/train/min_length,203,1781272045.049012,107
completions/train/min_length,204,1781272045.913221,165
completions/train/min_length,205,1781272047.857454,206
completions/train/min_length,206,1781272049.907922,229
completions/train/min_length,207,1781272050.769530,101
completions/train/min_length,208,1781272051.489321,130
completions/train/min_length,209,1781272052.856984,102
completions/train/min_length,210,1781272053.514467,121
completions/train/min_length,211,1781272054.375345,117
completions/train/min_length,212,1781272055.235453,130
completions/train/min_length,213,1781272056.213193,140
completions/train/min_length,214,1781272057.374928,120
completions/train/min_length,215,1781272058.088257,172
completions/train/min_length,216,1781272060.138015,113
completions/train/min_length,217,1781272062.187800,237
completions/train/min_length,218,1781272064.238560,154
completions/train/min_length,219,1781272064.919561,98
completions/train/min_length,220,1781272065.736556,191
completions/train/min_length,221,1781272067.787367,204
completions/train/min_length,222,1781272068.639297,122
completions/train/min_length,223,1781272069.257833,154
completions/train/min_length,224,1781272071.307739,142
completions/train/min_length,225,1781272073.358510,172
completions/train/min_length,226,1781272074.136717,101
completions/train/min_length,227,1781272076.186368,98
completions/train/min_length,228,1781272077.205572,157
completions/train/min_length,229,1781272077.987811,203
completions/train/min_length,230,1781272080.040029,179
completions/train/min_length,231,1781272080.679845,103
completions/train/min_length,232,1781272081.299330,100
completions/train/min_length,233,1781272083.351123,768
completions/train/min_length,234,1781272085.403226,173
completions/train/min_length,235,1781272086.863461,285
completions/train/min_length,236,1781272087.759619,166
completions/train/min_length,237,1781272088.383343,117
completions/train/min_length,238,1781272089.237380,170
completions/train/min_length,239,1781272089.883141,150
completions/train/min_length,240,1781272090.435961,123
completions/train/min_length,241,1781272092.486385,132
completions/train/min_length,242,1781272094.535667,126
completions/train/min_length,243,1781272095.308221,92
completions/train/min_length,244,1781272096.515773,103
completions/train/min_length,245,1781272097.371575,191
completions/train/min_length,246,1781272098.150520,195
completions/train/min_length,247,1781272100.201711,266
completions/train/min_length,248,1781272100.966732,132
completions/train/min_length,249,1781272103.624916,125
completions/train/min_length,250,1781272104.408435,106
completions/train/min_length,251,1781272106.456968,193
completions/train/min_length,252,1781272107.667251,143
completions/train/min_length,253,1781272108.256779,134
completions/train/min_length,254,1781272108.786065,89
completions/train/min_length,255,1781272110.835144,196
completions/train/min_length,256,1781272439.480592,179
completions/train/min_length,257,1781272440.522943,169
completions/train/min_length,258,1781272441.249819,95
completions/train/min_length,259,1781272441.828222,112
completions/train/min_length,260,1781272442.642885,121
completions/train/min_length,261,1781272443.426030,147
completions/train/min_length,262,1781272444.051997,84
completions/train/min_length,263,1781272445.005050,229
completions/train/min_length,264,1781272445.641482,135
completions/train/min_length,265,1781272447.022904,117
completions/train/min_length,266,1781272448.615155,175
completions/train/min_length,267,1781272450.665836,208
completions/train/min_length,268,1781272452.099820,160
completions/train/min_length,269,1781272452.764731,94
completions/train/min_length,270,1781272453.611172,183
completions/train/min_length,271,1781272454.232178,122
completions/train/min_length,272,1781272454.974431,108
completions/train/min_length,273,1781272457.026233,211
completions/train/min_length,274,1781272457.611843,91
completions/train/min_length,275,1781272458.730846,203
completions/train/min_length,276,1781272459.890334,319
completions/train/min_length,277,1781272460.840006,138
completions/train/min_length,278,1781272462.275018,265
completions/train/min_length,279,1781272463.339983,297
completions/train/min_length,280,1781272463.969138,118
completions/train/min_length,281,1781272464.436508,88
completions/train/min_length,282,1781272465.393465,155
completions/train/min_length,283,1781272466.635168,123
completions/train/min_length,284,1781272468.685951,188
completions/train/min_length,285,1781272469.797010,249
completions/train/min_length,286,1781272471.849224,199
completions/train/min_length,287,1781272473.900106,238
completions/train/min_length,288,1781272474.366446,68
completions/train/min_length,289,1781272475.065158,103
completions/train/min_length,290,1781272475.810238,152
completions/train/min_length,291,1781272476.534430,94
completions/train/min_length,292,1781272477.548767,232
completions/train/min_length,293,1781272478.517203,132
completions/train/min_length,294,1781272479.411592,127
completions/train/min_length,295,1781272480.134539,134
completions/train/min_length,296,1781272482.165707,149
completions/train/min_length,297,1781272483.664674,190
completions/train/min_length,298,1781272484.487799,157
completions/train/min_length,299,1781272485.176414,126
completions/train/min_length,300,1781272487.227758,133
completions/train/min_length,301,1781272488.703928,134
completions/train/min_length,302,1781272489.777167,124
completions/train/min_length,303,1781272490.498625,106
completions/train/min_length,304,1781272491.037081,77
completions/train/min_length,305,1781272491.827606,72
completions/train/min_length,306,1781272492.638878,181
completions/train/min_length,307,1781272494.691603,214
completions/train/min_length,308,1781272496.544242,195
completions/train/min_length,309,1781272497.017842,73
completions/train/min_length,310,1781272499.069504,244
completions/train/min_length,311,1781272500.917182,150
completions/train/min_length,312,1781272502.969700,165
completions/train/min_length,313,1781272503.510088,88
completions/train/min_length,314,1781272504.609446,169
completions/train/min_length,315,1781272505.283130,88
completions/train/min_length,316,1781272506.218473,150
completions/train/min_length,317,1781272507.027624,206
completions/train/min_length,318,1781272507.965971,209
completions/train/min_length,319,1781272508.443062,87
completions/train/min_length,320,1781272842.523481,211
completions/train/min_length,321,1781272843.371455,147
completions/train/min_length,322,1781272844.037185,109
completions/train/min_length,323,1781272846.089812,211
completions/train/min_length,324,1781272846.646735,120
completions/train/min_length,325,1781272848.700221,203
completions/train/min_length,326,1781272849.753221,228
completions/train/min_length,327,1781272850.551244,104
completions/train/min_length,328,1781272852.603352,128
completions/train/min_length,329,1781272853.195914,110
completions/train/min_length,330,1781272853.961279,150
completions/train/min_length,331,1781272854.794086,120
completions/train/min_length,332,1781272855.429590,135
completions/train/min_length,333,1781272856.448246,161
completions/train/min_length,334,1781272857.201620,64
completions/train/min_length,335,1781272858.192049,187
completions/train/min_length,336,1781272859.454697,233
completions/train/min_length,337,1781272861.506098,149
completions/train/min_length,338,1781272862.354596,160
completions/train/min_length,339,1781272863.232591,122
completions/train/min_length,340,1781272864.041483,152
completions/train/min_length,341,1781272865.563174,168
completions/train/min_length,342,1781272866.840178,169
completions/train/min_length,343,1781272867.656882,205
completions/train/min_length,344,1781272868.353373,159
completions/train/min_length,345,1781272869.311673,111
completions/train/min_length,346,1781272870.029002,167
completions/train/min_length,347,1781272870.651274,144
completions/train/min_length,348,1781272872.703448,217
completions/train/min_length,349,1781272873.682842,175
completions/train/min_length,350,1781272875.736544,324
completions/train/min_length,351,1781272877.789126,159
completions/train/min_length,352,1781272878.700497,129
completions/train/min_length,353,1781272879.223953,85
completions/train/min_length,354,1781272881.032345,199
completions/train/min_length,355,1781272881.982576,156
completions/train/min_length,356,1781272883.002544,189
completions/train/min_length,357,1781272885.053765,154
completions/train/min_length,358,1781272886.790885,209
completions/train/min_length,359,1781272887.376842,104
completions/train/min_length,360,1781272889.430727,166
completions/train/min_length,361,1781272889.920748,74
completions/train/min_length,362,1781272890.510806,116
completions/train/min_length,363,1781272891.293632,100
completions/train/min_length,364,1781272891.838738,85
completions/train/min_length,365,1781272892.556501,147
completions/train/min_length,366,1781272893.174015,125
completions/train/min_length,367,1781272894.145004,157
completions/train/min_length,368,1781272895.852973,181
completions/train/min_length,369,1781272896.579840,158
completions/train/min_length,370,1781272898.048605,127
completions/train/min_length,371,1781272899.121738,209
completions/train/min_length,372,1781272900.589197,140
completions/train/min_length,373,1781272901.437776,114
completions/train/min_length,374,1781272902.929551,250
completions/train/min_length,375,1781272903.576372,129
completions/train/min_length,376,1781272904.129576,73
completions/train/min_length,377,1781272905.004875,146
completions/train/min_length,378,1781272905.857809,132
completions/train/min_length,379,1781272906.836645,179
completions/train/min_length,380,1781272907.476844,136
completions/train/min_length,381,1781272908.080585,79
completions/train/min_length,382,1781272908.700406,98
completions/train/min_length,383,1781272909.888387,202
completions/train/min_length,384,1781273202.924856,200
completions/train/min_length,385,1781273203.893247,234
completions/train/min_length,386,1781273205.034680,149
completions/train/min_length,387,1781273205.641631,129
completions/train/min_length,388,1781273206.282377,100
completions/train/min_length,389,1781273207.258124,193
completions/train/min_length,390,1781273208.192472,155
completions/train/min_length,391,1781273208.689337,74
completions/train/min_length,392,1781273210.119985,222
completions/train/min_length,393,1781273210.803225,103
completions/train/min_length,394,1781273211.212060,63
completions/train/min_length,395,1781273211.785680,112
completions/train/min_length,396,1781273213.836937,271
completions/train/min_length,397,1781273214.712674,156
completions/train/min_length,398,1781273215.684043,136
completions/train/min_length,399,1781273216.578919,183
completions/train/min_length,400,1781273217.303712,110
completions/train/min_length,401,1781273218.519063,220
completions/train/min_length,402,1781273218.977478,73
completions/train/min_length,403,1781273219.886445,169
completions/train/min_length,404,1781273220.698138,127
completions/train/min_length,405,1781273221.614400,107
completions/train/min_length,406,1781273223.135341,188
completions/train/min_length,407,1781273224.662333,168
completions/train/min_length,408,1781273225.323943,85
completions/train/min_length,409,1781273225.915372,101
completions/train/min_length,410,1781273226.583775,153
completions/train/min_length,411,1781273227.348421,116
completions/train/min_length,412,1781273228.218812,180
completions/train/min_length,413,1781273228.891896,121
completions/train/min_length,414,1781273229.724292,114
completions/train/min_length,415,1781273230.521917,108
completions/train/min_length,416,1781273231.026425,93
completions/train/min_length,417,1781273231.993516,95
completions/train/min_length,418,1781273232.758246,109
completions/train/min_length,419,1781273233.731210,106
completions/train/min_length,420,1781273234.611295,156
completions/train/min_length,421,1781273235.460836,162
completions/train/min_length,422,1781273236.026042,123
completions/train/min_length,423,1781273236.552435,78
completions/train/min_length,424,1781273237.616859,168
completions/train/min_length,425,1781273238.265211,82
completions/train/min_length,426,1781273239.445552,113
completions/train/min_length,427,1781273240.187401,73
completions/train/min_length,428,1781273241.259209,180
completions/train/min_length,429,1781273242.212613,158
completions/train/min_length,430,1781273243.027123,154
completions/train/min_length,431,1781273243.958734,121
completions/train/min_length,432,1781273244.896284,136
completions/train/min_length,433,1781273245.482864,71
completions/train/min_length,434,1781273246.224216,154
completions/train/min_length,435,1781273247.658679,205
completions/train/min_length,436,1781273248.565216,142
completions/train/min_length,437,1781273249.302183,173
completions/train/min_length,438,1781273251.352937,184
completions/train/min_length,439,1781273252.331844,178
completions/train/min_length,440,1781273253.141221,160
completions/train/min_length,441,1781273254.356926,164
completions/train/min_length,442,1781273255.383725,139
completions/train/min_length,443,1781273257.255105,120
completions/train/min_length,444,1781273257.924686,126
completions/train/min_length,445,1781273258.762595,132
completions/train/min_length,446,1781273260.634271,307
completions/train/min_length,447,1781273261.475199,173
completions/train/min_length,448,1781273544.071778,142
completions/train/min_length,449,1781273545.248120,175
completions/train/min_length,450,1781273545.870946,128
completions/train/min_length,451,1781273547.066964,137
completions/train/min_length,452,1781273548.440693,195
completions/train/min_length,453,1781273549.457031,135
completions/train/min_length,454,1781273550.307117,208
completions/train/min_length,455,1781273551.314288,144
completions/train/min_length,456,1781273551.977788,159
completions/train/min_length,457,1781273552.663376,98
completions/train/min_length,458,1781273553.344833,122
completions/train/min_length,459,1781273554.097510,134
completions/train/min_length,460,1781273554.750197,123
completions/train/min_length,461,1781273556.044586,161
completions/train/min_length,462,1781273556.715763,123
completions/train/min_length,463,1781273558.769188,217
completions/train/min_length,464,1781273559.677775,177
completions/train/min_length,465,1781273560.493361,153
completions/train/min_length,466,1781273562.543550,115
completions/train/min_length,467,1781273563.414619,134
completions/train/min_length,468,1781273563.933627,69
completions/train/min_length,469,1781273565.984107,768
completions/train/min_length,470,1781273566.720295,171
completions/train/min_length,471,1781273567.413780,90
completions/train/min_length,472,1781273569.465149,182
completions/train/min_length,473,1781273571.517071,167
completions/train/min_length,474,1781273572.356575,173
completions/train/min_length,475,1781273572.789706,77
completions/train/min_length,476,1781273573.447124,131
completions/train/min_length,477,1781273574.228198,134
completions/train/min_length,478,1781273575.237077,134
completions/train/min_length,479,1781273575.908625,138
completions/train/min_length,480,1781273576.375550,70
completions/train/min_length,481,1781273577.062782,165
completions/train/min_length,482,1781273577.906436,180
completions/train/min_length,483,1781273578.680678,153
completions/train/min_length,484,1781273580.088446,151
completions/train/min_length,485,1781273580.690745,76
completions/train/min_length,486,1781273582.508558,140
completions/train/min_length,487,1781273583.048079,103
completions/train/min_length,488,1781273584.966620,182
completions/train/min_length,489,1781273586.540953,185
completions/train/min_length,490,1781273587.311029,111
completions/train/min_length,491,1781273587.933764,124
completions/train/min_length,492,1781273588.744392,132
completions/train/min_length,493,1781273589.384914,97
completions/train/min_length,494,1781273590.278317,145
completions/train/min_length,495,1781273591.114426,79
completions/train/min_length,496,1781273592.111498,135
completions/train/min_length,497,1781273592.826900,143
completions/train/min_length,498,1781273593.535221,100
completions/train/min_length,499,1781273595.915868,147
rewards/eval/sum,0,1781270706.710011,0.7047125697
rewards/eval/sum,64,1781271142.436710,2.491209984
rewards/eval/sum,128,1781271582.964128,8.56547451
rewards/eval/sum,192,1781272034.760671,9.480782509
rewards/eval/sum,256,1781272439.488370,10.10110283
rewards/eval/sum,320,1781272842.531291,10.24112606
rewards/eval/sum,384,1781273202.932625,10.32996368
rewards/eval/sum,448,1781273544.079991,10.39191151
rewards/eval/mean,0,1781270706.710539,0.1761781424
rewards/eval/mean,64,1781271142.437213,0.622802496
rewards/eval/mean,128,1781271582.964670,2.141368628
rewards/eval/mean,192,1781272034.761142,2.370195627
rewards/eval/mean,256,1781272439.488947,2.525275707
rewards/eval/mean,320,1781272842.531887,2.560281515
rewards/eval/mean,384,1781273202.933175,2.582490921
rewards/eval/mean,448,1781273544.080623,2.597977877
rewards/eval/min,0,1781270706.710939,-2
rewards/eval/min,64,1781271142.437595,-2
rewards/eval/min,128,1781271582.965032,-1
rewards/eval/min,192,1781272034.761517,-1
rewards/eval/min,256,1781272439.489296,-1
rewards/eval/min,320,1781272842.532272,-1
rewards/eval/min,384,1781273202.933567,-1
rewards/eval/min,448,1781273544.081151,-1
rewards/eval/max,0,1781270706.711299,6
rewards/eval/max,64,1781271142.437975,6
rewards/eval/max,128,1781271582.965356,6
rewards/eval/max,192,1781272034.761892,6
rewards/eval/max,256,1781272439.489628,6
rewards/eval/max,320,1781272842.532568,6
rewards/eval/max,384,1781273202.933956,6
rewards/eval/max,448,1781273544.081590,6
rewards/eval/match_format_exactly,0,1781270706.711673,0.2747326195
rewards/eval/match_format_exactly,64,1781271142.438325,1.267379642
rewards/eval/match_format_exactly,128,1781271582.965700,4.696524143
rewards/eval/match_format_exactly,192,1781272034.762257,5.095588207
rewards/eval/match_format_exactly,256,1781272439.489978,5.432486534
rewards/eval/match_format_exactly,320,1781272842.533000,5.560828686
rewards/eval/match_format_exactly,384,1781273202.934344,5.813502789
rewards/eval/match_format_exactly,448,1781273544.082008,5.793449402
rewards/eval/match_format_approximately,0,1781270706.712003,0.1878342181
rewards/eval/match_format_approximately,64,1781271142.438657,0.9001336694
rewards/eval/match_format_approximately,128,1781271582.965997,3.138502598
rewards/eval/match_format_approximately,192,1781272034.762571,3.631016016
rewards/eval/match_format_approximately,256,1781272439.490268,3.747326136
rewards/eval/match_format_approximately,320,1781272842.533358,3.769786119
rewards/eval/match_format_approximately,384,1781273202.934687,3.917780638
rewards/eval/match_format_approximately,448,1781273544.082350,3.89893055
rewards/eval/check_answer,0,1781270706.712316,0.01253342256
rewards/eval/check_answer,64,1781271142.438976,0.09124331921
rewards/eval/check_answer,128,1781271582.966280,0.4931483865
rewards/eval/check_answer,192,1781272034.762920,0.5143716335
rewards/eval/check_answer,256,1781272439.490546,0.6602606773
rewards/eval/check_answer,320,1781272842.533674,0.6516544223
rewards/eval/check_answer,384,1781273202.935016,0.3852774203
rewards/eval/check_answer,448,1781273544.082706,0.4707553387
rewards/eval/check_numbers,0,1781270706.712609,0.2296123058
rewards/eval/check_numbers,64,1781271142.439275,0.2324532121
rewards/eval/check_numbers,128,1781271582.966562,0.2372994721
rewards/eval/check_numbers,192,1781272034.763239,0.2398061454
rewards/eval/check_numbers,256,1781272439.490866,0.2610294223
rewards/eval/check_numbers,320,1781272842.533974,0.2588569522
rewards/eval/check_numbers,384,1781273202.935345,0.2134024054
rewards/eval/check_numbers,448,1781273544.083047,0.228776738
rewards/eval/score/mean,0,1781270706.712902,0.7047125697
rewards/eval/score/mean,64,1781271142.439531,2.491209984
rewards/eval/score/mean,128,1781271582.966812,8.56547451
rewards/eval/score/mean,192,1781272034.763499,9.480782509
rewards/eval/score/mean,256,1781272439.491106,10.10110283
rewards/eval/score/mean,320,1781272842.534317,10.24112606
rewards/eval/score/mean,384,1781273202.935646,10.32996368
rewards/eval/score/mean,448,1781273544.083328,10.39191151
rewards/eval/score/max,0,1781270706.713129,12.5
rewards/eval/score/max,64,1781271142.439786,12.5
rewards/eval/score/max,128,1781271582.967029,12.5
rewards/eval/score/max,192,1781272034.763760,12.5
rewards/eval/score/max,256,1781272439.491322,12.5
rewards/eval/score/max,320,1781272842.534598,12.5
rewards/eval/score/max,384,1781273202.935915,12.5
rewards/eval/score/max,448,1781273544.083598,12.5
rewards/eval/score/min,0,1781270706.713385,-2
rewards/eval/score/min,64,1781271142.440019,-2
rewards/eval/score/min,128,1781271582.967220,-0.8000000119
rewards/eval/score/min,192,1781272034.764002,-0.8000000119
rewards/eval/score/min,256,1781272439.491523,0.400000006
rewards/eval/score/min,320,1781272842.534872,-0.8000000119
rewards/eval/score/min,384,1781273202.936183,0.400000006
rewards/eval/score/min,448,1781273544.083872,-0.8000000119
completions/eval/mean_length,0,1781270706.713681,226.1330261
completions/eval/mean_length,64,1781271142.440246,227.3231964
completions/eval/mean_length,128,1781271582.967423,236.8602905
completions/eval/mean_length,192,1781272034.764230,241.9832916
completions/eval/mean_length,256,1781272439.491743,224.8084869
completions/eval/mean_length,320,1781272842.535129,225.5377655
completions/eval/mean_length,384,1781273202.936390,199.5026703
completions/eval/mean_length,448,1781273544.084125,199.1056213
completions/eval/max_length,0,1781270706.713923,768
completions/eval/max_length,64,1781271142.440476,768
completions/eval/max_length,128,1781271582.967633,768
completions/eval/max_length,192,1781272034.764471,768
completions/eval/max_length,256,1781272439.491959,768
completions/eval/max_length,320,1781272842.535356,768
completions/eval/max_length,384,1781273202.936727,768
completions/eval/max_length,448,1781273544.084381,768
completions/eval/min_length,0,1781270706.714184,24
completions/eval/min_length,64,1781271142.440741,23
completions/eval/min_length,128,1781271582.967880,57
completions/eval/min_length,192,1781272034.764731,58
completions/eval/min_length,256,1781272439.492178,55
completions/eval/min_length,320,1781272842.535649,50
completions/eval/min_length,384,1781273202.937005,46
completions/eval/min_length,448,1781273544.084676,46
actor/train/kl,1,1781270707.563856,-0.0006316046347
actor/train/kl,2,1781270709.602882,0.00394990528
actor/train/kl,3,1781270710.381111,0.0002872403129
actor/train/kl,4,1781270710.898475,-8.260984032e-05
actor/train/kl,5,1781270711.463701,0.0009123553173
actor/train/kl,6,1781270713.509041,0.003646789351
actor/train/kl,7,1781270714.314164,0.001243928098
actor/train/kl,8,1781270714.895924,-0.0009535084246
actor/train/kl,9,1781270715.473783,-0.006417789496
actor/train/kl,10,1781270716.450336,0.002567605115
actor/train/kl,11,1781270718.495571,0.003412008286
actor/train/kl,12,1781270719.499237,0.002532443497
actor/train/kl,13,1781270720.419631,-0.001654626452
actor/train/kl,14,1781270720.896244,-0.008070309646
actor/train/kl,15,1781270722.941949,-0.004859699402
actor/train/kl,16,1781270723.579915,-0.0007360101445
actor/train/kl,17,1781270724.898699,0.001716265106
actor/train/kl,18,1781270725.679744,-0.001322894357
actor/train/kl,19,1781270726.568542,0.0007652204949
actor/train/kl,20,1781270727.085299,0.006336803548
actor/train/kl,21,1781270727.789428,-0.002055738587
actor/train/kl,22,1781270729.835274,-0.001445488189
actor/train/kl,23,1781270731.056789,-0.0005076544476
actor/train/kl,24,1781270731.726168,-0.0003161524655
actor/train/kl,25,1781270732.528907,0.001418337808
actor/train/kl,26,1781270733.006729,-0.0001110747035
actor/train/kl,27,1781270733.853298,-0.0008728217217
actor/train/kl,28,1781270735.902059,0.00158448203
actor/train/kl,29,1781270737.950062,-0.001178576029
actor/train/kl,30,1781270738.854928,0.00176198117
actor/train/kl,31,1781270740.903275,0.0066605662
actor/train/kl,32,1781270742.950981,0.001687080367
actor/train/kl,33,1781270744.998233,-0.00061731803
actor/train/kl,34,1781270747.045251,0.001586725237
actor/train/kl,35,1781270749.092167,0.001437753905
actor/train/kl,36,1781270749.875633,-0.001395354862
actor/train/kl,37,1781270750.461919,-0.0004339808947
actor/train/kl,38,1781270752.511057,0.003204345936
actor/train/kl,39,1781270753.184481,-0.001596836722
actor/train/kl,40,1781270755.235958,-0.003243905259
actor/train/kl,41,1781270756.072012,0.0006760709803
actor/train/kl,42,1781270757.611258,0.00596274808
actor/train/kl,43,1781270759.658230,0.002240423812
actor/train/kl,44,1781270760.584722,0.001761171385
actor/train/kl,45,1781270762.632934,0.000538858003
actor/train/kl,46,1781270763.414144,0.001940051443
actor/train/kl,47,1781270764.781517,-0.0006474913098
actor/train/kl,48,1781270765.322968,-0.0008469658787
actor/train/kl,49,1781270767.118997,-0.001080819289
actor/train/kl,50,1781270768.476713,0.001166564412
actor/train/kl,51,1781270770.525167,-0.003040287877
actor/train/kl,52,1781270771.206555,-0.0001061175135
actor/train/kl,53,1781270771.786846,0.0004714464012
actor/train/kl,54,1781270772.548206,0.002502471209
actor/train/kl,55,1781270773.761923,0.001011233195
actor/train/kl,56,1781270774.237008,-0.00197373936
actor/train/kl,57,1781270774.879860,0.001520993304
actor/train/kl,58,1781270776.385362,0.008827998303
actor/train/kl,59,1781270778.434651,-0.001959081041
actor/train/kl,60,1781270780.482845,-0.0004633383069
actor/train/kl,61,1781270780.983095,0.001764774905
actor/train/kl,62,1781270781.639255,-0.00750593096
actor/train/kl,63,1781270782.330575,0.0002084965381
actor/train/kl,64,1781271142.295177,0.006925542839
actor/train/kl,65,1781271144.365255,0.04431321472
actor/train/kl,66,1781271146.413534,0.001690995647
actor/train/kl,67,1781271147.132779,0.001300803502
actor/train/kl,68,1781271147.783263,0.005004967563
actor/train/kl,69,1781271148.652578,0.003172833007
actor/train/kl,70,1781271150.509923,5.728288306e-05
actor/train/kl,71,1781271152.559613,0.006647351198
actor/train/kl,72,1781271153.027225,0.004498875234
actor/train/kl,73,1781271155.074785,0.02831826173
actor/train/kl,74,1781271155.893853,0.006016732194
actor/train/kl,75,1781271156.472177,-0.01065552421
actor/train/kl,76,1781271158.521252,0.04021016136
actor/train/kl,77,1781271159.148027,0.02414412238
actor/train/kl,78,1781271159.790826,0.03059606813
actor/train/kl,79,1781271160.287202,0.0259247832
actor/train/kl,80,1781271162.336895,0.05070757866
actor/train/kl,81,1781271163.143817,0.01925753802
actor/train/kl,82,1781271165.001854,0.0128343245
actor/train/kl,83,1781271165.490187,0.007520461455
actor/train/kl,84,1781271167.540200,0.03302147239
actor/train/kl,85,1781271168.143687,0.00212939526
actor/train/kl,86,1781271168.659258,0.0102971904
actor/train/kl,87,1781271169.323328,0.1443442851
actor/train/kl,88,1781271169.974345,0.009488031268
actor/train/kl,89,1781271170.913084,0.03898459673
actor/train/kl,90,1781271172.962196,0.009845499881
actor/train/kl,91,1781271175.012174,0.05757454038
actor/train/kl,92,1781271176.051191,0.01568496041
actor/train/kl,93,1781271176.676628,0.03681796789
actor/train/kl,94,1781271177.474847,0.05634144694
actor/train/kl,95,1781271178.106390,0.03060181625
actor/train/kl,96,1781271180.156978,0.05538925529
actor/train/kl,97,1781271182.204300,0.01946615614
actor/train/kl,98,1781271184.254009,0.01714602672
actor/train/kl,99,1781271184.893803,0.004240348004
actor/train/kl,100,1781271186.945085,0.03429833055
actor/train/kl,101,1781271188.248245,0.01417140197
actor/train/kl,102,1781271189.071256,0.05794404447
actor/train/kl,103,1781271190.955877,0.02619280294
actor/train/kl,104,1781271191.693987,0.01930138469
actor/train/kl,105,1781271192.357900,0.04343821853
actor/train/kl,106,1781271193.156856,0.008817030117
actor/train/kl,107,1781271195.203580,0.05511868373
actor/train/kl,108,1781271195.978047,0.02798138373
actor/train/kl,109,1781271198.026303,0.03732770681
actor/train/kl,110,1781271198.623395,0.03921318054
actor/train/kl,111,1781271200.673146,0.03395594284
actor/train/kl,112,1781271202.723660,0.0285545662
actor/train/kl,113,1781271203.224748,0.007529147435
actor/train/kl,114,1781271204.084775,0.1221079677
actor/train/kl,115,1781271204.734465,0.02023497969
actor/train/kl,116,1781271206.785077,0.02845675685
actor/train/kl,117,1781271208.833695,0.01823149994
actor/train/kl,118,1781271210.883144,0.003149339929
actor/train/kl,119,1781271211.562790,0.02879802138
actor/train/kl,120,1781271212.094555,0.05011058599
actor/train/kl,121,1781271212.749581,0.05332274735
actor/train/kl,122,1781271213.830076,0.04899174348
actor/train/kl,123,1781271215.879810,0.04545658454
actor/train/kl,124,1781271217.739531,0.02705205046
actor/train/kl,125,1781271219.608921,0.009120889008
actor/train/kl,126,1781271220.069894,0.03330579028
actor/train/kl,127,1781271220.877903,0.1056333855
actor/train/kl,128,1781271582.822470,0.03981885687
actor/train/kl,129,1781271584.894238,0.03606922925
actor/train/kl,130,1781271585.984072,0.03413590789
actor/train/kl,131,1781271588.034840,0.001197462669
actor/train/kl,132,1781271588.549490,0.02626652457
actor/train/kl,133,1781271590.223859,0.1179712936
actor/train/kl,134,1781271591.704150,0.01340067945
actor/train/kl,135,1781271593.754679,0.06165909395
actor/train/kl,136,1781271595.806360,0.05299701542
actor/train/kl,137,1781271597.858217,0.0543711707
actor/train/kl,138,1781271598.667113,0.03286484629
actor/train/kl,139,1781271599.472909,0.04496590048
actor/train/kl,140,1781271600.048596,0.02649603598
actor/train/kl,141,1781271601.081168,0.04231075943
actor/train/kl,142,1781271602.146674,0.01858296432
actor/train/kl,143,1781271602.906017,0.003621131182
actor/train/kl,144,1781271603.575148,0.06443613023
actor/train/kl,145,1781271604.131515,0.03565427288
actor/train/kl,146,1781271604.713190,0.1101944
actor/train/kl,147,1781271606.765037,0.0554597117
actor/train/kl,148,1781271608.816350,0.03499437869
actor/train/kl,149,1781271609.639542,0.01077244803
actor/train/kl,150,1781271610.412349,0.06378149241
actor/train/kl,151,1781271611.280814,0.05991406366
actor/train/kl,152,1781271611.916237,0.02213736996
actor/train/kl,153,1781271613.193907,0.08154168725
actor/train/kl,154,1781271614.900170,0.09127595276
actor/train/kl,155,1781271616.572052,0.02538529783
actor/train/kl,156,1781271617.309145,0.04694772512
actor/train/kl,157,1781271619.359650,0.04488524422
actor/train/kl,158,1781271620.329133,0.03211589158
actor/train/kl,159,1781271620.858435,0.01759459451
actor/train/kl,160,1781271621.768218,0.1122616604
actor/train/kl,161,1781271622.432459,0.07851969451
actor/train/kl,162,1781271624.483818,0.04840945825
actor/train/kl,163,1781271625.130075,0.08169026673
actor/train/kl,164,1781271627.182001,0.2824940979
actor/train/kl,165,1781271628.058737,0.01620130241
actor/train/kl,166,1781271629.426031,0.06764382124
actor/train/kl,167,1781271630.299261,0.04625849798
actor/train/kl,168,1781271631.138036,0.06925909221
actor/train/kl,169,1781271631.932826,0.03410135582
actor/train/kl,170,1781271632.799058,0.05886260048
actor/train/kl,171,1781271633.520099,0.05835573748
actor/train/kl,172,1781271634.112245,0.06343082339
actor/train/kl,173,1781271635.175995,0.12732324
actor/train/kl,174,1781271636.023245,0.0575096868
actor/train/kl,175,1781271636.588950,0.05078541487
actor/train/kl,176,1781271637.915618,0.09207433462
actor/train/kl,177,1781271639.967616,0.04744960368
actor/train/kl,178,1781271642.020237,0.01588932425
actor/train/kl,179,1781271642.566019,0.02683366649
actor/train/kl,180,1781271644.618529,0.05207881331
actor/train/kl,181,1781271645.468382,0.06288594007
actor/train/kl,182,1781271646.365063,0.05765303969
actor/train/kl,183,1781271646.942022,0.05360899493
actor/train/kl,184,1781271648.990692,0.08809563518
actor/train/kl,185,1781271649.607151,0.03750696406
actor/train/kl,186,1781271650.277230,0.02431594208
actor/train/kl,187,1781271651.390091,0.1160106584
actor/train/kl,188,1781271653.441044,0.05347300693
actor/train/kl,189,1781271655.492723,0.03615082055
actor/train/kl,190,1781271656.412099,0.04702942446
actor/train/kl,191,1781271656.966820,0.06250071526
actor/train/kl,192,1781272034.617919,0.1342926621
actor/train/kl,193,1781272035.212339,0.01025564224
actor/train/kl,194,1781272035.874602,0.1399595737
actor/train/kl,195,1781272037.207755,0.06424613297
actor/train/kl,196,1781272037.868002,0.03903524205
actor/train/kl,197,1781272039.523878,0.09560150653
actor/train/kl,198,1781272040.894323,0.08993850648
actor/train/kl,199,1781272041.532149,0.05713088065
actor/train/kl,200,1781272042.453138,0.05462931469
actor/train/kl,201,1781272042.887105,0.02050022222
actor/train/kl,202,1781272044.167680,0.1164551526
actor/train/kl,203,1781272044.923129,0.06254979223
actor/train/kl,204,1781272045.787244,0.07740906626
actor/train/kl,205,1781272047.731209,0.06198225915
actor/train/kl,206,1781272049.781205,0.05232726783
actor/train/kl,207,1781272050.643326,0.03536755964
actor/train/kl,208,1781272051.361767,0.04777789488
actor/train/kl,209,1781272052.730473,0.06166626513
actor/train/kl,210,1781272053.387893,0.08003393561
actor/train/kl,211,1781272054.249378,0.08665122837
actor/train/kl,212,1781272055.108806,0.04860689491
actor/train/kl,213,1781272056.086891,0.04902214184
actor/train/kl,214,1781272057.248565,0.04174599797
actor/train/kl,215,1781272057.962194,0.07860030979
actor/train/kl,216,1781272060.011892,0.05251596496
actor/train/kl,217,1781272062.061731,0.04827577993
actor/train/kl,218,1781272064.111958,0.01190334745
actor/train/kl,219,1781272064.793420,0.0282631889
actor/train/kl,220,1781272065.609836,0.1200794727
actor/train/kl,221,1781272067.661743,0.09751680493
actor/train/kl,222,1781272068.512842,0.02114537172
actor/train/kl,223,1781272069.131713,0.04998312891
actor/train/kl,224,1781272071.181192,0.09832316637
actor/train/kl,225,1781272073.231985,0.05401115119
actor/train/kl,226,1781272074.009942,0.06997408718
actor/train/kl,227,1781272076.060511,0.08088843524
actor/train/kl,228,1781272077.079291,0.06390992552
actor/train/kl,229,1781272077.861091,0.05145274475
actor/train/kl,230,1781272079.913497,0.0740994066
actor/train/kl,231,1781272080.553648,0.02124521881
actor/train/kl,232,1781272081.172974,0.1214603186
actor/train/kl,233,1781272083.225396,0.08381236345
actor/train/kl,234,1781272085.276578,0.01237427816
actor/train/kl,235,1781272086.736878,0.03058155626
actor/train/kl,236,1781272087.633348,0.07146315277
actor/train/kl,237,1781272088.258087,0.1125243455
actor/train/kl,238,1781272089.110875,0.07328919321
actor/train/kl,239,1781272089.756681,0.07442312688
actor/train/kl,240,1781272090.312343,0.0867889896
actor/train/kl,241,1781272092.359789,0.1253535748
actor/train/kl,242,1781272094.409603,0.04006212205
actor/train/kl,243,1781272095.182831,0.04163492844
actor/train/kl,244,1781272096.389913,0.06467717886
actor/train/kl,245,1781272097.245503,0.05466155335
actor/train/kl,246,1781272098.028502,0.03939870745
actor/train/kl,247,1781272100.075657,0.0498171933
actor/train/kl,248,1781272100.840277,0.01004219521
actor/train/kl,249,1781272101.596408,0.05671954527
actor/train/kl,250,1781272104.388139,0.05925187469
actor/train/kl,251,1781272106.330606,0.06126707792
actor/train/kl,252,1781272107.540545,0.01336288918
actor/train/kl,253,1781272108.130182,0.06445557624
actor/train/kl,254,1781272108.659929,0.06791570038
actor/train/kl,255,1781272110.708977,0.224563241
actor/train/kl,256,1781272439.346111,0.04607529566
actor/train/kl,257,1781272440.396314,0.04335533082
actor/train/kl,258,1781272441.123567,0.09612156451
actor/train/kl,259,1781272441.701722,0.143489033
actor/train/kl,260,1781272442.518493,0.03490740806
actor/train/kl,261,1781272443.299286,0.08190645278
actor/train/kl,262,1781272443.926144,0.08112435043
actor/train/kl,263,1781272444.878120,0.1015550792
actor/train/kl,264,1781272445.515462,0.07778342813
actor/train/kl,265,1781272446.896380,0.1060256362
actor/train/kl,266,1781272448.488780,0.08326476812
actor/train/kl,267,1781272450.539699,0.08085193485
actor/train/kl,268,1781272451.973344,0.01697997563
actor/train/kl,269,1781272452.637677,0.07767812163
actor/train/kl,270,1781272453.484379,0.06530608982
actor/train/kl,271,1781272454.106859,0.09873430431
actor/train/kl,272,1781272454.848031,0.1232242584
actor/train/kl,273,1781272456.899025,0.1026691943
actor/train/kl,274,1781272457.485534,0.04336117581
actor/train/kl,275,1781272458.603900,0.1399176121
actor/train/kl,276,1781272459.763655,0.06413056701
actor/train/kl,277,1781272460.712930,0.03292438015
actor/train/kl,278,1781272462.147658,0.07490864396
actor/train/kl,279,1781272463.212474,0.02662098594
actor/train/kl,280,1781272463.843026,0.05177535117
actor/train/kl,281,1781272464.310344,0.1602428257
actor/train/kl,282,1781272465.266706,0.1263373643
actor/train/kl,283,1781272466.508509,0.06792545319
actor/train/kl,284,1781272468.558907,0.07238835096
actor/train/kl,285,1781272469.669622,0.0398677662
actor/train/kl,286,1781272471.721962,0.056633614
actor/train/kl,287,1781272473.772695,0.02035727911
actor/train/kl,288,1781272474.240773,0.03580028936
actor/train/kl,289,1781272474.938484,0.119520247
actor/train/kl,290,1781272475.683508,0.114007473
actor/train/kl,291,1781272476.407858,0.1026832163
actor/train/kl,292,1781272477.421871,0.1080521867
actor/train/kl,293,1781272478.390148,0.08120961487
actor/train/kl,294,1781272479.285216,0.06620517373
actor/train/kl,295,1781272480.007431,0.1282696277
actor/train/kl,296,1781272482.038934,0.09461395442
actor/train/kl,297,1781272483.537693,0.04942635819
actor/train/kl,298,1781272484.361215,0.06974616647
actor/train/kl,299,1781272485.049988,0.130858168
actor/train/kl,300,1781272487.104224,0.1382032782
actor/train/kl,301,1781272488.577349,0.05641309172
actor/train/kl,302,1781272489.650996,0.09816840291
actor/train/kl,303,1781272490.372854,0.127124697
actor/train/kl,304,1781272490.911142,0.1069501564
actor/train/kl,305,1781272491.701488,0.1507637054
actor/train/kl,306,1781272492.512487,0.153306365
actor/train/kl,307,1781272494.564884,0.1369524002
actor/train/kl,308,1781272496.417403,0.05230641365
actor/train/kl,309,1781272496.891609,0.04406818748
actor/train/kl,310,1781272498.942790,0.1051234826
actor/train/kl,311,1781272500.790401,0.03259592876
actor/train/kl,312,1781272502.842859,0.06083991006
actor/train/kl,313,1781272503.384369,0.05453953147
actor/train/kl,314,1781272504.482948,0.185593769
actor/train/kl,315,1781272505.156464,0.0787179172
actor/train/kl,316,1781272506.091694,0.1568783224
actor/train/kl,317,1781272506.901610,0.09553097188
actor/train/kl,318,1781272507.839559,0.05337507278
actor/train/kl,319,1781272508.317399,0.07951258868
actor/train/kl,320,1781272842.387911,0.1635242999
actor/train/kl,321,1781272843.245072,0.04789674655
actor/train/kl,322,1781272843.910496,0.06606747955
actor/train/kl,323,1781272845.963080,0.2000873089
actor/train/kl,324,1781272846.520422,0.02411163971
actor/train/kl,325,1781272848.574200,0.04997330159
actor/train/kl,326,1781272849.626509,0.02263110317
actor/train/kl,327,1781272850.424742,0.0433355011
actor/train/kl,328,1781272852.476409,0.02859374322
actor/train/kl,329,1781272853.070106,0.06554208696
actor/train/kl,330,1781272853.834924,0.1237764508
actor/train/kl,331,1781272854.667812,0.09760712087
actor/train/kl,332,1781272855.302632,0.1379936188
actor/train/kl,333,1781272856.322158,0.1053347811
actor/train/kl,334,1781272857.075740,0.1353542358
actor/train/kl,335,1781272858.065981,0.1148759946
actor/train/kl,336,1781272859.327444,0.08016934991
actor/train/kl,337,1781272861.380252,0.06837975979
actor/train/kl,338,1781272862.228101,0.03150999919
actor/train/kl,339,1781272863.106181,0.1415551305
actor/train/kl,340,1781272863.914193,0.1488925666
actor/train/kl,341,1781272865.437034,0.08515428752
actor/train/kl,342,1781272866.713289,0.08107386529
actor/train/kl,343,1781272867.530975,0.08671797812
actor/train/kl,344,1781272868.226766,0.07973406464
actor/train/kl,345,1781272869.185795,0.1359528452
actor/train/kl,346,1781272869.901917,0.1177878529
actor/train/kl,347,1781272870.524655,0.1169366911
actor/train/kl,348,1781272872.576952,0.07918148488
actor/train/kl,349,1781272873.556233,0.02753343061
actor/train/kl,350,1781272875.608909,0.05376273021
actor/train/kl,351,1781272877.662816,0.03699517623
actor/train/kl,352,1781272878.573719,0.03712729737
actor/train/kl,353,1781272879.097931,0.1327414811
actor/train/kl,354,1781272880.905591,0.1838134229
actor/train/kl,355,1781272881.856437,0.05330725387
actor/train/kl,356,1781272882.875646,0.07618187368
actor/train/kl,357,1781272884.927710,0.09488079697
actor/train/kl,358,1781272886.664004,0.06363394856
actor/train/kl,359,1781272887.250723,0.08416258544
actor/train/kl,360,1781272889.306706,0.09084879607
actor/train/kl,361,1781272889.795175,0.04999146238
actor/train/kl,362,1781272890.384078,0.1153537109
actor/train/kl,363,1781272891.168014,0.1542352587
actor/train/kl,364,1781272891.712721,0.08937565982
actor/train/kl,365,1781272892.430274,0.1430271715
actor/train/kl,366,1781272893.047373,0.1482487321
actor/train/kl,367,1781272894.018741,0.09517323971
actor/train/kl,368,1781272895.726570,0.07560161501
actor/train/kl,369,1781272896.453348,0.07784934342
actor/train/kl,370,1781272897.921497,0.08251117915
actor/train/kl,371,1781272898.994982,0.06791986525
actor/train/kl,372,1781272900.462115,0.05978238955
actor/train/kl,373,1781272901.311159,0.08960458636
actor/train/kl,374,1781272902.802747,0.1385633945
actor/train/kl,375,1781272903.449835,0.0740018338
actor/train/kl,376,1781272904.004189,0.09878624231
actor/train/kl,377,1781272904.878101,0.1627341956
actor/train/kl,378,1781272905.730864,0.1270104051
actor/train/kl,379,1781272906.709959,0.1015316769
actor/train/kl,380,1781272907.350134,0.09165694565
actor/train/kl,381,1781272907.954648,0.1522524804
actor/train/kl,382,1781272908.573705,0.07768089324
actor/train/kl,383,1781272909.761544,0.1228832528
actor/train/kl,384,1781273202.790118,0.09169252217
actor/train/kl,385,1781273203.766183,0.07946584374
actor/train/kl,386,1781273204.907763,0.05254037306
actor/train/kl,387,1781273205.514556,0.06348641962
actor/train/kl,388,1781273206.156303,0.1544079185
actor/train/kl,389,1781273207.131031,0.1040374339
actor/train/kl,390,1781273208.065447,0.1170969978
actor/train/kl,391,1781273208.563511,0.07923462987
actor/train/kl,392,1781273209.993054,0.06319916248
actor/train/kl,393,1781273210.676668,0.07578253001
actor/train/kl,394,1781273211.086203,0.1292019933
actor/train/kl,395,1781273211.658801,0.190471366
actor/train/kl,396,1781273213.710127,0.1130047962
actor/train/kl,397,1781273214.586080,0.0603937842
actor/train/kl,398,1781273215.557512,0.09520494193
actor/train/kl,399,1781273216.452213,0.1169016436
actor/train/kl,400,1781273217.180009,0.08205542713
actor/train/kl,401,1781273218.392148,0.08465702832
actor/train/kl,402,1781273218.851892,0.09665520489
actor/train/kl,403,1781273219.759478,0.1321684867
actor/train/kl,404,1781273220.571446,0.08384808153
actor/train/kl,405,1781273221.487625,0.1178658232
actor/train/kl,406,1781273223.008458,0.07702247053
actor/train/kl,407,1781273224.535050,0.1061457098
actor/train/kl,408,1781273225.197747,0.08092611283
actor/train/kl,409,1781273225.789147,0.1023964509
actor/train/kl,410,1781273226.457126,0.1127651185
actor/train/kl,411,1781273227.222023,0.1129446924
actor/train/kl,412,1781273228.092441,0.09855344892
actor/train/kl,413,1781273228.765215,0.05086969584
actor/train/kl,414,1781273229.597665,0.08237588406
actor/train/kl,415,1781273230.395379,0.1244923472
actor/train/kl,416,1781273230.900517,0.1147781983
actor/train/kl,417,1781273231.867316,0.1721136421
actor/train/kl,418,1781273232.631879,0.0827409327
actor/train/kl,419,1781273233.604834,0.1300013363
actor/train/kl,420,1781273234.485002,0.1113405675
actor/train/kl,421,1781273235.334386,0.1272988766
actor/train/kl,422,1781273235.899841,0.07545799017
actor/train/kl,423,1781273236.426176,0.08154830337
actor/train/kl,424,1781273237.490204,0.104941301
actor/train/kl,425,1781273238.139307,0.1505770832
actor/train/kl,426,1781273239.318609,0.1554604024
actor/train/kl,427,1781273240.061274,0.108800672
actor/train/kl,428,1781273241.131908,0.1035729945
actor/train/kl,429,1781273242.085361,0.1146389917
actor/train/kl,430,1781273242.900903,0.08245212585
actor/train/kl,431,1781273243.831929,0.09526768327
actor/train/kl,432,1781273244.769964,0.1064563394
actor/train/kl,433,1781273245.356728,0.1119972616
actor/train/kl,434,1781273246.097389,0.1387347877
actor/train/kl,435,1781273247.531901,0.103625387
actor/train/kl,436,1781273248.439161,0.1000026837
actor/train/kl,437,1781273249.174735,0.09687990695
actor/train/kl,438,1781273251.226226,0.1748258024
actor/train/kl,439,1781273252.204747,0.1339170337
actor/train/kl,440,1781273253.017098,0.09090080857
actor/train/kl,441,1781273254.229988,0.06556095928
actor/train/kl,442,1781273255.256698,0.05460140109
actor/train/kl,443,1781273257.127702,0.1351443231
actor/train/kl,444,1781273257.798176,0.1119286641
actor/train/kl,445,1781273258.635425,0.08612870425
actor/train/kl,446,1781273260.507096,0.1335304826
actor/train/kl,447,1781273261.348395,0.05470927432
actor/train/kl,448,1781273543.935988,0.1149008647
actor/train/kl,449,1781273545.121312,0.0810367316
actor/train/kl,450,1781273545.744481,0.09897889197
actor/train/kl,451,1781273546.939752,0.1563382
actor/train/kl,452,1781273548.313485,0.09307412803
actor/train/kl,453,1781273549.330281,0.07609794289
actor/train/kl,454,1781273550.180758,0.08614457399
actor/train/kl,455,1781273551.187325,0.06338622421
actor/train/kl,456,1781273551.850566,0.225246191
actor/train/kl,457,1781273552.536723,0.121642001
actor/train/kl,458,1781273553.218084,0.1463772655
actor/train/kl,459,1781273553.970968,0.1333774179
actor/train/kl,460,1781273554.625535,0.1406524479
actor/train/kl,461,1781273555.917704,0.06629035622
actor/train/kl,462,1781273556.588939,0.07359597087
actor/train/kl,463,1781273558.642066,0.08476103842
actor/train/kl,464,1781273559.551157,0.07129460573
actor/train/kl,465,1781273560.366944,0.1413865089
actor/train/kl,466,1781273562.416737,0.1129712909
actor/train/kl,467,1781273563.287357,0.1223877594
actor/train/kl,468,1781273563.807374,0.1412002891
actor/train/kl,469,1781273565.857827,0.1047395095
actor/train/kl,470,1781273566.593605,0.01553787198
actor/train/kl,471,1781273567.287741,0.1005758196
actor/train/kl,472,1781273569.338568,0.1374910474
actor/train/kl,473,1781273571.390167,0.0495551303
actor/train/kl,474,1781273572.228959,0.05816935003
actor/train/kl,475,1781273572.664073,0.06603168696
actor/train/kl,476,1781273573.320380,0.1860864908
actor/train/kl,477,1781273574.101538,0.1576625705
actor/train/kl,478,1781273575.110180,0.1274252832
actor/train/kl,479,1781273575.782057,0.1032329351
actor/train/kl,480,1781273576.249717,0.126368314
actor/train/kl,481,1781273576.936117,0.2300667912
actor/train/kl,482,1781273577.779140,0.1257635057
actor/train/kl,483,1781273578.554213,0.09247046709
actor/train/kl,484,1781273579.961317,0.0915465951
actor/train/kl,485,1781273580.564463,0.06408613175
actor/train/kl,486,1781273582.381516,0.1531357467
actor/train/kl,487,1781273582.921792,0.09482973069
actor/train/kl,488,1781273584.839599,0.2362085879
actor/train/kl,489,1781273586.414244,0.1435962021
actor/train/kl,490,1781273587.184480,0.1304173023
actor/train/kl,491,1781273587.806929,0.08829523623
actor/train/kl,492,1781273588.617609,0.0543874763
actor/train/kl,493,1781273589.258240,0.1395532042
actor/train/kl,494,1781273590.151127,0.1539954841
actor/train/kl,495,1781273590.988189,0.1176956967
actor/train/kl,496,1781273591.984620,0.132159844
actor/train/kl,497,1781273592.699996,0.1271511316
actor/train/kl,498,1781273593.408347,0.1224348173
actor/train/kl,499,1781273594.262711,0.1560084671
actor/train/kl,500,1781273595.927902,0.08738914877
