tag,step,value
jax/core/compile/jaxpr_trace_duration,0,1781515264.0
jax/core/compile/jaxpr_trace_duration,0,1781515264.0
jax/core/compile/jaxpr_trace_duration,0,1781515264.0
jax/core/compile/jaxpr_trace_duration,0,1781515264.0
jax/core/compile/jaxpr_trace_duration,0,1781515264.0
jax/core/compile/jaxpr_trace_duration,0,1781515264.0
jax/core/compile/jaxpr_trace_duration,0,1781515264.0
jax/core/compile/jaxpr_trace_duration,0,1781515264.0
jax/core/compile/jaxpr_trace_duration,0,1781515264.0
jax/core/compile/jaxpr_trace_duration,0,1781515264.0
jax/core/compile/jaxpr_trace_duration,0,1781515264.0
jax/core/compile/jaxpr_trace_duration,0,1781515264.0
jax/core/compile/jaxpr_trace_duration,0,1781515264.0
jax/core/compile/jaxpr_trace_duration,0,1781515264.0
jax/core/compile/jaxpr_trace_duration,0,1781515264.0
jax/core/compile/jaxpr_trace_duration,0,1781515264.0
jax/core/compile/jaxpr_trace_duration,0,1781515264.0
jax/core/compile/jaxpr_trace_duration,0,1781515264.0
jax/core/compile/jaxpr_trace_duration,0,1781515264.0
jax/core/compile/jaxpr_trace_duration,0,1781515264.0
jax/core/compile/jaxpr_trace_duration,0,1781515264.0
jax/core/compile/jaxpr_trace_duration,0,1781515264.0
jax/core/compile/jaxpr_trace_duration,0,1781515264.0
jax/core/compile/jaxpr_trace_duration,0,1781515264.0
jax/core/compile/jaxpr_trace_duration,0,1781515264.0
jax/core/compile/jaxpr_trace_duration,0,1781515264.0
jax/core/compile/jaxpr_trace_duration,0,1781515264.0
jax/core/compile/jaxpr_trace_duration,0,1781515264.0
jax/core/compile/jaxpr_trace_duration,0,1781515264.0
jax/core/compile/jaxpr_trace_duration,0,1781515264.0
jax/core/compile/jaxpr_trace_duration,0,1781515264.0
jax/core/compile/jaxpr_trace_duration,0,1781515264.0
jax/core/compile/jaxpr_trace_duration,0,1781515264.0
jax/core/compile/jaxpr_trace_duration,0,1781515264.0
jax/core/compile/jaxpr_trace_duration,0,1781515264.0
jax/core/compile/jaxpr_trace_duration,0,1781515264.0
jax/core/compile/jaxpr_trace_duration,0,1781515264.0
jax/core/compile/jaxpr_trace_duration,0,1781515264.0
jax/core/compile/jaxpr_trace_duration,0,1781515264.0
jax/core/compile/jaxpr_trace_duration,0,1781515264.0
jax/core/compile/jaxpr_trace_duration,0,1781515264.0
jax/core/compile/jaxpr_trace_duration,0,1781515264.0
jax/core/compile/jaxpr_trace_duration,0,1781515264.0
jax/core/compile/jaxpr_trace_duration,0,1781515264.0
jax/core/compile/jaxpr_trace_duration,0,1781515264.0
jax/core/compile/jaxpr_trace_duration,0,1781515264.0
jax/core/compile/jaxpr_trace_duration,0,1781515264.0
jax/core/compile/jaxpr_trace_duration,0,1781515264.0
jax/core/compile/jaxpr_trace_duration,0,1781515264.0
jax/core/compile/jaxpr_trace_duration,0,1781515264.0
jax/core/compile/jaxpr_trace_duration,0,1781515264.0
jax/core/compile/jaxpr_trace_duration,0,1781515264.0
jax/core/compile/jaxpr_trace_duration,0,1781515264.0
jax/core/compile/jaxpr_trace_duration,0,1781515264.0
jax/core/compile/jaxpr_trace_duration,0,1781515264.0
jax/core/compile/jaxpr_trace_duration,0,1781515264.0
jax/core/compile/jaxpr_trace_duration,0,1781515264.0
jax/core/compile/jaxpr_trace_duration,0,1781515264.0
jax/core/compile/jaxpr_trace_duration,0,1781515264.0
jax/core/compile/jaxpr_trace_duration,0,1781515264.0
jax/core/compile/jaxpr_trace_duration,0,1781515264.0
jax/core/compile/jaxpr_trace_duration,0,1781515264.0
jax/core/compile/jaxpr_trace_duration,0,1781515264.0
jax/core/compile/jaxpr_trace_duration,0,1781515264.0
jax/core/compile/jaxpr_trace_duration,0,1781515264.0
jax/core/compile/jaxpr_trace_duration,0,1781515264.0
jax/core/compile/jaxpr_trace_duration,0,1781515904.0
jax/core/compile/jaxpr_trace_duration,0,1781515904.0
jax/core/compile/jaxpr_trace_duration,0,1781515904.0
jax/core/compile/jaxpr_trace_duration,0,1781515904.0
jax/core/compile/jaxpr_trace_duration,0,1781515904.0
jax/core/compile/jaxpr_trace_duration,0,1781515904.0
jax/core/compile/jaxpr_trace_duration,0,1781515904.0
jax/core/compile/jaxpr_trace_duration,0,1781515904.0
jax/core/compile/jaxpr_trace_duration,0,1781515904.0
jax/core/compile/jaxpr_trace_duration,0,1781515904.0
jax/core/compile/jaxpr_trace_duration,0,1781515904.0
jax/core/compile/jaxpr_trace_duration,0,1781515904.0
jax/core/compile/jaxpr_trace_duration,0,1781515904.0
jax/core/compile/jaxpr_trace_duration,0,1781521408.0
jax/core/compile/jaxpr_trace_duration,0,1781521408.0
jax/core/compile/jaxpr_trace_duration,0,1781521408.0
jax/core/compile/jaxpr_trace_duration,0,1781521408.0
jax/core/compile/jaxpr_trace_duration,0,1781521408.0
jax/core/compile/jaxpr_trace_duration,0,1781521408.0
jax/core/compile/jaxpr_trace_duration,0,1781521408.0
jax/core/compile/jaxpr_trace_duration,0,1781521408.0
jax/core/compile/jaxpr_trace_duration,0,1781521408.0
jax/core/compile/jaxpr_trace_duration,0,1781521408.0
jax/core/compile/jaxpr_trace_duration,0,1781521408.0
jax/core/compile/jaxpr_trace_duration,0,1781521408.0
jax/core/compile/jaxpr_trace_duration,0,1781521408.0
jax/core/compile/jaxpr_trace_duration,0,1781521408.0
jax/core/compile/jaxpr_trace_duration,0,1781521408.0
jax/core/compile/jaxpr_trace_duration,0,1781521536.0
jax/core/compile/jaxpr_trace_duration,0,1781521536.0
jax/core/compile/jaxpr_trace_duration,0,1781521536.0
jax/core/compile/jaxpr_trace_duration,0,1781521536.0
jax/core/compile/jaxpr_to_mlir_module_duration,0,1781515264.0
jax/core/compile/jaxpr_to_mlir_module_duration,0,1781515264.0
jax/core/compile/jaxpr_to_mlir_module_duration,0,1781515264.0
jax/core/compile/jaxpr_to_mlir_module_duration,0,1781515264.0
jax/core/compile/jaxpr_to_mlir_module_duration,0,1781515264.0
jax/core/compile/jaxpr_to_mlir_module_duration,0,1781515264.0
jax/core/compile/jaxpr_to_mlir_module_duration,0,1781515264.0
jax/core/compile/jaxpr_to_mlir_module_duration,0,1781515264.0
jax/core/compile/jaxpr_to_mlir_module_duration,0,1781515264.0
jax/core/compile/jaxpr_to_mlir_module_duration,0,1781515264.0
jax/core/compile/jaxpr_to_mlir_module_duration,0,1781515264.0
jax/core/compile/jaxpr_to_mlir_module_duration,0,1781515264.0
jax/core/compile/jaxpr_to_mlir_module_duration,0,1781515264.0
jax/core/compile/jaxpr_to_mlir_module_duration,0,1781515264.0
jax/core/compile/jaxpr_to_mlir_module_duration,0,1781515264.0
jax/core/compile/jaxpr_to_mlir_module_duration,0,1781515264.0
jax/core/compile/jaxpr_to_mlir_module_duration,0,1781515264.0
jax/core/compile/jaxpr_to_mlir_module_duration,0,1781515264.0
jax/core/compile/jaxpr_to_mlir_module_duration,0,1781515264.0
jax/core/compile/jaxpr_to_mlir_module_duration,0,1781515264.0
jax/core/compile/jaxpr_to_mlir_module_duration,0,1781515264.0
jax/core/compile/jaxpr_to_mlir_module_duration,0,1781515264.0
jax/core/compile/jaxpr_to_mlir_module_duration,0,1781515264.0
jax/core/compile/jaxpr_to_mlir_module_duration,0,1781515264.0
jax/core/compile/jaxpr_to_mlir_module_duration,0,1781515264.0
jax/core/compile/jaxpr_to_mlir_module_duration,0,1781515264.0
jax/core/compile/jaxpr_to_mlir_module_duration,0,1781515264.0
jax/core/compile/jaxpr_to_mlir_module_duration,0,1781515264.0
jax/core/compile/jaxpr_to_mlir_module_duration,0,1781515264.0
jax/core/compile/jaxpr_to_mlir_module_duration,0,1781515264.0
jax/core/compile/jaxpr_to_mlir_module_duration,0,1781515264.0
jax/core/compile/jaxpr_to_mlir_module_duration,0,1781515264.0
jax/core/compile/jaxpr_to_mlir_module_duration,0,1781515264.0
jax/core/compile/jaxpr_to_mlir_module_duration,0,1781515264.0
jax/core/compile/jaxpr_to_mlir_module_duration,0,1781515264.0
jax/core/compile/jaxpr_to_mlir_module_duration,0,1781515264.0
jax/core/compile/jaxpr_to_mlir_module_duration,0,1781515264.0
jax/core/compile/jaxpr_to_mlir_module_duration,0,1781515264.0
jax/core/compile/jaxpr_to_mlir_module_duration,0,1781515264.0
jax/core/compile/jaxpr_to_mlir_module_duration,0,1781515264.0
jax/core/compile/jaxpr_to_mlir_module_duration,0,1781515264.0
jax/core/compile/jaxpr_to_mlir_module_duration,0,1781515264.0
jax/core/compile/jaxpr_to_mlir_module_duration,0,1781515264.0
jax/core/compile/jaxpr_to_mlir_module_duration,0,1781515264.0
jax/core/compile/jaxpr_to_mlir_module_duration,0,1781515264.0
jax/core/compile/jaxpr_to_mlir_module_duration,0,1781515264.0
jax/core/compile/jaxpr_to_mlir_module_duration,0,1781515264.0
jax/core/compile/jaxpr_to_mlir_module_duration,0,1781515264.0
jax/core/compile/jaxpr_to_mlir_module_duration,0,1781515264.0
jax/core/compile/jaxpr_to_mlir_module_duration,0,1781515264.0
jax/core/compile/jaxpr_to_mlir_module_duration,0,1781515264.0
jax/core/compile/jaxpr_to_mlir_module_duration,0,1781515264.0
jax/core/compile/jaxpr_to_mlir_module_duration,0,1781515264.0
jax/core/compile/jaxpr_to_mlir_module_duration,0,1781515264.0
jax/core/compile/jaxpr_to_mlir_module_duration,0,1781515264.0
jax/core/compile/jaxpr_to_mlir_module_duration,0,1781515264.0
jax/core/compile/jaxpr_to_mlir_module_duration,0,1781515264.0
jax/core/compile/jaxpr_to_mlir_module_duration,0,1781515264.0
jax/core/compile/jaxpr_to_mlir_module_duration,0,1781515264.0
jax/core/compile/jaxpr_to_mlir_module_duration,0,1781515264.0
jax/core/compile/jaxpr_to_mlir_module_duration,0,1781515264.0
jax/core/compile/jaxpr_to_mlir_module_duration,0,1781515264.0
jax/core/compile/jaxpr_to_mlir_module_duration,0,1781515264.0
jax/core/compile/jaxpr_to_mlir_module_duration,0,1781515264.0
jax/core/compile/jaxpr_to_mlir_module_duration,0,1781515264.0
jax/core/compile/jaxpr_to_mlir_module_duration,0,1781515264.0
jax/core/compile/jaxpr_to_mlir_module_duration,0,1781515904.0
jax/core/compile/jaxpr_to_mlir_module_duration,0,1781515904.0
jax/core/compile/jaxpr_to_mlir_module_duration,0,1781515904.0
jax/core/compile/jaxpr_to_mlir_module_duration,0,1781515904.0
jax/core/compile/jaxpr_to_mlir_module_duration,0,1781515904.0
jax/core/compile/jaxpr_to_mlir_module_duration,0,1781515904.0
jax/core/compile/jaxpr_to_mlir_module_duration,0,1781515904.0
jax/core/compile/jaxpr_to_mlir_module_duration,0,1781515904.0
jax/core/compile/jaxpr_to_mlir_module_duration,0,1781515904.0
jax/core/compile/jaxpr_to_mlir_module_duration,0,1781515904.0
jax/core/compile/jaxpr_to_mlir_module_duration,0,1781515904.0
jax/core/compile/jaxpr_to_mlir_module_duration,0,1781515904.0
jax/core/compile/jaxpr_to_mlir_module_duration,0,1781515904.0
jax/core/compile/jaxpr_to_mlir_module_duration,0,1781521408.0
jax/core/compile/jaxpr_to_mlir_module_duration,0,1781521408.0
jax/core/compile/jaxpr_to_mlir_module_duration,0,1781521408.0
jax/core/compile/jaxpr_to_mlir_module_duration,0,1781521408.0
jax/core/compile/jaxpr_to_mlir_module_duration,0,1781521408.0
jax/core/compile/jaxpr_to_mlir_module_duration,0,1781521408.0
jax/core/compile/jaxpr_to_mlir_module_duration,0,1781521408.0
jax/core/compile/jaxpr_to_mlir_module_duration,0,1781521408.0
jax/core/compile/jaxpr_to_mlir_module_duration,0,1781521408.0
jax/core/compile/jaxpr_to_mlir_module_duration,0,1781521408.0
jax/core/compile/jaxpr_to_mlir_module_duration,0,1781521408.0
jax/core/compile/jaxpr_to_mlir_module_duration,0,1781521408.0
jax/core/compile/jaxpr_to_mlir_module_duration,0,1781521408.0
jax/core/compile/jaxpr_to_mlir_module_duration,0,1781521408.0
jax/core/compile/jaxpr_to_mlir_module_duration,0,1781521408.0
jax/core/compile/jaxpr_to_mlir_module_duration,0,1781521536.0
jax/core/compile/jaxpr_to_mlir_module_duration,0,1781521536.0
jax/core/compile/jaxpr_to_mlir_module_duration,0,1781521536.0
jax/core/compile/jaxpr_to_mlir_module_duration,0,1781521536.0
jax/core/compile/backend_compile_duration,0,1781515264.0
jax/core/compile/backend_compile_duration,0,1781515264.0
jax/core/compile/backend_compile_duration,0,1781515264.0
jax/core/compile/backend_compile_duration,0,1781515264.0
jax/core/compile/backend_compile_duration,0,1781515264.0
jax/core/compile/backend_compile_duration,0,1781515264.0
jax/core/compile/backend_compile_duration,0,1781515264.0
jax/core/compile/backend_compile_duration,0,1781515264.0
jax/core/compile/backend_compile_duration,0,1781515264.0
jax/core/compile/backend_compile_duration,0,1781515264.0
jax/core/compile/backend_compile_duration,0,1781515264.0
jax/core/compile/backend_compile_duration,0,1781515264.0
jax/core/compile/backend_compile_duration,0,1781515264.0
jax/core/compile/backend_compile_duration,0,1781515264.0
jax/core/compile/backend_compile_duration,0,1781515264.0
jax/core/compile/backend_compile_duration,0,1781515264.0
jax/core/compile/backend_compile_duration,0,1781515264.0
jax/core/compile/backend_compile_duration,0,1781515264.0
jax/core/compile/backend_compile_duration,0,1781515264.0
jax/core/compile/backend_compile_duration,0,1781515264.0
jax/core/compile/backend_compile_duration,0,1781515264.0
jax/core/compile/backend_compile_duration,0,1781515264.0
jax/core/compile/backend_compile_duration,0,1781515264.0
jax/core/compile/backend_compile_duration,0,1781515264.0
jax/core/compile/backend_compile_duration,0,1781515264.0
jax/core/compile/backend_compile_duration,0,1781515264.0
jax/core/compile/backend_compile_duration,0,1781515264.0
jax/core/compile/backend_compile_duration,0,1781515264.0
jax/core/compile/backend_compile_duration,0,1781515264.0
jax/core/compile/backend_compile_duration,0,1781515264.0
jax/core/compile/backend_compile_duration,0,1781515264.0
jax/core/compile/backend_compile_duration,0,1781515264.0
jax/core/compile/backend_compile_duration,0,1781515264.0
jax/core/compile/backend_compile_duration,0,1781515264.0
jax/core/compile/backend_compile_duration,0,1781515264.0
jax/core/compile/backend_compile_duration,0,1781515264.0
jax/core/compile/backend_compile_duration,0,1781515264.0
jax/core/compile/backend_compile_duration,0,1781515264.0
jax/core/compile/backend_compile_duration,0,1781515264.0
jax/core/compile/backend_compile_duration,0,1781515264.0
jax/core/compile/backend_compile_duration,0,1781515264.0
jax/core/compile/backend_compile_duration,0,1781515264.0
jax/core/compile/backend_compile_duration,0,1781515264.0
jax/core/compile/backend_compile_duration,0,1781515264.0
jax/core/compile/backend_compile_duration,0,1781515264.0
jax/core/compile/backend_compile_duration,0,1781515264.0
jax/core/compile/backend_compile_duration,0,1781515264.0
jax/core/compile/backend_compile_duration,0,1781515264.0
jax/core/compile/backend_compile_duration,0,1781515264.0
jax/core/compile/backend_compile_duration,0,1781515264.0
jax/core/compile/backend_compile_duration,0,1781515264.0
jax/core/compile/backend_compile_duration,0,1781515264.0
jax/core/compile/backend_compile_duration,0,1781515264.0
jax/core/compile/backend_compile_duration,0,1781515264.0
jax/core/compile/backend_compile_duration,0,1781515264.0
jax/core/compile/backend_compile_duration,0,1781515264.0
jax/core/compile/backend_compile_duration,0,1781515264.0
jax/core/compile/backend_compile_duration,0,1781515264.0
jax/core/compile/backend_compile_duration,0,1781515264.0
jax/core/compile/backend_compile_duration,0,1781515264.0
jax/core/compile/backend_compile_duration,0,1781515264.0
jax/core/compile/backend_compile_duration,0,1781515264.0
jax/core/compile/backend_compile_duration,0,1781515264.0
jax/core/compile/backend_compile_duration,0,1781515264.0
jax/core/compile/backend_compile_duration,0,1781515264.0
jax/core/compile/backend_compile_duration,0,1781515264.0
jax/core/compile/backend_compile_duration,0,1781515904.0
jax/core/compile/backend_compile_duration,0,1781515904.0
jax/core/compile/backend_compile_duration,0,1781515904.0
jax/core/compile/backend_compile_duration,0,1781515904.0
jax/core/compile/backend_compile_duration,0,1781515904.0
jax/core/compile/backend_compile_duration,0,1781515904.0
jax/core/compile/backend_compile_duration,0,1781515904.0
jax/core/compile/backend_compile_duration,0,1781515904.0
jax/core/compile/backend_compile_duration,0,1781515904.0
jax/core/compile/backend_compile_duration,0,1781515904.0
jax/core/compile/backend_compile_duration,0,1781515904.0
jax/core/compile/backend_compile_duration,0,1781515904.0
jax/core/compile/backend_compile_duration,0,1781515904.0
jax/core/compile/backend_compile_duration,0,1781521408.0
jax/core/compile/backend_compile_duration,0,1781521408.0
jax/core/compile/backend_compile_duration,0,1781521408.0
jax/core/compile/backend_compile_duration,0,1781521408.0
jax/core/compile/backend_compile_duration,0,1781521408.0
jax/core/compile/backend_compile_duration,0,1781521408.0
jax/core/compile/backend_compile_duration,0,1781521408.0
jax/core/compile/backend_compile_duration,0,1781521408.0
jax/core/compile/backend_compile_duration,0,1781521408.0
jax/core/compile/backend_compile_duration,0,1781521408.0
jax/core/compile/backend_compile_duration,0,1781521408.0
jax/core/compile/backend_compile_duration,0,1781521408.0
jax/core/compile/backend_compile_duration,0,1781521408.0
jax/core/compile/backend_compile_duration,0,1781521408.0
jax/core/compile/backend_compile_duration,0,1781521408.0
jax/core/compile/backend_compile_duration,0,1781521536.0
jax/core/compile/backend_compile_duration,0,1781521536.0
jax/core/compile/backend_compile_duration,0,1781521536.0
jax/core/compile/backend_compile_duration,0,1781521536.0
jax/orbax/read/worker/io/requested/gbytes,0,0.0936279296875
jax/orbax/read/worker/io/requested/gbytes,0,0.3745117485523224
jax/orbax/read/worker/io/requested/throughput/gbytes_per_sec,0,0.5399410724639893
jax/orbax/read/worker/io/requested/throughput/gbytes_per_sec,0,0.6245054602622986
jax/orbax/write/sharded_array_gb,0,0.0001220703125
jax/orbax/write/sharded_array_gb,0,0.0001373291015625
jax/orbax/write/sharded_array_gb,0,0.0001373291015625
jax/orbax/write/sharded_array_gb,0,6.103515625e-05
jax/orbax/write/sharded_array_gb,0,0.0001373291015625
jax/orbax/write/sharded_array_gb,0,0.0001220703125
jax/orbax/write/sharded_array_gb,0,0.000823974609375
jax/orbax/write/sharded_array_gb,0,0.0001373291015625
jax/orbax/write/sharded_array_gb,0,0.0001373291015625
jax/orbax/write/sharded_array_gb,0,0.000823974609375
jax/orbax/write/sharded_array_gb,0,0.0001373291015625
jax/orbax/write/sharded_array_gb,0,0.000823974609375
jax/orbax/write/sharded_array_gb,0,0.0001220703125
jax/orbax/write/sharded_array_gb,0,0.0001373291015625
jax/orbax/write/sharded_array_gb,0,0.0001373291015625
jax/orbax/write/sharded_array_gb,0,6.103515625e-05
jax/orbax/write/sharded_array_gb,0,0.0001373291015625
jax/orbax/write/sharded_array_gb,0,0.0001220703125
jax/orbax/write/sharded_array_gb,0,0.000823974609375
jax/orbax/write/sharded_array_gb,0,0.0001373291015625
jax/orbax/write/sharded_array_gb,0,0.0001373291015625
jax/orbax/write/sharded_array_gb,0,0.000823974609375
jax/orbax/write/sharded_array_gb,0,0.0001373291015625
jax/orbax/write/sharded_array_gb,0,0.000823974609375
jax/orbax/write/sharded_array_gb,0,0.0001220703125
jax/orbax/write/sharded_array_gb,0,0.0001373291015625
jax/orbax/write/sharded_array_gb,0,0.0001373291015625
jax/orbax/write/sharded_array_gb,0,6.103515625e-05
jax/orbax/write/sharded_array_gb,0,0.0001373291015625
jax/orbax/write/sharded_array_gb,0,0.0001220703125
jax/orbax/write/sharded_array_gb,0,0.000823974609375
jax/orbax/write/sharded_array_gb,0,0.0001373291015625
jax/orbax/write/sharded_array_gb,0,0.0001373291015625
jax/orbax/write/sharded_array_gb,0,0.000823974609375
jax/orbax/write/sharded_array_gb,0,0.0001373291015625
jax/orbax/write/sharded_array_gb,0,0.000823974609375
jax/orbax/write/sharded_array_gb,0,0.0001220703125
jax/orbax/write/sharded_array_gb,0,0.0001373291015625
jax/orbax/write/sharded_array_gb,0,0.0001373291015625
jax/orbax/write/sharded_array_gb,0,6.103515625e-05
jax/orbax/write/sharded_array_gb,0,0.0001373291015625
jax/orbax/write/sharded_array_gb,0,0.0001220703125
jax/orbax/write/sharded_array_gb,0,0.000823974609375
jax/orbax/write/sharded_array_gb,0,0.0001373291015625
jax/orbax/write/sharded_array_gb,0,0.0001373291015625
jax/orbax/write/sharded_array_gb,0,0.000823974609375
jax/orbax/write/sharded_array_gb,0,0.0001373291015625
jax/orbax/write/sharded_array_gb,0,0.000823974609375
jax/orbax/write/sharded_array_gb,0,0.0001220703125
jax/orbax/write/sharded_array_gb,0,0.0001373291015625
jax/orbax/write/sharded_array_gb,0,0.0001373291015625
jax/orbax/write/sharded_array_gb,0,6.103515625e-05
jax/orbax/write/sharded_array_gb,0,0.0001373291015625
jax/orbax/write/sharded_array_gb,0,0.0001220703125
jax/orbax/write/sharded_array_gb,0,0.000823974609375
jax/orbax/write/sharded_array_gb,0,0.0001373291015625
jax/orbax/write/sharded_array_gb,0,0.0001373291015625
jax/orbax/write/sharded_array_gb,0,0.000823974609375
jax/orbax/write/sharded_array_gb,0,0.0001373291015625
jax/orbax/write/sharded_array_gb,0,0.000823974609375
jax/orbax/write/sharded_array_gb,0,0.0001220703125
jax/orbax/write/sharded_array_gb,0,0.0001373291015625
jax/orbax/write/sharded_array_gb,0,0.0001373291015625
jax/orbax/write/sharded_array_gb,0,6.103515625e-05
jax/orbax/write/sharded_array_gb,0,0.0001373291015625
jax/orbax/write/sharded_array_gb,0,0.0001220703125
jax/orbax/write/sharded_array_gb,0,0.000823974609375
jax/orbax/write/sharded_array_gb,0,0.0001373291015625
jax/orbax/write/sharded_array_gb,0,0.0001373291015625
jax/orbax/write/sharded_array_gb,0,0.000823974609375
jax/orbax/write/sharded_array_gb,0,0.0001373291015625
jax/orbax/write/sharded_array_gb,0,0.000823974609375
jax/orbax/write/sharded_array_gb,0,0.0001220703125
jax/orbax/write/sharded_array_gb,0,0.0001373291015625
jax/orbax/write/sharded_array_gb,0,0.0001373291015625
jax/orbax/write/sharded_array_gb,0,6.103515625e-05
jax/orbax/write/sharded_array_gb,0,0.0001373291015625
jax/orbax/write/sharded_array_gb,0,0.0001220703125
jax/orbax/write/sharded_array_gb,0,0.000823974609375
jax/orbax/write/sharded_array_gb,0,0.0001373291015625
jax/orbax/write/sharded_array_gb,0,0.0001373291015625
jax/orbax/write/sharded_array_gb,0,0.000823974609375
jax/orbax/write/sharded_array_gb,0,0.0001373291015625
jax/orbax/write/sharded_array_gb,0,0.000823974609375
jax/orbax/write/sharded_array_gb,0,0.0001220703125
jax/orbax/write/sharded_array_gb,0,0.0001373291015625
jax/orbax/write/sharded_array_gb,0,0.0001373291015625
jax/orbax/write/sharded_array_gb,0,6.103515625e-05
jax/orbax/write/sharded_array_gb,0,0.0001373291015625
jax/orbax/write/sharded_array_gb,0,0.0001220703125
jax/orbax/write/sharded_array_gb,0,0.000823974609375
jax/orbax/write/sharded_array_gb,0,0.0001373291015625
jax/orbax/write/sharded_array_gb,0,0.0001373291015625
jax/orbax/write/sharded_array_gb,0,0.000823974609375
jax/orbax/write/sharded_array_gb,0,0.0001373291015625
jax/orbax/write/sharded_array_gb,0,0.000823974609375
jax/orbax/write/sharded_array_gb,0,0.0001220703125
jax/orbax/write/sharded_array_gb,0,0.0001373291015625
jax/orbax/write/sharded_array_gb,0,0.0001373291015625
jax/orbax/write/sharded_array_gb,0,6.103515625e-05
jax/orbax/write/sharded_array_gb,0,0.0001373291015625
jax/orbax/write/sharded_array_gb,0,0.0001220703125
jax/orbax/write/sharded_array_gb,0,0.000823974609375
jax/orbax/write/sharded_array_gb,0,0.0001373291015625
jax/orbax/write/sharded_array_gb,0,0.0001373291015625
jax/orbax/write/sharded_array_gb,0,0.000823974609375
jax/orbax/write/sharded_array_gb,0,0.0001373291015625
jax/orbax/write/sharded_array_gb,0,0.000823974609375
jax/orbax/write/sharded_array_gb,0,0.0001220703125
jax/orbax/write/sharded_array_gb,0,0.0001373291015625
jax/orbax/write/sharded_array_gb,0,0.0001373291015625
jax/orbax/write/sharded_array_gb,0,6.103515625e-05
jax/orbax/write/sharded_array_gb,0,0.0001373291015625
jax/orbax/write/sharded_array_gb,0,0.0001220703125
jax/orbax/write/sharded_array_gb,0,0.000823974609375
jax/orbax/write/sharded_array_gb,0,0.0001373291015625
jax/orbax/write/sharded_array_gb,0,0.0001373291015625
jax/orbax/write/sharded_array_gb,0,0.000823974609375
jax/orbax/write/sharded_array_gb,0,0.0001373291015625
jax/orbax/write/sharded_array_gb,0,0.000823974609375
jax/orbax/write/sharded_array_gb,0,0.0001220703125
jax/orbax/write/sharded_array_gb,0,0.0001373291015625
jax/orbax/write/sharded_array_gb,0,0.0001373291015625
jax/orbax/write/sharded_array_gb,0,6.103515625e-05
jax/orbax/write/sharded_array_gb,0,0.0001373291015625
jax/orbax/write/sharded_array_gb,0,0.0001220703125
jax/orbax/write/sharded_array_gb,0,0.000823974609375
jax/orbax/write/sharded_array_gb,0,0.0001373291015625
jax/orbax/write/sharded_array_gb,0,0.0001373291015625
jax/orbax/write/sharded_array_gb,0,0.000823974609375
jax/orbax/write/sharded_array_gb,0,0.0001373291015625
jax/orbax/write/sharded_array_gb,0,0.000823974609375
jax/orbax/write/sharded_array_gb,0,0.0001220703125
jax/orbax/write/sharded_array_gb,0,0.0001373291015625
jax/orbax/write/sharded_array_gb,0,0.0001373291015625
jax/orbax/write/sharded_array_gb,0,6.103515625e-05
jax/orbax/write/sharded_array_gb,0,0.0001373291015625
jax/orbax/write/sharded_array_gb,0,0.0001220703125
jax/orbax/write/sharded_array_gb,0,0.000823974609375
jax/orbax/write/sharded_array_gb,0,0.0001373291015625
jax/orbax/write/sharded_array_gb,0,0.0001373291015625
jax/orbax/write/sharded_array_gb,0,0.000823974609375
jax/orbax/write/sharded_array_gb,0,0.0001373291015625
jax/orbax/write/sharded_array_gb,0,0.000823974609375
jax/orbax/write/sharded_array_gb,0,0.0001220703125
jax/orbax/write/sharded_array_gb,0,0.0001373291015625
jax/orbax/write/sharded_array_gb,0,0.0001373291015625
jax/orbax/write/sharded_array_gb,0,6.103515625e-05
jax/orbax/write/sharded_array_gb,0,0.0001373291015625
jax/orbax/write/sharded_array_gb,0,0.0001220703125
jax/orbax/write/sharded_array_gb,0,0.000823974609375
jax/orbax/write/sharded_array_gb,0,0.0001373291015625
jax/orbax/write/sharded_array_gb,0,0.0001373291015625
jax/orbax/write/sharded_array_gb,0,0.000823974609375
jax/orbax/write/sharded_array_gb,0,0.0001373291015625
jax/orbax/write/sharded_array_gb,0,0.000823974609375
jax/orbax/write/sharded_array_gb,0,0.0001220703125
jax/orbax/write/sharded_array_gb,0,0.0001373291015625
jax/orbax/write/sharded_array_gb,0,0.0001373291015625
jax/orbax/write/sharded_array_gb,0,6.103515625e-05
jax/orbax/write/sharded_array_gb,0,0.0001373291015625
jax/orbax/write/sharded_array_gb,0,0.0001220703125
jax/orbax/write/sharded_array_gb,0,0.000823974609375
jax/orbax/write/sharded_array_gb,0,0.0001373291015625
jax/orbax/write/sharded_array_gb,0,0.0001373291015625
jax/orbax/write/sharded_array_gb,0,0.000823974609375
jax/orbax/write/sharded_array_gb,0,0.0001373291015625
jax/orbax/write/sharded_array_gb,0,0.000823974609375
jax/orbax/write/sharded_array_gb,0,0.0001220703125
jax/orbax/write/sharded_array_gb,0,0.0001373291015625
jax/orbax/write/sharded_array_gb,0,0.0001373291015625
jax/orbax/write/sharded_array_gb,0,6.103515625e-05
jax/orbax/write/sharded_array_gb,0,0.0001373291015625
jax/orbax/write/sharded_array_gb,0,0.0001220703125
jax/orbax/write/sharded_array_gb,0,0.000823974609375
jax/orbax/write/sharded_array_gb,0,0.0001373291015625
jax/orbax/write/sharded_array_gb,0,0.0001373291015625
jax/orbax/write/sharded_array_gb,0,0.000823974609375
jax/orbax/write/sharded_array_gb,0,0.0001373291015625
jax/orbax/write/sharded_array_gb,0,0.000823974609375
jax/orbax/write/sharded_array_gb,0,0.0001220703125
jax/orbax/write/sharded_array_gb,0,0.0001373291015625
jax/orbax/write/sharded_array_gb,0,0.0001373291015625
jax/orbax/write/sharded_array_gb,0,6.103515625e-05
jax/orbax/write/sharded_array_gb,0,0.0001373291015625
jax/orbax/write/sharded_array_gb,0,0.0001220703125
jax/orbax/write/sharded_array_gb,0,0.000823974609375
jax/orbax/write/sharded_array_gb,0,0.0001373291015625
jax/orbax/write/sharded_array_gb,0,0.0001373291015625
jax/orbax/write/sharded_array_gb,0,0.000823974609375
jax/orbax/write/sharded_array_gb,0,0.0001373291015625
jax/orbax/write/sharded_array_gb,0,0.000823974609375
jax/orbax/write/sharded_array_gb,0,0.0001220703125
jax/orbax/write/sharded_array_gb,0,0.0001373291015625
jax/orbax/write/sharded_array_gb,0,0.0001373291015625
jax/orbax/write/sharded_array_gb,0,6.103515625e-05
jax/orbax/write/sharded_array_gb,0,0.0001373291015625
jax/orbax/write/sharded_array_gb,0,0.0001220703125
jax/orbax/write/sharded_array_gb,0,0.000823974609375
jax/orbax/write/sharded_array_gb,0,0.0001373291015625
jax/orbax/write/sharded_array_gb,0,0.0001373291015625
jax/orbax/write/sharded_array_gb,0,0.000823974609375
jax/orbax/write/sharded_array_gb,0,0.0001373291015625
jax/orbax/write/sharded_array_gb,0,0.000823974609375
jax/orbax/write/sharded_array_gb,0,0.0001220703125
jax/orbax/write/sharded_array_gb,0,0.0001373291015625
jax/orbax/write/sharded_array_gb,0,0.0001373291015625
jax/orbax/write/sharded_array_gb,0,6.103515625e-05
jax/orbax/write/sharded_array_gb,0,0.0001373291015625
jax/orbax/write/sharded_array_gb,0,0.0001220703125
jax/orbax/write/sharded_array_gb,0,0.000823974609375
jax/orbax/write/sharded_array_gb,0,0.0001373291015625
jax/orbax/write/sharded_array_gb,0,0.0001373291015625
jax/orbax/write/sharded_array_gb,0,0.000823974609375
jax/orbax/write/sharded_array_gb,0,0.0001373291015625
jax/orbax/write/sharded_array_gb,0,0.000823974609375
jax/orbax/write/sharded_array_gb,0,0.0001220703125
jax/orbax/write/sharded_array_gb,0,0.0001373291015625
jax/orbax/write/sharded_array_gb,0,0.0001373291015625
jax/orbax/write/sharded_array_gb,0,6.103515625e-05
jax/orbax/write/sharded_array_gb,0,0.0001373291015625
jax/orbax/write/sharded_array_gb,0,0.0001220703125
jax/orbax/write/sharded_array_gb,0,0.000823974609375
jax/orbax/write/sharded_array_gb,0,0.0001373291015625
jax/orbax/write/sharded_array_gb,0,0.0001373291015625
jax/orbax/write/sharded_array_gb,0,0.000823974609375
jax/orbax/write/sharded_array_gb,0,0.0001373291015625
jax/orbax/write/sharded_array_gb,0,0.000823974609375
jax/orbax/write/sharded_array_gb,0,0.0001220703125
jax/orbax/write/sharded_array_gb,0,0.0001373291015625
jax/orbax/write/sharded_array_gb,0,0.0001373291015625
jax/orbax/write/sharded_array_gb,0,6.103515625e-05
jax/orbax/write/sharded_array_gb,0,0.0001373291015625
jax/orbax/write/sharded_array_gb,0,0.0001220703125
jax/orbax/write/sharded_array_gb,0,0.000823974609375
jax/orbax/write/sharded_array_gb,0,0.0001373291015625
jax/orbax/write/sharded_array_gb,0,0.0001373291015625
jax/orbax/write/sharded_array_gb,0,0.000823974609375
jax/orbax/write/sharded_array_gb,0,0.0001373291015625
jax/orbax/write/sharded_array_gb,0,0.000823974609375
jax/orbax/write/sharded_array_gb,0,0.0001220703125
jax/orbax/write/sharded_array_gb,0,0.0001373291015625
jax/orbax/write/sharded_array_gb,0,0.0001373291015625
jax/orbax/write/sharded_array_gb,0,6.103515625e-05
jax/orbax/write/sharded_array_gb,0,0.0001373291015625
jax/orbax/write/sharded_array_gb,0,0.0001220703125
jax/orbax/write/sharded_array_gb,0,0.000823974609375
jax/orbax/write/sharded_array_gb,0,0.0001373291015625
jax/orbax/write/sharded_array_gb,0,0.0001373291015625
jax/orbax/write/sharded_array_gb,0,0.000823974609375
jax/orbax/write/sharded_array_gb,0,0.0001373291015625
jax/orbax/write/sharded_array_gb,0,0.000823974609375
jax/orbax/write/sharded_array_gb,0,0.0001220703125
jax/orbax/write/sharded_array_gb,0,0.0001373291015625
jax/orbax/write/sharded_array_gb,0,0.0001373291015625
jax/orbax/write/sharded_array_gb,0,6.103515625e-05
jax/orbax/write/sharded_array_gb,0,0.0001373291015625
jax/orbax/write/sharded_array_gb,0,0.0001220703125
jax/orbax/write/sharded_array_gb,0,0.000823974609375
jax/orbax/write/sharded_array_gb,0,0.0001373291015625
jax/orbax/write/sharded_array_gb,0,0.0001373291015625
jax/orbax/write/sharded_array_gb,0,0.000823974609375
jax/orbax/write/sharded_array_gb,0,0.0001373291015625
jax/orbax/write/sharded_array_gb,0,0.000823974609375
jax/orbax/write/sharded_array_gb,0,0.0001220703125
jax/orbax/write/sharded_array_gb,0,0.0001373291015625
jax/orbax/write/sharded_array_gb,0,0.0001373291015625
jax/orbax/write/sharded_array_gb,0,6.103515625e-05
jax/orbax/write/sharded_array_gb,0,0.0001373291015625
jax/orbax/write/sharded_array_gb,0,0.0001220703125
jax/orbax/write/sharded_array_gb,0,0.000823974609375
jax/orbax/write/sharded_array_gb,0,0.0001373291015625
jax/orbax/write/sharded_array_gb,0,0.0001373291015625
jax/orbax/write/sharded_array_gb,0,0.000823974609375
jax/orbax/write/sharded_array_gb,0,0.0001373291015625
jax/orbax/write/sharded_array_gb,0,0.000823974609375
jax/orbax/write/sharded_array_gb,0,0.0001220703125
jax/orbax/write/sharded_array_gb,0,0.0001373291015625
jax/orbax/write/sharded_array_gb,0,0.0001373291015625
jax/orbax/write/sharded_array_gb,0,6.103515625e-05
jax/orbax/write/sharded_array_gb,0,0.0001373291015625
jax/orbax/write/sharded_array_gb,0,0.0001220703125
jax/orbax/write/sharded_array_gb,0,0.000823974609375
jax/orbax/write/sharded_array_gb,0,0.0001373291015625
jax/orbax/write/sharded_array_gb,0,0.0001373291015625
jax/orbax/write/sharded_array_gb,0,0.000823974609375
jax/orbax/write/sharded_array_gb,0,0.0001373291015625
jax/orbax/write/sharded_array_gb,0,0.000823974609375
jax/orbax/write/sharded_array_gb,0,0.0001220703125
jax/orbax/write/sharded_array_gb,0,0.0001373291015625
jax/orbax/write/sharded_array_gb,0,0.0001373291015625
jax/orbax/write/sharded_array_gb,0,6.103515625e-05
jax/orbax/write/sharded_array_gb,0,0.0001373291015625
jax/orbax/write/sharded_array_gb,0,0.0001220703125
jax/orbax/write/sharded_array_gb,0,0.000823974609375
jax/orbax/write/sharded_array_gb,0,0.0001373291015625
jax/orbax/write/sharded_array_gb,0,0.0001373291015625
jax/orbax/write/sharded_array_gb,0,0.000823974609375
jax/orbax/write/sharded_array_gb,0,0.0001373291015625
jax/orbax/write/sharded_array_gb,0,0.000823974609375
jax/orbax/write/sharded_array_gb,0,0.0001220703125
jax/orbax/write/sharded_array_gb,0,0.0001373291015625
jax/orbax/write/sharded_array_gb,0,0.0001373291015625
jax/orbax/write/sharded_array_gb,0,6.103515625e-05
jax/orbax/write/sharded_array_gb,0,0.0001373291015625
jax/orbax/write/sharded_array_gb,0,0.0001220703125
jax/orbax/write/sharded_array_gb,0,0.000823974609375
jax/orbax/write/sharded_array_gb,0,0.0001373291015625
jax/orbax/write/sharded_array_gb,0,0.0001373291015625
jax/orbax/write/sharded_array_gb,0,0.000823974609375
jax/orbax/write/sharded_array_gb,0,0.0001373291015625
jax/orbax/write/sharded_array_gb,0,0.000823974609375
jax/orbax/write/sharded_array_gb,0,0.000244140625
jax/orbax/write/sharded_array_gb,0,0.000274658203125
jax/orbax/write/sharded_array_gb,0,0.000274658203125
jax/orbax/write/sharded_array_gb,0,0.0001220703125
jax/orbax/write/sharded_array_gb,0,0.000274658203125
jax/orbax/write/sharded_array_gb,0,0.000244140625
jax/orbax/write/sharded_array_gb,0,0.00164794921875
jax/orbax/write/sharded_array_gb,0,0.000274658203125
jax/orbax/write/sharded_array_gb,0,0.000274658203125
jax/orbax/write/sharded_array_gb,0,0.00164794921875
jax/orbax/write/sharded_array_gb,0,0.000274658203125
jax/orbax/write/sharded_array_gb,0,0.00164794921875
jax/orbax/write/sharded_array_gb,0,0.000244140625
jax/orbax/write/sharded_array_gb,0,0.000274658203125
jax/orbax/write/sharded_array_gb,0,0.000274658203125
jax/orbax/write/sharded_array_gb,0,0.0001220703125
jax/orbax/write/sharded_array_gb,0,0.000274658203125
jax/orbax/write/sharded_array_gb,0,0.000244140625
jax/orbax/write/sharded_array_gb,0,0.00164794921875
jax/orbax/write/sharded_array_gb,0,0.000274658203125
jax/orbax/write/sharded_array_gb,0,0.000274658203125
jax/orbax/write/sharded_array_gb,0,0.00164794921875
jax/orbax/write/sharded_array_gb,0,0.000274658203125
jax/orbax/write/sharded_array_gb,0,0.00164794921875
jax/orbax/write/sharded_array_gb,0,0.000244140625
jax/orbax/write/sharded_array_gb,0,0.000274658203125
jax/orbax/write/sharded_array_gb,0,0.000274658203125
jax/orbax/write/sharded_array_gb,0,0.0001220703125
jax/orbax/write/sharded_array_gb,0,0.000274658203125
jax/orbax/write/sharded_array_gb,0,0.000244140625
jax/orbax/write/sharded_array_gb,0,0.00164794921875
jax/orbax/write/sharded_array_gb,0,0.000274658203125
jax/orbax/write/sharded_array_gb,0,0.000274658203125
jax/orbax/write/sharded_array_gb,0,0.00164794921875
jax/orbax/write/sharded_array_gb,0,0.000274658203125
jax/orbax/write/sharded_array_gb,0,0.00164794921875
jax/orbax/write/sharded_array_gb,0,0.000244140625
jax/orbax/write/sharded_array_gb,0,0.000274658203125
jax/orbax/write/sharded_array_gb,0,0.000274658203125
jax/orbax/write/sharded_array_gb,0,0.0001220703125
jax/orbax/write/sharded_array_gb,0,0.000274658203125
jax/orbax/write/sharded_array_gb,0,0.000244140625
jax/orbax/write/sharded_array_gb,0,0.00164794921875
jax/orbax/write/sharded_array_gb,0,0.000274658203125
jax/orbax/write/sharded_array_gb,0,0.000274658203125
jax/orbax/write/sharded_array_gb,0,0.00164794921875
jax/orbax/write/sharded_array_gb,0,0.000274658203125
jax/orbax/write/sharded_array_gb,0,0.00164794921875
jax/orbax/write/sharded_array_gb,0,0.000244140625
jax/orbax/write/sharded_array_gb,0,0.000274658203125
jax/orbax/write/sharded_array_gb,0,0.000274658203125
jax/orbax/write/sharded_array_gb,0,0.0001220703125
jax/orbax/write/sharded_array_gb,0,0.000274658203125
jax/orbax/write/sharded_array_gb,0,0.000244140625
jax/orbax/write/sharded_array_gb,0,0.00164794921875
jax/orbax/write/sharded_array_gb,0,0.000274658203125
jax/orbax/write/sharded_array_gb,0,0.000274658203125
jax/orbax/write/sharded_array_gb,0,0.00164794921875
jax/orbax/write/sharded_array_gb,0,0.000274658203125
jax/orbax/write/sharded_array_gb,0,0.00164794921875
jax/orbax/write/sharded_array_gb,0,0.000244140625
jax/orbax/write/sharded_array_gb,0,0.000274658203125
jax/orbax/write/sharded_array_gb,0,0.000274658203125
jax/orbax/write/sharded_array_gb,0,0.0001220703125
jax/orbax/write/sharded_array_gb,0,0.000274658203125
jax/orbax/write/sharded_array_gb,0,0.000244140625
jax/orbax/write/sharded_array_gb,0,0.00164794921875
jax/orbax/write/sharded_array_gb,0,0.000274658203125
jax/orbax/write/sharded_array_gb,0,0.000274658203125
jax/orbax/write/sharded_array_gb,0,0.00164794921875
jax/orbax/write/sharded_array_gb,0,0.000274658203125
jax/orbax/write/sharded_array_gb,0,0.00164794921875
jax/orbax/write/sharded_array_gb,0,0.000244140625
jax/orbax/write/sharded_array_gb,0,0.000274658203125
jax/orbax/write/sharded_array_gb,0,0.000274658203125
jax/orbax/write/sharded_array_gb,0,0.0001220703125
jax/orbax/write/sharded_array_gb,0,0.000274658203125
jax/orbax/write/sharded_array_gb,0,0.000244140625
jax/orbax/write/sharded_array_gb,0,0.00164794921875
jax/orbax/write/sharded_array_gb,0,0.000274658203125
jax/orbax/write/sharded_array_gb,0,0.000274658203125
jax/orbax/write/sharded_array_gb,0,0.00164794921875
jax/orbax/write/sharded_array_gb,0,0.000274658203125
jax/orbax/write/sharded_array_gb,0,0.00164794921875
jax/orbax/write/sharded_array_gb,0,0.000244140625
jax/orbax/write/sharded_array_gb,0,0.000274658203125
jax/orbax/write/sharded_array_gb,0,0.000274658203125
jax/orbax/write/sharded_array_gb,0,0.0001220703125
jax/orbax/write/sharded_array_gb,0,0.000274658203125
jax/orbax/write/sharded_array_gb,0,0.000244140625
jax/orbax/write/sharded_array_gb,0,0.00164794921875
jax/orbax/write/sharded_array_gb,0,0.000274658203125
jax/orbax/write/sharded_array_gb,0,0.000274658203125
jax/orbax/write/sharded_array_gb,0,0.00164794921875
jax/orbax/write/sharded_array_gb,0,0.000274658203125
jax/orbax/write/sharded_array_gb,0,0.00164794921875
jax/orbax/write/sharded_array_gb,0,0.000244140625
jax/orbax/write/sharded_array_gb,0,0.000274658203125
jax/orbax/write/sharded_array_gb,0,0.000274658203125
jax/orbax/write/sharded_array_gb,0,0.0001220703125
jax/orbax/write/sharded_array_gb,0,0.000274658203125
jax/orbax/write/sharded_array_gb,0,0.000244140625
jax/orbax/write/sharded_array_gb,0,0.00164794921875
jax/orbax/write/sharded_array_gb,0,0.000274658203125
jax/orbax/write/sharded_array_gb,0,0.000274658203125
jax/orbax/write/sharded_array_gb,0,0.00164794921875
jax/orbax/write/sharded_array_gb,0,0.000274658203125
jax/orbax/write/sharded_array_gb,0,0.00164794921875
jax/orbax/write/sharded_array_gb,0,0.000244140625
jax/orbax/write/sharded_array_gb,0,0.000274658203125
jax/orbax/write/sharded_array_gb,0,0.000274658203125
jax/orbax/write/sharded_array_gb,0,0.0001220703125
jax/orbax/write/sharded_array_gb,0,0.000274658203125
jax/orbax/write/sharded_array_gb,0,0.000244140625
jax/orbax/write/sharded_array_gb,0,0.00164794921875
jax/orbax/write/sharded_array_gb,0,0.000274658203125
jax/orbax/write/sharded_array_gb,0,0.000274658203125
jax/orbax/write/sharded_array_gb,0,0.00164794921875
jax/orbax/write/sharded_array_gb,0,0.000274658203125
jax/orbax/write/sharded_array_gb,0,0.00164794921875
jax/orbax/write/sharded_array_gb,0,0.000244140625
jax/orbax/write/sharded_array_gb,0,0.000274658203125
jax/orbax/write/sharded_array_gb,0,0.000274658203125
jax/orbax/write/sharded_array_gb,0,0.0001220703125
jax/orbax/write/sharded_array_gb,0,0.000274658203125
jax/orbax/write/sharded_array_gb,0,0.000244140625
jax/orbax/write/sharded_array_gb,0,0.00164794921875
jax/orbax/write/sharded_array_gb,0,0.000274658203125
jax/orbax/write/sharded_array_gb,0,0.000274658203125
jax/orbax/write/sharded_array_gb,0,0.00164794921875
jax/orbax/write/sharded_array_gb,0,0.000274658203125
jax/orbax/write/sharded_array_gb,0,0.00164794921875
jax/orbax/write/sharded_array_gb,0,0.000244140625
jax/orbax/write/sharded_array_gb,0,0.000274658203125
jax/orbax/write/sharded_array_gb,0,0.000274658203125
jax/orbax/write/sharded_array_gb,0,0.0001220703125
jax/orbax/write/sharded_array_gb,0,0.000274658203125
jax/orbax/write/sharded_array_gb,0,0.000244140625
jax/orbax/write/sharded_array_gb,0,0.00164794921875
jax/orbax/write/sharded_array_gb,0,0.000274658203125
jax/orbax/write/sharded_array_gb,0,0.000274658203125
jax/orbax/write/sharded_array_gb,0,0.00164794921875
jax/orbax/write/sharded_array_gb,0,0.000274658203125
jax/orbax/write/sharded_array_gb,0,0.00164794921875
jax/orbax/write/sharded_array_gb,0,0.000244140625
jax/orbax/write/sharded_array_gb,0,0.000274658203125
jax/orbax/write/sharded_array_gb,0,0.000274658203125
jax/orbax/write/sharded_array_gb,0,0.0001220703125
jax/orbax/write/sharded_array_gb,0,0.000274658203125
jax/orbax/write/sharded_array_gb,0,0.000244140625
jax/orbax/write/sharded_array_gb,0,0.00164794921875
jax/orbax/write/sharded_array_gb,0,0.000274658203125
jax/orbax/write/sharded_array_gb,0,0.000274658203125
jax/orbax/write/sharded_array_gb,0,0.00164794921875
jax/orbax/write/sharded_array_gb,0,0.000274658203125
jax/orbax/write/sharded_array_gb,0,0.00164794921875
jax/orbax/write/sharded_array_gb,0,0.000244140625
jax/orbax/write/sharded_array_gb,0,0.000274658203125
jax/orbax/write/sharded_array_gb,0,0.000274658203125
jax/orbax/write/sharded_array_gb,0,0.0001220703125
jax/orbax/write/sharded_array_gb,0,0.000274658203125
jax/orbax/write/sharded_array_gb,0,0.000244140625
jax/orbax/write/sharded_array_gb,0,0.00164794921875
jax/orbax/write/sharded_array_gb,0,0.000274658203125
jax/orbax/write/sharded_array_gb,0,0.000274658203125
jax/orbax/write/sharded_array_gb,0,0.00164794921875
jax/orbax/write/sharded_array_gb,0,0.000274658203125
jax/orbax/write/sharded_array_gb,0,0.00164794921875
jax/orbax/write/sharded_array_gb,0,0.000244140625
jax/orbax/write/sharded_array_gb,0,0.000274658203125
jax/orbax/write/sharded_array_gb,0,0.000274658203125
jax/orbax/write/sharded_array_gb,0,0.0001220703125
jax/orbax/write/sharded_array_gb,0,0.000274658203125
jax/orbax/write/sharded_array_gb,0,0.000244140625
jax/orbax/write/sharded_array_gb,0,0.00164794921875
jax/orbax/write/sharded_array_gb,0,0.000274658203125
jax/orbax/write/sharded_array_gb,0,0.000274658203125
jax/orbax/write/sharded_array_gb,0,0.00164794921875
jax/orbax/write/sharded_array_gb,0,0.000274658203125
jax/orbax/write/sharded_array_gb,0,0.00164794921875
jax/orbax/write/sharded_array_gb,0,0.000244140625
jax/orbax/write/sharded_array_gb,0,0.000274658203125
jax/orbax/write/sharded_array_gb,0,0.000274658203125
jax/orbax/write/sharded_array_gb,0,0.0001220703125
jax/orbax/write/sharded_array_gb,0,0.000274658203125
jax/orbax/write/sharded_array_gb,0,0.000244140625
jax/orbax/write/sharded_array_gb,0,0.00164794921875
jax/orbax/write/sharded_array_gb,0,0.000274658203125
jax/orbax/write/sharded_array_gb,0,0.000274658203125
jax/orbax/write/sharded_array_gb,0,0.00164794921875
jax/orbax/write/sharded_array_gb,0,0.000274658203125
jax/orbax/write/sharded_array_gb,0,0.00164794921875
jax/orbax/write/sharded_array_gb,0,0.000244140625
jax/orbax/write/sharded_array_gb,0,0.000274658203125
jax/orbax/write/sharded_array_gb,0,0.000274658203125
jax/orbax/write/sharded_array_gb,0,0.0001220703125
jax/orbax/write/sharded_array_gb,0,0.000274658203125
jax/orbax/write/sharded_array_gb,0,0.000244140625
jax/orbax/write/sharded_array_gb,0,0.00164794921875
jax/orbax/write/sharded_array_gb,0,0.000274658203125
jax/orbax/write/sharded_array_gb,0,0.000274658203125
jax/orbax/write/sharded_array_gb,0,0.00164794921875
jax/orbax/write/sharded_array_gb,0,0.000274658203125
jax/orbax/write/sharded_array_gb,0,0.00164794921875
jax/orbax/write/sharded_array_gb,0,0.000244140625
jax/orbax/write/sharded_array_gb,0,0.000274658203125
jax/orbax/write/sharded_array_gb,0,0.000274658203125
jax/orbax/write/sharded_array_gb,0,0.0001220703125
jax/orbax/write/sharded_array_gb,0,0.000274658203125
jax/orbax/write/sharded_array_gb,0,0.000244140625
jax/orbax/write/sharded_array_gb,0,0.00164794921875
jax/orbax/write/sharded_array_gb,0,0.000274658203125
jax/orbax/write/sharded_array_gb,0,0.000274658203125
jax/orbax/write/sharded_array_gb,0,0.00164794921875
jax/orbax/write/sharded_array_gb,0,0.000274658203125
jax/orbax/write/sharded_array_gb,0,0.00164794921875
jax/orbax/write/sharded_array_gb,0,0.000244140625
jax/orbax/write/sharded_array_gb,0,0.000274658203125
jax/orbax/write/sharded_array_gb,0,0.000274658203125
jax/orbax/write/sharded_array_gb,0,0.0001220703125
jax/orbax/write/sharded_array_gb,0,0.000274658203125
jax/orbax/write/sharded_array_gb,0,0.000244140625
jax/orbax/write/sharded_array_gb,0,0.00164794921875
jax/orbax/write/sharded_array_gb,0,0.000274658203125
jax/orbax/write/sharded_array_gb,0,0.000274658203125
jax/orbax/write/sharded_array_gb,0,0.00164794921875
jax/orbax/write/sharded_array_gb,0,0.000274658203125
jax/orbax/write/sharded_array_gb,0,0.00164794921875
jax/orbax/write/sharded_array_gb,0,0.000244140625
jax/orbax/write/sharded_array_gb,0,0.000274658203125
jax/orbax/write/sharded_array_gb,0,0.000274658203125
jax/orbax/write/sharded_array_gb,0,0.0001220703125
jax/orbax/write/sharded_array_gb,0,0.000274658203125
jax/orbax/write/sharded_array_gb,0,0.000244140625
jax/orbax/write/sharded_array_gb,0,0.00164794921875
jax/orbax/write/sharded_array_gb,0,0.000274658203125
jax/orbax/write/sharded_array_gb,0,0.000274658203125
jax/orbax/write/sharded_array_gb,0,0.00164794921875
jax/orbax/write/sharded_array_gb,0,0.000274658203125
jax/orbax/write/sharded_array_gb,0,0.00164794921875
jax/orbax/write/sharded_array_gb,0,0.000244140625
jax/orbax/write/sharded_array_gb,0,0.000274658203125
jax/orbax/write/sharded_array_gb,0,0.000274658203125
jax/orbax/write/sharded_array_gb,0,0.0001220703125
jax/orbax/write/sharded_array_gb,0,0.000274658203125
jax/orbax/write/sharded_array_gb,0,0.000244140625
jax/orbax/write/sharded_array_gb,0,0.00164794921875
jax/orbax/write/sharded_array_gb,0,0.000274658203125
jax/orbax/write/sharded_array_gb,0,0.000274658203125
jax/orbax/write/sharded_array_gb,0,0.00164794921875
jax/orbax/write/sharded_array_gb,0,0.000274658203125
jax/orbax/write/sharded_array_gb,0,0.00164794921875
jax/orbax/write/sharded_array_gb,0,0.000244140625
jax/orbax/write/sharded_array_gb,0,0.000274658203125
jax/orbax/write/sharded_array_gb,0,0.000274658203125
jax/orbax/write/sharded_array_gb,0,0.0001220703125
jax/orbax/write/sharded_array_gb,0,0.000274658203125
jax/orbax/write/sharded_array_gb,0,0.000244140625
jax/orbax/write/sharded_array_gb,0,0.00164794921875
jax/orbax/write/sharded_array_gb,0,0.000274658203125
jax/orbax/write/sharded_array_gb,0,0.000274658203125
jax/orbax/write/sharded_array_gb,0,0.00164794921875
jax/orbax/write/sharded_array_gb,0,0.000274658203125
jax/orbax/write/sharded_array_gb,0,0.00164794921875
jax/orbax/write/sharded_array_gb,0,0.000244140625
jax/orbax/write/sharded_array_gb,0,0.000274658203125
jax/orbax/write/sharded_array_gb,0,0.000274658203125
jax/orbax/write/sharded_array_gb,0,0.0001220703125
jax/orbax/write/sharded_array_gb,0,0.000274658203125
jax/orbax/write/sharded_array_gb,0,0.000244140625
jax/orbax/write/sharded_array_gb,0,0.00164794921875
jax/orbax/write/sharded_array_gb,0,0.000274658203125
jax/orbax/write/sharded_array_gb,0,0.000274658203125
jax/orbax/write/sharded_array_gb,0,0.00164794921875
jax/orbax/write/sharded_array_gb,0,0.000274658203125
jax/orbax/write/sharded_array_gb,0,0.00164794921875
jax/orbax/write/sharded_array_gb,0,0.000244140625
jax/orbax/write/sharded_array_gb,0,0.000274658203125
jax/orbax/write/sharded_array_gb,0,0.000274658203125
jax/orbax/write/sharded_array_gb,0,0.0001220703125
jax/orbax/write/sharded_array_gb,0,0.000274658203125
jax/orbax/write/sharded_array_gb,0,0.000244140625
jax/orbax/write/sharded_array_gb,0,0.00164794921875
jax/orbax/write/sharded_array_gb,0,0.000274658203125
jax/orbax/write/sharded_array_gb,0,0.000274658203125
jax/orbax/write/sharded_array_gb,0,0.00164794921875
jax/orbax/write/sharded_array_gb,0,0.000274658203125
jax/orbax/write/sharded_array_gb,0,0.00164794921875
jax/orbax/write/sharded_array_gb,0,0.000244140625
jax/orbax/write/sharded_array_gb,0,0.000274658203125
jax/orbax/write/sharded_array_gb,0,0.000274658203125
jax/orbax/write/sharded_array_gb,0,0.0001220703125
jax/orbax/write/sharded_array_gb,0,0.000274658203125
jax/orbax/write/sharded_array_gb,0,0.000244140625
jax/orbax/write/sharded_array_gb,0,0.00164794921875
jax/orbax/write/sharded_array_gb,0,0.000274658203125
jax/orbax/write/sharded_array_gb,0,0.000274658203125
jax/orbax/write/sharded_array_gb,0,0.00164794921875
jax/orbax/write/sharded_array_gb,0,0.000274658203125
jax/orbax/write/sharded_array_gb,0,0.00164794921875
jax/orbax/write/sharded_array_gb,0,0.000244140625
jax/orbax/write/sharded_array_gb,0,0.000274658203125
jax/orbax/write/sharded_array_gb,0,0.000274658203125
jax/orbax/write/sharded_array_gb,0,0.0001220703125
jax/orbax/write/sharded_array_gb,0,0.000274658203125
jax/orbax/write/sharded_array_gb,0,0.000244140625
jax/orbax/write/sharded_array_gb,0,0.00164794921875
jax/orbax/write/sharded_array_gb,0,0.000274658203125
jax/orbax/write/sharded_array_gb,0,0.000274658203125
jax/orbax/write/sharded_array_gb,0,0.00164794921875
jax/orbax/write/sharded_array_gb,0,0.000274658203125
jax/orbax/write/sharded_array_gb,0,0.00164794921875
jax/orbax/write/sharded_array_gb,0,3.725290298461914e-09
jax/orbax/write/sharded_array_gb,0,3.725290298461914e-09
jax/orbax/write/sharded_array_gb,0,0.0001220703125
jax/orbax/write/sharded_array_gb,0,0.0001373291015625
jax/orbax/write/sharded_array_gb,0,0.0001373291015625
jax/orbax/write/sharded_array_gb,0,6.103515625e-05
jax/orbax/write/sharded_array_gb,0,0.0001373291015625
jax/orbax/write/sharded_array_gb,0,0.0001220703125
jax/orbax/write/sharded_array_gb,0,0.000823974609375
jax/orbax/write/sharded_array_gb,0,0.0001373291015625
jax/orbax/write/sharded_array_gb,0,0.0001373291015625
jax/orbax/write/sharded_array_gb,0,0.000823974609375
jax/orbax/write/sharded_array_gb,0,0.0001373291015625
jax/orbax/write/sharded_array_gb,0,0.000823974609375
jax/orbax/write/sharded_array_gb,0,0.0001220703125
jax/orbax/write/sharded_array_gb,0,0.0001373291015625
jax/orbax/write/sharded_array_gb,0,0.0001373291015625
jax/orbax/write/sharded_array_gb,0,6.103515625e-05
jax/orbax/write/sharded_array_gb,0,0.0001373291015625
jax/orbax/write/sharded_array_gb,0,0.0001220703125
jax/orbax/write/sharded_array_gb,0,0.000823974609375
jax/orbax/write/sharded_array_gb,0,0.0001373291015625
jax/orbax/write/sharded_array_gb,0,0.0001373291015625
jax/orbax/write/sharded_array_gb,0,0.000823974609375
jax/orbax/write/sharded_array_gb,0,0.0001373291015625
jax/orbax/write/sharded_array_gb,0,0.000823974609375
jax/orbax/write/sharded_array_gb,0,0.0001220703125
jax/orbax/write/sharded_array_gb,0,0.0001373291015625
jax/orbax/write/sharded_array_gb,0,0.0001373291015625
jax/orbax/write/sharded_array_gb,0,6.103515625e-05
jax/orbax/write/sharded_array_gb,0,0.0001373291015625
jax/orbax/write/sharded_array_gb,0,0.0001220703125
jax/orbax/write/sharded_array_gb,0,0.000823974609375
jax/orbax/write/sharded_array_gb,0,0.0001373291015625
jax/orbax/write/sharded_array_gb,0,0.0001373291015625
jax/orbax/write/sharded_array_gb,0,0.000823974609375
jax/orbax/write/sharded_array_gb,0,0.0001373291015625
jax/orbax/write/sharded_array_gb,0,0.000823974609375
jax/orbax/write/sharded_array_gb,0,0.0001220703125
jax/orbax/write/sharded_array_gb,0,0.0001373291015625
jax/orbax/write/sharded_array_gb,0,0.0001373291015625
jax/orbax/write/sharded_array_gb,0,6.103515625e-05
jax/orbax/write/sharded_array_gb,0,0.0001373291015625
jax/orbax/write/sharded_array_gb,0,0.0001220703125
jax/orbax/write/sharded_array_gb,0,0.000823974609375
jax/orbax/write/sharded_array_gb,0,0.0001373291015625
jax/orbax/write/sharded_array_gb,0,0.0001373291015625
jax/orbax/write/sharded_array_gb,0,0.000823974609375
jax/orbax/write/sharded_array_gb,0,0.0001373291015625
jax/orbax/write/sharded_array_gb,0,0.000823974609375
jax/orbax/write/sharded_array_gb,0,0.0001220703125
jax/orbax/write/sharded_array_gb,0,0.0001373291015625
jax/orbax/write/sharded_array_gb,0,0.0001373291015625
jax/orbax/write/sharded_array_gb,0,6.103515625e-05
jax/orbax/write/sharded_array_gb,0,0.0001373291015625
jax/orbax/write/sharded_array_gb,0,0.0001220703125
jax/orbax/write/sharded_array_gb,0,0.000823974609375
jax/orbax/write/sharded_array_gb,0,0.0001373291015625
jax/orbax/write/sharded_array_gb,0,0.0001373291015625
jax/orbax/write/sharded_array_gb,0,0.000823974609375
jax/orbax/write/sharded_array_gb,0,0.0001373291015625
jax/orbax/write/sharded_array_gb,0,0.000823974609375
jax/orbax/write/sharded_array_gb,0,0.0001220703125
jax/orbax/write/sharded_array_gb,0,0.0001373291015625
jax/orbax/write/sharded_array_gb,0,0.0001373291015625
jax/orbax/write/sharded_array_gb,0,6.103515625e-05
jax/orbax/write/sharded_array_gb,0,0.0001373291015625
jax/orbax/write/sharded_array_gb,0,0.0001220703125
jax/orbax/write/sharded_array_gb,0,0.000823974609375
jax/orbax/write/sharded_array_gb,0,0.0001373291015625
jax/orbax/write/sharded_array_gb,0,0.0001373291015625
jax/orbax/write/sharded_array_gb,0,0.000823974609375
jax/orbax/write/sharded_array_gb,0,0.0001373291015625
jax/orbax/write/sharded_array_gb,0,0.000823974609375
jax/orbax/write/sharded_array_gb,0,0.0001220703125
jax/orbax/write/sharded_array_gb,0,0.0001373291015625
jax/orbax/write/sharded_array_gb,0,0.0001373291015625
jax/orbax/write/sharded_array_gb,0,6.103515625e-05
jax/orbax/write/sharded_array_gb,0,0.0001373291015625
jax/orbax/write/sharded_array_gb,0,0.0001220703125
jax/orbax/write/sharded_array_gb,0,0.000823974609375
jax/orbax/write/sharded_array_gb,0,0.0001373291015625
jax/orbax/write/sharded_array_gb,0,0.0001373291015625
jax/orbax/write/sharded_array_gb,0,0.000823974609375
jax/orbax/write/sharded_array_gb,0,0.0001373291015625
jax/orbax/write/sharded_array_gb,0,0.000823974609375
jax/orbax/write/sharded_array_gb,0,0.0001220703125
jax/orbax/write/sharded_array_gb,0,0.0001373291015625
jax/orbax/write/sharded_array_gb,0,0.0001373291015625
jax/orbax/write/sharded_array_gb,0,6.103515625e-05
jax/orbax/write/sharded_array_gb,0,0.0001373291015625
jax/orbax/write/sharded_array_gb,0,0.0001220703125
jax/orbax/write/sharded_array_gb,0,0.000823974609375
jax/orbax/write/sharded_array_gb,0,0.0001373291015625
jax/orbax/write/sharded_array_gb,0,0.0001373291015625
jax/orbax/write/sharded_array_gb,0,0.000823974609375
jax/orbax/write/sharded_array_gb,0,0.0001373291015625
jax/orbax/write/sharded_array_gb,0,0.000823974609375
jax/orbax/write/sharded_array_gb,0,0.0001220703125
jax/orbax/write/sharded_array_gb,0,0.0001373291015625
jax/orbax/write/sharded_array_gb,0,0.0001373291015625
jax/orbax/write/sharded_array_gb,0,6.103515625e-05
jax/orbax/write/sharded_array_gb,0,0.0001373291015625
jax/orbax/write/sharded_array_gb,0,0.0001220703125
jax/orbax/write/sharded_array_gb,0,0.000823974609375
jax/orbax/write/sharded_array_gb,0,0.0001373291015625
jax/orbax/write/sharded_array_gb,0,0.0001373291015625
jax/orbax/write/sharded_array_gb,0,0.000823974609375
jax/orbax/write/sharded_array_gb,0,0.0001373291015625
jax/orbax/write/sharded_array_gb,0,0.000823974609375
jax/orbax/write/sharded_array_gb,0,0.0001220703125
jax/orbax/write/sharded_array_gb,0,0.0001373291015625
jax/orbax/write/sharded_array_gb,0,0.0001373291015625
jax/orbax/write/sharded_array_gb,0,6.103515625e-05
jax/orbax/write/sharded_array_gb,0,0.0001373291015625
jax/orbax/write/sharded_array_gb,0,0.0001220703125
jax/orbax/write/sharded_array_gb,0,0.000823974609375
jax/orbax/write/sharded_array_gb,0,0.0001373291015625
jax/orbax/write/sharded_array_gb,0,0.0001373291015625
jax/orbax/write/sharded_array_gb,0,0.000823974609375
jax/orbax/write/sharded_array_gb,0,0.0001373291015625
jax/orbax/write/sharded_array_gb,0,0.000823974609375
jax/orbax/write/sharded_array_gb,0,0.0001220703125
jax/orbax/write/sharded_array_gb,0,0.0001373291015625
jax/orbax/write/sharded_array_gb,0,0.0001373291015625
jax/orbax/write/sharded_array_gb,0,6.103515625e-05
jax/orbax/write/sharded_array_gb,0,0.0001373291015625
jax/orbax/write/sharded_array_gb,0,0.0001220703125
jax/orbax/write/sharded_array_gb,0,0.000823974609375
jax/orbax/write/sharded_array_gb,0,0.0001373291015625
jax/orbax/write/sharded_array_gb,0,0.0001373291015625
jax/orbax/write/sharded_array_gb,0,0.000823974609375
jax/orbax/write/sharded_array_gb,0,0.0001373291015625
jax/orbax/write/sharded_array_gb,0,0.000823974609375
jax/orbax/write/sharded_array_gb,0,0.0001220703125
jax/orbax/write/sharded_array_gb,0,0.0001373291015625
jax/orbax/write/sharded_array_gb,0,0.0001373291015625
jax/orbax/write/sharded_array_gb,0,6.103515625e-05
jax/orbax/write/sharded_array_gb,0,0.0001373291015625
jax/orbax/write/sharded_array_gb,0,0.0001220703125
jax/orbax/write/sharded_array_gb,0,0.000823974609375
jax/orbax/write/sharded_array_gb,0,0.0001373291015625
jax/orbax/write/sharded_array_gb,0,0.0001373291015625
jax/orbax/write/sharded_array_gb,0,0.000823974609375
jax/orbax/write/sharded_array_gb,0,0.0001373291015625
jax/orbax/write/sharded_array_gb,0,0.000823974609375
jax/orbax/write/sharded_array_gb,0,0.0001220703125
jax/orbax/write/sharded_array_gb,0,0.0001373291015625
jax/orbax/write/sharded_array_gb,0,0.0001373291015625
jax/orbax/write/sharded_array_gb,0,6.103515625e-05
jax/orbax/write/sharded_array_gb,0,0.0001373291015625
jax/orbax/write/sharded_array_gb,0,0.0001220703125
jax/orbax/write/sharded_array_gb,0,0.000823974609375
jax/orbax/write/sharded_array_gb,0,0.0001373291015625
jax/orbax/write/sharded_array_gb,0,0.0001373291015625
jax/orbax/write/sharded_array_gb,0,0.000823974609375
jax/orbax/write/sharded_array_gb,0,0.0001373291015625
jax/orbax/write/sharded_array_gb,0,0.000823974609375
jax/orbax/write/sharded_array_gb,0,0.0001220703125
jax/orbax/write/sharded_array_gb,0,0.0001373291015625
jax/orbax/write/sharded_array_gb,0,0.0001373291015625
jax/orbax/write/sharded_array_gb,0,6.103515625e-05
jax/orbax/write/sharded_array_gb,0,0.0001373291015625
jax/orbax/write/sharded_array_gb,0,0.0001220703125
jax/orbax/write/sharded_array_gb,0,0.000823974609375
jax/orbax/write/sharded_array_gb,0,0.0001373291015625
jax/orbax/write/sharded_array_gb,0,0.0001373291015625
jax/orbax/write/sharded_array_gb,0,0.000823974609375
jax/orbax/write/sharded_array_gb,0,0.0001373291015625
jax/orbax/write/sharded_array_gb,0,0.000823974609375
jax/orbax/write/sharded_array_gb,0,0.0001220703125
jax/orbax/write/sharded_array_gb,0,0.0001373291015625
jax/orbax/write/sharded_array_gb,0,0.0001373291015625
jax/orbax/write/sharded_array_gb,0,6.103515625e-05
jax/orbax/write/sharded_array_gb,0,0.0001373291015625
jax/orbax/write/sharded_array_gb,0,0.0001220703125
jax/orbax/write/sharded_array_gb,0,0.000823974609375
jax/orbax/write/sharded_array_gb,0,0.0001373291015625
jax/orbax/write/sharded_array_gb,0,0.0001373291015625
jax/orbax/write/sharded_array_gb,0,0.000823974609375
jax/orbax/write/sharded_array_gb,0,0.0001373291015625
jax/orbax/write/sharded_array_gb,0,0.000823974609375
jax/orbax/write/sharded_array_gb,0,0.0001220703125
jax/orbax/write/sharded_array_gb,0,0.0001373291015625
jax/orbax/write/sharded_array_gb,0,0.0001373291015625
jax/orbax/write/sharded_array_gb,0,6.103515625e-05
jax/orbax/write/sharded_array_gb,0,0.0001373291015625
jax/orbax/write/sharded_array_gb,0,0.0001220703125
jax/orbax/write/sharded_array_gb,0,0.000823974609375
jax/orbax/write/sharded_array_gb,0,0.0001373291015625
jax/orbax/write/sharded_array_gb,0,0.0001373291015625
jax/orbax/write/sharded_array_gb,0,0.000823974609375
jax/orbax/write/sharded_array_gb,0,0.0001373291015625
jax/orbax/write/sharded_array_gb,0,0.000823974609375
jax/orbax/write/sharded_array_gb,0,0.0001220703125
jax/orbax/write/sharded_array_gb,0,0.0001373291015625
jax/orbax/write/sharded_array_gb,0,0.0001373291015625
jax/orbax/write/sharded_array_gb,0,6.103515625e-05
jax/orbax/write/sharded_array_gb,0,0.0001373291015625
jax/orbax/write/sharded_array_gb,0,0.0001220703125
jax/orbax/write/sharded_array_gb,0,0.000823974609375
jax/orbax/write/sharded_array_gb,0,0.0001373291015625
jax/orbax/write/sharded_array_gb,0,0.0001373291015625
jax/orbax/write/sharded_array_gb,0,0.000823974609375
jax/orbax/write/sharded_array_gb,0,0.0001373291015625
jax/orbax/write/sharded_array_gb,0,0.000823974609375
jax/orbax/write/sharded_array_gb,0,0.0001220703125
jax/orbax/write/sharded_array_gb,0,0.0001373291015625
jax/orbax/write/sharded_array_gb,0,0.0001373291015625
jax/orbax/write/sharded_array_gb,0,6.103515625e-05
jax/orbax/write/sharded_array_gb,0,0.0001373291015625
jax/orbax/write/sharded_array_gb,0,0.0001220703125
jax/orbax/write/sharded_array_gb,0,0.000823974609375
jax/orbax/write/sharded_array_gb,0,0.0001373291015625
jax/orbax/write/sharded_array_gb,0,0.0001373291015625
jax/orbax/write/sharded_array_gb,0,0.000823974609375
jax/orbax/write/sharded_array_gb,0,0.0001373291015625
jax/orbax/write/sharded_array_gb,0,0.000823974609375
jax/orbax/write/sharded_array_gb,0,0.0001220703125
jax/orbax/write/sharded_array_gb,0,0.0001373291015625
jax/orbax/write/sharded_array_gb,0,0.0001373291015625
jax/orbax/write/sharded_array_gb,0,6.103515625e-05
jax/orbax/write/sharded_array_gb,0,0.0001373291015625
jax/orbax/write/sharded_array_gb,0,0.0001220703125
jax/orbax/write/sharded_array_gb,0,0.000823974609375
jax/orbax/write/sharded_array_gb,0,0.0001373291015625
jax/orbax/write/sharded_array_gb,0,0.0001373291015625
jax/orbax/write/sharded_array_gb,0,0.000823974609375
jax/orbax/write/sharded_array_gb,0,0.0001373291015625
jax/orbax/write/sharded_array_gb,0,0.000823974609375
jax/orbax/write/sharded_array_gb,0,0.0001220703125
jax/orbax/write/sharded_array_gb,0,0.0001373291015625
jax/orbax/write/sharded_array_gb,0,0.0001373291015625
jax/orbax/write/sharded_array_gb,0,6.103515625e-05
jax/orbax/write/sharded_array_gb,0,0.0001373291015625
jax/orbax/write/sharded_array_gb,0,0.0001220703125
jax/orbax/write/sharded_array_gb,0,0.000823974609375
jax/orbax/write/sharded_array_gb,0,0.0001373291015625
jax/orbax/write/sharded_array_gb,0,0.0001373291015625
jax/orbax/write/sharded_array_gb,0,0.000823974609375
jax/orbax/write/sharded_array_gb,0,0.0001373291015625
jax/orbax/write/sharded_array_gb,0,0.000823974609375
jax/orbax/write/sharded_array_gb,0,0.0001220703125
jax/orbax/write/sharded_array_gb,0,0.0001373291015625
jax/orbax/write/sharded_array_gb,0,0.0001373291015625
jax/orbax/write/sharded_array_gb,0,6.103515625e-05
jax/orbax/write/sharded_array_gb,0,0.0001373291015625
jax/orbax/write/sharded_array_gb,0,0.0001220703125
jax/orbax/write/sharded_array_gb,0,0.000823974609375
jax/orbax/write/sharded_array_gb,0,0.0001373291015625
jax/orbax/write/sharded_array_gb,0,0.0001373291015625
jax/orbax/write/sharded_array_gb,0,0.000823974609375
jax/orbax/write/sharded_array_gb,0,0.0001373291015625
jax/orbax/write/sharded_array_gb,0,0.000823974609375
jax/orbax/write/sharded_array_gb,0,0.0001220703125
jax/orbax/write/sharded_array_gb,0,0.0001373291015625
jax/orbax/write/sharded_array_gb,0,0.0001373291015625
jax/orbax/write/sharded_array_gb,0,6.103515625e-05
jax/orbax/write/sharded_array_gb,0,0.0001373291015625
jax/orbax/write/sharded_array_gb,0,0.0001220703125
jax/orbax/write/sharded_array_gb,0,0.000823974609375
jax/orbax/write/sharded_array_gb,0,0.0001373291015625
jax/orbax/write/sharded_array_gb,0,0.0001373291015625
jax/orbax/write/sharded_array_gb,0,0.000823974609375
jax/orbax/write/sharded_array_gb,0,0.0001373291015625
jax/orbax/write/sharded_array_gb,0,0.000823974609375
jax/orbax/write/sharded_array_gb,0,0.0001220703125
jax/orbax/write/sharded_array_gb,0,0.0001373291015625
jax/orbax/write/sharded_array_gb,0,0.0001373291015625
jax/orbax/write/sharded_array_gb,0,6.103515625e-05
jax/orbax/write/sharded_array_gb,0,0.0001373291015625
jax/orbax/write/sharded_array_gb,0,0.0001220703125
jax/orbax/write/sharded_array_gb,0,0.000823974609375
jax/orbax/write/sharded_array_gb,0,0.0001373291015625
jax/orbax/write/sharded_array_gb,0,0.0001373291015625
jax/orbax/write/sharded_array_gb,0,0.000823974609375
jax/orbax/write/sharded_array_gb,0,0.0001373291015625
jax/orbax/write/sharded_array_gb,0,0.000823974609375
jax/orbax/write/sharded_array_gb,0,0.0001220703125
jax/orbax/write/sharded_array_gb,0,0.0001373291015625
jax/orbax/write/sharded_array_gb,0,0.0001373291015625
jax/orbax/write/sharded_array_gb,0,6.103515625e-05
jax/orbax/write/sharded_array_gb,0,0.0001373291015625
jax/orbax/write/sharded_array_gb,0,0.0001220703125
jax/orbax/write/sharded_array_gb,0,0.000823974609375
jax/orbax/write/sharded_array_gb,0,0.0001373291015625
jax/orbax/write/sharded_array_gb,0,0.0001373291015625
jax/orbax/write/sharded_array_gb,0,0.000823974609375
jax/orbax/write/sharded_array_gb,0,0.0001373291015625
jax/orbax/write/sharded_array_gb,0,0.000823974609375
jax/orbax/write/sharded_array_gb,0,0.0001220703125
jax/orbax/write/sharded_array_gb,0,0.0001373291015625
jax/orbax/write/sharded_array_gb,0,0.0001373291015625
jax/orbax/write/sharded_array_gb,0,6.103515625e-05
jax/orbax/write/sharded_array_gb,0,0.0001373291015625
jax/orbax/write/sharded_array_gb,0,0.0001220703125
jax/orbax/write/sharded_array_gb,0,0.000823974609375
jax/orbax/write/sharded_array_gb,0,0.0001373291015625
jax/orbax/write/sharded_array_gb,0,0.0001373291015625
jax/orbax/write/sharded_array_gb,0,0.000823974609375
jax/orbax/write/sharded_array_gb,0,0.0001373291015625
jax/orbax/write/sharded_array_gb,0,0.000823974609375
jax/orbax/write/sharded_array_gb,0,0.0001220703125
jax/orbax/write/sharded_array_gb,0,0.0001373291015625
jax/orbax/write/sharded_array_gb,0,0.0001373291015625
jax/orbax/write/sharded_array_gb,0,6.103515625e-05
jax/orbax/write/sharded_array_gb,0,0.0001373291015625
jax/orbax/write/sharded_array_gb,0,0.0001220703125
jax/orbax/write/sharded_array_gb,0,0.000823974609375
jax/orbax/write/sharded_array_gb,0,0.0001373291015625
jax/orbax/write/sharded_array_gb,0,0.0001373291015625
jax/orbax/write/sharded_array_gb,0,0.000823974609375
jax/orbax/write/sharded_array_gb,0,0.0001373291015625
jax/orbax/write/sharded_array_gb,0,0.000823974609375
jax/orbax/write/sharded_array_gb,0,0.0001220703125
jax/orbax/write/sharded_array_gb,0,0.0001373291015625
jax/orbax/write/sharded_array_gb,0,0.0001373291015625
jax/orbax/write/sharded_array_gb,0,6.103515625e-05
jax/orbax/write/sharded_array_gb,0,0.0001373291015625
jax/orbax/write/sharded_array_gb,0,0.0001220703125
jax/orbax/write/sharded_array_gb,0,0.000823974609375
jax/orbax/write/sharded_array_gb,0,0.0001373291015625
jax/orbax/write/sharded_array_gb,0,0.0001373291015625
jax/orbax/write/sharded_array_gb,0,0.000823974609375
jax/orbax/write/sharded_array_gb,0,0.0001373291015625
jax/orbax/write/sharded_array_gb,0,0.000823974609375
jax/orbax/write/sharded_array_gb,0,0.0001220703125
jax/orbax/write/sharded_array_gb,0,0.0001373291015625
jax/orbax/write/sharded_array_gb,0,0.0001373291015625
jax/orbax/write/sharded_array_gb,0,6.103515625e-05
jax/orbax/write/sharded_array_gb,0,0.0001373291015625
jax/orbax/write/sharded_array_gb,0,0.0001220703125
jax/orbax/write/sharded_array_gb,0,0.000823974609375
jax/orbax/write/sharded_array_gb,0,0.0001373291015625
jax/orbax/write/sharded_array_gb,0,0.0001373291015625
jax/orbax/write/sharded_array_gb,0,0.000823974609375
jax/orbax/write/sharded_array_gb,0,0.0001373291015625
jax/orbax/write/sharded_array_gb,0,0.000823974609375
jax/orbax/write/sharded_array_gb,0,0.0001220703125
jax/orbax/write/sharded_array_gb,0,0.0001373291015625
jax/orbax/write/sharded_array_gb,0,0.0001373291015625
jax/orbax/write/sharded_array_gb,0,6.103515625e-05
jax/orbax/write/sharded_array_gb,0,0.0001373291015625
jax/orbax/write/sharded_array_gb,0,0.0001220703125
jax/orbax/write/sharded_array_gb,0,0.000823974609375
jax/orbax/write/sharded_array_gb,0,0.0001373291015625
jax/orbax/write/sharded_array_gb,0,0.0001373291015625
jax/orbax/write/sharded_array_gb,0,0.000823974609375
jax/orbax/write/sharded_array_gb,0,0.0001373291015625
jax/orbax/write/sharded_array_gb,0,0.000823974609375
jax/orbax/write/sharded_array_gb,0,0.0001220703125
jax/orbax/write/sharded_array_gb,0,0.0001373291015625
jax/orbax/write/sharded_array_gb,0,0.0001373291015625
jax/orbax/write/sharded_array_gb,0,6.103515625e-05
jax/orbax/write/sharded_array_gb,0,0.0001373291015625
jax/orbax/write/sharded_array_gb,0,0.0001220703125
jax/orbax/write/sharded_array_gb,0,0.000823974609375
jax/orbax/write/sharded_array_gb,0,0.0001373291015625
jax/orbax/write/sharded_array_gb,0,0.0001373291015625
jax/orbax/write/sharded_array_gb,0,0.000823974609375
jax/orbax/write/sharded_array_gb,0,0.0001373291015625
jax/orbax/write/sharded_array_gb,0,0.000823974609375
jax/orbax/write/sharded_array_gb,0,0.0001220703125
jax/orbax/write/sharded_array_gb,0,0.0001373291015625
jax/orbax/write/sharded_array_gb,0,0.0001373291015625
jax/orbax/write/sharded_array_gb,0,6.103515625e-05
jax/orbax/write/sharded_array_gb,0,0.0001373291015625
jax/orbax/write/sharded_array_gb,0,0.0001220703125
jax/orbax/write/sharded_array_gb,0,0.000823974609375
jax/orbax/write/sharded_array_gb,0,0.0001373291015625
jax/orbax/write/sharded_array_gb,0,0.0001373291015625
jax/orbax/write/sharded_array_gb,0,0.000823974609375
jax/orbax/write/sharded_array_gb,0,0.0001373291015625
jax/orbax/write/sharded_array_gb,0,0.000823974609375
jax/orbax/write/sharded_array_gb,0,0.0001220703125
jax/orbax/write/sharded_array_gb,0,0.0001373291015625
jax/orbax/write/sharded_array_gb,0,0.0001373291015625
jax/orbax/write/sharded_array_gb,0,6.103515625e-05
jax/orbax/write/sharded_array_gb,0,0.0001373291015625
jax/orbax/write/sharded_array_gb,0,0.0001220703125
jax/orbax/write/sharded_array_gb,0,0.000823974609375
jax/orbax/write/sharded_array_gb,0,0.0001373291015625
jax/orbax/write/sharded_array_gb,0,0.0001373291015625
jax/orbax/write/sharded_array_gb,0,0.000823974609375
jax/orbax/write/sharded_array_gb,0,0.0001373291015625
jax/orbax/write/sharded_array_gb,0,0.000823974609375
jax/orbax/write/sharded_array_gb,0,0.0001220703125
jax/orbax/write/sharded_array_gb,0,0.0001373291015625
jax/orbax/write/sharded_array_gb,0,0.0001373291015625
jax/orbax/write/sharded_array_gb,0,6.103515625e-05
jax/orbax/write/sharded_array_gb,0,0.0001373291015625
jax/orbax/write/sharded_array_gb,0,0.0001220703125
jax/orbax/write/sharded_array_gb,0,0.000823974609375
jax/orbax/write/sharded_array_gb,0,0.0001373291015625
jax/orbax/write/sharded_array_gb,0,0.0001373291015625
jax/orbax/write/sharded_array_gb,0,0.000823974609375
jax/orbax/write/sharded_array_gb,0,0.0001373291015625
jax/orbax/write/sharded_array_gb,0,0.000823974609375
jax/orbax/write/sharded_array_gb,0,0.0001220703125
jax/orbax/write/sharded_array_gb,0,0.0001373291015625
jax/orbax/write/sharded_array_gb,0,0.0001373291015625
jax/orbax/write/sharded_array_gb,0,6.103515625e-05
jax/orbax/write/sharded_array_gb,0,0.0001373291015625
jax/orbax/write/sharded_array_gb,0,0.0001220703125
jax/orbax/write/sharded_array_gb,0,0.000823974609375
jax/orbax/write/sharded_array_gb,0,0.0001373291015625
jax/orbax/write/sharded_array_gb,0,0.0001373291015625
jax/orbax/write/sharded_array_gb,0,0.000823974609375
jax/orbax/write/sharded_array_gb,0,0.0001373291015625
jax/orbax/write/sharded_array_gb,0,0.000823974609375
jax/orbax/write/sharded_array_gb,0,0.0001220703125
jax/orbax/write/sharded_array_gb,0,0.0001373291015625
jax/orbax/write/sharded_array_gb,0,0.0001373291015625
jax/orbax/write/sharded_array_gb,0,6.103515625e-05
jax/orbax/write/sharded_array_gb,0,0.0001373291015625
jax/orbax/write/sharded_array_gb,0,0.0001220703125
jax/orbax/write/sharded_array_gb,0,0.000823974609375
jax/orbax/write/sharded_array_gb,0,0.0001373291015625
jax/orbax/write/sharded_array_gb,0,0.0001373291015625
jax/orbax/write/sharded_array_gb,0,0.000823974609375
jax/orbax/write/sharded_array_gb,0,0.0001373291015625
jax/orbax/write/sharded_array_gb,0,0.000823974609375
jax/orbax/write/sharded_array_gb,0,0.0001220703125
jax/orbax/write/sharded_array_gb,0,0.0001373291015625
jax/orbax/write/sharded_array_gb,0,0.0001373291015625
jax/orbax/write/sharded_array_gb,0,6.103515625e-05
jax/orbax/write/sharded_array_gb,0,0.0001373291015625
jax/orbax/write/sharded_array_gb,0,0.0001220703125
jax/orbax/write/sharded_array_gb,0,0.000823974609375
jax/orbax/write/sharded_array_gb,0,0.0001373291015625
jax/orbax/write/sharded_array_gb,0,0.0001373291015625
jax/orbax/write/sharded_array_gb,0,0.000823974609375
jax/orbax/write/sharded_array_gb,0,0.0001373291015625
jax/orbax/write/sharded_array_gb,0,0.000823974609375
jax/orbax/write/sharded_array_gb,0,0.0001220703125
jax/orbax/write/sharded_array_gb,0,0.0001373291015625
jax/orbax/write/sharded_array_gb,0,0.0001373291015625
jax/orbax/write/sharded_array_gb,0,6.103515625e-05
jax/orbax/write/sharded_array_gb,0,0.0001373291015625
jax/orbax/write/sharded_array_gb,0,0.0001220703125
jax/orbax/write/sharded_array_gb,0,0.000823974609375
jax/orbax/write/sharded_array_gb,0,0.0001373291015625
jax/orbax/write/sharded_array_gb,0,0.0001373291015625
jax/orbax/write/sharded_array_gb,0,0.000823974609375
jax/orbax/write/sharded_array_gb,0,0.0001373291015625
jax/orbax/write/sharded_array_gb,0,0.000823974609375
jax/orbax/write/sharded_array_gb,0,0.0001220703125
jax/orbax/write/sharded_array_gb,0,0.0001373291015625
jax/orbax/write/sharded_array_gb,0,0.0001373291015625
jax/orbax/write/sharded_array_gb,0,6.103515625e-05
jax/orbax/write/sharded_array_gb,0,0.0001373291015625
jax/orbax/write/sharded_array_gb,0,0.0001220703125
jax/orbax/write/sharded_array_gb,0,0.000823974609375
jax/orbax/write/sharded_array_gb,0,0.0001373291015625
jax/orbax/write/sharded_array_gb,0,0.0001373291015625
jax/orbax/write/sharded_array_gb,0,0.000823974609375
jax/orbax/write/sharded_array_gb,0,0.0001373291015625
jax/orbax/write/sharded_array_gb,0,0.000823974609375
jax/orbax/write/sharded_array_gb,0,0.0001220703125
jax/orbax/write/sharded_array_gb,0,0.0001373291015625
jax/orbax/write/sharded_array_gb,0,0.0001373291015625
jax/orbax/write/sharded_array_gb,0,6.103515625e-05
jax/orbax/write/sharded_array_gb,0,0.0001373291015625
jax/orbax/write/sharded_array_gb,0,0.0001220703125
jax/orbax/write/sharded_array_gb,0,0.000823974609375
jax/orbax/write/sharded_array_gb,0,0.0001373291015625
jax/orbax/write/sharded_array_gb,0,0.0001373291015625
jax/orbax/write/sharded_array_gb,0,0.000823974609375
jax/orbax/write/sharded_array_gb,0,0.0001373291015625
jax/orbax/write/sharded_array_gb,0,0.000823974609375
jax/orbax/write/sharded_array_gb,0,0.0001220703125
jax/orbax/write/sharded_array_gb,0,0.0001373291015625
jax/orbax/write/sharded_array_gb,0,0.0001373291015625
jax/orbax/write/sharded_array_gb,0,6.103515625e-05
jax/orbax/write/sharded_array_gb,0,0.0001373291015625
jax/orbax/write/sharded_array_gb,0,0.0001220703125
jax/orbax/write/sharded_array_gb,0,0.000823974609375
jax/orbax/write/sharded_array_gb,0,0.0001373291015625
jax/orbax/write/sharded_array_gb,0,0.0001373291015625
jax/orbax/write/sharded_array_gb,0,0.000823974609375
jax/orbax/write/sharded_array_gb,0,0.0001373291015625
jax/orbax/write/sharded_array_gb,0,0.000823974609375
jax/orbax/write/sharded_array_gb,0,0.0001220703125
jax/orbax/write/sharded_array_gb,0,0.0001373291015625
jax/orbax/write/sharded_array_gb,0,0.0001373291015625
jax/orbax/write/sharded_array_gb,0,6.103515625e-05
jax/orbax/write/sharded_array_gb,0,0.0001373291015625
jax/orbax/write/sharded_array_gb,0,0.0001220703125
jax/orbax/write/sharded_array_gb,0,0.000823974609375
jax/orbax/write/sharded_array_gb,0,0.0001373291015625
jax/orbax/write/sharded_array_gb,0,0.0001373291015625
jax/orbax/write/sharded_array_gb,0,0.000823974609375
jax/orbax/write/sharded_array_gb,0,0.0001373291015625
jax/orbax/write/sharded_array_gb,0,0.000823974609375
jax/orbax/write/sharded_array_gb,0,0.0001220703125
jax/orbax/write/sharded_array_gb,0,0.0001373291015625
jax/orbax/write/sharded_array_gb,0,0.0001373291015625
jax/orbax/write/sharded_array_gb,0,6.103515625e-05
jax/orbax/write/sharded_array_gb,0,0.0001373291015625
jax/orbax/write/sharded_array_gb,0,0.0001220703125
jax/orbax/write/sharded_array_gb,0,0.000823974609375
jax/orbax/write/sharded_array_gb,0,0.0001373291015625
jax/orbax/write/sharded_array_gb,0,0.0001373291015625
jax/orbax/write/sharded_array_gb,0,0.000823974609375
jax/orbax/write/sharded_array_gb,0,0.0001373291015625
jax/orbax/write/sharded_array_gb,0,0.000823974609375
jax/orbax/write/sharded_array_gb,0,0.0001220703125
jax/orbax/write/sharded_array_gb,0,0.0001373291015625
jax/orbax/write/sharded_array_gb,0,0.0001373291015625
jax/orbax/write/sharded_array_gb,0,6.103515625e-05
jax/orbax/write/sharded_array_gb,0,0.0001373291015625
jax/orbax/write/sharded_array_gb,0,0.0001220703125
jax/orbax/write/sharded_array_gb,0,0.000823974609375
jax/orbax/write/sharded_array_gb,0,0.0001373291015625
jax/orbax/write/sharded_array_gb,0,0.0001373291015625
jax/orbax/write/sharded_array_gb,0,0.000823974609375
jax/orbax/write/sharded_array_gb,0,0.0001373291015625
jax/orbax/write/sharded_array_gb,0,0.000823974609375
jax/orbax/write/sharded_array_gb,0,0.0001220703125
jax/orbax/write/sharded_array_gb,0,0.0001373291015625
jax/orbax/write/sharded_array_gb,0,0.0001373291015625
jax/orbax/write/sharded_array_gb,0,6.103515625e-05
jax/orbax/write/sharded_array_gb,0,0.0001373291015625
jax/orbax/write/sharded_array_gb,0,0.0001220703125
jax/orbax/write/sharded_array_gb,0,0.000823974609375
jax/orbax/write/sharded_array_gb,0,0.0001373291015625
jax/orbax/write/sharded_array_gb,0,0.0001373291015625
jax/orbax/write/sharded_array_gb,0,0.000823974609375
jax/orbax/write/sharded_array_gb,0,0.0001373291015625
jax/orbax/write/sharded_array_gb,0,0.000823974609375
jax/orbax/write/sharded_array_gb,0,0.0001220703125
jax/orbax/write/sharded_array_gb,0,0.0001373291015625
jax/orbax/write/sharded_array_gb,0,0.0001373291015625
jax/orbax/write/sharded_array_gb,0,6.103515625e-05
jax/orbax/write/sharded_array_gb,0,0.0001373291015625
jax/orbax/write/sharded_array_gb,0,0.0001220703125
jax/orbax/write/sharded_array_gb,0,0.000823974609375
jax/orbax/write/sharded_array_gb,0,0.0001373291015625
jax/orbax/write/sharded_array_gb,0,0.0001373291015625
jax/orbax/write/sharded_array_gb,0,0.000823974609375
jax/orbax/write/sharded_array_gb,0,0.0001373291015625
jax/orbax/write/sharded_array_gb,0,0.000823974609375
jax/orbax/write/sharded_array_gb,0,0.0001220703125
jax/orbax/write/sharded_array_gb,0,0.0001373291015625
jax/orbax/write/sharded_array_gb,0,0.0001373291015625
jax/orbax/write/sharded_array_gb,0,6.103515625e-05
jax/orbax/write/sharded_array_gb,0,0.0001373291015625
jax/orbax/write/sharded_array_gb,0,0.0001220703125
jax/orbax/write/sharded_array_gb,0,0.000823974609375
jax/orbax/write/sharded_array_gb,0,0.0001373291015625
jax/orbax/write/sharded_array_gb,0,0.0001373291015625
jax/orbax/write/sharded_array_gb,0,0.000823974609375
jax/orbax/write/sharded_array_gb,0,0.0001373291015625
jax/orbax/write/sharded_array_gb,0,0.000823974609375
jax/orbax/write/sharded_array_gb,0,0.0001220703125
jax/orbax/write/sharded_array_gb,0,0.0001373291015625
jax/orbax/write/sharded_array_gb,0,0.0001373291015625
jax/orbax/write/sharded_array_gb,0,6.103515625e-05
jax/orbax/write/sharded_array_gb,0,0.0001373291015625
jax/orbax/write/sharded_array_gb,0,0.0001220703125
jax/orbax/write/sharded_array_gb,0,0.000823974609375
jax/orbax/write/sharded_array_gb,0,0.0001373291015625
jax/orbax/write/sharded_array_gb,0,0.0001373291015625
jax/orbax/write/sharded_array_gb,0,0.000823974609375
jax/orbax/write/sharded_array_gb,0,0.0001373291015625
jax/orbax/write/sharded_array_gb,0,0.000823974609375
jax/orbax/write/sharded_array_gb,0,0.0001220703125
jax/orbax/write/sharded_array_gb,0,0.0001373291015625
jax/orbax/write/sharded_array_gb,0,0.0001373291015625
jax/orbax/write/sharded_array_gb,0,6.103515625e-05
jax/orbax/write/sharded_array_gb,0,0.0001373291015625
jax/orbax/write/sharded_array_gb,0,0.0001220703125
jax/orbax/write/sharded_array_gb,0,0.000823974609375
jax/orbax/write/sharded_array_gb,0,0.0001373291015625
jax/orbax/write/sharded_array_gb,0,0.0001373291015625
jax/orbax/write/sharded_array_gb,0,0.000823974609375
jax/orbax/write/sharded_array_gb,0,0.0001373291015625
jax/orbax/write/sharded_array_gb,0,0.000823974609375
jax/orbax/write/sharded_array_gb,0,0.0001220703125
jax/orbax/write/sharded_array_gb,0,0.0001373291015625
jax/orbax/write/sharded_array_gb,0,0.0001373291015625
jax/orbax/write/sharded_array_gb,0,6.103515625e-05
jax/orbax/write/sharded_array_gb,0,0.0001373291015625
jax/orbax/write/sharded_array_gb,0,0.0001220703125
jax/orbax/write/sharded_array_gb,0,0.000823974609375
jax/orbax/write/sharded_array_gb,0,0.0001373291015625
jax/orbax/write/sharded_array_gb,0,0.0001373291015625
jax/orbax/write/sharded_array_gb,0,0.000823974609375
jax/orbax/write/sharded_array_gb,0,0.0001373291015625
jax/orbax/write/sharded_array_gb,0,0.000823974609375
jax/orbax/write/sharded_array_gb,0,0.0001220703125
jax/orbax/write/sharded_array_gb,0,0.0001373291015625
jax/orbax/write/sharded_array_gb,0,0.0001373291015625
jax/orbax/write/sharded_array_gb,0,6.103515625e-05
jax/orbax/write/sharded_array_gb,0,0.0001373291015625
jax/orbax/write/sharded_array_gb,0,0.0001220703125
jax/orbax/write/sharded_array_gb,0,0.000823974609375
jax/orbax/write/sharded_array_gb,0,0.0001373291015625
jax/orbax/write/sharded_array_gb,0,0.0001373291015625
jax/orbax/write/sharded_array_gb,0,0.000823974609375
jax/orbax/write/sharded_array_gb,0,0.0001373291015625
jax/orbax/write/sharded_array_gb,0,0.000823974609375
jax/orbax/write/sharded_array_gb,0,0.0001220703125
jax/orbax/write/sharded_array_gb,0,0.0001373291015625
jax/orbax/write/sharded_array_gb,0,0.0001373291015625
jax/orbax/write/sharded_array_gb,0,6.103515625e-05
jax/orbax/write/sharded_array_gb,0,0.0001373291015625
jax/orbax/write/sharded_array_gb,0,0.0001220703125
jax/orbax/write/sharded_array_gb,0,0.000823974609375
jax/orbax/write/sharded_array_gb,0,0.0001373291015625
jax/orbax/write/sharded_array_gb,0,0.0001373291015625
jax/orbax/write/sharded_array_gb,0,0.000823974609375
jax/orbax/write/sharded_array_gb,0,0.0001373291015625
jax/orbax/write/sharded_array_gb,0,0.000823974609375
jax/orbax/write/sharded_array_gb,0,0.0001220703125
jax/orbax/write/sharded_array_gb,0,0.0001373291015625
jax/orbax/write/sharded_array_gb,0,0.0001373291015625
jax/orbax/write/sharded_array_gb,0,6.103515625e-05
jax/orbax/write/sharded_array_gb,0,0.0001373291015625
jax/orbax/write/sharded_array_gb,0,0.0001220703125
jax/orbax/write/sharded_array_gb,0,0.000823974609375
jax/orbax/write/sharded_array_gb,0,0.0001373291015625
jax/orbax/write/sharded_array_gb,0,0.0001373291015625
jax/orbax/write/sharded_array_gb,0,0.000823974609375
jax/orbax/write/sharded_array_gb,0,0.0001373291015625
jax/orbax/write/sharded_array_gb,0,0.000823974609375
jax/orbax/write/sharded_array_gb,0,3.725290298461914e-09
jax/orbax/write/sharded_array_gb,0,3.725290298461914e-09
jax/orbax/write/sharded_array_gb,0,3.725290298461914e-09
jax/orbax/write/sharded_array_gb,0,0.0001220703125
jax/orbax/write/sharded_array_gb,0,0.0001373291015625
jax/orbax/write/sharded_array_gb,0,0.0001373291015625
jax/orbax/write/sharded_array_gb,0,6.103515625e-05
jax/orbax/write/sharded_array_gb,0,0.0001373291015625
jax/orbax/write/sharded_array_gb,0,0.0001220703125
jax/orbax/write/sharded_array_gb,0,0.000823974609375
jax/orbax/write/sharded_array_gb,0,0.0001373291015625
jax/orbax/write/sharded_array_gb,0,0.0001373291015625
jax/orbax/write/sharded_array_gb,0,0.000823974609375
jax/orbax/write/sharded_array_gb,0,0.0001373291015625
jax/orbax/write/sharded_array_gb,0,0.000823974609375
jax/orbax/write/sharded_array_gb,0,0.0001220703125
jax/orbax/write/sharded_array_gb,0,0.0001373291015625
jax/orbax/write/sharded_array_gb,0,0.0001373291015625
jax/orbax/write/sharded_array_gb,0,6.103515625e-05
jax/orbax/write/sharded_array_gb,0,0.0001373291015625
jax/orbax/write/sharded_array_gb,0,0.0001220703125
jax/orbax/write/sharded_array_gb,0,0.000823974609375
jax/orbax/write/sharded_array_gb,0,0.0001373291015625
jax/orbax/write/sharded_array_gb,0,0.0001373291015625
jax/orbax/write/sharded_array_gb,0,0.000823974609375
jax/orbax/write/sharded_array_gb,0,0.0001373291015625
jax/orbax/write/sharded_array_gb,0,0.000823974609375
jax/orbax/write/sharded_array_gb,0,0.0001220703125
jax/orbax/write/sharded_array_gb,0,0.0001373291015625
jax/orbax/write/sharded_array_gb,0,0.0001373291015625
jax/orbax/write/sharded_array_gb,0,6.103515625e-05
jax/orbax/write/sharded_array_gb,0,0.0001373291015625
jax/orbax/write/sharded_array_gb,0,0.0001220703125
jax/orbax/write/sharded_array_gb,0,0.000823974609375
jax/orbax/write/sharded_array_gb,0,0.0001373291015625
jax/orbax/write/sharded_array_gb,0,0.0001373291015625
jax/orbax/write/sharded_array_gb,0,0.000823974609375
jax/orbax/write/sharded_array_gb,0,0.0001373291015625
jax/orbax/write/sharded_array_gb,0,0.000823974609375
jax/orbax/write/sharded_array_gb,0,0.0001220703125
jax/orbax/write/sharded_array_gb,0,0.0001373291015625
jax/orbax/write/sharded_array_gb,0,0.0001373291015625
jax/orbax/write/sharded_array_gb,0,6.103515625e-05
jax/orbax/write/sharded_array_gb,0,0.0001373291015625
jax/orbax/write/sharded_array_gb,0,0.0001220703125
jax/orbax/write/sharded_array_gb,0,0.000823974609375
jax/orbax/write/sharded_array_gb,0,0.0001373291015625
jax/orbax/write/sharded_array_gb,0,0.0001373291015625
jax/orbax/write/sharded_array_gb,0,0.000823974609375
jax/orbax/write/sharded_array_gb,0,0.0001373291015625
jax/orbax/write/sharded_array_gb,0,0.000823974609375
jax/orbax/write/sharded_array_gb,0,0.0001220703125
jax/orbax/write/sharded_array_gb,0,0.0001373291015625
jax/orbax/write/sharded_array_gb,0,0.0001373291015625
jax/orbax/write/sharded_array_gb,0,6.103515625e-05
jax/orbax/write/sharded_array_gb,0,0.0001373291015625
jax/orbax/write/sharded_array_gb,0,0.0001220703125
jax/orbax/write/sharded_array_gb,0,0.000823974609375
jax/orbax/write/sharded_array_gb,0,0.0001373291015625
jax/orbax/write/sharded_array_gb,0,0.0001373291015625
jax/orbax/write/sharded_array_gb,0,0.000823974609375
jax/orbax/write/sharded_array_gb,0,0.0001373291015625
jax/orbax/write/sharded_array_gb,0,0.000823974609375
jax/orbax/write/sharded_array_gb,0,0.0001220703125
jax/orbax/write/sharded_array_gb,0,0.0001373291015625
jax/orbax/write/sharded_array_gb,0,0.0001373291015625
jax/orbax/write/sharded_array_gb,0,6.103515625e-05
jax/orbax/write/sharded_array_gb,0,0.0001373291015625
jax/orbax/write/sharded_array_gb,0,0.0001220703125
jax/orbax/write/sharded_array_gb,0,0.000823974609375
jax/orbax/write/sharded_array_gb,0,0.0001373291015625
jax/orbax/write/sharded_array_gb,0,0.0001373291015625
jax/orbax/write/sharded_array_gb,0,0.000823974609375
jax/orbax/write/sharded_array_gb,0,0.0001373291015625
jax/orbax/write/sharded_array_gb,0,0.000823974609375
jax/orbax/write/sharded_array_gb,0,0.0001220703125
jax/orbax/write/sharded_array_gb,0,0.0001373291015625
jax/orbax/write/sharded_array_gb,0,0.0001373291015625
jax/orbax/write/sharded_array_gb,0,6.103515625e-05
jax/orbax/write/sharded_array_gb,0,0.0001373291015625
jax/orbax/write/sharded_array_gb,0,0.0001220703125
jax/orbax/write/sharded_array_gb,0,0.000823974609375
jax/orbax/write/sharded_array_gb,0,0.0001373291015625
jax/orbax/write/sharded_array_gb,0,0.0001373291015625
jax/orbax/write/sharded_array_gb,0,0.000823974609375
jax/orbax/write/sharded_array_gb,0,0.0001373291015625
jax/orbax/write/sharded_array_gb,0,0.000823974609375
jax/orbax/write/sharded_array_gb,0,0.0001220703125
jax/orbax/write/sharded_array_gb,0,0.0001373291015625
jax/orbax/write/sharded_array_gb,0,0.0001373291015625
jax/orbax/write/sharded_array_gb,0,6.103515625e-05
jax/orbax/write/sharded_array_gb,0,0.0001373291015625
jax/orbax/write/sharded_array_gb,0,0.0001220703125
jax/orbax/write/sharded_array_gb,0,0.000823974609375
jax/orbax/write/sharded_array_gb,0,0.0001373291015625
jax/orbax/write/sharded_array_gb,0,0.0001373291015625
jax/orbax/write/sharded_array_gb,0,0.000823974609375
jax/orbax/write/sharded_array_gb,0,0.0001373291015625
jax/orbax/write/sharded_array_gb,0,0.000823974609375
jax/orbax/write/sharded_array_gb,0,0.0001220703125
jax/orbax/write/sharded_array_gb,0,0.0001373291015625
jax/orbax/write/sharded_array_gb,0,0.0001373291015625
jax/orbax/write/sharded_array_gb,0,6.103515625e-05
jax/orbax/write/sharded_array_gb,0,0.0001373291015625
jax/orbax/write/sharded_array_gb,0,0.0001220703125
jax/orbax/write/sharded_array_gb,0,0.000823974609375
jax/orbax/write/sharded_array_gb,0,0.0001373291015625
jax/orbax/write/sharded_array_gb,0,0.0001373291015625
jax/orbax/write/sharded_array_gb,0,0.000823974609375
jax/orbax/write/sharded_array_gb,0,0.0001373291015625
jax/orbax/write/sharded_array_gb,0,0.000823974609375
jax/orbax/write/sharded_array_gb,0,0.0001220703125
jax/orbax/write/sharded_array_gb,0,0.0001373291015625
jax/orbax/write/sharded_array_gb,0,0.0001373291015625
jax/orbax/write/sharded_array_gb,0,6.103515625e-05
jax/orbax/write/sharded_array_gb,0,0.0001373291015625
jax/orbax/write/sharded_array_gb,0,0.0001220703125
jax/orbax/write/sharded_array_gb,0,0.000823974609375
jax/orbax/write/sharded_array_gb,0,0.0001373291015625
jax/orbax/write/sharded_array_gb,0,0.0001373291015625
jax/orbax/write/sharded_array_gb,0,0.000823974609375
jax/orbax/write/sharded_array_gb,0,0.0001373291015625
jax/orbax/write/sharded_array_gb,0,0.000823974609375
jax/orbax/write/sharded_array_gb,0,0.0001220703125
jax/orbax/write/sharded_array_gb,0,0.0001373291015625
jax/orbax/write/sharded_array_gb,0,0.0001373291015625
jax/orbax/write/sharded_array_gb,0,6.103515625e-05
jax/orbax/write/sharded_array_gb,0,0.0001373291015625
jax/orbax/write/sharded_array_gb,0,0.0001220703125
jax/orbax/write/sharded_array_gb,0,0.000823974609375
jax/orbax/write/sharded_array_gb,0,0.0001373291015625
jax/orbax/write/sharded_array_gb,0,0.0001373291015625
jax/orbax/write/sharded_array_gb,0,0.000823974609375
jax/orbax/write/sharded_array_gb,0,0.0001373291015625
jax/orbax/write/sharded_array_gb,0,0.000823974609375
jax/orbax/write/sharded_array_gb,0,0.0001220703125
jax/orbax/write/sharded_array_gb,0,0.0001373291015625
jax/orbax/write/sharded_array_gb,0,0.0001373291015625
jax/orbax/write/sharded_array_gb,0,6.103515625e-05
jax/orbax/write/sharded_array_gb,0,0.0001373291015625
jax/orbax/write/sharded_array_gb,0,0.0001220703125
jax/orbax/write/sharded_array_gb,0,0.000823974609375
jax/orbax/write/sharded_array_gb,0,0.0001373291015625
jax/orbax/write/sharded_array_gb,0,0.0001373291015625
jax/orbax/write/sharded_array_gb,0,0.000823974609375
jax/orbax/write/sharded_array_gb,0,0.0001373291015625
jax/orbax/write/sharded_array_gb,0,0.000823974609375
jax/orbax/write/sharded_array_gb,0,0.0001220703125
jax/orbax/write/sharded_array_gb,0,0.0001373291015625
jax/orbax/write/sharded_array_gb,0,0.0001373291015625
jax/orbax/write/sharded_array_gb,0,6.103515625e-05
jax/orbax/write/sharded_array_gb,0,0.0001373291015625
jax/orbax/write/sharded_array_gb,0,0.0001220703125
jax/orbax/write/sharded_array_gb,0,0.000823974609375
jax/orbax/write/sharded_array_gb,0,0.0001373291015625
jax/orbax/write/sharded_array_gb,0,0.0001373291015625
jax/orbax/write/sharded_array_gb,0,0.000823974609375
jax/orbax/write/sharded_array_gb,0,0.0001373291015625
jax/orbax/write/sharded_array_gb,0,0.000823974609375
jax/orbax/write/sharded_array_gb,0,0.0001220703125
jax/orbax/write/sharded_array_gb,0,0.0001373291015625
jax/orbax/write/sharded_array_gb,0,0.0001373291015625
jax/orbax/write/sharded_array_gb,0,6.103515625e-05
jax/orbax/write/sharded_array_gb,0,0.0001373291015625
jax/orbax/write/sharded_array_gb,0,0.0001220703125
jax/orbax/write/sharded_array_gb,0,0.000823974609375
jax/orbax/write/sharded_array_gb,0,0.0001373291015625
jax/orbax/write/sharded_array_gb,0,0.0001373291015625
jax/orbax/write/sharded_array_gb,0,0.000823974609375
jax/orbax/write/sharded_array_gb,0,0.0001373291015625
jax/orbax/write/sharded_array_gb,0,0.000823974609375
jax/orbax/write/sharded_array_gb,0,0.0001220703125
jax/orbax/write/sharded_array_gb,0,0.0001373291015625
jax/orbax/write/sharded_array_gb,0,0.0001373291015625
jax/orbax/write/sharded_array_gb,0,6.103515625e-05
jax/orbax/write/sharded_array_gb,0,0.0001373291015625
jax/orbax/write/sharded_array_gb,0,0.0001220703125
jax/orbax/write/sharded_array_gb,0,0.000823974609375
jax/orbax/write/sharded_array_gb,0,0.0001373291015625
jax/orbax/write/sharded_array_gb,0,0.0001373291015625
jax/orbax/write/sharded_array_gb,0,0.000823974609375
jax/orbax/write/sharded_array_gb,0,0.0001373291015625
jax/orbax/write/sharded_array_gb,0,0.000823974609375
jax/orbax/write/sharded_array_gb,0,0.0001220703125
jax/orbax/write/sharded_array_gb,0,0.0001373291015625
jax/orbax/write/sharded_array_gb,0,0.0001373291015625
jax/orbax/write/sharded_array_gb,0,6.103515625e-05
jax/orbax/write/sharded_array_gb,0,0.0001373291015625
jax/orbax/write/sharded_array_gb,0,0.0001220703125
jax/orbax/write/sharded_array_gb,0,0.000823974609375
jax/orbax/write/sharded_array_gb,0,0.0001373291015625
jax/orbax/write/sharded_array_gb,0,0.0001373291015625
jax/orbax/write/sharded_array_gb,0,0.000823974609375
jax/orbax/write/sharded_array_gb,0,0.0001373291015625
jax/orbax/write/sharded_array_gb,0,0.000823974609375
jax/orbax/write/sharded_array_gb,0,0.0001220703125
jax/orbax/write/sharded_array_gb,0,0.0001373291015625
jax/orbax/write/sharded_array_gb,0,0.0001373291015625
jax/orbax/write/sharded_array_gb,0,6.103515625e-05
jax/orbax/write/sharded_array_gb,0,0.0001373291015625
jax/orbax/write/sharded_array_gb,0,0.0001220703125
jax/orbax/write/sharded_array_gb,0,0.000823974609375
jax/orbax/write/sharded_array_gb,0,0.0001373291015625
jax/orbax/write/sharded_array_gb,0,0.0001373291015625
jax/orbax/write/sharded_array_gb,0,0.000823974609375
jax/orbax/write/sharded_array_gb,0,0.0001373291015625
jax/orbax/write/sharded_array_gb,0,0.000823974609375
jax/orbax/write/sharded_array_gb,0,0.0001220703125
jax/orbax/write/sharded_array_gb,0,0.0001373291015625
jax/orbax/write/sharded_array_gb,0,0.0001373291015625
jax/orbax/write/sharded_array_gb,0,6.103515625e-05
jax/orbax/write/sharded_array_gb,0,0.0001373291015625
jax/orbax/write/sharded_array_gb,0,0.0001220703125
jax/orbax/write/sharded_array_gb,0,0.000823974609375
jax/orbax/write/sharded_array_gb,0,0.0001373291015625
jax/orbax/write/sharded_array_gb,0,0.0001373291015625
jax/orbax/write/sharded_array_gb,0,0.000823974609375
jax/orbax/write/sharded_array_gb,0,0.0001373291015625
jax/orbax/write/sharded_array_gb,0,0.000823974609375
jax/orbax/write/sharded_array_gb,0,0.0001220703125
jax/orbax/write/sharded_array_gb,0,0.0001373291015625
jax/orbax/write/sharded_array_gb,0,0.0001373291015625
jax/orbax/write/sharded_array_gb,0,6.103515625e-05
jax/orbax/write/sharded_array_gb,0,0.0001373291015625
jax/orbax/write/sharded_array_gb,0,0.0001220703125
jax/orbax/write/sharded_array_gb,0,0.000823974609375
jax/orbax/write/sharded_array_gb,0,0.0001373291015625
jax/orbax/write/sharded_array_gb,0,0.0001373291015625
jax/orbax/write/sharded_array_gb,0,0.000823974609375
jax/orbax/write/sharded_array_gb,0,0.0001373291015625
jax/orbax/write/sharded_array_gb,0,0.000823974609375
jax/orbax/write/sharded_array_gb,0,0.0001220703125
jax/orbax/write/sharded_array_gb,0,0.0001373291015625
jax/orbax/write/sharded_array_gb,0,0.0001373291015625
jax/orbax/write/sharded_array_gb,0,6.103515625e-05
jax/orbax/write/sharded_array_gb,0,0.0001373291015625
jax/orbax/write/sharded_array_gb,0,0.0001220703125
jax/orbax/write/sharded_array_gb,0,0.000823974609375
jax/orbax/write/sharded_array_gb,0,0.0001373291015625
jax/orbax/write/sharded_array_gb,0,0.0001373291015625
jax/orbax/write/sharded_array_gb,0,0.000823974609375
jax/orbax/write/sharded_array_gb,0,0.0001373291015625
jax/orbax/write/sharded_array_gb,0,0.000823974609375
jax/orbax/write/sharded_array_gb,0,0.0001220703125
jax/orbax/write/sharded_array_gb,0,0.0001373291015625
jax/orbax/write/sharded_array_gb,0,0.0001373291015625
jax/orbax/write/sharded_array_gb,0,6.103515625e-05
jax/orbax/write/sharded_array_gb,0,0.0001373291015625
jax/orbax/write/sharded_array_gb,0,0.0001220703125
jax/orbax/write/sharded_array_gb,0,0.000823974609375
jax/orbax/write/sharded_array_gb,0,0.0001373291015625
jax/orbax/write/sharded_array_gb,0,0.0001373291015625
jax/orbax/write/sharded_array_gb,0,0.000823974609375
jax/orbax/write/sharded_array_gb,0,0.0001373291015625
jax/orbax/write/sharded_array_gb,0,0.000823974609375
jax/orbax/write/sharded_array_gb,0,0.0001220703125
jax/orbax/write/sharded_array_gb,0,0.0001373291015625
jax/orbax/write/sharded_array_gb,0,0.0001373291015625
jax/orbax/write/sharded_array_gb,0,6.103515625e-05
jax/orbax/write/sharded_array_gb,0,0.0001373291015625
jax/orbax/write/sharded_array_gb,0,0.0001220703125
jax/orbax/write/sharded_array_gb,0,0.000823974609375
jax/orbax/write/sharded_array_gb,0,0.0001373291015625
jax/orbax/write/sharded_array_gb,0,0.0001373291015625
jax/orbax/write/sharded_array_gb,0,0.000823974609375
jax/orbax/write/sharded_array_gb,0,0.0001373291015625
jax/orbax/write/sharded_array_gb,0,0.000823974609375
jax/orbax/write/sharded_array_gb,0,0.0001220703125
jax/orbax/write/sharded_array_gb,0,0.0001373291015625
jax/orbax/write/sharded_array_gb,0,0.0001373291015625
jax/orbax/write/sharded_array_gb,0,6.103515625e-05
jax/orbax/write/sharded_array_gb,0,0.0001373291015625
jax/orbax/write/sharded_array_gb,0,0.0001220703125
jax/orbax/write/sharded_array_gb,0,0.000823974609375
jax/orbax/write/sharded_array_gb,0,0.0001373291015625
jax/orbax/write/sharded_array_gb,0,0.0001373291015625
jax/orbax/write/sharded_array_gb,0,0.000823974609375
jax/orbax/write/sharded_array_gb,0,0.0001373291015625
jax/orbax/write/sharded_array_gb,0,0.000823974609375
jax/orbax/write/sharded_array_gb,0,0.0001220703125
jax/orbax/write/sharded_array_gb,0,0.0001373291015625
jax/orbax/write/sharded_array_gb,0,0.0001373291015625
jax/orbax/write/sharded_array_gb,0,6.103515625e-05
jax/orbax/write/sharded_array_gb,0,0.0001373291015625
jax/orbax/write/sharded_array_gb,0,0.0001220703125
jax/orbax/write/sharded_array_gb,0,0.000823974609375
jax/orbax/write/sharded_array_gb,0,0.0001373291015625
jax/orbax/write/sharded_array_gb,0,0.0001373291015625
jax/orbax/write/sharded_array_gb,0,0.000823974609375
jax/orbax/write/sharded_array_gb,0,0.0001373291015625
jax/orbax/write/sharded_array_gb,0,0.000823974609375
jax/orbax/write/sharded_array_gb,0,0.0001220703125
jax/orbax/write/sharded_array_gb,0,0.0001373291015625
jax/orbax/write/sharded_array_gb,0,0.0001373291015625
jax/orbax/write/sharded_array_gb,0,6.103515625e-05
jax/orbax/write/sharded_array_gb,0,0.0001373291015625
jax/orbax/write/sharded_array_gb,0,0.0001220703125
jax/orbax/write/sharded_array_gb,0,0.000823974609375
jax/orbax/write/sharded_array_gb,0,0.0001373291015625
jax/orbax/write/sharded_array_gb,0,0.0001373291015625
jax/orbax/write/sharded_array_gb,0,0.000823974609375
jax/orbax/write/sharded_array_gb,0,0.0001373291015625
jax/orbax/write/sharded_array_gb,0,0.000823974609375
jax/orbax/write/sharded_array_gb,0,0.0001220703125
jax/orbax/write/sharded_array_gb,0,0.0001373291015625
jax/orbax/write/sharded_array_gb,0,0.0001373291015625
jax/orbax/write/sharded_array_gb,0,6.103515625e-05
jax/orbax/write/sharded_array_gb,0,0.0001373291015625
jax/orbax/write/sharded_array_gb,0,0.0001220703125
jax/orbax/write/sharded_array_gb,0,0.000823974609375
jax/orbax/write/sharded_array_gb,0,0.0001373291015625
jax/orbax/write/sharded_array_gb,0,0.0001373291015625
jax/orbax/write/sharded_array_gb,0,0.000823974609375
jax/orbax/write/sharded_array_gb,0,0.0001373291015625
jax/orbax/write/sharded_array_gb,0,0.000823974609375
jax/orbax/write/sharded_array_gb,0,0.000244140625
jax/orbax/write/sharded_array_gb,0,0.000274658203125
jax/orbax/write/sharded_array_gb,0,0.000274658203125
jax/orbax/write/sharded_array_gb,0,0.0001220703125
jax/orbax/write/sharded_array_gb,0,0.000274658203125
jax/orbax/write/sharded_array_gb,0,0.000244140625
jax/orbax/write/sharded_array_gb,0,0.00164794921875
jax/orbax/write/sharded_array_gb,0,0.000274658203125
jax/orbax/write/sharded_array_gb,0,0.000274658203125
jax/orbax/write/sharded_array_gb,0,0.00164794921875
jax/orbax/write/sharded_array_gb,0,0.000274658203125
jax/orbax/write/sharded_array_gb,0,0.00164794921875
jax/orbax/write/sharded_array_gb,0,0.000244140625
jax/orbax/write/sharded_array_gb,0,0.000274658203125
jax/orbax/write/sharded_array_gb,0,0.000274658203125
jax/orbax/write/sharded_array_gb,0,0.0001220703125
jax/orbax/write/sharded_array_gb,0,0.000274658203125
jax/orbax/write/sharded_array_gb,0,0.000244140625
jax/orbax/write/sharded_array_gb,0,0.00164794921875
jax/orbax/write/sharded_array_gb,0,0.000274658203125
jax/orbax/write/sharded_array_gb,0,0.000274658203125
jax/orbax/write/sharded_array_gb,0,0.00164794921875
jax/orbax/write/sharded_array_gb,0,0.000274658203125
jax/orbax/write/sharded_array_gb,0,0.00164794921875
jax/orbax/write/sharded_array_gb,0,0.000244140625
jax/orbax/write/sharded_array_gb,0,0.000274658203125
jax/orbax/write/sharded_array_gb,0,0.000274658203125
jax/orbax/write/sharded_array_gb,0,0.0001220703125
jax/orbax/write/sharded_array_gb,0,0.000274658203125
jax/orbax/write/sharded_array_gb,0,0.000244140625
jax/orbax/write/sharded_array_gb,0,0.00164794921875
jax/orbax/write/sharded_array_gb,0,0.000274658203125
jax/orbax/write/sharded_array_gb,0,0.000274658203125
jax/orbax/write/sharded_array_gb,0,0.00164794921875
jax/orbax/write/sharded_array_gb,0,0.000274658203125
jax/orbax/write/sharded_array_gb,0,0.00164794921875
jax/orbax/write/sharded_array_gb,0,0.000244140625
jax/orbax/write/sharded_array_gb,0,0.000274658203125
jax/orbax/write/sharded_array_gb,0,0.000274658203125
jax/orbax/write/sharded_array_gb,0,0.0001220703125
jax/orbax/write/sharded_array_gb,0,0.000274658203125
jax/orbax/write/sharded_array_gb,0,0.000244140625
jax/orbax/write/sharded_array_gb,0,0.00164794921875
jax/orbax/write/sharded_array_gb,0,0.000274658203125
jax/orbax/write/sharded_array_gb,0,0.000274658203125
jax/orbax/write/sharded_array_gb,0,0.00164794921875
jax/orbax/write/sharded_array_gb,0,0.000274658203125
jax/orbax/write/sharded_array_gb,0,0.00164794921875
jax/orbax/write/sharded_array_gb,0,0.000244140625
jax/orbax/write/sharded_array_gb,0,0.000274658203125
jax/orbax/write/sharded_array_gb,0,0.000274658203125
jax/orbax/write/sharded_array_gb,0,0.0001220703125
jax/orbax/write/sharded_array_gb,0,0.000274658203125
jax/orbax/write/sharded_array_gb,0,0.000244140625
jax/orbax/write/sharded_array_gb,0,0.00164794921875
jax/orbax/write/sharded_array_gb,0,0.000274658203125
jax/orbax/write/sharded_array_gb,0,0.000274658203125
jax/orbax/write/sharded_array_gb,0,0.00164794921875
jax/orbax/write/sharded_array_gb,0,0.000274658203125
jax/orbax/write/sharded_array_gb,0,0.00164794921875
jax/orbax/write/sharded_array_gb,0,0.000244140625
jax/orbax/write/sharded_array_gb,0,0.000274658203125
jax/orbax/write/sharded_array_gb,0,0.000274658203125
jax/orbax/write/sharded_array_gb,0,0.0001220703125
jax/orbax/write/sharded_array_gb,0,0.000274658203125
jax/orbax/write/sharded_array_gb,0,0.000244140625
jax/orbax/write/sharded_array_gb,0,0.00164794921875
jax/orbax/write/sharded_array_gb,0,0.000274658203125
jax/orbax/write/sharded_array_gb,0,0.000274658203125
jax/orbax/write/sharded_array_gb,0,0.00164794921875
jax/orbax/write/sharded_array_gb,0,0.000274658203125
jax/orbax/write/sharded_array_gb,0,0.00164794921875
jax/orbax/write/sharded_array_gb,0,0.000244140625
jax/orbax/write/sharded_array_gb,0,0.000274658203125
jax/orbax/write/sharded_array_gb,0,0.000274658203125
jax/orbax/write/sharded_array_gb,0,0.0001220703125
jax/orbax/write/sharded_array_gb,0,0.000274658203125
jax/orbax/write/sharded_array_gb,0,0.000244140625
jax/orbax/write/sharded_array_gb,0,0.00164794921875
jax/orbax/write/sharded_array_gb,0,0.000274658203125
jax/orbax/write/sharded_array_gb,0,0.000274658203125
jax/orbax/write/sharded_array_gb,0,0.00164794921875
jax/orbax/write/sharded_array_gb,0,0.000274658203125
jax/orbax/write/sharded_array_gb,0,0.00164794921875
jax/orbax/write/sharded_array_gb,0,0.000244140625
jax/orbax/write/sharded_array_gb,0,0.000274658203125
jax/orbax/write/sharded_array_gb,0,0.000274658203125
jax/orbax/write/sharded_array_gb,0,0.0001220703125
jax/orbax/write/sharded_array_gb,0,0.000274658203125
jax/orbax/write/sharded_array_gb,0,0.000244140625
jax/orbax/write/sharded_array_gb,0,0.00164794921875
jax/orbax/write/sharded_array_gb,0,0.000274658203125
jax/orbax/write/sharded_array_gb,0,0.000274658203125
jax/orbax/write/sharded_array_gb,0,0.00164794921875
jax/orbax/write/sharded_array_gb,0,0.000274658203125
jax/orbax/write/sharded_array_gb,0,0.00164794921875
jax/orbax/write/sharded_array_gb,0,0.000244140625
jax/orbax/write/sharded_array_gb,0,0.000274658203125
jax/orbax/write/sharded_array_gb,0,0.000274658203125
jax/orbax/write/sharded_array_gb,0,0.0001220703125
jax/orbax/write/sharded_array_gb,0,0.000274658203125
jax/orbax/write/sharded_array_gb,0,0.000244140625
jax/orbax/write/sharded_array_gb,0,0.00164794921875
jax/orbax/write/sharded_array_gb,0,0.000274658203125
jax/orbax/write/sharded_array_gb,0,0.000274658203125
jax/orbax/write/sharded_array_gb,0,0.00164794921875
jax/orbax/write/sharded_array_gb,0,0.000274658203125
jax/orbax/write/sharded_array_gb,0,0.00164794921875
jax/orbax/write/sharded_array_gb,0,0.000244140625
jax/orbax/write/sharded_array_gb,0,0.000274658203125
jax/orbax/write/sharded_array_gb,0,0.000274658203125
jax/orbax/write/sharded_array_gb,0,0.0001220703125
jax/orbax/write/sharded_array_gb,0,0.000274658203125
jax/orbax/write/sharded_array_gb,0,0.000244140625
jax/orbax/write/sharded_array_gb,0,0.00164794921875
jax/orbax/write/sharded_array_gb,0,0.000274658203125
jax/orbax/write/sharded_array_gb,0,0.000274658203125
jax/orbax/write/sharded_array_gb,0,0.00164794921875
jax/orbax/write/sharded_array_gb,0,0.000274658203125
jax/orbax/write/sharded_array_gb,0,0.00164794921875
jax/orbax/write/sharded_array_gb,0,0.000244140625
jax/orbax/write/sharded_array_gb,0,0.000274658203125
jax/orbax/write/sharded_array_gb,0,0.000274658203125
jax/orbax/write/sharded_array_gb,0,0.0001220703125
jax/orbax/write/sharded_array_gb,0,0.000274658203125
jax/orbax/write/sharded_array_gb,0,0.000244140625
jax/orbax/write/sharded_array_gb,0,0.00164794921875
jax/orbax/write/sharded_array_gb,0,0.000274658203125
jax/orbax/write/sharded_array_gb,0,0.000274658203125
jax/orbax/write/sharded_array_gb,0,0.00164794921875
jax/orbax/write/sharded_array_gb,0,0.000274658203125
jax/orbax/write/sharded_array_gb,0,0.00164794921875
jax/orbax/write/sharded_array_gb,0,0.000244140625
jax/orbax/write/sharded_array_gb,0,0.000274658203125
jax/orbax/write/sharded_array_gb,0,0.000274658203125
jax/orbax/write/sharded_array_gb,0,0.0001220703125
jax/orbax/write/sharded_array_gb,0,0.000274658203125
jax/orbax/write/sharded_array_gb,0,0.000244140625
jax/orbax/write/sharded_array_gb,0,0.00164794921875
jax/orbax/write/sharded_array_gb,0,0.000274658203125
jax/orbax/write/sharded_array_gb,0,0.000274658203125
jax/orbax/write/sharded_array_gb,0,0.00164794921875
jax/orbax/write/sharded_array_gb,0,0.000274658203125
jax/orbax/write/sharded_array_gb,0,0.00164794921875
jax/orbax/write/sharded_array_gb,0,0.000244140625
jax/orbax/write/sharded_array_gb,0,0.000274658203125
jax/orbax/write/sharded_array_gb,0,0.000274658203125
jax/orbax/write/sharded_array_gb,0,0.0001220703125
jax/orbax/write/sharded_array_gb,0,0.000274658203125
jax/orbax/write/sharded_array_gb,0,0.000244140625
jax/orbax/write/sharded_array_gb,0,0.00164794921875
jax/orbax/write/sharded_array_gb,0,0.000274658203125
jax/orbax/write/sharded_array_gb,0,0.000274658203125
jax/orbax/write/sharded_array_gb,0,0.00164794921875
jax/orbax/write/sharded_array_gb,0,0.000274658203125
jax/orbax/write/sharded_array_gb,0,0.00164794921875
jax/orbax/write/sharded_array_gb,0,0.000244140625
jax/orbax/write/sharded_array_gb,0,0.000274658203125
jax/orbax/write/sharded_array_gb,0,0.000274658203125
jax/orbax/write/sharded_array_gb,0,0.0001220703125
jax/orbax/write/sharded_array_gb,0,0.000274658203125
jax/orbax/write/sharded_array_gb,0,0.000244140625
jax/orbax/write/sharded_array_gb,0,0.00164794921875
jax/orbax/write/sharded_array_gb,0,0.000274658203125
jax/orbax/write/sharded_array_gb,0,0.000274658203125
jax/orbax/write/sharded_array_gb,0,0.00164794921875
jax/orbax/write/sharded_array_gb,0,0.000274658203125
jax/orbax/write/sharded_array_gb,0,0.00164794921875
jax/orbax/write/sharded_array_gb,0,0.000244140625
jax/orbax/write/sharded_array_gb,0,0.000274658203125
jax/orbax/write/sharded_array_gb,0,0.000274658203125
jax/orbax/write/sharded_array_gb,0,0.0001220703125
jax/orbax/write/sharded_array_gb,0,0.000274658203125
jax/orbax/write/sharded_array_gb,0,0.000244140625
jax/orbax/write/sharded_array_gb,0,0.00164794921875
jax/orbax/write/sharded_array_gb,0,0.000274658203125
jax/orbax/write/sharded_array_gb,0,0.000274658203125
jax/orbax/write/sharded_array_gb,0,0.00164794921875
jax/orbax/write/sharded_array_gb,0,0.000274658203125
jax/orbax/write/sharded_array_gb,0,0.00164794921875
jax/orbax/write/sharded_array_gb,0,0.000244140625
jax/orbax/write/sharded_array_gb,0,0.000274658203125
jax/orbax/write/sharded_array_gb,0,0.000274658203125
jax/orbax/write/sharded_array_gb,0,0.0001220703125
jax/orbax/write/sharded_array_gb,0,0.000274658203125
jax/orbax/write/sharded_array_gb,0,0.000244140625
jax/orbax/write/sharded_array_gb,0,0.00164794921875
jax/orbax/write/sharded_array_gb,0,0.000274658203125
jax/orbax/write/sharded_array_gb,0,0.000274658203125
jax/orbax/write/sharded_array_gb,0,0.00164794921875
jax/orbax/write/sharded_array_gb,0,0.000274658203125
jax/orbax/write/sharded_array_gb,0,0.00164794921875
jax/orbax/write/sharded_array_gb,0,0.000244140625
jax/orbax/write/sharded_array_gb,0,0.000274658203125
jax/orbax/write/sharded_array_gb,0,0.000274658203125
jax/orbax/write/sharded_array_gb,0,0.0001220703125
jax/orbax/write/sharded_array_gb,0,0.000274658203125
jax/orbax/write/sharded_array_gb,0,0.000244140625
jax/orbax/write/sharded_array_gb,0,0.00164794921875
jax/orbax/write/sharded_array_gb,0,0.000274658203125
jax/orbax/write/sharded_array_gb,0,0.000274658203125
jax/orbax/write/sharded_array_gb,0,0.00164794921875
jax/orbax/write/sharded_array_gb,0,0.000274658203125
jax/orbax/write/sharded_array_gb,0,0.00164794921875
jax/orbax/write/sharded_array_gb,0,0.000244140625
jax/orbax/write/sharded_array_gb,0,0.000274658203125
jax/orbax/write/sharded_array_gb,0,0.000274658203125
jax/orbax/write/sharded_array_gb,0,0.0001220703125
jax/orbax/write/sharded_array_gb,0,0.000274658203125
jax/orbax/write/sharded_array_gb,0,0.000244140625
jax/orbax/write/sharded_array_gb,0,0.00164794921875
jax/orbax/write/sharded_array_gb,0,0.000274658203125
jax/orbax/write/sharded_array_gb,0,0.000274658203125
jax/orbax/write/sharded_array_gb,0,0.00164794921875
jax/orbax/write/sharded_array_gb,0,0.000274658203125
jax/orbax/write/sharded_array_gb,0,0.00164794921875
jax/orbax/write/sharded_array_gb,0,0.000244140625
jax/orbax/write/sharded_array_gb,0,0.000274658203125
jax/orbax/write/sharded_array_gb,0,0.000274658203125
jax/orbax/write/sharded_array_gb,0,0.0001220703125
jax/orbax/write/sharded_array_gb,0,0.000274658203125
jax/orbax/write/sharded_array_gb,0,0.000244140625
jax/orbax/write/sharded_array_gb,0,0.00164794921875
jax/orbax/write/sharded_array_gb,0,0.000274658203125
jax/orbax/write/sharded_array_gb,0,0.000274658203125
jax/orbax/write/sharded_array_gb,0,0.00164794921875
jax/orbax/write/sharded_array_gb,0,0.000274658203125
jax/orbax/write/sharded_array_gb,0,0.00164794921875
jax/orbax/write/sharded_array_gb,0,0.000244140625
jax/orbax/write/sharded_array_gb,0,0.000274658203125
jax/orbax/write/sharded_array_gb,0,0.000274658203125
jax/orbax/write/sharded_array_gb,0,0.0001220703125
jax/orbax/write/sharded_array_gb,0,0.000274658203125
jax/orbax/write/sharded_array_gb,0,0.000244140625
jax/orbax/write/sharded_array_gb,0,0.00164794921875
jax/orbax/write/sharded_array_gb,0,0.000274658203125
jax/orbax/write/sharded_array_gb,0,0.000274658203125
jax/orbax/write/sharded_array_gb,0,0.00164794921875
jax/orbax/write/sharded_array_gb,0,0.000274658203125
jax/orbax/write/sharded_array_gb,0,0.00164794921875
jax/orbax/write/sharded_array_gb,0,0.000244140625
jax/orbax/write/sharded_array_gb,0,0.000274658203125
jax/orbax/write/sharded_array_gb,0,0.000274658203125
jax/orbax/write/sharded_array_gb,0,0.0001220703125
jax/orbax/write/sharded_array_gb,0,0.000274658203125
jax/orbax/write/sharded_array_gb,0,0.000244140625
jax/orbax/write/sharded_array_gb,0,0.00164794921875
jax/orbax/write/sharded_array_gb,0,0.000274658203125
jax/orbax/write/sharded_array_gb,0,0.000274658203125
jax/orbax/write/sharded_array_gb,0,0.00164794921875
jax/orbax/write/sharded_array_gb,0,0.000274658203125
jax/orbax/write/sharded_array_gb,0,0.00164794921875
jax/orbax/write/sharded_array_gb,0,0.000244140625
jax/orbax/write/sharded_array_gb,0,0.000274658203125
jax/orbax/write/sharded_array_gb,0,0.000274658203125
jax/orbax/write/sharded_array_gb,0,0.0001220703125
jax/orbax/write/sharded_array_gb,0,0.000274658203125
jax/orbax/write/sharded_array_gb,0,0.000244140625
jax/orbax/write/sharded_array_gb,0,0.00164794921875
jax/orbax/write/sharded_array_gb,0,0.000274658203125
jax/orbax/write/sharded_array_gb,0,0.000274658203125
jax/orbax/write/sharded_array_gb,0,0.00164794921875
jax/orbax/write/sharded_array_gb,0,0.000274658203125
jax/orbax/write/sharded_array_gb,0,0.00164794921875
jax/orbax/write/sharded_array_gb,0,0.000244140625
jax/orbax/write/sharded_array_gb,0,0.000274658203125
jax/orbax/write/sharded_array_gb,0,0.000274658203125
jax/orbax/write/sharded_array_gb,0,0.0001220703125
jax/orbax/write/sharded_array_gb,0,0.000274658203125
jax/orbax/write/sharded_array_gb,0,0.000244140625
jax/orbax/write/sharded_array_gb,0,0.00164794921875
jax/orbax/write/sharded_array_gb,0,0.000274658203125
jax/orbax/write/sharded_array_gb,0,0.000274658203125
jax/orbax/write/sharded_array_gb,0,0.00164794921875
jax/orbax/write/sharded_array_gb,0,0.000274658203125
jax/orbax/write/sharded_array_gb,0,0.00164794921875
jax/orbax/write/sharded_array_gb,0,0.000244140625
jax/orbax/write/sharded_array_gb,0,0.000274658203125
jax/orbax/write/sharded_array_gb,0,0.000274658203125
jax/orbax/write/sharded_array_gb,0,0.0001220703125
jax/orbax/write/sharded_array_gb,0,0.000274658203125
jax/orbax/write/sharded_array_gb,0,0.000244140625
jax/orbax/write/sharded_array_gb,0,0.00164794921875
jax/orbax/write/sharded_array_gb,0,0.000274658203125
jax/orbax/write/sharded_array_gb,0,0.000274658203125
jax/orbax/write/sharded_array_gb,0,0.00164794921875
jax/orbax/write/sharded_array_gb,0,0.000274658203125
jax/orbax/write/sharded_array_gb,0,0.00164794921875
jax/orbax/write/sharded_array_gb,0,0.000244140625
jax/orbax/write/sharded_array_gb,0,0.000274658203125
jax/orbax/write/sharded_array_gb,0,0.000274658203125
jax/orbax/write/sharded_array_gb,0,0.0001220703125
jax/orbax/write/sharded_array_gb,0,0.000274658203125
jax/orbax/write/sharded_array_gb,0,0.000244140625
jax/orbax/write/sharded_array_gb,0,0.00164794921875
jax/orbax/write/sharded_array_gb,0,0.000274658203125
jax/orbax/write/sharded_array_gb,0,0.000274658203125
jax/orbax/write/sharded_array_gb,0,0.00164794921875
jax/orbax/write/sharded_array_gb,0,0.000274658203125
jax/orbax/write/sharded_array_gb,0,0.00164794921875
jax/orbax/write/sharded_array_gb,0,0.000244140625
jax/orbax/write/sharded_array_gb,0,0.000274658203125
jax/orbax/write/sharded_array_gb,0,0.000274658203125
jax/orbax/write/sharded_array_gb,0,0.0001220703125
jax/orbax/write/sharded_array_gb,0,0.000274658203125
jax/orbax/write/sharded_array_gb,0,0.000244140625
jax/orbax/write/sharded_array_gb,0,0.00164794921875
jax/orbax/write/sharded_array_gb,0,0.000274658203125
jax/orbax/write/sharded_array_gb,0,0.000274658203125
jax/orbax/write/sharded_array_gb,0,0.00164794921875
jax/orbax/write/sharded_array_gb,0,0.000274658203125
jax/orbax/write/sharded_array_gb,0,0.00164794921875
jax/orbax/write/sharded_array_gb,0,3.725290298461914e-09
jax/orbax/write/sharded_array_gb,0,3.725290298461914e-09
jax/orbax/write/sharded_array_gb,0,0.0001220703125
jax/orbax/write/sharded_array_gb,0,0.0001373291015625
jax/orbax/write/sharded_array_gb,0,0.0001373291015625
jax/orbax/write/sharded_array_gb,0,6.103515625e-05
jax/orbax/write/sharded_array_gb,0,0.0001373291015625
jax/orbax/write/sharded_array_gb,0,0.0001220703125
jax/orbax/write/sharded_array_gb,0,0.000823974609375
jax/orbax/write/sharded_array_gb,0,0.0001373291015625
jax/orbax/write/sharded_array_gb,0,0.0001373291015625
jax/orbax/write/sharded_array_gb,0,0.000823974609375
jax/orbax/write/sharded_array_gb,0,0.0001373291015625
jax/orbax/write/sharded_array_gb,0,0.000823974609375
jax/orbax/write/sharded_array_gb,0,0.0001220703125
jax/orbax/write/sharded_array_gb,0,0.0001373291015625
jax/orbax/write/sharded_array_gb,0,0.0001373291015625
jax/orbax/write/sharded_array_gb,0,6.103515625e-05
jax/orbax/write/sharded_array_gb,0,0.0001373291015625
jax/orbax/write/sharded_array_gb,0,0.0001220703125
jax/orbax/write/sharded_array_gb,0,0.000823974609375
jax/orbax/write/sharded_array_gb,0,0.0001373291015625
jax/orbax/write/sharded_array_gb,0,0.0001373291015625
jax/orbax/write/sharded_array_gb,0,0.000823974609375
jax/orbax/write/sharded_array_gb,0,0.0001373291015625
jax/orbax/write/sharded_array_gb,0,0.000823974609375
jax/orbax/write/sharded_array_gb,0,0.0001220703125
jax/orbax/write/sharded_array_gb,0,0.0001373291015625
jax/orbax/write/sharded_array_gb,0,0.0001373291015625
jax/orbax/write/sharded_array_gb,0,6.103515625e-05
jax/orbax/write/sharded_array_gb,0,0.0001373291015625
jax/orbax/write/sharded_array_gb,0,0.0001220703125
jax/orbax/write/sharded_array_gb,0,0.000823974609375
jax/orbax/write/sharded_array_gb,0,0.0001373291015625
jax/orbax/write/sharded_array_gb,0,0.0001373291015625
jax/orbax/write/sharded_array_gb,0,0.000823974609375
jax/orbax/write/sharded_array_gb,0,0.0001373291015625
jax/orbax/write/sharded_array_gb,0,0.000823974609375
jax/orbax/write/sharded_array_gb,0,0.0001220703125
jax/orbax/write/sharded_array_gb,0,0.0001373291015625
jax/orbax/write/sharded_array_gb,0,0.0001373291015625
jax/orbax/write/sharded_array_gb,0,6.103515625e-05
jax/orbax/write/sharded_array_gb,0,0.0001373291015625
jax/orbax/write/sharded_array_gb,0,0.0001220703125
jax/orbax/write/sharded_array_gb,0,0.000823974609375
jax/orbax/write/sharded_array_gb,0,0.0001373291015625
jax/orbax/write/sharded_array_gb,0,0.0001373291015625
jax/orbax/write/sharded_array_gb,0,0.000823974609375
jax/orbax/write/sharded_array_gb,0,0.0001373291015625
jax/orbax/write/sharded_array_gb,0,0.000823974609375
jax/orbax/write/sharded_array_gb,0,0.0001220703125
jax/orbax/write/sharded_array_gb,0,0.0001373291015625
jax/orbax/write/sharded_array_gb,0,0.0001373291015625
jax/orbax/write/sharded_array_gb,0,6.103515625e-05
jax/orbax/write/sharded_array_gb,0,0.0001373291015625
jax/orbax/write/sharded_array_gb,0,0.0001220703125
jax/orbax/write/sharded_array_gb,0,0.000823974609375
jax/orbax/write/sharded_array_gb,0,0.0001373291015625
jax/orbax/write/sharded_array_gb,0,0.0001373291015625
jax/orbax/write/sharded_array_gb,0,0.000823974609375
jax/orbax/write/sharded_array_gb,0,0.0001373291015625
jax/orbax/write/sharded_array_gb,0,0.000823974609375
jax/orbax/write/sharded_array_gb,0,0.0001220703125
jax/orbax/write/sharded_array_gb,0,0.0001373291015625
jax/orbax/write/sharded_array_gb,0,0.0001373291015625
jax/orbax/write/sharded_array_gb,0,6.103515625e-05
jax/orbax/write/sharded_array_gb,0,0.0001373291015625
jax/orbax/write/sharded_array_gb,0,0.0001220703125
jax/orbax/write/sharded_array_gb,0,0.000823974609375
jax/orbax/write/sharded_array_gb,0,0.0001373291015625
jax/orbax/write/sharded_array_gb,0,0.0001373291015625
jax/orbax/write/sharded_array_gb,0,0.000823974609375
jax/orbax/write/sharded_array_gb,0,0.0001373291015625
jax/orbax/write/sharded_array_gb,0,0.000823974609375
jax/orbax/write/sharded_array_gb,0,0.0001220703125
jax/orbax/write/sharded_array_gb,0,0.0001373291015625
jax/orbax/write/sharded_array_gb,0,0.0001373291015625
jax/orbax/write/sharded_array_gb,0,6.103515625e-05
jax/orbax/write/sharded_array_gb,0,0.0001373291015625
jax/orbax/write/sharded_array_gb,0,0.0001220703125
jax/orbax/write/sharded_array_gb,0,0.000823974609375
jax/orbax/write/sharded_array_gb,0,0.0001373291015625
jax/orbax/write/sharded_array_gb,0,0.0001373291015625
jax/orbax/write/sharded_array_gb,0,0.000823974609375
jax/orbax/write/sharded_array_gb,0,0.0001373291015625
jax/orbax/write/sharded_array_gb,0,0.000823974609375
jax/orbax/write/sharded_array_gb,0,0.0001220703125
jax/orbax/write/sharded_array_gb,0,0.0001373291015625
jax/orbax/write/sharded_array_gb,0,0.0001373291015625
jax/orbax/write/sharded_array_gb,0,6.103515625e-05
jax/orbax/write/sharded_array_gb,0,0.0001373291015625
jax/orbax/write/sharded_array_gb,0,0.0001220703125
jax/orbax/write/sharded_array_gb,0,0.000823974609375
jax/orbax/write/sharded_array_gb,0,0.0001373291015625
jax/orbax/write/sharded_array_gb,0,0.0001373291015625
jax/orbax/write/sharded_array_gb,0,0.000823974609375
jax/orbax/write/sharded_array_gb,0,0.0001373291015625
jax/orbax/write/sharded_array_gb,0,0.000823974609375
jax/orbax/write/sharded_array_gb,0,0.0001220703125
jax/orbax/write/sharded_array_gb,0,0.0001373291015625
jax/orbax/write/sharded_array_gb,0,0.0001373291015625
jax/orbax/write/sharded_array_gb,0,6.103515625e-05
jax/orbax/write/sharded_array_gb,0,0.0001373291015625
jax/orbax/write/sharded_array_gb,0,0.0001220703125
jax/orbax/write/sharded_array_gb,0,0.000823974609375
jax/orbax/write/sharded_array_gb,0,0.0001373291015625
jax/orbax/write/sharded_array_gb,0,0.0001373291015625
jax/orbax/write/sharded_array_gb,0,0.000823974609375
jax/orbax/write/sharded_array_gb,0,0.0001373291015625
jax/orbax/write/sharded_array_gb,0,0.000823974609375
jax/orbax/write/sharded_array_gb,0,0.0001220703125
jax/orbax/write/sharded_array_gb,0,0.0001373291015625
jax/orbax/write/sharded_array_gb,0,0.0001373291015625
jax/orbax/write/sharded_array_gb,0,6.103515625e-05
jax/orbax/write/sharded_array_gb,0,0.0001373291015625
jax/orbax/write/sharded_array_gb,0,0.0001220703125
jax/orbax/write/sharded_array_gb,0,0.000823974609375
jax/orbax/write/sharded_array_gb,0,0.0001373291015625
jax/orbax/write/sharded_array_gb,0,0.0001373291015625
jax/orbax/write/sharded_array_gb,0,0.000823974609375
jax/orbax/write/sharded_array_gb,0,0.0001373291015625
jax/orbax/write/sharded_array_gb,0,0.000823974609375
jax/orbax/write/sharded_array_gb,0,0.0001220703125
jax/orbax/write/sharded_array_gb,0,0.0001373291015625
jax/orbax/write/sharded_array_gb,0,0.0001373291015625
jax/orbax/write/sharded_array_gb,0,6.103515625e-05
jax/orbax/write/sharded_array_gb,0,0.0001373291015625
jax/orbax/write/sharded_array_gb,0,0.0001220703125
jax/orbax/write/sharded_array_gb,0,0.000823974609375
jax/orbax/write/sharded_array_gb,0,0.0001373291015625
jax/orbax/write/sharded_array_gb,0,0.0001373291015625
jax/orbax/write/sharded_array_gb,0,0.000823974609375
jax/orbax/write/sharded_array_gb,0,0.0001373291015625
jax/orbax/write/sharded_array_gb,0,0.000823974609375
jax/orbax/write/sharded_array_gb,0,0.0001220703125
jax/orbax/write/sharded_array_gb,0,0.0001373291015625
jax/orbax/write/sharded_array_gb,0,0.0001373291015625
jax/orbax/write/sharded_array_gb,0,6.103515625e-05
jax/orbax/write/sharded_array_gb,0,0.0001373291015625
jax/orbax/write/sharded_array_gb,0,0.0001220703125
jax/orbax/write/sharded_array_gb,0,0.000823974609375
jax/orbax/write/sharded_array_gb,0,0.0001373291015625
jax/orbax/write/sharded_array_gb,0,0.0001373291015625
jax/orbax/write/sharded_array_gb,0,0.000823974609375
jax/orbax/write/sharded_array_gb,0,0.0001373291015625
jax/orbax/write/sharded_array_gb,0,0.000823974609375
jax/orbax/write/sharded_array_gb,0,0.0001220703125
jax/orbax/write/sharded_array_gb,0,0.0001373291015625
jax/orbax/write/sharded_array_gb,0,0.0001373291015625
jax/orbax/write/sharded_array_gb,0,6.103515625e-05
jax/orbax/write/sharded_array_gb,0,0.0001373291015625
jax/orbax/write/sharded_array_gb,0,0.0001220703125
jax/orbax/write/sharded_array_gb,0,0.000823974609375
jax/orbax/write/sharded_array_gb,0,0.0001373291015625
jax/orbax/write/sharded_array_gb,0,0.0001373291015625
jax/orbax/write/sharded_array_gb,0,0.000823974609375
jax/orbax/write/sharded_array_gb,0,0.0001373291015625
jax/orbax/write/sharded_array_gb,0,0.000823974609375
jax/orbax/write/sharded_array_gb,0,0.0001220703125
jax/orbax/write/sharded_array_gb,0,0.0001373291015625
jax/orbax/write/sharded_array_gb,0,0.0001373291015625
jax/orbax/write/sharded_array_gb,0,6.103515625e-05
jax/orbax/write/sharded_array_gb,0,0.0001373291015625
jax/orbax/write/sharded_array_gb,0,0.0001220703125
jax/orbax/write/sharded_array_gb,0,0.000823974609375
jax/orbax/write/sharded_array_gb,0,0.0001373291015625
jax/orbax/write/sharded_array_gb,0,0.0001373291015625
jax/orbax/write/sharded_array_gb,0,0.000823974609375
jax/orbax/write/sharded_array_gb,0,0.0001373291015625
jax/orbax/write/sharded_array_gb,0,0.000823974609375
jax/orbax/write/sharded_array_gb,0,0.0001220703125
jax/orbax/write/sharded_array_gb,0,0.0001373291015625
jax/orbax/write/sharded_array_gb,0,0.0001373291015625
jax/orbax/write/sharded_array_gb,0,6.103515625e-05
jax/orbax/write/sharded_array_gb,0,0.0001373291015625
jax/orbax/write/sharded_array_gb,0,0.0001220703125
jax/orbax/write/sharded_array_gb,0,0.000823974609375
jax/orbax/write/sharded_array_gb,0,0.0001373291015625
jax/orbax/write/sharded_array_gb,0,0.0001373291015625
jax/orbax/write/sharded_array_gb,0,0.000823974609375
jax/orbax/write/sharded_array_gb,0,0.0001373291015625
jax/orbax/write/sharded_array_gb,0,0.000823974609375
jax/orbax/write/sharded_array_gb,0,0.0001220703125
jax/orbax/write/sharded_array_gb,0,0.0001373291015625
jax/orbax/write/sharded_array_gb,0,0.0001373291015625
jax/orbax/write/sharded_array_gb,0,6.103515625e-05
jax/orbax/write/sharded_array_gb,0,0.0001373291015625
jax/orbax/write/sharded_array_gb,0,0.0001220703125
jax/orbax/write/sharded_array_gb,0,0.000823974609375
jax/orbax/write/sharded_array_gb,0,0.0001373291015625
jax/orbax/write/sharded_array_gb,0,0.0001373291015625
jax/orbax/write/sharded_array_gb,0,0.000823974609375
jax/orbax/write/sharded_array_gb,0,0.0001373291015625
jax/orbax/write/sharded_array_gb,0,0.000823974609375
jax/orbax/write/sharded_array_gb,0,0.0001220703125
jax/orbax/write/sharded_array_gb,0,0.0001373291015625
jax/orbax/write/sharded_array_gb,0,0.0001373291015625
jax/orbax/write/sharded_array_gb,0,6.103515625e-05
jax/orbax/write/sharded_array_gb,0,0.0001373291015625
jax/orbax/write/sharded_array_gb,0,0.0001220703125
jax/orbax/write/sharded_array_gb,0,0.000823974609375
jax/orbax/write/sharded_array_gb,0,0.0001373291015625
jax/orbax/write/sharded_array_gb,0,0.0001373291015625
jax/orbax/write/sharded_array_gb,0,0.000823974609375
jax/orbax/write/sharded_array_gb,0,0.0001373291015625
jax/orbax/write/sharded_array_gb,0,0.000823974609375
jax/orbax/write/sharded_array_gb,0,0.0001220703125
jax/orbax/write/sharded_array_gb,0,0.0001373291015625
jax/orbax/write/sharded_array_gb,0,0.0001373291015625
jax/orbax/write/sharded_array_gb,0,6.103515625e-05
jax/orbax/write/sharded_array_gb,0,0.0001373291015625
jax/orbax/write/sharded_array_gb,0,0.0001220703125
jax/orbax/write/sharded_array_gb,0,0.000823974609375
jax/orbax/write/sharded_array_gb,0,0.0001373291015625
jax/orbax/write/sharded_array_gb,0,0.0001373291015625
jax/orbax/write/sharded_array_gb,0,0.000823974609375
jax/orbax/write/sharded_array_gb,0,0.0001373291015625
jax/orbax/write/sharded_array_gb,0,0.000823974609375
jax/orbax/write/sharded_array_gb,0,0.0001220703125
jax/orbax/write/sharded_array_gb,0,0.0001373291015625
jax/orbax/write/sharded_array_gb,0,0.0001373291015625
jax/orbax/write/sharded_array_gb,0,6.103515625e-05
jax/orbax/write/sharded_array_gb,0,0.0001373291015625
jax/orbax/write/sharded_array_gb,0,0.0001220703125
jax/orbax/write/sharded_array_gb,0,0.000823974609375
jax/orbax/write/sharded_array_gb,0,0.0001373291015625
jax/orbax/write/sharded_array_gb,0,0.0001373291015625
jax/orbax/write/sharded_array_gb,0,0.000823974609375
jax/orbax/write/sharded_array_gb,0,0.0001373291015625
jax/orbax/write/sharded_array_gb,0,0.000823974609375
jax/orbax/write/sharded_array_gb,0,0.0001220703125
jax/orbax/write/sharded_array_gb,0,0.0001373291015625
jax/orbax/write/sharded_array_gb,0,0.0001373291015625
jax/orbax/write/sharded_array_gb,0,6.103515625e-05
jax/orbax/write/sharded_array_gb,0,0.0001373291015625
jax/orbax/write/sharded_array_gb,0,0.0001220703125
jax/orbax/write/sharded_array_gb,0,0.000823974609375
jax/orbax/write/sharded_array_gb,0,0.0001373291015625
jax/orbax/write/sharded_array_gb,0,0.0001373291015625
jax/orbax/write/sharded_array_gb,0,0.000823974609375
jax/orbax/write/sharded_array_gb,0,0.0001373291015625
jax/orbax/write/sharded_array_gb,0,0.000823974609375
jax/orbax/write/sharded_array_gb,0,0.0001220703125
jax/orbax/write/sharded_array_gb,0,0.0001373291015625
jax/orbax/write/sharded_array_gb,0,0.0001373291015625
jax/orbax/write/sharded_array_gb,0,6.103515625e-05
jax/orbax/write/sharded_array_gb,0,0.0001373291015625
jax/orbax/write/sharded_array_gb,0,0.0001220703125
jax/orbax/write/sharded_array_gb,0,0.000823974609375
jax/orbax/write/sharded_array_gb,0,0.0001373291015625
jax/orbax/write/sharded_array_gb,0,0.0001373291015625
jax/orbax/write/sharded_array_gb,0,0.000823974609375
jax/orbax/write/sharded_array_gb,0,0.0001373291015625
jax/orbax/write/sharded_array_gb,0,0.000823974609375
jax/orbax/write/sharded_array_gb,0,0.0001220703125
jax/orbax/write/sharded_array_gb,0,0.0001373291015625
jax/orbax/write/sharded_array_gb,0,0.0001373291015625
jax/orbax/write/sharded_array_gb,0,6.103515625e-05
jax/orbax/write/sharded_array_gb,0,0.0001373291015625
jax/orbax/write/sharded_array_gb,0,0.0001220703125
jax/orbax/write/sharded_array_gb,0,0.000823974609375
jax/orbax/write/sharded_array_gb,0,0.0001373291015625
jax/orbax/write/sharded_array_gb,0,0.0001373291015625
jax/orbax/write/sharded_array_gb,0,0.000823974609375
jax/orbax/write/sharded_array_gb,0,0.0001373291015625
jax/orbax/write/sharded_array_gb,0,0.000823974609375
jax/orbax/write/sharded_array_gb,0,0.0001220703125
jax/orbax/write/sharded_array_gb,0,0.0001373291015625
jax/orbax/write/sharded_array_gb,0,0.0001373291015625
jax/orbax/write/sharded_array_gb,0,6.103515625e-05
jax/orbax/write/sharded_array_gb,0,0.0001373291015625
jax/orbax/write/sharded_array_gb,0,0.0001220703125
jax/orbax/write/sharded_array_gb,0,0.000823974609375
jax/orbax/write/sharded_array_gb,0,0.0001373291015625
jax/orbax/write/sharded_array_gb,0,0.0001373291015625
jax/orbax/write/sharded_array_gb,0,0.000823974609375
jax/orbax/write/sharded_array_gb,0,0.0001373291015625
jax/orbax/write/sharded_array_gb,0,0.000823974609375
jax/orbax/write/sharded_array_gb,0,0.0001220703125
jax/orbax/write/sharded_array_gb,0,0.0001373291015625
jax/orbax/write/sharded_array_gb,0,0.0001373291015625
jax/orbax/write/sharded_array_gb,0,6.103515625e-05
jax/orbax/write/sharded_array_gb,0,0.0001373291015625
jax/orbax/write/sharded_array_gb,0,0.0001220703125
jax/orbax/write/sharded_array_gb,0,0.000823974609375
jax/orbax/write/sharded_array_gb,0,0.0001373291015625
jax/orbax/write/sharded_array_gb,0,0.0001373291015625
jax/orbax/write/sharded_array_gb,0,0.000823974609375
jax/orbax/write/sharded_array_gb,0,0.0001373291015625
jax/orbax/write/sharded_array_gb,0,0.000823974609375
jax/orbax/write/sharded_array_gb,0,0.0001220703125
jax/orbax/write/sharded_array_gb,0,0.0001373291015625
jax/orbax/write/sharded_array_gb,0,0.0001373291015625
jax/orbax/write/sharded_array_gb,0,6.103515625e-05
jax/orbax/write/sharded_array_gb,0,0.0001373291015625
jax/orbax/write/sharded_array_gb,0,0.0001220703125
jax/orbax/write/sharded_array_gb,0,0.000823974609375
jax/orbax/write/sharded_array_gb,0,0.0001373291015625
jax/orbax/write/sharded_array_gb,0,0.0001373291015625
jax/orbax/write/sharded_array_gb,0,0.000823974609375
jax/orbax/write/sharded_array_gb,0,0.0001373291015625
jax/orbax/write/sharded_array_gb,0,0.000823974609375
jax/orbax/write/sharded_array_gb,0,0.0001220703125
jax/orbax/write/sharded_array_gb,0,0.0001373291015625
jax/orbax/write/sharded_array_gb,0,0.0001373291015625
jax/orbax/write/sharded_array_gb,0,6.103515625e-05
jax/orbax/write/sharded_array_gb,0,0.0001373291015625
jax/orbax/write/sharded_array_gb,0,0.0001220703125
jax/orbax/write/sharded_array_gb,0,0.000823974609375
jax/orbax/write/sharded_array_gb,0,0.0001373291015625
jax/orbax/write/sharded_array_gb,0,0.0001373291015625
jax/orbax/write/sharded_array_gb,0,0.000823974609375
jax/orbax/write/sharded_array_gb,0,0.0001373291015625
jax/orbax/write/sharded_array_gb,0,0.000823974609375
jax/orbax/write/sharded_array_gb,0,0.0001220703125
jax/orbax/write/sharded_array_gb,0,0.0001373291015625
jax/orbax/write/sharded_array_gb,0,0.0001373291015625
jax/orbax/write/sharded_array_gb,0,6.103515625e-05
jax/orbax/write/sharded_array_gb,0,0.0001373291015625
jax/orbax/write/sharded_array_gb,0,0.0001220703125
jax/orbax/write/sharded_array_gb,0,0.000823974609375
jax/orbax/write/sharded_array_gb,0,0.0001373291015625
jax/orbax/write/sharded_array_gb,0,0.0001373291015625
jax/orbax/write/sharded_array_gb,0,0.000823974609375
jax/orbax/write/sharded_array_gb,0,0.0001373291015625
jax/orbax/write/sharded_array_gb,0,0.000823974609375
jax/orbax/write/sharded_array_gb,0,0.0001220703125
jax/orbax/write/sharded_array_gb,0,0.0001373291015625
jax/orbax/write/sharded_array_gb,0,0.0001373291015625
jax/orbax/write/sharded_array_gb,0,6.103515625e-05
jax/orbax/write/sharded_array_gb,0,0.0001373291015625
jax/orbax/write/sharded_array_gb,0,0.0001220703125
jax/orbax/write/sharded_array_gb,0,0.000823974609375
jax/orbax/write/sharded_array_gb,0,0.0001373291015625
jax/orbax/write/sharded_array_gb,0,0.0001373291015625
jax/orbax/write/sharded_array_gb,0,0.000823974609375
jax/orbax/write/sharded_array_gb,0,0.0001373291015625
jax/orbax/write/sharded_array_gb,0,0.000823974609375
jax/orbax/write/sharded_array_gb,0,0.0001220703125
jax/orbax/write/sharded_array_gb,0,0.0001373291015625
jax/orbax/write/sharded_array_gb,0,0.0001373291015625
jax/orbax/write/sharded_array_gb,0,6.103515625e-05
jax/orbax/write/sharded_array_gb,0,0.0001373291015625
jax/orbax/write/sharded_array_gb,0,0.0001220703125
jax/orbax/write/sharded_array_gb,0,0.000823974609375
jax/orbax/write/sharded_array_gb,0,0.0001373291015625
jax/orbax/write/sharded_array_gb,0,0.0001373291015625
jax/orbax/write/sharded_array_gb,0,0.000823974609375
jax/orbax/write/sharded_array_gb,0,0.0001373291015625
jax/orbax/write/sharded_array_gb,0,0.000823974609375
jax/orbax/write/sharded_array_gb,0,0.0001220703125
jax/orbax/write/sharded_array_gb,0,0.0001373291015625
jax/orbax/write/sharded_array_gb,0,0.0001373291015625
jax/orbax/write/sharded_array_gb,0,6.103515625e-05
jax/orbax/write/sharded_array_gb,0,0.0001373291015625
jax/orbax/write/sharded_array_gb,0,0.0001220703125
jax/orbax/write/sharded_array_gb,0,0.000823974609375
jax/orbax/write/sharded_array_gb,0,0.0001373291015625
jax/orbax/write/sharded_array_gb,0,0.0001373291015625
jax/orbax/write/sharded_array_gb,0,0.000823974609375
jax/orbax/write/sharded_array_gb,0,0.0001373291015625
jax/orbax/write/sharded_array_gb,0,0.000823974609375
jax/orbax/write/sharded_array_gb,0,0.0001220703125
jax/orbax/write/sharded_array_gb,0,0.0001373291015625
jax/orbax/write/sharded_array_gb,0,0.0001373291015625
jax/orbax/write/sharded_array_gb,0,6.103515625e-05
jax/orbax/write/sharded_array_gb,0,0.0001373291015625
jax/orbax/write/sharded_array_gb,0,0.0001220703125
jax/orbax/write/sharded_array_gb,0,0.000823974609375
jax/orbax/write/sharded_array_gb,0,0.0001373291015625
jax/orbax/write/sharded_array_gb,0,0.0001373291015625
jax/orbax/write/sharded_array_gb,0,0.000823974609375
jax/orbax/write/sharded_array_gb,0,0.0001373291015625
jax/orbax/write/sharded_array_gb,0,0.000823974609375
jax/orbax/write/sharded_array_gb,0,0.0001220703125
jax/orbax/write/sharded_array_gb,0,0.0001373291015625
jax/orbax/write/sharded_array_gb,0,0.0001373291015625
jax/orbax/write/sharded_array_gb,0,6.103515625e-05
jax/orbax/write/sharded_array_gb,0,0.0001373291015625
jax/orbax/write/sharded_array_gb,0,0.0001220703125
jax/orbax/write/sharded_array_gb,0,0.000823974609375
jax/orbax/write/sharded_array_gb,0,0.0001373291015625
jax/orbax/write/sharded_array_gb,0,0.0001373291015625
jax/orbax/write/sharded_array_gb,0,0.000823974609375
jax/orbax/write/sharded_array_gb,0,0.0001373291015625
jax/orbax/write/sharded_array_gb,0,0.000823974609375
jax/orbax/write/sharded_array_gb,0,0.0001220703125
jax/orbax/write/sharded_array_gb,0,0.0001373291015625
jax/orbax/write/sharded_array_gb,0,0.0001373291015625
jax/orbax/write/sharded_array_gb,0,6.103515625e-05
jax/orbax/write/sharded_array_gb,0,0.0001373291015625
jax/orbax/write/sharded_array_gb,0,0.0001220703125
jax/orbax/write/sharded_array_gb,0,0.000823974609375
jax/orbax/write/sharded_array_gb,0,0.0001373291015625
jax/orbax/write/sharded_array_gb,0,0.0001373291015625
jax/orbax/write/sharded_array_gb,0,0.000823974609375
jax/orbax/write/sharded_array_gb,0,0.0001373291015625
jax/orbax/write/sharded_array_gb,0,0.000823974609375
jax/orbax/write/sharded_array_gb,0,0.0001220703125
jax/orbax/write/sharded_array_gb,0,0.0001373291015625
jax/orbax/write/sharded_array_gb,0,0.0001373291015625
jax/orbax/write/sharded_array_gb,0,6.103515625e-05
jax/orbax/write/sharded_array_gb,0,0.0001373291015625
jax/orbax/write/sharded_array_gb,0,0.0001220703125
jax/orbax/write/sharded_array_gb,0,0.000823974609375
jax/orbax/write/sharded_array_gb,0,0.0001373291015625
jax/orbax/write/sharded_array_gb,0,0.0001373291015625
jax/orbax/write/sharded_array_gb,0,0.000823974609375
jax/orbax/write/sharded_array_gb,0,0.0001373291015625
jax/orbax/write/sharded_array_gb,0,0.000823974609375
jax/orbax/write/sharded_array_gb,0,0.0001220703125
jax/orbax/write/sharded_array_gb,0,0.0001373291015625
jax/orbax/write/sharded_array_gb,0,0.0001373291015625
jax/orbax/write/sharded_array_gb,0,6.103515625e-05
jax/orbax/write/sharded_array_gb,0,0.0001373291015625
jax/orbax/write/sharded_array_gb,0,0.0001220703125
jax/orbax/write/sharded_array_gb,0,0.000823974609375
jax/orbax/write/sharded_array_gb,0,0.0001373291015625
jax/orbax/write/sharded_array_gb,0,0.0001373291015625
jax/orbax/write/sharded_array_gb,0,0.000823974609375
jax/orbax/write/sharded_array_gb,0,0.0001373291015625
jax/orbax/write/sharded_array_gb,0,0.000823974609375
jax/orbax/write/sharded_array_gb,0,0.0001220703125
jax/orbax/write/sharded_array_gb,0,0.0001373291015625
jax/orbax/write/sharded_array_gb,0,0.0001373291015625
jax/orbax/write/sharded_array_gb,0,6.103515625e-05
jax/orbax/write/sharded_array_gb,0,0.0001373291015625
jax/orbax/write/sharded_array_gb,0,0.0001220703125
jax/orbax/write/sharded_array_gb,0,0.000823974609375
jax/orbax/write/sharded_array_gb,0,0.0001373291015625
jax/orbax/write/sharded_array_gb,0,0.0001373291015625
jax/orbax/write/sharded_array_gb,0,0.000823974609375
jax/orbax/write/sharded_array_gb,0,0.0001373291015625
jax/orbax/write/sharded_array_gb,0,0.000823974609375
jax/orbax/write/sharded_array_gb,0,0.0001220703125
jax/orbax/write/sharded_array_gb,0,0.0001373291015625
jax/orbax/write/sharded_array_gb,0,0.0001373291015625
jax/orbax/write/sharded_array_gb,0,6.103515625e-05
jax/orbax/write/sharded_array_gb,0,0.0001373291015625
jax/orbax/write/sharded_array_gb,0,0.0001220703125
jax/orbax/write/sharded_array_gb,0,0.000823974609375
jax/orbax/write/sharded_array_gb,0,0.0001373291015625
jax/orbax/write/sharded_array_gb,0,0.0001373291015625
jax/orbax/write/sharded_array_gb,0,0.000823974609375
jax/orbax/write/sharded_array_gb,0,0.0001373291015625
jax/orbax/write/sharded_array_gb,0,0.000823974609375
jax/orbax/write/sharded_array_gb,0,0.0001220703125
jax/orbax/write/sharded_array_gb,0,0.0001373291015625
jax/orbax/write/sharded_array_gb,0,0.0001373291015625
jax/orbax/write/sharded_array_gb,0,6.103515625e-05
jax/orbax/write/sharded_array_gb,0,0.0001373291015625
jax/orbax/write/sharded_array_gb,0,0.0001220703125
jax/orbax/write/sharded_array_gb,0,0.000823974609375
jax/orbax/write/sharded_array_gb,0,0.0001373291015625
jax/orbax/write/sharded_array_gb,0,0.0001373291015625
jax/orbax/write/sharded_array_gb,0,0.000823974609375
jax/orbax/write/sharded_array_gb,0,0.0001373291015625
jax/orbax/write/sharded_array_gb,0,0.000823974609375
jax/orbax/write/sharded_array_gb,0,0.0001220703125
jax/orbax/write/sharded_array_gb,0,0.0001373291015625
jax/orbax/write/sharded_array_gb,0,0.0001373291015625
jax/orbax/write/sharded_array_gb,0,6.103515625e-05
jax/orbax/write/sharded_array_gb,0,0.0001373291015625
jax/orbax/write/sharded_array_gb,0,0.0001220703125
jax/orbax/write/sharded_array_gb,0,0.000823974609375
jax/orbax/write/sharded_array_gb,0,0.0001373291015625
jax/orbax/write/sharded_array_gb,0,0.0001373291015625
jax/orbax/write/sharded_array_gb,0,0.000823974609375
jax/orbax/write/sharded_array_gb,0,0.0001373291015625
jax/orbax/write/sharded_array_gb,0,0.000823974609375
jax/orbax/write/sharded_array_gb,0,0.0001220703125
jax/orbax/write/sharded_array_gb,0,0.0001373291015625
jax/orbax/write/sharded_array_gb,0,0.0001373291015625
jax/orbax/write/sharded_array_gb,0,6.103515625e-05
jax/orbax/write/sharded_array_gb,0,0.0001373291015625
jax/orbax/write/sharded_array_gb,0,0.0001220703125
jax/orbax/write/sharded_array_gb,0,0.000823974609375
jax/orbax/write/sharded_array_gb,0,0.0001373291015625
jax/orbax/write/sharded_array_gb,0,0.0001373291015625
jax/orbax/write/sharded_array_gb,0,0.000823974609375
jax/orbax/write/sharded_array_gb,0,0.0001373291015625
jax/orbax/write/sharded_array_gb,0,0.000823974609375
jax/orbax/write/sharded_array_gb,0,0.0001220703125
jax/orbax/write/sharded_array_gb,0,0.0001373291015625
jax/orbax/write/sharded_array_gb,0,0.0001373291015625
jax/orbax/write/sharded_array_gb,0,6.103515625e-05
jax/orbax/write/sharded_array_gb,0,0.0001373291015625
jax/orbax/write/sharded_array_gb,0,0.0001220703125
jax/orbax/write/sharded_array_gb,0,0.000823974609375
jax/orbax/write/sharded_array_gb,0,0.0001373291015625
jax/orbax/write/sharded_array_gb,0,0.0001373291015625
jax/orbax/write/sharded_array_gb,0,0.000823974609375
jax/orbax/write/sharded_array_gb,0,0.0001373291015625
jax/orbax/write/sharded_array_gb,0,0.000823974609375
jax/orbax/write/sharded_array_gb,0,0.0001220703125
jax/orbax/write/sharded_array_gb,0,0.0001373291015625
jax/orbax/write/sharded_array_gb,0,0.0001373291015625
jax/orbax/write/sharded_array_gb,0,6.103515625e-05
jax/orbax/write/sharded_array_gb,0,0.0001373291015625
jax/orbax/write/sharded_array_gb,0,0.0001220703125
jax/orbax/write/sharded_array_gb,0,0.000823974609375
jax/orbax/write/sharded_array_gb,0,0.0001373291015625
jax/orbax/write/sharded_array_gb,0,0.0001373291015625
jax/orbax/write/sharded_array_gb,0,0.000823974609375
jax/orbax/write/sharded_array_gb,0,0.0001373291015625
jax/orbax/write/sharded_array_gb,0,0.000823974609375
jax/orbax/write/sharded_array_gb,0,0.0001220703125
jax/orbax/write/sharded_array_gb,0,0.0001373291015625
jax/orbax/write/sharded_array_gb,0,0.0001373291015625
jax/orbax/write/sharded_array_gb,0,6.103515625e-05
jax/orbax/write/sharded_array_gb,0,0.0001373291015625
jax/orbax/write/sharded_array_gb,0,0.0001220703125
jax/orbax/write/sharded_array_gb,0,0.000823974609375
jax/orbax/write/sharded_array_gb,0,0.0001373291015625
jax/orbax/write/sharded_array_gb,0,0.0001373291015625
jax/orbax/write/sharded_array_gb,0,0.000823974609375
jax/orbax/write/sharded_array_gb,0,0.0001373291015625
jax/orbax/write/sharded_array_gb,0,0.000823974609375
jax/orbax/write/sharded_array_gb,0,0.0001220703125
jax/orbax/write/sharded_array_gb,0,0.0001373291015625
jax/orbax/write/sharded_array_gb,0,0.0001373291015625
jax/orbax/write/sharded_array_gb,0,6.103515625e-05
jax/orbax/write/sharded_array_gb,0,0.0001373291015625
jax/orbax/write/sharded_array_gb,0,0.0001220703125
jax/orbax/write/sharded_array_gb,0,0.000823974609375
jax/orbax/write/sharded_array_gb,0,0.0001373291015625
jax/orbax/write/sharded_array_gb,0,0.0001373291015625
jax/orbax/write/sharded_array_gb,0,0.000823974609375
jax/orbax/write/sharded_array_gb,0,0.0001373291015625
jax/orbax/write/sharded_array_gb,0,0.000823974609375
jax/orbax/write/sharded_array_gb,0,0.0001220703125
jax/orbax/write/sharded_array_gb,0,0.0001373291015625
jax/orbax/write/sharded_array_gb,0,0.0001373291015625
jax/orbax/write/sharded_array_gb,0,6.103515625e-05
jax/orbax/write/sharded_array_gb,0,0.0001373291015625
jax/orbax/write/sharded_array_gb,0,0.0001220703125
jax/orbax/write/sharded_array_gb,0,0.000823974609375
jax/orbax/write/sharded_array_gb,0,0.0001373291015625
jax/orbax/write/sharded_array_gb,0,0.0001373291015625
jax/orbax/write/sharded_array_gb,0,0.000823974609375
jax/orbax/write/sharded_array_gb,0,0.0001373291015625
jax/orbax/write/sharded_array_gb,0,0.000823974609375
jax/orbax/write/sharded_array_gb,0,0.0001220703125
jax/orbax/write/sharded_array_gb,0,0.0001373291015625
jax/orbax/write/sharded_array_gb,0,0.0001373291015625
jax/orbax/write/sharded_array_gb,0,6.103515625e-05
jax/orbax/write/sharded_array_gb,0,0.0001373291015625
jax/orbax/write/sharded_array_gb,0,0.0001220703125
jax/orbax/write/sharded_array_gb,0,0.000823974609375
jax/orbax/write/sharded_array_gb,0,0.0001373291015625
jax/orbax/write/sharded_array_gb,0,0.0001373291015625
jax/orbax/write/sharded_array_gb,0,0.000823974609375
jax/orbax/write/sharded_array_gb,0,0.0001373291015625
jax/orbax/write/sharded_array_gb,0,0.000823974609375
jax/orbax/write/sharded_array_gb,0,0.0001220703125
jax/orbax/write/sharded_array_gb,0,0.0001373291015625
jax/orbax/write/sharded_array_gb,0,0.0001373291015625
jax/orbax/write/sharded_array_gb,0,6.103515625e-05
jax/orbax/write/sharded_array_gb,0,0.0001373291015625
jax/orbax/write/sharded_array_gb,0,0.0001220703125
jax/orbax/write/sharded_array_gb,0,0.000823974609375
jax/orbax/write/sharded_array_gb,0,0.0001373291015625
jax/orbax/write/sharded_array_gb,0,0.0001373291015625
jax/orbax/write/sharded_array_gb,0,0.000823974609375
jax/orbax/write/sharded_array_gb,0,0.0001373291015625
jax/orbax/write/sharded_array_gb,0,0.000823974609375
jax/orbax/write/sharded_array_gb,0,0.0001220703125
jax/orbax/write/sharded_array_gb,0,0.0001373291015625
jax/orbax/write/sharded_array_gb,0,0.0001373291015625
jax/orbax/write/sharded_array_gb,0,6.103515625e-05
jax/orbax/write/sharded_array_gb,0,0.0001373291015625
jax/orbax/write/sharded_array_gb,0,0.0001220703125
jax/orbax/write/sharded_array_gb,0,0.000823974609375
jax/orbax/write/sharded_array_gb,0,0.0001373291015625
jax/orbax/write/sharded_array_gb,0,0.0001373291015625
jax/orbax/write/sharded_array_gb,0,0.000823974609375
jax/orbax/write/sharded_array_gb,0,0.0001373291015625
jax/orbax/write/sharded_array_gb,0,0.000823974609375
jax/orbax/write/sharded_array_gb,0,0.0001220703125
jax/orbax/write/sharded_array_gb,0,0.0001373291015625
jax/orbax/write/sharded_array_gb,0,0.0001373291015625
jax/orbax/write/sharded_array_gb,0,6.103515625e-05
jax/orbax/write/sharded_array_gb,0,0.0001373291015625
jax/orbax/write/sharded_array_gb,0,0.0001220703125
jax/orbax/write/sharded_array_gb,0,0.000823974609375
jax/orbax/write/sharded_array_gb,0,0.0001373291015625
jax/orbax/write/sharded_array_gb,0,0.0001373291015625
jax/orbax/write/sharded_array_gb,0,0.000823974609375
jax/orbax/write/sharded_array_gb,0,0.0001373291015625
jax/orbax/write/sharded_array_gb,0,0.000823974609375
jax/orbax/write/sharded_array_gb,0,0.0001220703125
jax/orbax/write/sharded_array_gb,0,0.0001373291015625
jax/orbax/write/sharded_array_gb,0,0.0001373291015625
jax/orbax/write/sharded_array_gb,0,6.103515625e-05
jax/orbax/write/sharded_array_gb,0,0.0001373291015625
jax/orbax/write/sharded_array_gb,0,0.0001220703125
jax/orbax/write/sharded_array_gb,0,0.000823974609375
jax/orbax/write/sharded_array_gb,0,0.0001373291015625
jax/orbax/write/sharded_array_gb,0,0.0001373291015625
jax/orbax/write/sharded_array_gb,0,0.000823974609375
jax/orbax/write/sharded_array_gb,0,0.0001373291015625
jax/orbax/write/sharded_array_gb,0,0.000823974609375
jax/orbax/write/sharded_array_gb,0,0.0001220703125
jax/orbax/write/sharded_array_gb,0,0.0001373291015625
jax/orbax/write/sharded_array_gb,0,0.0001373291015625
jax/orbax/write/sharded_array_gb,0,6.103515625e-05
jax/orbax/write/sharded_array_gb,0,0.0001373291015625
jax/orbax/write/sharded_array_gb,0,0.0001220703125
jax/orbax/write/sharded_array_gb,0,0.000823974609375
jax/orbax/write/sharded_array_gb,0,0.0001373291015625
jax/orbax/write/sharded_array_gb,0,0.0001373291015625
jax/orbax/write/sharded_array_gb,0,0.000823974609375
jax/orbax/write/sharded_array_gb,0,0.0001373291015625
jax/orbax/write/sharded_array_gb,0,0.000823974609375
jax/orbax/write/sharded_array_gb,0,0.0001220703125
jax/orbax/write/sharded_array_gb,0,0.0001373291015625
jax/orbax/write/sharded_array_gb,0,0.0001373291015625
jax/orbax/write/sharded_array_gb,0,6.103515625e-05
jax/orbax/write/sharded_array_gb,0,0.0001373291015625
jax/orbax/write/sharded_array_gb,0,0.0001220703125
jax/orbax/write/sharded_array_gb,0,0.000823974609375
jax/orbax/write/sharded_array_gb,0,0.0001373291015625
jax/orbax/write/sharded_array_gb,0,0.0001373291015625
jax/orbax/write/sharded_array_gb,0,0.000823974609375
jax/orbax/write/sharded_array_gb,0,0.0001373291015625
jax/orbax/write/sharded_array_gb,0,0.000823974609375
jax/orbax/write/sharded_array_gb,0,3.725290298461914e-09
jax/orbax/write/sharded_array_gb,0,3.725290298461914e-09
jax/orbax/write/sharded_array_gb,0,3.725290298461914e-09
jax/orbax/write/sharded_array_gb,0,0.0001220703125
jax/orbax/write/sharded_array_gb,0,0.0001373291015625
jax/orbax/write/sharded_array_gb,0,0.0001373291015625
jax/orbax/write/sharded_array_gb,0,6.103515625e-05
jax/orbax/write/sharded_array_gb,0,0.0001373291015625
jax/orbax/write/sharded_array_gb,0,0.0001220703125
jax/orbax/write/sharded_array_gb,0,0.000823974609375
jax/orbax/write/sharded_array_gb,0,0.0001373291015625
jax/orbax/write/sharded_array_gb,0,0.0001373291015625
jax/orbax/write/sharded_array_gb,0,0.000823974609375
jax/orbax/write/sharded_array_gb,0,0.0001373291015625
jax/orbax/write/sharded_array_gb,0,0.000823974609375
jax/orbax/write/sharded_array_gb,0,0.0001220703125
jax/orbax/write/sharded_array_gb,0,0.0001373291015625
jax/orbax/write/sharded_array_gb,0,0.0001373291015625
jax/orbax/write/sharded_array_gb,0,6.103515625e-05
jax/orbax/write/sharded_array_gb,0,0.0001373291015625
jax/orbax/write/sharded_array_gb,0,0.0001220703125
jax/orbax/write/sharded_array_gb,0,0.000823974609375
jax/orbax/write/sharded_array_gb,0,0.0001373291015625
jax/orbax/write/sharded_array_gb,0,0.0001373291015625
jax/orbax/write/sharded_array_gb,0,0.000823974609375
jax/orbax/write/sharded_array_gb,0,0.0001373291015625
jax/orbax/write/sharded_array_gb,0,0.000823974609375
jax/orbax/write/sharded_array_gb,0,0.0001220703125
jax/orbax/write/sharded_array_gb,0,0.0001373291015625
jax/orbax/write/sharded_array_gb,0,0.0001373291015625
jax/orbax/write/sharded_array_gb,0,6.103515625e-05
jax/orbax/write/sharded_array_gb,0,0.0001373291015625
jax/orbax/write/sharded_array_gb,0,0.0001220703125
jax/orbax/write/sharded_array_gb,0,0.000823974609375
jax/orbax/write/sharded_array_gb,0,0.0001373291015625
jax/orbax/write/sharded_array_gb,0,0.0001373291015625
jax/orbax/write/sharded_array_gb,0,0.000823974609375
jax/orbax/write/sharded_array_gb,0,0.0001373291015625
jax/orbax/write/sharded_array_gb,0,0.000823974609375
jax/orbax/write/sharded_array_gb,0,0.0001220703125
jax/orbax/write/sharded_array_gb,0,0.0001373291015625
jax/orbax/write/sharded_array_gb,0,0.0001373291015625
jax/orbax/write/sharded_array_gb,0,6.103515625e-05
jax/orbax/write/sharded_array_gb,0,0.0001373291015625
jax/orbax/write/sharded_array_gb,0,0.0001220703125
jax/orbax/write/sharded_array_gb,0,0.000823974609375
jax/orbax/write/sharded_array_gb,0,0.0001373291015625
jax/orbax/write/sharded_array_gb,0,0.0001373291015625
jax/orbax/write/sharded_array_gb,0,0.000823974609375
jax/orbax/write/sharded_array_gb,0,0.0001373291015625
jax/orbax/write/sharded_array_gb,0,0.000823974609375
jax/orbax/write/sharded_array_gb,0,0.0001220703125
jax/orbax/write/sharded_array_gb,0,0.0001373291015625
jax/orbax/write/sharded_array_gb,0,0.0001373291015625
jax/orbax/write/sharded_array_gb,0,6.103515625e-05
jax/orbax/write/sharded_array_gb,0,0.0001373291015625
jax/orbax/write/sharded_array_gb,0,0.0001220703125
jax/orbax/write/sharded_array_gb,0,0.000823974609375
jax/orbax/write/sharded_array_gb,0,0.0001373291015625
jax/orbax/write/sharded_array_gb,0,0.0001373291015625
jax/orbax/write/sharded_array_gb,0,0.000823974609375
jax/orbax/write/sharded_array_gb,0,0.0001373291015625
jax/orbax/write/sharded_array_gb,0,0.000823974609375
jax/orbax/write/sharded_array_gb,0,0.0001220703125
jax/orbax/write/sharded_array_gb,0,0.0001373291015625
jax/orbax/write/sharded_array_gb,0,0.0001373291015625
jax/orbax/write/sharded_array_gb,0,6.103515625e-05
jax/orbax/write/sharded_array_gb,0,0.0001373291015625
jax/orbax/write/sharded_array_gb,0,0.0001220703125
jax/orbax/write/sharded_array_gb,0,0.000823974609375
jax/orbax/write/sharded_array_gb,0,0.0001373291015625
jax/orbax/write/sharded_array_gb,0,0.0001373291015625
jax/orbax/write/sharded_array_gb,0,0.000823974609375
jax/orbax/write/sharded_array_gb,0,0.0001373291015625
jax/orbax/write/sharded_array_gb,0,0.000823974609375
jax/orbax/write/sharded_array_gb,0,0.0001220703125
jax/orbax/write/sharded_array_gb,0,0.0001373291015625
jax/orbax/write/sharded_array_gb,0,0.0001373291015625
jax/orbax/write/sharded_array_gb,0,6.103515625e-05
jax/orbax/write/sharded_array_gb,0,0.0001373291015625
jax/orbax/write/sharded_array_gb,0,0.0001220703125
jax/orbax/write/sharded_array_gb,0,0.000823974609375
jax/orbax/write/sharded_array_gb,0,0.0001373291015625
jax/orbax/write/sharded_array_gb,0,0.0001373291015625
jax/orbax/write/sharded_array_gb,0,0.000823974609375
jax/orbax/write/sharded_array_gb,0,0.0001373291015625
jax/orbax/write/sharded_array_gb,0,0.000823974609375
jax/orbax/write/sharded_array_gb,0,0.0001220703125
jax/orbax/write/sharded_array_gb,0,0.0001373291015625
jax/orbax/write/sharded_array_gb,0,0.0001373291015625
jax/orbax/write/sharded_array_gb,0,6.103515625e-05
jax/orbax/write/sharded_array_gb,0,0.0001373291015625
jax/orbax/write/sharded_array_gb,0,0.0001220703125
jax/orbax/write/sharded_array_gb,0,0.000823974609375
jax/orbax/write/sharded_array_gb,0,0.0001373291015625
jax/orbax/write/sharded_array_gb,0,0.0001373291015625
jax/orbax/write/sharded_array_gb,0,0.000823974609375
jax/orbax/write/sharded_array_gb,0,0.0001373291015625
jax/orbax/write/sharded_array_gb,0,0.000823974609375
jax/orbax/write/sharded_array_gb,0,0.0001220703125
jax/orbax/write/sharded_array_gb,0,0.0001373291015625
jax/orbax/write/sharded_array_gb,0,0.0001373291015625
jax/orbax/write/sharded_array_gb,0,6.103515625e-05
jax/orbax/write/sharded_array_gb,0,0.0001373291015625
jax/orbax/write/sharded_array_gb,0,0.0001220703125
jax/orbax/write/sharded_array_gb,0,0.000823974609375
jax/orbax/write/sharded_array_gb,0,0.0001373291015625
jax/orbax/write/sharded_array_gb,0,0.0001373291015625
jax/orbax/write/sharded_array_gb,0,0.000823974609375
jax/orbax/write/sharded_array_gb,0,0.0001373291015625
jax/orbax/write/sharded_array_gb,0,0.000823974609375
jax/orbax/write/sharded_array_gb,0,0.0001220703125
jax/orbax/write/sharded_array_gb,0,0.0001373291015625
jax/orbax/write/sharded_array_gb,0,0.0001373291015625
jax/orbax/write/sharded_array_gb,0,6.103515625e-05
jax/orbax/write/sharded_array_gb,0,0.0001373291015625
jax/orbax/write/sharded_array_gb,0,0.0001220703125
jax/orbax/write/sharded_array_gb,0,0.000823974609375
jax/orbax/write/sharded_array_gb,0,0.0001373291015625
jax/orbax/write/sharded_array_gb,0,0.0001373291015625
jax/orbax/write/sharded_array_gb,0,0.000823974609375
jax/orbax/write/sharded_array_gb,0,0.0001373291015625
jax/orbax/write/sharded_array_gb,0,0.000823974609375
jax/orbax/write/sharded_array_gb,0,0.0001220703125
jax/orbax/write/sharded_array_gb,0,0.0001373291015625
jax/orbax/write/sharded_array_gb,0,0.0001373291015625
jax/orbax/write/sharded_array_gb,0,6.103515625e-05
jax/orbax/write/sharded_array_gb,0,0.0001373291015625
jax/orbax/write/sharded_array_gb,0,0.0001220703125
jax/orbax/write/sharded_array_gb,0,0.000823974609375
jax/orbax/write/sharded_array_gb,0,0.0001373291015625
jax/orbax/write/sharded_array_gb,0,0.0001373291015625
jax/orbax/write/sharded_array_gb,0,0.000823974609375
jax/orbax/write/sharded_array_gb,0,0.0001373291015625
jax/orbax/write/sharded_array_gb,0,0.000823974609375
jax/orbax/write/sharded_array_gb,0,0.0001220703125
jax/orbax/write/sharded_array_gb,0,0.0001373291015625
jax/orbax/write/sharded_array_gb,0,0.0001373291015625
jax/orbax/write/sharded_array_gb,0,6.103515625e-05
jax/orbax/write/sharded_array_gb,0,0.0001373291015625
jax/orbax/write/sharded_array_gb,0,0.0001220703125
jax/orbax/write/sharded_array_gb,0,0.000823974609375
jax/orbax/write/sharded_array_gb,0,0.0001373291015625
jax/orbax/write/sharded_array_gb,0,0.0001373291015625
jax/orbax/write/sharded_array_gb,0,0.000823974609375
jax/orbax/write/sharded_array_gb,0,0.0001373291015625
jax/orbax/write/sharded_array_gb,0,0.000823974609375
jax/orbax/write/sharded_array_gb,0,0.0001220703125
jax/orbax/write/sharded_array_gb,0,0.0001373291015625
jax/orbax/write/sharded_array_gb,0,0.0001373291015625
jax/orbax/write/sharded_array_gb,0,6.103515625e-05
jax/orbax/write/sharded_array_gb,0,0.0001373291015625
jax/orbax/write/sharded_array_gb,0,0.0001220703125
jax/orbax/write/sharded_array_gb,0,0.000823974609375
jax/orbax/write/sharded_array_gb,0,0.0001373291015625
jax/orbax/write/sharded_array_gb,0,0.0001373291015625
jax/orbax/write/sharded_array_gb,0,0.000823974609375
jax/orbax/write/sharded_array_gb,0,0.0001373291015625
jax/orbax/write/sharded_array_gb,0,0.000823974609375
jax/orbax/write/sharded_array_gb,0,0.0001220703125
jax/orbax/write/sharded_array_gb,0,0.0001373291015625
jax/orbax/write/sharded_array_gb,0,0.0001373291015625
jax/orbax/write/sharded_array_gb,0,6.103515625e-05
jax/orbax/write/sharded_array_gb,0,0.0001373291015625
jax/orbax/write/sharded_array_gb,0,0.0001220703125
jax/orbax/write/sharded_array_gb,0,0.000823974609375
jax/orbax/write/sharded_array_gb,0,0.0001373291015625
jax/orbax/write/sharded_array_gb,0,0.0001373291015625
jax/orbax/write/sharded_array_gb,0,0.000823974609375
jax/orbax/write/sharded_array_gb,0,0.0001373291015625
jax/orbax/write/sharded_array_gb,0,0.000823974609375
jax/orbax/write/sharded_array_gb,0,0.0001220703125
jax/orbax/write/sharded_array_gb,0,0.0001373291015625
jax/orbax/write/sharded_array_gb,0,0.0001373291015625
jax/orbax/write/sharded_array_gb,0,6.103515625e-05
jax/orbax/write/sharded_array_gb,0,0.0001373291015625
jax/orbax/write/sharded_array_gb,0,0.0001220703125
jax/orbax/write/sharded_array_gb,0,0.000823974609375
jax/orbax/write/sharded_array_gb,0,0.0001373291015625
jax/orbax/write/sharded_array_gb,0,0.0001373291015625
jax/orbax/write/sharded_array_gb,0,0.000823974609375
jax/orbax/write/sharded_array_gb,0,0.0001373291015625
jax/orbax/write/sharded_array_gb,0,0.000823974609375
jax/orbax/write/sharded_array_gb,0,0.0001220703125
jax/orbax/write/sharded_array_gb,0,0.0001373291015625
jax/orbax/write/sharded_array_gb,0,0.0001373291015625
jax/orbax/write/sharded_array_gb,0,6.103515625e-05
jax/orbax/write/sharded_array_gb,0,0.0001373291015625
jax/orbax/write/sharded_array_gb,0,0.0001220703125
jax/orbax/write/sharded_array_gb,0,0.000823974609375
jax/orbax/write/sharded_array_gb,0,0.0001373291015625
jax/orbax/write/sharded_array_gb,0,0.0001373291015625
jax/orbax/write/sharded_array_gb,0,0.000823974609375
jax/orbax/write/sharded_array_gb,0,0.0001373291015625
jax/orbax/write/sharded_array_gb,0,0.000823974609375
jax/orbax/write/sharded_array_gb,0,0.0001220703125
jax/orbax/write/sharded_array_gb,0,0.0001373291015625
jax/orbax/write/sharded_array_gb,0,0.0001373291015625
jax/orbax/write/sharded_array_gb,0,6.103515625e-05
jax/orbax/write/sharded_array_gb,0,0.0001373291015625
jax/orbax/write/sharded_array_gb,0,0.0001220703125
jax/orbax/write/sharded_array_gb,0,0.000823974609375
jax/orbax/write/sharded_array_gb,0,0.0001373291015625
jax/orbax/write/sharded_array_gb,0,0.0001373291015625
jax/orbax/write/sharded_array_gb,0,0.000823974609375
jax/orbax/write/sharded_array_gb,0,0.0001373291015625
jax/orbax/write/sharded_array_gb,0,0.000823974609375
jax/orbax/write/sharded_array_gb,0,0.0001220703125
jax/orbax/write/sharded_array_gb,0,0.0001373291015625
jax/orbax/write/sharded_array_gb,0,0.0001373291015625
jax/orbax/write/sharded_array_gb,0,6.103515625e-05
jax/orbax/write/sharded_array_gb,0,0.0001373291015625
jax/orbax/write/sharded_array_gb,0,0.0001220703125
jax/orbax/write/sharded_array_gb,0,0.000823974609375
jax/orbax/write/sharded_array_gb,0,0.0001373291015625
jax/orbax/write/sharded_array_gb,0,0.0001373291015625
jax/orbax/write/sharded_array_gb,0,0.000823974609375
jax/orbax/write/sharded_array_gb,0,0.0001373291015625
jax/orbax/write/sharded_array_gb,0,0.000823974609375
jax/orbax/write/sharded_array_gb,0,0.0001220703125
jax/orbax/write/sharded_array_gb,0,0.0001373291015625
jax/orbax/write/sharded_array_gb,0,0.0001373291015625
jax/orbax/write/sharded_array_gb,0,6.103515625e-05
jax/orbax/write/sharded_array_gb,0,0.0001373291015625
jax/orbax/write/sharded_array_gb,0,0.0001220703125
jax/orbax/write/sharded_array_gb,0,0.000823974609375
jax/orbax/write/sharded_array_gb,0,0.0001373291015625
jax/orbax/write/sharded_array_gb,0,0.0001373291015625
jax/orbax/write/sharded_array_gb,0,0.000823974609375
jax/orbax/write/sharded_array_gb,0,0.0001373291015625
jax/orbax/write/sharded_array_gb,0,0.000823974609375
jax/orbax/write/sharded_array_gb,0,0.0001220703125
jax/orbax/write/sharded_array_gb,0,0.0001373291015625
jax/orbax/write/sharded_array_gb,0,0.0001373291015625
jax/orbax/write/sharded_array_gb,0,6.103515625e-05
jax/orbax/write/sharded_array_gb,0,0.0001373291015625
jax/orbax/write/sharded_array_gb,0,0.0001220703125
jax/orbax/write/sharded_array_gb,0,0.000823974609375
jax/orbax/write/sharded_array_gb,0,0.0001373291015625
jax/orbax/write/sharded_array_gb,0,0.0001373291015625
jax/orbax/write/sharded_array_gb,0,0.000823974609375
jax/orbax/write/sharded_array_gb,0,0.0001373291015625
jax/orbax/write/sharded_array_gb,0,0.000823974609375
jax/orbax/write/sharded_array_gb,0,0.0001220703125
jax/orbax/write/sharded_array_gb,0,0.0001373291015625
jax/orbax/write/sharded_array_gb,0,0.0001373291015625
jax/orbax/write/sharded_array_gb,0,6.103515625e-05
jax/orbax/write/sharded_array_gb,0,0.0001373291015625
jax/orbax/write/sharded_array_gb,0,0.0001220703125
jax/orbax/write/sharded_array_gb,0,0.000823974609375
jax/orbax/write/sharded_array_gb,0,0.0001373291015625
jax/orbax/write/sharded_array_gb,0,0.0001373291015625
jax/orbax/write/sharded_array_gb,0,0.000823974609375
jax/orbax/write/sharded_array_gb,0,0.0001373291015625
jax/orbax/write/sharded_array_gb,0,0.000823974609375
jax/orbax/write/sharded_array_gb,0,0.0001220703125
jax/orbax/write/sharded_array_gb,0,0.0001373291015625
jax/orbax/write/sharded_array_gb,0,0.0001373291015625
jax/orbax/write/sharded_array_gb,0,6.103515625e-05
jax/orbax/write/sharded_array_gb,0,0.0001373291015625
jax/orbax/write/sharded_array_gb,0,0.0001220703125
jax/orbax/write/sharded_array_gb,0,0.000823974609375
jax/orbax/write/sharded_array_gb,0,0.0001373291015625
jax/orbax/write/sharded_array_gb,0,0.0001373291015625
jax/orbax/write/sharded_array_gb,0,0.000823974609375
jax/orbax/write/sharded_array_gb,0,0.0001373291015625
jax/orbax/write/sharded_array_gb,0,0.000823974609375
jax/orbax/write/sharded_array_gb,0,0.0001220703125
jax/orbax/write/sharded_array_gb,0,0.0001373291015625
jax/orbax/write/sharded_array_gb,0,0.0001373291015625
jax/orbax/write/sharded_array_gb,0,6.103515625e-05
jax/orbax/write/sharded_array_gb,0,0.0001373291015625
jax/orbax/write/sharded_array_gb,0,0.0001220703125
jax/orbax/write/sharded_array_gb,0,0.000823974609375
jax/orbax/write/sharded_array_gb,0,0.0001373291015625
jax/orbax/write/sharded_array_gb,0,0.0001373291015625
jax/orbax/write/sharded_array_gb,0,0.000823974609375
jax/orbax/write/sharded_array_gb,0,0.0001373291015625
jax/orbax/write/sharded_array_gb,0,0.000823974609375
jax/orbax/write/sharded_array_gb,0,0.0001220703125
jax/orbax/write/sharded_array_gb,0,0.0001373291015625
jax/orbax/write/sharded_array_gb,0,0.0001373291015625
jax/orbax/write/sharded_array_gb,0,6.103515625e-05
jax/orbax/write/sharded_array_gb,0,0.0001373291015625
jax/orbax/write/sharded_array_gb,0,0.0001220703125
jax/orbax/write/sharded_array_gb,0,0.000823974609375
jax/orbax/write/sharded_array_gb,0,0.0001373291015625
jax/orbax/write/sharded_array_gb,0,0.0001373291015625
jax/orbax/write/sharded_array_gb,0,0.000823974609375
jax/orbax/write/sharded_array_gb,0,0.0001373291015625
jax/orbax/write/sharded_array_gb,0,0.000823974609375
jax/orbax/write/sharded_array_gb,0,0.0001220703125
jax/orbax/write/sharded_array_gb,0,0.0001373291015625
jax/orbax/write/sharded_array_gb,0,0.0001373291015625
jax/orbax/write/sharded_array_gb,0,6.103515625e-05
jax/orbax/write/sharded_array_gb,0,0.0001373291015625
jax/orbax/write/sharded_array_gb,0,0.0001220703125
jax/orbax/write/sharded_array_gb,0,0.000823974609375
jax/orbax/write/sharded_array_gb,0,0.0001373291015625
jax/orbax/write/sharded_array_gb,0,0.0001373291015625
jax/orbax/write/sharded_array_gb,0,0.000823974609375
jax/orbax/write/sharded_array_gb,0,0.0001373291015625
jax/orbax/write/sharded_array_gb,0,0.000823974609375
jax/orbax/write/sharded_array_gb,0,0.0001220703125
jax/orbax/write/sharded_array_gb,0,0.0001373291015625
jax/orbax/write/sharded_array_gb,0,0.0001373291015625
jax/orbax/write/sharded_array_gb,0,6.103515625e-05
jax/orbax/write/sharded_array_gb,0,0.0001373291015625
jax/orbax/write/sharded_array_gb,0,0.0001220703125
jax/orbax/write/sharded_array_gb,0,0.000823974609375
jax/orbax/write/sharded_array_gb,0,0.0001373291015625
jax/orbax/write/sharded_array_gb,0,0.0001373291015625
jax/orbax/write/sharded_array_gb,0,0.000823974609375
jax/orbax/write/sharded_array_gb,0,0.0001373291015625
jax/orbax/write/sharded_array_gb,0,0.000823974609375
jax/orbax/write/sharded_array_gb,0,0.000244140625
jax/orbax/write/sharded_array_gb,0,0.000274658203125
jax/orbax/write/sharded_array_gb,0,0.000274658203125
jax/orbax/write/sharded_array_gb,0,0.0001220703125
jax/orbax/write/sharded_array_gb,0,0.000274658203125
jax/orbax/write/sharded_array_gb,0,0.000244140625
jax/orbax/write/sharded_array_gb,0,0.00164794921875
jax/orbax/write/sharded_array_gb,0,0.000274658203125
jax/orbax/write/sharded_array_gb,0,0.000274658203125
jax/orbax/write/sharded_array_gb,0,0.00164794921875
jax/orbax/write/sharded_array_gb,0,0.000274658203125
jax/orbax/write/sharded_array_gb,0,0.00164794921875
jax/orbax/write/sharded_array_gb,0,0.000244140625
jax/orbax/write/sharded_array_gb,0,0.000274658203125
jax/orbax/write/sharded_array_gb,0,0.000274658203125
jax/orbax/write/sharded_array_gb,0,0.0001220703125
jax/orbax/write/sharded_array_gb,0,0.000274658203125
jax/orbax/write/sharded_array_gb,0,0.000244140625
jax/orbax/write/sharded_array_gb,0,0.00164794921875
jax/orbax/write/sharded_array_gb,0,0.000274658203125
jax/orbax/write/sharded_array_gb,0,0.000274658203125
jax/orbax/write/sharded_array_gb,0,0.00164794921875
jax/orbax/write/sharded_array_gb,0,0.000274658203125
jax/orbax/write/sharded_array_gb,0,0.00164794921875
jax/orbax/write/sharded_array_gb,0,0.000244140625
jax/orbax/write/sharded_array_gb,0,0.000274658203125
jax/orbax/write/sharded_array_gb,0,0.000274658203125
jax/orbax/write/sharded_array_gb,0,0.0001220703125
jax/orbax/write/sharded_array_gb,0,0.000274658203125
jax/orbax/write/sharded_array_gb,0,0.000244140625
jax/orbax/write/sharded_array_gb,0,0.00164794921875
jax/orbax/write/sharded_array_gb,0,0.000274658203125
jax/orbax/write/sharded_array_gb,0,0.000274658203125
jax/orbax/write/sharded_array_gb,0,0.00164794921875
jax/orbax/write/sharded_array_gb,0,0.000274658203125
jax/orbax/write/sharded_array_gb,0,0.00164794921875
jax/orbax/write/sharded_array_gb,0,0.000244140625
jax/orbax/write/sharded_array_gb,0,0.000274658203125
jax/orbax/write/sharded_array_gb,0,0.000274658203125
jax/orbax/write/sharded_array_gb,0,0.0001220703125
jax/orbax/write/sharded_array_gb,0,0.000274658203125
jax/orbax/write/sharded_array_gb,0,0.000244140625
jax/orbax/write/sharded_array_gb,0,0.00164794921875
jax/orbax/write/sharded_array_gb,0,0.000274658203125
jax/orbax/write/sharded_array_gb,0,0.000274658203125
jax/orbax/write/sharded_array_gb,0,0.00164794921875
jax/orbax/write/sharded_array_gb,0,0.000274658203125
jax/orbax/write/sharded_array_gb,0,0.00164794921875
jax/orbax/write/sharded_array_gb,0,0.000244140625
jax/orbax/write/sharded_array_gb,0,0.000274658203125
jax/orbax/write/sharded_array_gb,0,0.000274658203125
jax/orbax/write/sharded_array_gb,0,0.0001220703125
jax/orbax/write/sharded_array_gb,0,0.000274658203125
jax/orbax/write/sharded_array_gb,0,0.000244140625
jax/orbax/write/sharded_array_gb,0,0.00164794921875
jax/orbax/write/sharded_array_gb,0,0.000274658203125
jax/orbax/write/sharded_array_gb,0,0.000274658203125
jax/orbax/write/sharded_array_gb,0,0.00164794921875
jax/orbax/write/sharded_array_gb,0,0.000274658203125
jax/orbax/write/sharded_array_gb,0,0.00164794921875
jax/orbax/write/sharded_array_gb,0,0.000244140625
jax/orbax/write/sharded_array_gb,0,0.000274658203125
jax/orbax/write/sharded_array_gb,0,0.000274658203125
jax/orbax/write/sharded_array_gb,0,0.0001220703125
jax/orbax/write/sharded_array_gb,0,0.000274658203125
jax/orbax/write/sharded_array_gb,0,0.000244140625
jax/orbax/write/sharded_array_gb,0,0.00164794921875
jax/orbax/write/sharded_array_gb,0,0.000274658203125
jax/orbax/write/sharded_array_gb,0,0.000274658203125
jax/orbax/write/sharded_array_gb,0,0.00164794921875
jax/orbax/write/sharded_array_gb,0,0.000274658203125
jax/orbax/write/sharded_array_gb,0,0.00164794921875
jax/orbax/write/sharded_array_gb,0,0.000244140625
jax/orbax/write/sharded_array_gb,0,0.000274658203125
jax/orbax/write/sharded_array_gb,0,0.000274658203125
jax/orbax/write/sharded_array_gb,0,0.0001220703125
jax/orbax/write/sharded_array_gb,0,0.000274658203125
jax/orbax/write/sharded_array_gb,0,0.000244140625
jax/orbax/write/sharded_array_gb,0,0.00164794921875
jax/orbax/write/sharded_array_gb,0,0.000274658203125
jax/orbax/write/sharded_array_gb,0,0.000274658203125
jax/orbax/write/sharded_array_gb,0,0.00164794921875
jax/orbax/write/sharded_array_gb,0,0.000274658203125
jax/orbax/write/sharded_array_gb,0,0.00164794921875
jax/orbax/write/sharded_array_gb,0,0.000244140625
jax/orbax/write/sharded_array_gb,0,0.000274658203125
jax/orbax/write/sharded_array_gb,0,0.000274658203125
jax/orbax/write/sharded_array_gb,0,0.0001220703125
jax/orbax/write/sharded_array_gb,0,0.000274658203125
jax/orbax/write/sharded_array_gb,0,0.000244140625
jax/orbax/write/sharded_array_gb,0,0.00164794921875
jax/orbax/write/sharded_array_gb,0,0.000274658203125
jax/orbax/write/sharded_array_gb,0,0.000274658203125
jax/orbax/write/sharded_array_gb,0,0.00164794921875
jax/orbax/write/sharded_array_gb,0,0.000274658203125
jax/orbax/write/sharded_array_gb,0,0.00164794921875
jax/orbax/write/sharded_array_gb,0,0.000244140625
jax/orbax/write/sharded_array_gb,0,0.000274658203125
jax/orbax/write/sharded_array_gb,0,0.000274658203125
jax/orbax/write/sharded_array_gb,0,0.0001220703125
jax/orbax/write/sharded_array_gb,0,0.000274658203125
jax/orbax/write/sharded_array_gb,0,0.000244140625
jax/orbax/write/sharded_array_gb,0,0.00164794921875
jax/orbax/write/sharded_array_gb,0,0.000274658203125
jax/orbax/write/sharded_array_gb,0,0.000274658203125
jax/orbax/write/sharded_array_gb,0,0.00164794921875
jax/orbax/write/sharded_array_gb,0,0.000274658203125
jax/orbax/write/sharded_array_gb,0,0.00164794921875
jax/orbax/write/sharded_array_gb,0,0.000244140625
jax/orbax/write/sharded_array_gb,0,0.000274658203125
jax/orbax/write/sharded_array_gb,0,0.000274658203125
jax/orbax/write/sharded_array_gb,0,0.0001220703125
jax/orbax/write/sharded_array_gb,0,0.000274658203125
jax/orbax/write/sharded_array_gb,0,0.000244140625
jax/orbax/write/sharded_array_gb,0,0.00164794921875
jax/orbax/write/sharded_array_gb,0,0.000274658203125
jax/orbax/write/sharded_array_gb,0,0.000274658203125
jax/orbax/write/sharded_array_gb,0,0.00164794921875
jax/orbax/write/sharded_array_gb,0,0.000274658203125
jax/orbax/write/sharded_array_gb,0,0.00164794921875
jax/orbax/write/sharded_array_gb,0,0.000244140625
jax/orbax/write/sharded_array_gb,0,0.000274658203125
jax/orbax/write/sharded_array_gb,0,0.000274658203125
jax/orbax/write/sharded_array_gb,0,0.0001220703125
jax/orbax/write/sharded_array_gb,0,0.000274658203125
jax/orbax/write/sharded_array_gb,0,0.000244140625
jax/orbax/write/sharded_array_gb,0,0.00164794921875
jax/orbax/write/sharded_array_gb,0,0.000274658203125
jax/orbax/write/sharded_array_gb,0,0.000274658203125
jax/orbax/write/sharded_array_gb,0,0.00164794921875
jax/orbax/write/sharded_array_gb,0,0.000274658203125
jax/orbax/write/sharded_array_gb,0,0.00164794921875
jax/orbax/write/sharded_array_gb,0,0.000244140625
jax/orbax/write/sharded_array_gb,0,0.000274658203125
jax/orbax/write/sharded_array_gb,0,0.000274658203125
jax/orbax/write/sharded_array_gb,0,0.0001220703125
jax/orbax/write/sharded_array_gb,0,0.000274658203125
jax/orbax/write/sharded_array_gb,0,0.000244140625
jax/orbax/write/sharded_array_gb,0,0.00164794921875
jax/orbax/write/sharded_array_gb,0,0.000274658203125
jax/orbax/write/sharded_array_gb,0,0.000274658203125
jax/orbax/write/sharded_array_gb,0,0.00164794921875
jax/orbax/write/sharded_array_gb,0,0.000274658203125
jax/orbax/write/sharded_array_gb,0,0.00164794921875
jax/orbax/write/sharded_array_gb,0,0.000244140625
jax/orbax/write/sharded_array_gb,0,0.000274658203125
jax/orbax/write/sharded_array_gb,0,0.000274658203125
jax/orbax/write/sharded_array_gb,0,0.0001220703125
jax/orbax/write/sharded_array_gb,0,0.000274658203125
jax/orbax/write/sharded_array_gb,0,0.000244140625
jax/orbax/write/sharded_array_gb,0,0.00164794921875
jax/orbax/write/sharded_array_gb,0,0.000274658203125
jax/orbax/write/sharded_array_gb,0,0.000274658203125
jax/orbax/write/sharded_array_gb,0,0.00164794921875
jax/orbax/write/sharded_array_gb,0,0.000274658203125
jax/orbax/write/sharded_array_gb,0,0.00164794921875
jax/orbax/write/sharded_array_gb,0,0.000244140625
jax/orbax/write/sharded_array_gb,0,0.000274658203125
jax/orbax/write/sharded_array_gb,0,0.000274658203125
jax/orbax/write/sharded_array_gb,0,0.0001220703125
jax/orbax/write/sharded_array_gb,0,0.000274658203125
jax/orbax/write/sharded_array_gb,0,0.000244140625
jax/orbax/write/sharded_array_gb,0,0.00164794921875
jax/orbax/write/sharded_array_gb,0,0.000274658203125
jax/orbax/write/sharded_array_gb,0,0.000274658203125
jax/orbax/write/sharded_array_gb,0,0.00164794921875
jax/orbax/write/sharded_array_gb,0,0.000274658203125
jax/orbax/write/sharded_array_gb,0,0.00164794921875
jax/orbax/write/sharded_array_gb,0,0.000244140625
jax/orbax/write/sharded_array_gb,0,0.000274658203125
jax/orbax/write/sharded_array_gb,0,0.000274658203125
jax/orbax/write/sharded_array_gb,0,0.0001220703125
jax/orbax/write/sharded_array_gb,0,0.000274658203125
jax/orbax/write/sharded_array_gb,0,0.000244140625
jax/orbax/write/sharded_array_gb,0,0.00164794921875
jax/orbax/write/sharded_array_gb,0,0.000274658203125
jax/orbax/write/sharded_array_gb,0,0.000274658203125
jax/orbax/write/sharded_array_gb,0,0.00164794921875
jax/orbax/write/sharded_array_gb,0,0.000274658203125
jax/orbax/write/sharded_array_gb,0,0.00164794921875
jax/orbax/write/sharded_array_gb,0,0.000244140625
jax/orbax/write/sharded_array_gb,0,0.000274658203125
jax/orbax/write/sharded_array_gb,0,0.000274658203125
jax/orbax/write/sharded_array_gb,0,0.0001220703125
jax/orbax/write/sharded_array_gb,0,0.000274658203125
jax/orbax/write/sharded_array_gb,0,0.000244140625
jax/orbax/write/sharded_array_gb,0,0.00164794921875
jax/orbax/write/sharded_array_gb,0,0.000274658203125
jax/orbax/write/sharded_array_gb,0,0.000274658203125
jax/orbax/write/sharded_array_gb,0,0.00164794921875
jax/orbax/write/sharded_array_gb,0,0.000274658203125
jax/orbax/write/sharded_array_gb,0,0.00164794921875
jax/orbax/write/sharded_array_gb,0,0.000244140625
jax/orbax/write/sharded_array_gb,0,0.000274658203125
jax/orbax/write/sharded_array_gb,0,0.000274658203125
jax/orbax/write/sharded_array_gb,0,0.0001220703125
jax/orbax/write/sharded_array_gb,0,0.000274658203125
jax/orbax/write/sharded_array_gb,0,0.000244140625
jax/orbax/write/sharded_array_gb,0,0.00164794921875
jax/orbax/write/sharded_array_gb,0,0.000274658203125
jax/orbax/write/sharded_array_gb,0,0.000274658203125
jax/orbax/write/sharded_array_gb,0,0.00164794921875
jax/orbax/write/sharded_array_gb,0,0.000274658203125
jax/orbax/write/sharded_array_gb,0,0.00164794921875
jax/orbax/write/sharded_array_gb,0,0.000244140625
jax/orbax/write/sharded_array_gb,0,0.000274658203125
jax/orbax/write/sharded_array_gb,0,0.000274658203125
jax/orbax/write/sharded_array_gb,0,0.0001220703125
jax/orbax/write/sharded_array_gb,0,0.000274658203125
jax/orbax/write/sharded_array_gb,0,0.000244140625
jax/orbax/write/sharded_array_gb,0,0.00164794921875
jax/orbax/write/sharded_array_gb,0,0.000274658203125
jax/orbax/write/sharded_array_gb,0,0.000274658203125
jax/orbax/write/sharded_array_gb,0,0.00164794921875
jax/orbax/write/sharded_array_gb,0,0.000274658203125
jax/orbax/write/sharded_array_gb,0,0.00164794921875
jax/orbax/write/sharded_array_gb,0,0.000244140625
jax/orbax/write/sharded_array_gb,0,0.000274658203125
jax/orbax/write/sharded_array_gb,0,0.000274658203125
jax/orbax/write/sharded_array_gb,0,0.0001220703125
jax/orbax/write/sharded_array_gb,0,0.000274658203125
jax/orbax/write/sharded_array_gb,0,0.000244140625
jax/orbax/write/sharded_array_gb,0,0.00164794921875
jax/orbax/write/sharded_array_gb,0,0.000274658203125
jax/orbax/write/sharded_array_gb,0,0.000274658203125
jax/orbax/write/sharded_array_gb,0,0.00164794921875
jax/orbax/write/sharded_array_gb,0,0.000274658203125
jax/orbax/write/sharded_array_gb,0,0.00164794921875
jax/orbax/write/sharded_array_gb,0,0.000244140625
jax/orbax/write/sharded_array_gb,0,0.000274658203125
jax/orbax/write/sharded_array_gb,0,0.000274658203125
jax/orbax/write/sharded_array_gb,0,0.0001220703125
jax/orbax/write/sharded_array_gb,0,0.000274658203125
jax/orbax/write/sharded_array_gb,0,0.000244140625
jax/orbax/write/sharded_array_gb,0,0.00164794921875
jax/orbax/write/sharded_array_gb,0,0.000274658203125
jax/orbax/write/sharded_array_gb,0,0.000274658203125
jax/orbax/write/sharded_array_gb,0,0.00164794921875
jax/orbax/write/sharded_array_gb,0,0.000274658203125
jax/orbax/write/sharded_array_gb,0,0.00164794921875
jax/orbax/write/sharded_array_gb,0,0.000244140625
jax/orbax/write/sharded_array_gb,0,0.000274658203125
jax/orbax/write/sharded_array_gb,0,0.000274658203125
jax/orbax/write/sharded_array_gb,0,0.0001220703125
jax/orbax/write/sharded_array_gb,0,0.000274658203125
jax/orbax/write/sharded_array_gb,0,0.000244140625
jax/orbax/write/sharded_array_gb,0,0.00164794921875
jax/orbax/write/sharded_array_gb,0,0.000274658203125
jax/orbax/write/sharded_array_gb,0,0.000274658203125
jax/orbax/write/sharded_array_gb,0,0.00164794921875
jax/orbax/write/sharded_array_gb,0,0.000274658203125
jax/orbax/write/sharded_array_gb,0,0.00164794921875
jax/orbax/write/sharded_array_gb,0,0.000244140625
jax/orbax/write/sharded_array_gb,0,0.000274658203125
jax/orbax/write/sharded_array_gb,0,0.000274658203125
jax/orbax/write/sharded_array_gb,0,0.0001220703125
jax/orbax/write/sharded_array_gb,0,0.000274658203125
jax/orbax/write/sharded_array_gb,0,0.000244140625
jax/orbax/write/sharded_array_gb,0,0.00164794921875
jax/orbax/write/sharded_array_gb,0,0.000274658203125
jax/orbax/write/sharded_array_gb,0,0.000274658203125
jax/orbax/write/sharded_array_gb,0,0.00164794921875
jax/orbax/write/sharded_array_gb,0,0.000274658203125
jax/orbax/write/sharded_array_gb,0,0.00164794921875
jax/orbax/write/sharded_array_gb,0,0.000244140625
jax/orbax/write/sharded_array_gb,0,0.000274658203125
jax/orbax/write/sharded_array_gb,0,0.000274658203125
jax/orbax/write/sharded_array_gb,0,0.0001220703125
jax/orbax/write/sharded_array_gb,0,0.000274658203125
jax/orbax/write/sharded_array_gb,0,0.000244140625
jax/orbax/write/sharded_array_gb,0,0.00164794921875
jax/orbax/write/sharded_array_gb,0,0.000274658203125
jax/orbax/write/sharded_array_gb,0,0.000274658203125
jax/orbax/write/sharded_array_gb,0,0.00164794921875
jax/orbax/write/sharded_array_gb,0,0.000274658203125
jax/orbax/write/sharded_array_gb,0,0.00164794921875
jax/orbax/write/sharded_array_gb,0,0.000244140625
jax/orbax/write/sharded_array_gb,0,0.000274658203125
jax/orbax/write/sharded_array_gb,0,0.000274658203125
jax/orbax/write/sharded_array_gb,0,0.0001220703125
jax/orbax/write/sharded_array_gb,0,0.000274658203125
jax/orbax/write/sharded_array_gb,0,0.000244140625
jax/orbax/write/sharded_array_gb,0,0.00164794921875
jax/orbax/write/sharded_array_gb,0,0.000274658203125
jax/orbax/write/sharded_array_gb,0,0.000274658203125
jax/orbax/write/sharded_array_gb,0,0.00164794921875
jax/orbax/write/sharded_array_gb,0,0.000274658203125
jax/orbax/write/sharded_array_gb,0,0.00164794921875
jax/orbax/write/sharded_array_gb,0,0.000244140625
jax/orbax/write/sharded_array_gb,0,0.000274658203125
jax/orbax/write/sharded_array_gb,0,0.000274658203125
jax/orbax/write/sharded_array_gb,0,0.0001220703125
jax/orbax/write/sharded_array_gb,0,0.000274658203125
jax/orbax/write/sharded_array_gb,0,0.000244140625
jax/orbax/write/sharded_array_gb,0,0.00164794921875
jax/orbax/write/sharded_array_gb,0,0.000274658203125
jax/orbax/write/sharded_array_gb,0,0.000274658203125
jax/orbax/write/sharded_array_gb,0,0.00164794921875
jax/orbax/write/sharded_array_gb,0,0.000274658203125
jax/orbax/write/sharded_array_gb,0,0.00164794921875
jax/orbax/write/sharded_array_gb,0,0.000244140625
jax/orbax/write/sharded_array_gb,0,0.000274658203125
jax/orbax/write/sharded_array_gb,0,0.000274658203125
jax/orbax/write/sharded_array_gb,0,0.0001220703125
jax/orbax/write/sharded_array_gb,0,0.000274658203125
jax/orbax/write/sharded_array_gb,0,0.000244140625
jax/orbax/write/sharded_array_gb,0,0.00164794921875
jax/orbax/write/sharded_array_gb,0,0.000274658203125
jax/orbax/write/sharded_array_gb,0,0.000274658203125
jax/orbax/write/sharded_array_gb,0,0.00164794921875
jax/orbax/write/sharded_array_gb,0,0.000274658203125
jax/orbax/write/sharded_array_gb,0,0.00164794921875
jax/orbax/write/sharded_array_gb,0,3.725290298461914e-09
jax/orbax/write/sharded_array_gb,0,3.725290298461914e-09
jax/orbax/write/sharded_array_gb,0,0.0001220703125
jax/orbax/write/sharded_array_gb,0,0.0001373291015625
jax/orbax/write/sharded_array_gb,0,0.0001373291015625
jax/orbax/write/sharded_array_gb,0,6.103515625e-05
jax/orbax/write/sharded_array_gb,0,0.0001373291015625
jax/orbax/write/sharded_array_gb,0,0.0001220703125
jax/orbax/write/sharded_array_gb,0,0.000823974609375
jax/orbax/write/sharded_array_gb,0,0.0001373291015625
jax/orbax/write/sharded_array_gb,0,0.0001373291015625
jax/orbax/write/sharded_array_gb,0,0.000823974609375
jax/orbax/write/sharded_array_gb,0,0.0001373291015625
jax/orbax/write/sharded_array_gb,0,0.000823974609375
jax/orbax/write/sharded_array_gb,0,0.0001220703125
jax/orbax/write/sharded_array_gb,0,0.0001373291015625
jax/orbax/write/sharded_array_gb,0,0.0001373291015625
jax/orbax/write/sharded_array_gb,0,6.103515625e-05
jax/orbax/write/sharded_array_gb,0,0.0001373291015625
jax/orbax/write/sharded_array_gb,0,0.0001220703125
jax/orbax/write/sharded_array_gb,0,0.000823974609375
jax/orbax/write/sharded_array_gb,0,0.0001373291015625
jax/orbax/write/sharded_array_gb,0,0.0001373291015625
jax/orbax/write/sharded_array_gb,0,0.000823974609375
jax/orbax/write/sharded_array_gb,0,0.0001373291015625
jax/orbax/write/sharded_array_gb,0,0.000823974609375
jax/orbax/write/sharded_array_gb,0,0.0001220703125
jax/orbax/write/sharded_array_gb,0,0.0001373291015625
jax/orbax/write/sharded_array_gb,0,0.0001373291015625
jax/orbax/write/sharded_array_gb,0,6.103515625e-05
jax/orbax/write/sharded_array_gb,0,0.0001373291015625
jax/orbax/write/sharded_array_gb,0,0.0001220703125
jax/orbax/write/sharded_array_gb,0,0.000823974609375
jax/orbax/write/sharded_array_gb,0,0.0001373291015625
jax/orbax/write/sharded_array_gb,0,0.0001373291015625
jax/orbax/write/sharded_array_gb,0,0.000823974609375
jax/orbax/write/sharded_array_gb,0,0.0001373291015625
jax/orbax/write/sharded_array_gb,0,0.000823974609375
jax/orbax/write/sharded_array_gb,0,0.0001220703125
jax/orbax/write/sharded_array_gb,0,0.0001373291015625
jax/orbax/write/sharded_array_gb,0,0.0001373291015625
jax/orbax/write/sharded_array_gb,0,6.103515625e-05
jax/orbax/write/sharded_array_gb,0,0.0001373291015625
jax/orbax/write/sharded_array_gb,0,0.0001220703125
jax/orbax/write/sharded_array_gb,0,0.000823974609375
jax/orbax/write/sharded_array_gb,0,0.0001373291015625
jax/orbax/write/sharded_array_gb,0,0.0001373291015625
jax/orbax/write/sharded_array_gb,0,0.000823974609375
jax/orbax/write/sharded_array_gb,0,0.0001373291015625
jax/orbax/write/sharded_array_gb,0,0.000823974609375
jax/orbax/write/sharded_array_gb,0,0.0001220703125
jax/orbax/write/sharded_array_gb,0,0.0001373291015625
jax/orbax/write/sharded_array_gb,0,0.0001373291015625
jax/orbax/write/sharded_array_gb,0,6.103515625e-05
jax/orbax/write/sharded_array_gb,0,0.0001373291015625
jax/orbax/write/sharded_array_gb,0,0.0001220703125
jax/orbax/write/sharded_array_gb,0,0.000823974609375
jax/orbax/write/sharded_array_gb,0,0.0001373291015625
jax/orbax/write/sharded_array_gb,0,0.0001373291015625
jax/orbax/write/sharded_array_gb,0,0.000823974609375
jax/orbax/write/sharded_array_gb,0,0.0001373291015625
jax/orbax/write/sharded_array_gb,0,0.000823974609375
jax/orbax/write/sharded_array_gb,0,0.0001220703125
jax/orbax/write/sharded_array_gb,0,0.0001373291015625
jax/orbax/write/sharded_array_gb,0,0.0001373291015625
jax/orbax/write/sharded_array_gb,0,6.103515625e-05
jax/orbax/write/sharded_array_gb,0,0.0001373291015625
jax/orbax/write/sharded_array_gb,0,0.0001220703125
jax/orbax/write/sharded_array_gb,0,0.000823974609375
jax/orbax/write/sharded_array_gb,0,0.0001373291015625
jax/orbax/write/sharded_array_gb,0,0.0001373291015625
jax/orbax/write/sharded_array_gb,0,0.000823974609375
jax/orbax/write/sharded_array_gb,0,0.0001373291015625
jax/orbax/write/sharded_array_gb,0,0.000823974609375
jax/orbax/write/sharded_array_gb,0,0.0001220703125
jax/orbax/write/sharded_array_gb,0,0.0001373291015625
jax/orbax/write/sharded_array_gb,0,0.0001373291015625
jax/orbax/write/sharded_array_gb,0,6.103515625e-05
jax/orbax/write/sharded_array_gb,0,0.0001373291015625
jax/orbax/write/sharded_array_gb,0,0.0001220703125
jax/orbax/write/sharded_array_gb,0,0.000823974609375
jax/orbax/write/sharded_array_gb,0,0.0001373291015625
jax/orbax/write/sharded_array_gb,0,0.0001373291015625
jax/orbax/write/sharded_array_gb,0,0.000823974609375
jax/orbax/write/sharded_array_gb,0,0.0001373291015625
jax/orbax/write/sharded_array_gb,0,0.000823974609375
jax/orbax/write/sharded_array_gb,0,0.0001220703125
jax/orbax/write/sharded_array_gb,0,0.0001373291015625
jax/orbax/write/sharded_array_gb,0,0.0001373291015625
jax/orbax/write/sharded_array_gb,0,6.103515625e-05
jax/orbax/write/sharded_array_gb,0,0.0001373291015625
jax/orbax/write/sharded_array_gb,0,0.0001220703125
jax/orbax/write/sharded_array_gb,0,0.000823974609375
jax/orbax/write/sharded_array_gb,0,0.0001373291015625
jax/orbax/write/sharded_array_gb,0,0.0001373291015625
jax/orbax/write/sharded_array_gb,0,0.000823974609375
jax/orbax/write/sharded_array_gb,0,0.0001373291015625
jax/orbax/write/sharded_array_gb,0,0.000823974609375
jax/orbax/write/sharded_array_gb,0,0.0001220703125
jax/orbax/write/sharded_array_gb,0,0.0001373291015625
jax/orbax/write/sharded_array_gb,0,0.0001373291015625
jax/orbax/write/sharded_array_gb,0,6.103515625e-05
jax/orbax/write/sharded_array_gb,0,0.0001373291015625
jax/orbax/write/sharded_array_gb,0,0.0001220703125
jax/orbax/write/sharded_array_gb,0,0.000823974609375
jax/orbax/write/sharded_array_gb,0,0.0001373291015625
jax/orbax/write/sharded_array_gb,0,0.0001373291015625
jax/orbax/write/sharded_array_gb,0,0.000823974609375
jax/orbax/write/sharded_array_gb,0,0.0001373291015625
jax/orbax/write/sharded_array_gb,0,0.000823974609375
jax/orbax/write/sharded_array_gb,0,0.0001220703125
jax/orbax/write/sharded_array_gb,0,0.0001373291015625
jax/orbax/write/sharded_array_gb,0,0.0001373291015625
jax/orbax/write/sharded_array_gb,0,6.103515625e-05
jax/orbax/write/sharded_array_gb,0,0.0001373291015625
jax/orbax/write/sharded_array_gb,0,0.0001220703125
jax/orbax/write/sharded_array_gb,0,0.000823974609375
jax/orbax/write/sharded_array_gb,0,0.0001373291015625
jax/orbax/write/sharded_array_gb,0,0.0001373291015625
jax/orbax/write/sharded_array_gb,0,0.000823974609375
jax/orbax/write/sharded_array_gb,0,0.0001373291015625
jax/orbax/write/sharded_array_gb,0,0.000823974609375
jax/orbax/write/sharded_array_gb,0,0.0001220703125
jax/orbax/write/sharded_array_gb,0,0.0001373291015625
jax/orbax/write/sharded_array_gb,0,0.0001373291015625
jax/orbax/write/sharded_array_gb,0,6.103515625e-05
jax/orbax/write/sharded_array_gb,0,0.0001373291015625
jax/orbax/write/sharded_array_gb,0,0.0001220703125
jax/orbax/write/sharded_array_gb,0,0.000823974609375
jax/orbax/write/sharded_array_gb,0,0.0001373291015625
jax/orbax/write/sharded_array_gb,0,0.0001373291015625
jax/orbax/write/sharded_array_gb,0,0.000823974609375
jax/orbax/write/sharded_array_gb,0,0.0001373291015625
jax/orbax/write/sharded_array_gb,0,0.000823974609375
jax/orbax/write/sharded_array_gb,0,0.0001220703125
jax/orbax/write/sharded_array_gb,0,0.0001373291015625
jax/orbax/write/sharded_array_gb,0,0.0001373291015625
jax/orbax/write/sharded_array_gb,0,6.103515625e-05
jax/orbax/write/sharded_array_gb,0,0.0001373291015625
jax/orbax/write/sharded_array_gb,0,0.0001220703125
jax/orbax/write/sharded_array_gb,0,0.000823974609375
jax/orbax/write/sharded_array_gb,0,0.0001373291015625
jax/orbax/write/sharded_array_gb,0,0.0001373291015625
jax/orbax/write/sharded_array_gb,0,0.000823974609375
jax/orbax/write/sharded_array_gb,0,0.0001373291015625
jax/orbax/write/sharded_array_gb,0,0.000823974609375
jax/orbax/write/sharded_array_gb,0,0.0001220703125
jax/orbax/write/sharded_array_gb,0,0.0001373291015625
jax/orbax/write/sharded_array_gb,0,0.0001373291015625
jax/orbax/write/sharded_array_gb,0,6.103515625e-05
jax/orbax/write/sharded_array_gb,0,0.0001373291015625
jax/orbax/write/sharded_array_gb,0,0.0001220703125
jax/orbax/write/sharded_array_gb,0,0.000823974609375
jax/orbax/write/sharded_array_gb,0,0.0001373291015625
jax/orbax/write/sharded_array_gb,0,0.0001373291015625
jax/orbax/write/sharded_array_gb,0,0.000823974609375
jax/orbax/write/sharded_array_gb,0,0.0001373291015625
jax/orbax/write/sharded_array_gb,0,0.000823974609375
jax/orbax/write/sharded_array_gb,0,0.0001220703125
jax/orbax/write/sharded_array_gb,0,0.0001373291015625
jax/orbax/write/sharded_array_gb,0,0.0001373291015625
jax/orbax/write/sharded_array_gb,0,6.103515625e-05
jax/orbax/write/sharded_array_gb,0,0.0001373291015625
jax/orbax/write/sharded_array_gb,0,0.0001220703125
jax/orbax/write/sharded_array_gb,0,0.000823974609375
jax/orbax/write/sharded_array_gb,0,0.0001373291015625
jax/orbax/write/sharded_array_gb,0,0.0001373291015625
jax/orbax/write/sharded_array_gb,0,0.000823974609375
jax/orbax/write/sharded_array_gb,0,0.0001373291015625
jax/orbax/write/sharded_array_gb,0,0.000823974609375
jax/orbax/write/sharded_array_gb,0,0.0001220703125
jax/orbax/write/sharded_array_gb,0,0.0001373291015625
jax/orbax/write/sharded_array_gb,0,0.0001373291015625
jax/orbax/write/sharded_array_gb,0,6.103515625e-05
jax/orbax/write/sharded_array_gb,0,0.0001373291015625
jax/orbax/write/sharded_array_gb,0,0.0001220703125
jax/orbax/write/sharded_array_gb,0,0.000823974609375
jax/orbax/write/sharded_array_gb,0,0.0001373291015625
jax/orbax/write/sharded_array_gb,0,0.0001373291015625
jax/orbax/write/sharded_array_gb,0,0.000823974609375
jax/orbax/write/sharded_array_gb,0,0.0001373291015625
jax/orbax/write/sharded_array_gb,0,0.000823974609375
jax/orbax/write/sharded_array_gb,0,0.0001220703125
jax/orbax/write/sharded_array_gb,0,0.0001373291015625
jax/orbax/write/sharded_array_gb,0,0.0001373291015625
jax/orbax/write/sharded_array_gb,0,6.103515625e-05
jax/orbax/write/sharded_array_gb,0,0.0001373291015625
jax/orbax/write/sharded_array_gb,0,0.0001220703125
jax/orbax/write/sharded_array_gb,0,0.000823974609375
jax/orbax/write/sharded_array_gb,0,0.0001373291015625
jax/orbax/write/sharded_array_gb,0,0.0001373291015625
jax/orbax/write/sharded_array_gb,0,0.000823974609375
jax/orbax/write/sharded_array_gb,0,0.0001373291015625
jax/orbax/write/sharded_array_gb,0,0.000823974609375
jax/orbax/write/sharded_array_gb,0,0.0001220703125
jax/orbax/write/sharded_array_gb,0,0.0001373291015625
jax/orbax/write/sharded_array_gb,0,0.0001373291015625
jax/orbax/write/sharded_array_gb,0,6.103515625e-05
jax/orbax/write/sharded_array_gb,0,0.0001373291015625
jax/orbax/write/sharded_array_gb,0,0.0001220703125
jax/orbax/write/sharded_array_gb,0,0.000823974609375
jax/orbax/write/sharded_array_gb,0,0.0001373291015625
jax/orbax/write/sharded_array_gb,0,0.0001373291015625
jax/orbax/write/sharded_array_gb,0,0.000823974609375
jax/orbax/write/sharded_array_gb,0,0.0001373291015625
jax/orbax/write/sharded_array_gb,0,0.000823974609375
jax/orbax/write/sharded_array_gb,0,0.0001220703125
jax/orbax/write/sharded_array_gb,0,0.0001373291015625
jax/orbax/write/sharded_array_gb,0,0.0001373291015625
jax/orbax/write/sharded_array_gb,0,6.103515625e-05
jax/orbax/write/sharded_array_gb,0,0.0001373291015625
jax/orbax/write/sharded_array_gb,0,0.0001220703125
jax/orbax/write/sharded_array_gb,0,0.000823974609375
jax/orbax/write/sharded_array_gb,0,0.0001373291015625
jax/orbax/write/sharded_array_gb,0,0.0001373291015625
jax/orbax/write/sharded_array_gb,0,0.000823974609375
jax/orbax/write/sharded_array_gb,0,0.0001373291015625
jax/orbax/write/sharded_array_gb,0,0.000823974609375
jax/orbax/write/sharded_array_gb,0,0.0001220703125
jax/orbax/write/sharded_array_gb,0,0.0001373291015625
jax/orbax/write/sharded_array_gb,0,0.0001373291015625
jax/orbax/write/sharded_array_gb,0,6.103515625e-05
jax/orbax/write/sharded_array_gb,0,0.0001373291015625
jax/orbax/write/sharded_array_gb,0,0.0001220703125
jax/orbax/write/sharded_array_gb,0,0.000823974609375
jax/orbax/write/sharded_array_gb,0,0.0001373291015625
jax/orbax/write/sharded_array_gb,0,0.0001373291015625
jax/orbax/write/sharded_array_gb,0,0.000823974609375
jax/orbax/write/sharded_array_gb,0,0.0001373291015625
jax/orbax/write/sharded_array_gb,0,0.000823974609375
jax/orbax/write/sharded_array_gb,0,0.0001220703125
jax/orbax/write/sharded_array_gb,0,0.0001373291015625
jax/orbax/write/sharded_array_gb,0,0.0001373291015625
jax/orbax/write/sharded_array_gb,0,6.103515625e-05
jax/orbax/write/sharded_array_gb,0,0.0001373291015625
jax/orbax/write/sharded_array_gb,0,0.0001220703125
jax/orbax/write/sharded_array_gb,0,0.000823974609375
jax/orbax/write/sharded_array_gb,0,0.0001373291015625
jax/orbax/write/sharded_array_gb,0,0.0001373291015625
jax/orbax/write/sharded_array_gb,0,0.000823974609375
jax/orbax/write/sharded_array_gb,0,0.0001373291015625
jax/orbax/write/sharded_array_gb,0,0.000823974609375
jax/orbax/write/sharded_array_gb,0,0.0001220703125
jax/orbax/write/sharded_array_gb,0,0.0001373291015625
jax/orbax/write/sharded_array_gb,0,0.0001373291015625
jax/orbax/write/sharded_array_gb,0,6.103515625e-05
jax/orbax/write/sharded_array_gb,0,0.0001373291015625
jax/orbax/write/sharded_array_gb,0,0.0001220703125
jax/orbax/write/sharded_array_gb,0,0.000823974609375
jax/orbax/write/sharded_array_gb,0,0.0001373291015625
jax/orbax/write/sharded_array_gb,0,0.0001373291015625
jax/orbax/write/sharded_array_gb,0,0.000823974609375
jax/orbax/write/sharded_array_gb,0,0.0001373291015625
jax/orbax/write/sharded_array_gb,0,0.000823974609375
jax/orbax/write/sharded_array_gb,0,0.0001220703125
jax/orbax/write/sharded_array_gb,0,0.0001373291015625
jax/orbax/write/sharded_array_gb,0,0.0001373291015625
jax/orbax/write/sharded_array_gb,0,6.103515625e-05
jax/orbax/write/sharded_array_gb,0,0.0001373291015625
jax/orbax/write/sharded_array_gb,0,0.0001220703125
jax/orbax/write/sharded_array_gb,0,0.000823974609375
jax/orbax/write/sharded_array_gb,0,0.0001373291015625
jax/orbax/write/sharded_array_gb,0,0.0001373291015625
jax/orbax/write/sharded_array_gb,0,0.000823974609375
jax/orbax/write/sharded_array_gb,0,0.0001373291015625
jax/orbax/write/sharded_array_gb,0,0.000823974609375
jax/orbax/write/sharded_array_gb,0,0.0001220703125
jax/orbax/write/sharded_array_gb,0,0.0001373291015625
jax/orbax/write/sharded_array_gb,0,0.0001373291015625
jax/orbax/write/sharded_array_gb,0,6.103515625e-05
jax/orbax/write/sharded_array_gb,0,0.0001373291015625
jax/orbax/write/sharded_array_gb,0,0.0001220703125
jax/orbax/write/sharded_array_gb,0,0.000823974609375
jax/orbax/write/sharded_array_gb,0,0.0001373291015625
jax/orbax/write/sharded_array_gb,0,0.0001373291015625
jax/orbax/write/sharded_array_gb,0,0.000823974609375
jax/orbax/write/sharded_array_gb,0,0.0001373291015625
jax/orbax/write/sharded_array_gb,0,0.000823974609375
jax/orbax/write/sharded_array_gb,0,0.0001220703125
jax/orbax/write/sharded_array_gb,0,0.0001373291015625
jax/orbax/write/sharded_array_gb,0,0.0001373291015625
jax/orbax/write/sharded_array_gb,0,6.103515625e-05
jax/orbax/write/sharded_array_gb,0,0.0001373291015625
jax/orbax/write/sharded_array_gb,0,0.0001220703125
jax/orbax/write/sharded_array_gb,0,0.000823974609375
jax/orbax/write/sharded_array_gb,0,0.0001373291015625
jax/orbax/write/sharded_array_gb,0,0.0001373291015625
jax/orbax/write/sharded_array_gb,0,0.000823974609375
jax/orbax/write/sharded_array_gb,0,0.0001373291015625
jax/orbax/write/sharded_array_gb,0,0.000823974609375
jax/orbax/write/sharded_array_gb,0,0.0001220703125
jax/orbax/write/sharded_array_gb,0,0.0001373291015625
jax/orbax/write/sharded_array_gb,0,0.0001373291015625
jax/orbax/write/sharded_array_gb,0,6.103515625e-05
jax/orbax/write/sharded_array_gb,0,0.0001373291015625
jax/orbax/write/sharded_array_gb,0,0.0001220703125
jax/orbax/write/sharded_array_gb,0,0.000823974609375
jax/orbax/write/sharded_array_gb,0,0.0001373291015625
jax/orbax/write/sharded_array_gb,0,0.0001373291015625
jax/orbax/write/sharded_array_gb,0,0.000823974609375
jax/orbax/write/sharded_array_gb,0,0.0001373291015625
jax/orbax/write/sharded_array_gb,0,0.000823974609375
jax/orbax/write/sharded_array_gb,0,0.0001220703125
jax/orbax/write/sharded_array_gb,0,0.0001373291015625
jax/orbax/write/sharded_array_gb,0,0.0001373291015625
jax/orbax/write/sharded_array_gb,0,6.103515625e-05
jax/orbax/write/sharded_array_gb,0,0.0001373291015625
jax/orbax/write/sharded_array_gb,0,0.0001220703125
jax/orbax/write/sharded_array_gb,0,0.000823974609375
jax/orbax/write/sharded_array_gb,0,0.0001373291015625
jax/orbax/write/sharded_array_gb,0,0.0001373291015625
jax/orbax/write/sharded_array_gb,0,0.000823974609375
jax/orbax/write/sharded_array_gb,0,0.0001373291015625
jax/orbax/write/sharded_array_gb,0,0.000823974609375
jax/orbax/write/sharded_array_gb,0,0.0001220703125
jax/orbax/write/sharded_array_gb,0,0.0001373291015625
jax/orbax/write/sharded_array_gb,0,0.0001373291015625
jax/orbax/write/sharded_array_gb,0,6.103515625e-05
jax/orbax/write/sharded_array_gb,0,0.0001373291015625
jax/orbax/write/sharded_array_gb,0,0.0001220703125
jax/orbax/write/sharded_array_gb,0,0.000823974609375
jax/orbax/write/sharded_array_gb,0,0.0001373291015625
jax/orbax/write/sharded_array_gb,0,0.0001373291015625
jax/orbax/write/sharded_array_gb,0,0.000823974609375
jax/orbax/write/sharded_array_gb,0,0.0001373291015625
jax/orbax/write/sharded_array_gb,0,0.000823974609375
jax/orbax/write/sharded_array_gb,0,0.0001220703125
jax/orbax/write/sharded_array_gb,0,0.0001373291015625
jax/orbax/write/sharded_array_gb,0,0.0001373291015625
jax/orbax/write/sharded_array_gb,0,6.103515625e-05
jax/orbax/write/sharded_array_gb,0,0.0001373291015625
jax/orbax/write/sharded_array_gb,0,0.0001220703125
jax/orbax/write/sharded_array_gb,0,0.000823974609375
jax/orbax/write/sharded_array_gb,0,0.0001373291015625
jax/orbax/write/sharded_array_gb,0,0.0001373291015625
jax/orbax/write/sharded_array_gb,0,0.000823974609375
jax/orbax/write/sharded_array_gb,0,0.0001373291015625
jax/orbax/write/sharded_array_gb,0,0.000823974609375
jax/orbax/write/sharded_array_gb,0,0.0001220703125
jax/orbax/write/sharded_array_gb,0,0.0001373291015625
jax/orbax/write/sharded_array_gb,0,0.0001373291015625
jax/orbax/write/sharded_array_gb,0,6.103515625e-05
jax/orbax/write/sharded_array_gb,0,0.0001373291015625
jax/orbax/write/sharded_array_gb,0,0.0001220703125
jax/orbax/write/sharded_array_gb,0,0.000823974609375
jax/orbax/write/sharded_array_gb,0,0.0001373291015625
jax/orbax/write/sharded_array_gb,0,0.0001373291015625
jax/orbax/write/sharded_array_gb,0,0.000823974609375
jax/orbax/write/sharded_array_gb,0,0.0001373291015625
jax/orbax/write/sharded_array_gb,0,0.000823974609375
jax/orbax/write/sharded_array_gb,0,0.0001220703125
jax/orbax/write/sharded_array_gb,0,0.0001373291015625
jax/orbax/write/sharded_array_gb,0,0.0001373291015625
jax/orbax/write/sharded_array_gb,0,6.103515625e-05
jax/orbax/write/sharded_array_gb,0,0.0001373291015625
jax/orbax/write/sharded_array_gb,0,0.0001220703125
jax/orbax/write/sharded_array_gb,0,0.000823974609375
jax/orbax/write/sharded_array_gb,0,0.0001373291015625
jax/orbax/write/sharded_array_gb,0,0.0001373291015625
jax/orbax/write/sharded_array_gb,0,0.000823974609375
jax/orbax/write/sharded_array_gb,0,0.0001373291015625
jax/orbax/write/sharded_array_gb,0,0.000823974609375
jax/orbax/write/sharded_array_gb,0,0.0001220703125
jax/orbax/write/sharded_array_gb,0,0.0001373291015625
jax/orbax/write/sharded_array_gb,0,0.0001373291015625
jax/orbax/write/sharded_array_gb,0,6.103515625e-05
jax/orbax/write/sharded_array_gb,0,0.0001373291015625
jax/orbax/write/sharded_array_gb,0,0.0001220703125
jax/orbax/write/sharded_array_gb,0,0.000823974609375
jax/orbax/write/sharded_array_gb,0,0.0001373291015625
jax/orbax/write/sharded_array_gb,0,0.0001373291015625
jax/orbax/write/sharded_array_gb,0,0.000823974609375
jax/orbax/write/sharded_array_gb,0,0.0001373291015625
jax/orbax/write/sharded_array_gb,0,0.000823974609375
jax/orbax/write/sharded_array_gb,0,0.0001220703125
jax/orbax/write/sharded_array_gb,0,0.0001373291015625
jax/orbax/write/sharded_array_gb,0,0.0001373291015625
jax/orbax/write/sharded_array_gb,0,6.103515625e-05
jax/orbax/write/sharded_array_gb,0,0.0001373291015625
jax/orbax/write/sharded_array_gb,0,0.0001220703125
jax/orbax/write/sharded_array_gb,0,0.000823974609375
jax/orbax/write/sharded_array_gb,0,0.0001373291015625
jax/orbax/write/sharded_array_gb,0,0.0001373291015625
jax/orbax/write/sharded_array_gb,0,0.000823974609375
jax/orbax/write/sharded_array_gb,0,0.0001373291015625
jax/orbax/write/sharded_array_gb,0,0.000823974609375
jax/orbax/write/sharded_array_gb,0,0.0001220703125
jax/orbax/write/sharded_array_gb,0,0.0001373291015625
jax/orbax/write/sharded_array_gb,0,0.0001373291015625
jax/orbax/write/sharded_array_gb,0,6.103515625e-05
jax/orbax/write/sharded_array_gb,0,0.0001373291015625
jax/orbax/write/sharded_array_gb,0,0.0001220703125
jax/orbax/write/sharded_array_gb,0,0.000823974609375
jax/orbax/write/sharded_array_gb,0,0.0001373291015625
jax/orbax/write/sharded_array_gb,0,0.0001373291015625
jax/orbax/write/sharded_array_gb,0,0.000823974609375
jax/orbax/write/sharded_array_gb,0,0.0001373291015625
jax/orbax/write/sharded_array_gb,0,0.000823974609375
jax/orbax/write/sharded_array_gb,0,0.0001220703125
jax/orbax/write/sharded_array_gb,0,0.0001373291015625
jax/orbax/write/sharded_array_gb,0,0.0001373291015625
jax/orbax/write/sharded_array_gb,0,6.103515625e-05
jax/orbax/write/sharded_array_gb,0,0.0001373291015625
jax/orbax/write/sharded_array_gb,0,0.0001220703125
jax/orbax/write/sharded_array_gb,0,0.000823974609375
jax/orbax/write/sharded_array_gb,0,0.0001373291015625
jax/orbax/write/sharded_array_gb,0,0.0001373291015625
jax/orbax/write/sharded_array_gb,0,0.000823974609375
jax/orbax/write/sharded_array_gb,0,0.0001373291015625
jax/orbax/write/sharded_array_gb,0,0.000823974609375
jax/orbax/write/sharded_array_gb,0,0.0001220703125
jax/orbax/write/sharded_array_gb,0,0.0001373291015625
jax/orbax/write/sharded_array_gb,0,0.0001373291015625
jax/orbax/write/sharded_array_gb,0,6.103515625e-05
jax/orbax/write/sharded_array_gb,0,0.0001373291015625
jax/orbax/write/sharded_array_gb,0,0.0001220703125
jax/orbax/write/sharded_array_gb,0,0.000823974609375
jax/orbax/write/sharded_array_gb,0,0.0001373291015625
jax/orbax/write/sharded_array_gb,0,0.0001373291015625
jax/orbax/write/sharded_array_gb,0,0.000823974609375
jax/orbax/write/sharded_array_gb,0,0.0001373291015625
jax/orbax/write/sharded_array_gb,0,0.000823974609375
jax/orbax/write/sharded_array_gb,0,0.0001220703125
jax/orbax/write/sharded_array_gb,0,0.0001373291015625
jax/orbax/write/sharded_array_gb,0,0.0001373291015625
jax/orbax/write/sharded_array_gb,0,6.103515625e-05
jax/orbax/write/sharded_array_gb,0,0.0001373291015625
jax/orbax/write/sharded_array_gb,0,0.0001220703125
jax/orbax/write/sharded_array_gb,0,0.000823974609375
jax/orbax/write/sharded_array_gb,0,0.0001373291015625
jax/orbax/write/sharded_array_gb,0,0.0001373291015625
jax/orbax/write/sharded_array_gb,0,0.000823974609375
jax/orbax/write/sharded_array_gb,0,0.0001373291015625
jax/orbax/write/sharded_array_gb,0,0.000823974609375
jax/orbax/write/sharded_array_gb,0,0.0001220703125
jax/orbax/write/sharded_array_gb,0,0.0001373291015625
jax/orbax/write/sharded_array_gb,0,0.0001373291015625
jax/orbax/write/sharded_array_gb,0,6.103515625e-05
jax/orbax/write/sharded_array_gb,0,0.0001373291015625
jax/orbax/write/sharded_array_gb,0,0.0001220703125
jax/orbax/write/sharded_array_gb,0,0.000823974609375
jax/orbax/write/sharded_array_gb,0,0.0001373291015625
jax/orbax/write/sharded_array_gb,0,0.0001373291015625
jax/orbax/write/sharded_array_gb,0,0.000823974609375
jax/orbax/write/sharded_array_gb,0,0.0001373291015625
jax/orbax/write/sharded_array_gb,0,0.000823974609375
jax/orbax/write/sharded_array_gb,0,0.0001220703125
jax/orbax/write/sharded_array_gb,0,0.0001373291015625
jax/orbax/write/sharded_array_gb,0,0.0001373291015625
jax/orbax/write/sharded_array_gb,0,6.103515625e-05
jax/orbax/write/sharded_array_gb,0,0.0001373291015625
jax/orbax/write/sharded_array_gb,0,0.0001220703125
jax/orbax/write/sharded_array_gb,0,0.000823974609375
jax/orbax/write/sharded_array_gb,0,0.0001373291015625
jax/orbax/write/sharded_array_gb,0,0.0001373291015625
jax/orbax/write/sharded_array_gb,0,0.000823974609375
jax/orbax/write/sharded_array_gb,0,0.0001373291015625
jax/orbax/write/sharded_array_gb,0,0.000823974609375
jax/orbax/write/sharded_array_gb,0,0.0001220703125
jax/orbax/write/sharded_array_gb,0,0.0001373291015625
jax/orbax/write/sharded_array_gb,0,0.0001373291015625
jax/orbax/write/sharded_array_gb,0,6.103515625e-05
jax/orbax/write/sharded_array_gb,0,0.0001373291015625
jax/orbax/write/sharded_array_gb,0,0.0001220703125
jax/orbax/write/sharded_array_gb,0,0.000823974609375
jax/orbax/write/sharded_array_gb,0,0.0001373291015625
jax/orbax/write/sharded_array_gb,0,0.0001373291015625
jax/orbax/write/sharded_array_gb,0,0.000823974609375
jax/orbax/write/sharded_array_gb,0,0.0001373291015625
jax/orbax/write/sharded_array_gb,0,0.000823974609375
jax/orbax/write/sharded_array_gb,0,0.0001220703125
jax/orbax/write/sharded_array_gb,0,0.0001373291015625
jax/orbax/write/sharded_array_gb,0,0.0001373291015625
jax/orbax/write/sharded_array_gb,0,6.103515625e-05
jax/orbax/write/sharded_array_gb,0,0.0001373291015625
jax/orbax/write/sharded_array_gb,0,0.0001220703125
jax/orbax/write/sharded_array_gb,0,0.000823974609375
jax/orbax/write/sharded_array_gb,0,0.0001373291015625
jax/orbax/write/sharded_array_gb,0,0.0001373291015625
jax/orbax/write/sharded_array_gb,0,0.000823974609375
jax/orbax/write/sharded_array_gb,0,0.0001373291015625
jax/orbax/write/sharded_array_gb,0,0.000823974609375
jax/orbax/write/sharded_array_gb,0,0.0001220703125
jax/orbax/write/sharded_array_gb,0,0.0001373291015625
jax/orbax/write/sharded_array_gb,0,0.0001373291015625
jax/orbax/write/sharded_array_gb,0,6.103515625e-05
jax/orbax/write/sharded_array_gb,0,0.0001373291015625
jax/orbax/write/sharded_array_gb,0,0.0001220703125
jax/orbax/write/sharded_array_gb,0,0.000823974609375
jax/orbax/write/sharded_array_gb,0,0.0001373291015625
jax/orbax/write/sharded_array_gb,0,0.0001373291015625
jax/orbax/write/sharded_array_gb,0,0.000823974609375
jax/orbax/write/sharded_array_gb,0,0.0001373291015625
jax/orbax/write/sharded_array_gb,0,0.000823974609375
jax/orbax/write/sharded_array_gb,0,0.0001220703125
jax/orbax/write/sharded_array_gb,0,0.0001373291015625
jax/orbax/write/sharded_array_gb,0,0.0001373291015625
jax/orbax/write/sharded_array_gb,0,6.103515625e-05
jax/orbax/write/sharded_array_gb,0,0.0001373291015625
jax/orbax/write/sharded_array_gb,0,0.0001220703125
jax/orbax/write/sharded_array_gb,0,0.000823974609375
jax/orbax/write/sharded_array_gb,0,0.0001373291015625
jax/orbax/write/sharded_array_gb,0,0.0001373291015625
jax/orbax/write/sharded_array_gb,0,0.000823974609375
jax/orbax/write/sharded_array_gb,0,0.0001373291015625
jax/orbax/write/sharded_array_gb,0,0.000823974609375
jax/orbax/write/sharded_array_gb,0,0.0001220703125
jax/orbax/write/sharded_array_gb,0,0.0001373291015625
jax/orbax/write/sharded_array_gb,0,0.0001373291015625
jax/orbax/write/sharded_array_gb,0,6.103515625e-05
jax/orbax/write/sharded_array_gb,0,0.0001373291015625
jax/orbax/write/sharded_array_gb,0,0.0001220703125
jax/orbax/write/sharded_array_gb,0,0.000823974609375
jax/orbax/write/sharded_array_gb,0,0.0001373291015625
jax/orbax/write/sharded_array_gb,0,0.0001373291015625
jax/orbax/write/sharded_array_gb,0,0.000823974609375
jax/orbax/write/sharded_array_gb,0,0.0001373291015625
jax/orbax/write/sharded_array_gb,0,0.000823974609375
jax/orbax/write/sharded_array_gb,0,0.0001220703125
jax/orbax/write/sharded_array_gb,0,0.0001373291015625
jax/orbax/write/sharded_array_gb,0,0.0001373291015625
jax/orbax/write/sharded_array_gb,0,6.103515625e-05
jax/orbax/write/sharded_array_gb,0,0.0001373291015625
jax/orbax/write/sharded_array_gb,0,0.0001220703125
jax/orbax/write/sharded_array_gb,0,0.000823974609375
jax/orbax/write/sharded_array_gb,0,0.0001373291015625
jax/orbax/write/sharded_array_gb,0,0.0001373291015625
jax/orbax/write/sharded_array_gb,0,0.000823974609375
jax/orbax/write/sharded_array_gb,0,0.0001373291015625
jax/orbax/write/sharded_array_gb,0,0.000823974609375
jax/orbax/write/sharded_array_gb,0,0.0001220703125
jax/orbax/write/sharded_array_gb,0,0.0001373291015625
jax/orbax/write/sharded_array_gb,0,0.0001373291015625
jax/orbax/write/sharded_array_gb,0,6.103515625e-05
jax/orbax/write/sharded_array_gb,0,0.0001373291015625
jax/orbax/write/sharded_array_gb,0,0.0001220703125
jax/orbax/write/sharded_array_gb,0,0.000823974609375
jax/orbax/write/sharded_array_gb,0,0.0001373291015625
jax/orbax/write/sharded_array_gb,0,0.0001373291015625
jax/orbax/write/sharded_array_gb,0,0.000823974609375
jax/orbax/write/sharded_array_gb,0,0.0001373291015625
jax/orbax/write/sharded_array_gb,0,0.000823974609375
jax/orbax/write/sharded_array_gb,0,0.0001220703125
jax/orbax/write/sharded_array_gb,0,0.0001373291015625
jax/orbax/write/sharded_array_gb,0,0.0001373291015625
jax/orbax/write/sharded_array_gb,0,6.103515625e-05
jax/orbax/write/sharded_array_gb,0,0.0001373291015625
jax/orbax/write/sharded_array_gb,0,0.0001220703125
jax/orbax/write/sharded_array_gb,0,0.000823974609375
jax/orbax/write/sharded_array_gb,0,0.0001373291015625
jax/orbax/write/sharded_array_gb,0,0.0001373291015625
jax/orbax/write/sharded_array_gb,0,0.000823974609375
jax/orbax/write/sharded_array_gb,0,0.0001373291015625
jax/orbax/write/sharded_array_gb,0,0.000823974609375
jax/orbax/write/sharded_array_gb,0,0.0001220703125
jax/orbax/write/sharded_array_gb,0,0.0001373291015625
jax/orbax/write/sharded_array_gb,0,0.0001373291015625
jax/orbax/write/sharded_array_gb,0,6.103515625e-05
jax/orbax/write/sharded_array_gb,0,0.0001373291015625
jax/orbax/write/sharded_array_gb,0,0.0001220703125
jax/orbax/write/sharded_array_gb,0,0.000823974609375
jax/orbax/write/sharded_array_gb,0,0.0001373291015625
jax/orbax/write/sharded_array_gb,0,0.0001373291015625
jax/orbax/write/sharded_array_gb,0,0.000823974609375
jax/orbax/write/sharded_array_gb,0,0.0001373291015625
jax/orbax/write/sharded_array_gb,0,0.000823974609375
jax/orbax/write/sharded_array_gb,0,0.0001220703125
jax/orbax/write/sharded_array_gb,0,0.0001373291015625
jax/orbax/write/sharded_array_gb,0,0.0001373291015625
jax/orbax/write/sharded_array_gb,0,6.103515625e-05
jax/orbax/write/sharded_array_gb,0,0.0001373291015625
jax/orbax/write/sharded_array_gb,0,0.0001220703125
jax/orbax/write/sharded_array_gb,0,0.000823974609375
jax/orbax/write/sharded_array_gb,0,0.0001373291015625
jax/orbax/write/sharded_array_gb,0,0.0001373291015625
jax/orbax/write/sharded_array_gb,0,0.000823974609375
jax/orbax/write/sharded_array_gb,0,0.0001373291015625
jax/orbax/write/sharded_array_gb,0,0.000823974609375
jax/orbax/write/sharded_array_gb,0,0.0001220703125
jax/orbax/write/sharded_array_gb,0,0.0001373291015625
jax/orbax/write/sharded_array_gb,0,0.0001373291015625
jax/orbax/write/sharded_array_gb,0,6.103515625e-05
jax/orbax/write/sharded_array_gb,0,0.0001373291015625
jax/orbax/write/sharded_array_gb,0,0.0001220703125
jax/orbax/write/sharded_array_gb,0,0.000823974609375
jax/orbax/write/sharded_array_gb,0,0.0001373291015625
jax/orbax/write/sharded_array_gb,0,0.0001373291015625
jax/orbax/write/sharded_array_gb,0,0.000823974609375
jax/orbax/write/sharded_array_gb,0,0.0001373291015625
jax/orbax/write/sharded_array_gb,0,0.000823974609375
jax/orbax/write/sharded_array_gb,0,0.0001220703125
jax/orbax/write/sharded_array_gb,0,0.0001373291015625
jax/orbax/write/sharded_array_gb,0,0.0001373291015625
jax/orbax/write/sharded_array_gb,0,6.103515625e-05
jax/orbax/write/sharded_array_gb,0,0.0001373291015625
jax/orbax/write/sharded_array_gb,0,0.0001220703125
jax/orbax/write/sharded_array_gb,0,0.000823974609375
jax/orbax/write/sharded_array_gb,0,0.0001373291015625
jax/orbax/write/sharded_array_gb,0,0.0001373291015625
jax/orbax/write/sharded_array_gb,0,0.000823974609375
jax/orbax/write/sharded_array_gb,0,0.0001373291015625
jax/orbax/write/sharded_array_gb,0,0.000823974609375
jax/orbax/write/sharded_array_gb,0,0.0001220703125
jax/orbax/write/sharded_array_gb,0,0.0001373291015625
jax/orbax/write/sharded_array_gb,0,0.0001373291015625
jax/orbax/write/sharded_array_gb,0,6.103515625e-05
jax/orbax/write/sharded_array_gb,0,0.0001373291015625
jax/orbax/write/sharded_array_gb,0,0.0001220703125
jax/orbax/write/sharded_array_gb,0,0.000823974609375
jax/orbax/write/sharded_array_gb,0,0.0001373291015625
jax/orbax/write/sharded_array_gb,0,0.0001373291015625
jax/orbax/write/sharded_array_gb,0,0.000823974609375
jax/orbax/write/sharded_array_gb,0,0.0001373291015625
jax/orbax/write/sharded_array_gb,0,0.000823974609375
jax/orbax/write/sharded_array_gb,0,0.0001220703125
jax/orbax/write/sharded_array_gb,0,0.0001373291015625
jax/orbax/write/sharded_array_gb,0,0.0001373291015625
jax/orbax/write/sharded_array_gb,0,6.103515625e-05
jax/orbax/write/sharded_array_gb,0,0.0001373291015625
jax/orbax/write/sharded_array_gb,0,0.0001220703125
jax/orbax/write/sharded_array_gb,0,0.000823974609375
jax/orbax/write/sharded_array_gb,0,0.0001373291015625
jax/orbax/write/sharded_array_gb,0,0.0001373291015625
jax/orbax/write/sharded_array_gb,0,0.000823974609375
jax/orbax/write/sharded_array_gb,0,0.0001373291015625
jax/orbax/write/sharded_array_gb,0,0.000823974609375
jax/orbax/write/sharded_array_gb,0,3.725290298461914e-09
jax/orbax/write/sharded_array_gb,0,3.725290298461914e-09
jax/orbax/write/sharded_array_gb,0,3.725290298461914e-09
jax/orbax/write/sharded_array_gb,0,0.0001220703125
jax/orbax/write/sharded_array_gb,0,0.0001373291015625
jax/orbax/write/sharded_array_gb,0,0.0001373291015625
jax/orbax/write/sharded_array_gb,0,6.103515625e-05
jax/orbax/write/sharded_array_gb,0,0.0001373291015625
jax/orbax/write/sharded_array_gb,0,0.0001220703125
jax/orbax/write/sharded_array_gb,0,0.000823974609375
jax/orbax/write/sharded_array_gb,0,0.0001373291015625
jax/orbax/write/sharded_array_gb,0,0.0001373291015625
jax/orbax/write/sharded_array_gb,0,0.000823974609375
jax/orbax/write/sharded_array_gb,0,0.0001373291015625
jax/orbax/write/sharded_array_gb,0,0.000823974609375
jax/orbax/write/sharded_array_gb,0,0.0001220703125
jax/orbax/write/sharded_array_gb,0,0.0001373291015625
jax/orbax/write/sharded_array_gb,0,0.0001373291015625
jax/orbax/write/sharded_array_gb,0,6.103515625e-05
jax/orbax/write/sharded_array_gb,0,0.0001373291015625
jax/orbax/write/sharded_array_gb,0,0.0001220703125
jax/orbax/write/sharded_array_gb,0,0.000823974609375
jax/orbax/write/sharded_array_gb,0,0.0001373291015625
jax/orbax/write/sharded_array_gb,0,0.0001373291015625
jax/orbax/write/sharded_array_gb,0,0.000823974609375
jax/orbax/write/sharded_array_gb,0,0.0001373291015625
jax/orbax/write/sharded_array_gb,0,0.000823974609375
jax/orbax/write/sharded_array_gb,0,0.0001220703125
jax/orbax/write/sharded_array_gb,0,0.0001373291015625
jax/orbax/write/sharded_array_gb,0,0.0001373291015625
jax/orbax/write/sharded_array_gb,0,6.103515625e-05
jax/orbax/write/sharded_array_gb,0,0.0001373291015625
jax/orbax/write/sharded_array_gb,0,0.0001220703125
jax/orbax/write/sharded_array_gb,0,0.000823974609375
jax/orbax/write/sharded_array_gb,0,0.0001373291015625
jax/orbax/write/sharded_array_gb,0,0.0001373291015625
jax/orbax/write/sharded_array_gb,0,0.000823974609375
jax/orbax/write/sharded_array_gb,0,0.0001373291015625
jax/orbax/write/sharded_array_gb,0,0.000823974609375
jax/orbax/write/sharded_array_gb,0,0.0001220703125
jax/orbax/write/sharded_array_gb,0,0.0001373291015625
jax/orbax/write/sharded_array_gb,0,0.0001373291015625
jax/orbax/write/sharded_array_gb,0,6.103515625e-05
jax/orbax/write/sharded_array_gb,0,0.0001373291015625
jax/orbax/write/sharded_array_gb,0,0.0001220703125
jax/orbax/write/sharded_array_gb,0,0.000823974609375
jax/orbax/write/sharded_array_gb,0,0.0001373291015625
jax/orbax/write/sharded_array_gb,0,0.0001373291015625
jax/orbax/write/sharded_array_gb,0,0.000823974609375
jax/orbax/write/sharded_array_gb,0,0.0001373291015625
jax/orbax/write/sharded_array_gb,0,0.000823974609375
jax/orbax/write/sharded_array_gb,0,0.0001220703125
jax/orbax/write/sharded_array_gb,0,0.0001373291015625
jax/orbax/write/sharded_array_gb,0,0.0001373291015625
jax/orbax/write/sharded_array_gb,0,6.103515625e-05
jax/orbax/write/sharded_array_gb,0,0.0001373291015625
jax/orbax/write/sharded_array_gb,0,0.0001220703125
jax/orbax/write/sharded_array_gb,0,0.000823974609375
jax/orbax/write/sharded_array_gb,0,0.0001373291015625
jax/orbax/write/sharded_array_gb,0,0.0001373291015625
jax/orbax/write/sharded_array_gb,0,0.000823974609375
jax/orbax/write/sharded_array_gb,0,0.0001373291015625
jax/orbax/write/sharded_array_gb,0,0.000823974609375
jax/orbax/write/sharded_array_gb,0,0.0001220703125
jax/orbax/write/sharded_array_gb,0,0.0001373291015625
jax/orbax/write/sharded_array_gb,0,0.0001373291015625
jax/orbax/write/sharded_array_gb,0,6.103515625e-05
jax/orbax/write/sharded_array_gb,0,0.0001373291015625
jax/orbax/write/sharded_array_gb,0,0.0001220703125
jax/orbax/write/sharded_array_gb,0,0.000823974609375
jax/orbax/write/sharded_array_gb,0,0.0001373291015625
jax/orbax/write/sharded_array_gb,0,0.0001373291015625
jax/orbax/write/sharded_array_gb,0,0.000823974609375
jax/orbax/write/sharded_array_gb,0,0.0001373291015625
jax/orbax/write/sharded_array_gb,0,0.000823974609375
jax/orbax/write/sharded_array_gb,0,0.0001220703125
jax/orbax/write/sharded_array_gb,0,0.0001373291015625
jax/orbax/write/sharded_array_gb,0,0.0001373291015625
jax/orbax/write/sharded_array_gb,0,6.103515625e-05
jax/orbax/write/sharded_array_gb,0,0.0001373291015625
jax/orbax/write/sharded_array_gb,0,0.0001220703125
jax/orbax/write/sharded_array_gb,0,0.000823974609375
jax/orbax/write/sharded_array_gb,0,0.0001373291015625
jax/orbax/write/sharded_array_gb,0,0.0001373291015625
jax/orbax/write/sharded_array_gb,0,0.000823974609375
jax/orbax/write/sharded_array_gb,0,0.0001373291015625
jax/orbax/write/sharded_array_gb,0,0.000823974609375
jax/orbax/write/sharded_array_gb,0,0.0001220703125
jax/orbax/write/sharded_array_gb,0,0.0001373291015625
jax/orbax/write/sharded_array_gb,0,0.0001373291015625
jax/orbax/write/sharded_array_gb,0,6.103515625e-05
jax/orbax/write/sharded_array_gb,0,0.0001373291015625
jax/orbax/write/sharded_array_gb,0,0.0001220703125
jax/orbax/write/sharded_array_gb,0,0.000823974609375
jax/orbax/write/sharded_array_gb,0,0.0001373291015625
jax/orbax/write/sharded_array_gb,0,0.0001373291015625
jax/orbax/write/sharded_array_gb,0,0.000823974609375
jax/orbax/write/sharded_array_gb,0,0.0001373291015625
jax/orbax/write/sharded_array_gb,0,0.000823974609375
jax/orbax/write/sharded_array_gb,0,0.0001220703125
jax/orbax/write/sharded_array_gb,0,0.0001373291015625
jax/orbax/write/sharded_array_gb,0,0.0001373291015625
jax/orbax/write/sharded_array_gb,0,6.103515625e-05
jax/orbax/write/sharded_array_gb,0,0.0001373291015625
jax/orbax/write/sharded_array_gb,0,0.0001220703125
jax/orbax/write/sharded_array_gb,0,0.000823974609375
jax/orbax/write/sharded_array_gb,0,0.0001373291015625
jax/orbax/write/sharded_array_gb,0,0.0001373291015625
jax/orbax/write/sharded_array_gb,0,0.000823974609375
jax/orbax/write/sharded_array_gb,0,0.0001373291015625
jax/orbax/write/sharded_array_gb,0,0.000823974609375
jax/orbax/write/sharded_array_gb,0,0.0001220703125
jax/orbax/write/sharded_array_gb,0,0.0001373291015625
jax/orbax/write/sharded_array_gb,0,0.0001373291015625
jax/orbax/write/sharded_array_gb,0,6.103515625e-05
jax/orbax/write/sharded_array_gb,0,0.0001373291015625
jax/orbax/write/sharded_array_gb,0,0.0001220703125
jax/orbax/write/sharded_array_gb,0,0.000823974609375
jax/orbax/write/sharded_array_gb,0,0.0001373291015625
jax/orbax/write/sharded_array_gb,0,0.0001373291015625
jax/orbax/write/sharded_array_gb,0,0.000823974609375
jax/orbax/write/sharded_array_gb,0,0.0001373291015625
jax/orbax/write/sharded_array_gb,0,0.000823974609375
jax/orbax/write/sharded_array_gb,0,0.0001220703125
jax/orbax/write/sharded_array_gb,0,0.0001373291015625
jax/orbax/write/sharded_array_gb,0,0.0001373291015625
jax/orbax/write/sharded_array_gb,0,6.103515625e-05
jax/orbax/write/sharded_array_gb,0,0.0001373291015625
jax/orbax/write/sharded_array_gb,0,0.0001220703125
jax/orbax/write/sharded_array_gb,0,0.000823974609375
jax/orbax/write/sharded_array_gb,0,0.0001373291015625
jax/orbax/write/sharded_array_gb,0,0.0001373291015625
jax/orbax/write/sharded_array_gb,0,0.000823974609375
jax/orbax/write/sharded_array_gb,0,0.0001373291015625
jax/orbax/write/sharded_array_gb,0,0.000823974609375
jax/orbax/write/sharded_array_gb,0,0.0001220703125
jax/orbax/write/sharded_array_gb,0,0.0001373291015625
jax/orbax/write/sharded_array_gb,0,0.0001373291015625
jax/orbax/write/sharded_array_gb,0,6.103515625e-05
jax/orbax/write/sharded_array_gb,0,0.0001373291015625
jax/orbax/write/sharded_array_gb,0,0.0001220703125
jax/orbax/write/sharded_array_gb,0,0.000823974609375
jax/orbax/write/sharded_array_gb,0,0.0001373291015625
jax/orbax/write/sharded_array_gb,0,0.0001373291015625
jax/orbax/write/sharded_array_gb,0,0.000823974609375
jax/orbax/write/sharded_array_gb,0,0.0001373291015625
jax/orbax/write/sharded_array_gb,0,0.000823974609375
jax/orbax/write/sharded_array_gb,0,0.0001220703125
jax/orbax/write/sharded_array_gb,0,0.0001373291015625
jax/orbax/write/sharded_array_gb,0,0.0001373291015625
jax/orbax/write/sharded_array_gb,0,6.103515625e-05
jax/orbax/write/sharded_array_gb,0,0.0001373291015625
jax/orbax/write/sharded_array_gb,0,0.0001220703125
jax/orbax/write/sharded_array_gb,0,0.000823974609375
jax/orbax/write/sharded_array_gb,0,0.0001373291015625
jax/orbax/write/sharded_array_gb,0,0.0001373291015625
jax/orbax/write/sharded_array_gb,0,0.000823974609375
jax/orbax/write/sharded_array_gb,0,0.0001373291015625
jax/orbax/write/sharded_array_gb,0,0.000823974609375
jax/orbax/write/sharded_array_gb,0,0.0001220703125
jax/orbax/write/sharded_array_gb,0,0.0001373291015625
jax/orbax/write/sharded_array_gb,0,0.0001373291015625
jax/orbax/write/sharded_array_gb,0,6.103515625e-05
jax/orbax/write/sharded_array_gb,0,0.0001373291015625
jax/orbax/write/sharded_array_gb,0,0.0001220703125
jax/orbax/write/sharded_array_gb,0,0.000823974609375
jax/orbax/write/sharded_array_gb,0,0.0001373291015625
jax/orbax/write/sharded_array_gb,0,0.0001373291015625
jax/orbax/write/sharded_array_gb,0,0.000823974609375
jax/orbax/write/sharded_array_gb,0,0.0001373291015625
jax/orbax/write/sharded_array_gb,0,0.000823974609375
jax/orbax/write/sharded_array_gb,0,0.0001220703125
jax/orbax/write/sharded_array_gb,0,0.0001373291015625
jax/orbax/write/sharded_array_gb,0,0.0001373291015625
jax/orbax/write/sharded_array_gb,0,6.103515625e-05
jax/orbax/write/sharded_array_gb,0,0.0001373291015625
jax/orbax/write/sharded_array_gb,0,0.0001220703125
jax/orbax/write/sharded_array_gb,0,0.000823974609375
jax/orbax/write/sharded_array_gb,0,0.0001373291015625
jax/orbax/write/sharded_array_gb,0,0.0001373291015625
jax/orbax/write/sharded_array_gb,0,0.000823974609375
jax/orbax/write/sharded_array_gb,0,0.0001373291015625
jax/orbax/write/sharded_array_gb,0,0.000823974609375
jax/orbax/write/sharded_array_gb,0,0.0001220703125
jax/orbax/write/sharded_array_gb,0,0.0001373291015625
jax/orbax/write/sharded_array_gb,0,0.0001373291015625
jax/orbax/write/sharded_array_gb,0,6.103515625e-05
jax/orbax/write/sharded_array_gb,0,0.0001373291015625
jax/orbax/write/sharded_array_gb,0,0.0001220703125
jax/orbax/write/sharded_array_gb,0,0.000823974609375
jax/orbax/write/sharded_array_gb,0,0.0001373291015625
jax/orbax/write/sharded_array_gb,0,0.0001373291015625
jax/orbax/write/sharded_array_gb,0,0.000823974609375
jax/orbax/write/sharded_array_gb,0,0.0001373291015625
jax/orbax/write/sharded_array_gb,0,0.000823974609375
jax/orbax/write/sharded_array_gb,0,0.0001220703125
jax/orbax/write/sharded_array_gb,0,0.0001373291015625
jax/orbax/write/sharded_array_gb,0,0.0001373291015625
jax/orbax/write/sharded_array_gb,0,6.103515625e-05
jax/orbax/write/sharded_array_gb,0,0.0001373291015625
jax/orbax/write/sharded_array_gb,0,0.0001220703125
jax/orbax/write/sharded_array_gb,0,0.000823974609375
jax/orbax/write/sharded_array_gb,0,0.0001373291015625
jax/orbax/write/sharded_array_gb,0,0.0001373291015625
jax/orbax/write/sharded_array_gb,0,0.000823974609375
jax/orbax/write/sharded_array_gb,0,0.0001373291015625
jax/orbax/write/sharded_array_gb,0,0.000823974609375
jax/orbax/write/sharded_array_gb,0,0.0001220703125
jax/orbax/write/sharded_array_gb,0,0.0001373291015625
jax/orbax/write/sharded_array_gb,0,0.0001373291015625
jax/orbax/write/sharded_array_gb,0,6.103515625e-05
jax/orbax/write/sharded_array_gb,0,0.0001373291015625
jax/orbax/write/sharded_array_gb,0,0.0001220703125
jax/orbax/write/sharded_array_gb,0,0.000823974609375
jax/orbax/write/sharded_array_gb,0,0.0001373291015625
jax/orbax/write/sharded_array_gb,0,0.0001373291015625
jax/orbax/write/sharded_array_gb,0,0.000823974609375
jax/orbax/write/sharded_array_gb,0,0.0001373291015625
jax/orbax/write/sharded_array_gb,0,0.000823974609375
jax/orbax/write/sharded_array_gb,0,0.0001220703125
jax/orbax/write/sharded_array_gb,0,0.0001373291015625
jax/orbax/write/sharded_array_gb,0,0.0001373291015625
jax/orbax/write/sharded_array_gb,0,6.103515625e-05
jax/orbax/write/sharded_array_gb,0,0.0001373291015625
jax/orbax/write/sharded_array_gb,0,0.0001220703125
jax/orbax/write/sharded_array_gb,0,0.000823974609375
jax/orbax/write/sharded_array_gb,0,0.0001373291015625
jax/orbax/write/sharded_array_gb,0,0.0001373291015625
jax/orbax/write/sharded_array_gb,0,0.000823974609375
jax/orbax/write/sharded_array_gb,0,0.0001373291015625
jax/orbax/write/sharded_array_gb,0,0.000823974609375
jax/orbax/write/sharded_array_gb,0,0.0001220703125
jax/orbax/write/sharded_array_gb,0,0.0001373291015625
jax/orbax/write/sharded_array_gb,0,0.0001373291015625
jax/orbax/write/sharded_array_gb,0,6.103515625e-05
jax/orbax/write/sharded_array_gb,0,0.0001373291015625
jax/orbax/write/sharded_array_gb,0,0.0001220703125
jax/orbax/write/sharded_array_gb,0,0.000823974609375
jax/orbax/write/sharded_array_gb,0,0.0001373291015625
jax/orbax/write/sharded_array_gb,0,0.0001373291015625
jax/orbax/write/sharded_array_gb,0,0.000823974609375
jax/orbax/write/sharded_array_gb,0,0.0001373291015625
jax/orbax/write/sharded_array_gb,0,0.000823974609375
jax/orbax/write/sharded_array_gb,0,0.0001220703125
jax/orbax/write/sharded_array_gb,0,0.0001373291015625
jax/orbax/write/sharded_array_gb,0,0.0001373291015625
jax/orbax/write/sharded_array_gb,0,6.103515625e-05
jax/orbax/write/sharded_array_gb,0,0.0001373291015625
jax/orbax/write/sharded_array_gb,0,0.0001220703125
jax/orbax/write/sharded_array_gb,0,0.000823974609375
jax/orbax/write/sharded_array_gb,0,0.0001373291015625
jax/orbax/write/sharded_array_gb,0,0.0001373291015625
jax/orbax/write/sharded_array_gb,0,0.000823974609375
jax/orbax/write/sharded_array_gb,0,0.0001373291015625
jax/orbax/write/sharded_array_gb,0,0.000823974609375
jax/orbax/write/sharded_array_gb,0,0.0001220703125
jax/orbax/write/sharded_array_gb,0,0.0001373291015625
jax/orbax/write/sharded_array_gb,0,0.0001373291015625
jax/orbax/write/sharded_array_gb,0,6.103515625e-05
jax/orbax/write/sharded_array_gb,0,0.0001373291015625
jax/orbax/write/sharded_array_gb,0,0.0001220703125
jax/orbax/write/sharded_array_gb,0,0.000823974609375
jax/orbax/write/sharded_array_gb,0,0.0001373291015625
jax/orbax/write/sharded_array_gb,0,0.0001373291015625
jax/orbax/write/sharded_array_gb,0,0.000823974609375
jax/orbax/write/sharded_array_gb,0,0.0001373291015625
jax/orbax/write/sharded_array_gb,0,0.000823974609375
jax/orbax/write/sharded_array_gb,0,0.0001220703125
jax/orbax/write/sharded_array_gb,0,0.0001373291015625
jax/orbax/write/sharded_array_gb,0,0.0001373291015625
jax/orbax/write/sharded_array_gb,0,6.103515625e-05
jax/orbax/write/sharded_array_gb,0,0.0001373291015625
jax/orbax/write/sharded_array_gb,0,0.0001220703125
jax/orbax/write/sharded_array_gb,0,0.000823974609375
jax/orbax/write/sharded_array_gb,0,0.0001373291015625
jax/orbax/write/sharded_array_gb,0,0.0001373291015625
jax/orbax/write/sharded_array_gb,0,0.000823974609375
jax/orbax/write/sharded_array_gb,0,0.0001373291015625
jax/orbax/write/sharded_array_gb,0,0.000823974609375
jax/orbax/write/sharded_array_gb,0,0.0001220703125
jax/orbax/write/sharded_array_gb,0,0.0001373291015625
jax/orbax/write/sharded_array_gb,0,0.0001373291015625
jax/orbax/write/sharded_array_gb,0,6.103515625e-05
jax/orbax/write/sharded_array_gb,0,0.0001373291015625
jax/orbax/write/sharded_array_gb,0,0.0001220703125
jax/orbax/write/sharded_array_gb,0,0.000823974609375
jax/orbax/write/sharded_array_gb,0,0.0001373291015625
jax/orbax/write/sharded_array_gb,0,0.0001373291015625
jax/orbax/write/sharded_array_gb,0,0.000823974609375
jax/orbax/write/sharded_array_gb,0,0.0001373291015625
jax/orbax/write/sharded_array_gb,0,0.000823974609375
jax/orbax/write/sharded_array_gb,0,0.0001220703125
jax/orbax/write/sharded_array_gb,0,0.0001373291015625
jax/orbax/write/sharded_array_gb,0,0.0001373291015625
jax/orbax/write/sharded_array_gb,0,6.103515625e-05
jax/orbax/write/sharded_array_gb,0,0.0001373291015625
jax/orbax/write/sharded_array_gb,0,0.0001220703125
jax/orbax/write/sharded_array_gb,0,0.000823974609375
jax/orbax/write/sharded_array_gb,0,0.0001373291015625
jax/orbax/write/sharded_array_gb,0,0.0001373291015625
jax/orbax/write/sharded_array_gb,0,0.000823974609375
jax/orbax/write/sharded_array_gb,0,0.0001373291015625
jax/orbax/write/sharded_array_gb,0,0.000823974609375
jax/orbax/write/sharded_array_gb,0,0.0001220703125
jax/orbax/write/sharded_array_gb,0,0.0001373291015625
jax/orbax/write/sharded_array_gb,0,0.0001373291015625
jax/orbax/write/sharded_array_gb,0,6.103515625e-05
jax/orbax/write/sharded_array_gb,0,0.0001373291015625
jax/orbax/write/sharded_array_gb,0,0.0001220703125
jax/orbax/write/sharded_array_gb,0,0.000823974609375
jax/orbax/write/sharded_array_gb,0,0.0001373291015625
jax/orbax/write/sharded_array_gb,0,0.0001373291015625
jax/orbax/write/sharded_array_gb,0,0.000823974609375
jax/orbax/write/sharded_array_gb,0,0.0001373291015625
jax/orbax/write/sharded_array_gb,0,0.000823974609375
jax/orbax/write/sharded_array_gb,0,0.000244140625
jax/orbax/write/sharded_array_gb,0,0.000274658203125
jax/orbax/write/sharded_array_gb,0,0.000274658203125
jax/orbax/write/sharded_array_gb,0,0.0001220703125
jax/orbax/write/sharded_array_gb,0,0.000274658203125
jax/orbax/write/sharded_array_gb,0,0.000244140625
jax/orbax/write/sharded_array_gb,0,0.00164794921875
jax/orbax/write/sharded_array_gb,0,0.000274658203125
jax/orbax/write/sharded_array_gb,0,0.000274658203125
jax/orbax/write/sharded_array_gb,0,0.00164794921875
jax/orbax/write/sharded_array_gb,0,0.000274658203125
jax/orbax/write/sharded_array_gb,0,0.00164794921875
jax/orbax/write/sharded_array_gb,0,0.000244140625
jax/orbax/write/sharded_array_gb,0,0.000274658203125
jax/orbax/write/sharded_array_gb,0,0.000274658203125
jax/orbax/write/sharded_array_gb,0,0.0001220703125
jax/orbax/write/sharded_array_gb,0,0.000274658203125
jax/orbax/write/sharded_array_gb,0,0.000244140625
jax/orbax/write/sharded_array_gb,0,0.00164794921875
jax/orbax/write/sharded_array_gb,0,0.000274658203125
jax/orbax/write/sharded_array_gb,0,0.000274658203125
jax/orbax/write/sharded_array_gb,0,0.00164794921875
jax/orbax/write/sharded_array_gb,0,0.000274658203125
jax/orbax/write/sharded_array_gb,0,0.00164794921875
jax/orbax/write/sharded_array_gb,0,0.000244140625
jax/orbax/write/sharded_array_gb,0,0.000274658203125
jax/orbax/write/sharded_array_gb,0,0.000274658203125
jax/orbax/write/sharded_array_gb,0,0.0001220703125
jax/orbax/write/sharded_array_gb,0,0.000274658203125
jax/orbax/write/sharded_array_gb,0,0.000244140625
jax/orbax/write/sharded_array_gb,0,0.00164794921875
jax/orbax/write/sharded_array_gb,0,0.000274658203125
jax/orbax/write/sharded_array_gb,0,0.000274658203125
jax/orbax/write/sharded_array_gb,0,0.00164794921875
jax/orbax/write/sharded_array_gb,0,0.000274658203125
jax/orbax/write/sharded_array_gb,0,0.00164794921875
jax/orbax/write/sharded_array_gb,0,0.000244140625
jax/orbax/write/sharded_array_gb,0,0.000274658203125
jax/orbax/write/sharded_array_gb,0,0.000274658203125
jax/orbax/write/sharded_array_gb,0,0.0001220703125
jax/orbax/write/sharded_array_gb,0,0.000274658203125
jax/orbax/write/sharded_array_gb,0,0.000244140625
jax/orbax/write/sharded_array_gb,0,0.00164794921875
jax/orbax/write/sharded_array_gb,0,0.000274658203125
jax/orbax/write/sharded_array_gb,0,0.000274658203125
jax/orbax/write/sharded_array_gb,0,0.00164794921875
jax/orbax/write/sharded_array_gb,0,0.000274658203125
jax/orbax/write/sharded_array_gb,0,0.00164794921875
jax/orbax/write/sharded_array_gb,0,0.000244140625
jax/orbax/write/sharded_array_gb,0,0.000274658203125
jax/orbax/write/sharded_array_gb,0,0.000274658203125
jax/orbax/write/sharded_array_gb,0,0.0001220703125
jax/orbax/write/sharded_array_gb,0,0.000274658203125
jax/orbax/write/sharded_array_gb,0,0.000244140625
jax/orbax/write/sharded_array_gb,0,0.00164794921875
jax/orbax/write/sharded_array_gb,0,0.000274658203125
jax/orbax/write/sharded_array_gb,0,0.000274658203125
jax/orbax/write/sharded_array_gb,0,0.00164794921875
jax/orbax/write/sharded_array_gb,0,0.000274658203125
jax/orbax/write/sharded_array_gb,0,0.00164794921875
jax/orbax/write/sharded_array_gb,0,0.000244140625
jax/orbax/write/sharded_array_gb,0,0.000274658203125
jax/orbax/write/sharded_array_gb,0,0.000274658203125
jax/orbax/write/sharded_array_gb,0,0.0001220703125
jax/orbax/write/sharded_array_gb,0,0.000274658203125
jax/orbax/write/sharded_array_gb,0,0.000244140625
jax/orbax/write/sharded_array_gb,0,0.00164794921875
jax/orbax/write/sharded_array_gb,0,0.000274658203125
jax/orbax/write/sharded_array_gb,0,0.000274658203125
jax/orbax/write/sharded_array_gb,0,0.00164794921875
jax/orbax/write/sharded_array_gb,0,0.000274658203125
jax/orbax/write/sharded_array_gb,0,0.00164794921875
jax/orbax/write/sharded_array_gb,0,0.000244140625
jax/orbax/write/sharded_array_gb,0,0.000274658203125
jax/orbax/write/sharded_array_gb,0,0.000274658203125
jax/orbax/write/sharded_array_gb,0,0.0001220703125
jax/orbax/write/sharded_array_gb,0,0.000274658203125
jax/orbax/write/sharded_array_gb,0,0.000244140625
jax/orbax/write/sharded_array_gb,0,0.00164794921875
jax/orbax/write/sharded_array_gb,0,0.000274658203125
jax/orbax/write/sharded_array_gb,0,0.000274658203125
jax/orbax/write/sharded_array_gb,0,0.00164794921875
jax/orbax/write/sharded_array_gb,0,0.000274658203125
jax/orbax/write/sharded_array_gb,0,0.00164794921875
jax/orbax/write/sharded_array_gb,0,0.000244140625
jax/orbax/write/sharded_array_gb,0,0.000274658203125
jax/orbax/write/sharded_array_gb,0,0.000274658203125
jax/orbax/write/sharded_array_gb,0,0.0001220703125
jax/orbax/write/sharded_array_gb,0,0.000274658203125
jax/orbax/write/sharded_array_gb,0,0.000244140625
jax/orbax/write/sharded_array_gb,0,0.00164794921875
jax/orbax/write/sharded_array_gb,0,0.000274658203125
jax/orbax/write/sharded_array_gb,0,0.000274658203125
jax/orbax/write/sharded_array_gb,0,0.00164794921875
jax/orbax/write/sharded_array_gb,0,0.000274658203125
jax/orbax/write/sharded_array_gb,0,0.00164794921875
jax/orbax/write/sharded_array_gb,0,0.000244140625
jax/orbax/write/sharded_array_gb,0,0.000274658203125
jax/orbax/write/sharded_array_gb,0,0.000274658203125
jax/orbax/write/sharded_array_gb,0,0.0001220703125
jax/orbax/write/sharded_array_gb,0,0.000274658203125
jax/orbax/write/sharded_array_gb,0,0.000244140625
jax/orbax/write/sharded_array_gb,0,0.00164794921875
jax/orbax/write/sharded_array_gb,0,0.000274658203125
jax/orbax/write/sharded_array_gb,0,0.000274658203125
jax/orbax/write/sharded_array_gb,0,0.00164794921875
jax/orbax/write/sharded_array_gb,0,0.000274658203125
jax/orbax/write/sharded_array_gb,0,0.00164794921875
jax/orbax/write/sharded_array_gb,0,0.000244140625
jax/orbax/write/sharded_array_gb,0,0.000274658203125
jax/orbax/write/sharded_array_gb,0,0.000274658203125
jax/orbax/write/sharded_array_gb,0,0.0001220703125
jax/orbax/write/sharded_array_gb,0,0.000274658203125
jax/orbax/write/sharded_array_gb,0,0.000244140625
jax/orbax/write/sharded_array_gb,0,0.00164794921875
jax/orbax/write/sharded_array_gb,0,0.000274658203125
jax/orbax/write/sharded_array_gb,0,0.000274658203125
jax/orbax/write/sharded_array_gb,0,0.00164794921875
jax/orbax/write/sharded_array_gb,0,0.000274658203125
jax/orbax/write/sharded_array_gb,0,0.00164794921875
jax/orbax/write/sharded_array_gb,0,0.000244140625
jax/orbax/write/sharded_array_gb,0,0.000274658203125
jax/orbax/write/sharded_array_gb,0,0.000274658203125
jax/orbax/write/sharded_array_gb,0,0.0001220703125
jax/orbax/write/sharded_array_gb,0,0.000274658203125
jax/orbax/write/sharded_array_gb,0,0.000244140625
jax/orbax/write/sharded_array_gb,0,0.00164794921875
jax/orbax/write/sharded_array_gb,0,0.000274658203125
jax/orbax/write/sharded_array_gb,0,0.000274658203125
jax/orbax/write/sharded_array_gb,0,0.00164794921875
jax/orbax/write/sharded_array_gb,0,0.000274658203125
jax/orbax/write/sharded_array_gb,0,0.00164794921875
jax/orbax/write/sharded_array_gb,0,0.000244140625
jax/orbax/write/sharded_array_gb,0,0.000274658203125
jax/orbax/write/sharded_array_gb,0,0.000274658203125
jax/orbax/write/sharded_array_gb,0,0.0001220703125
jax/orbax/write/sharded_array_gb,0,0.000274658203125
jax/orbax/write/sharded_array_gb,0,0.000244140625
jax/orbax/write/sharded_array_gb,0,0.00164794921875
jax/orbax/write/sharded_array_gb,0,0.000274658203125
jax/orbax/write/sharded_array_gb,0,0.000274658203125
jax/orbax/write/sharded_array_gb,0,0.00164794921875
jax/orbax/write/sharded_array_gb,0,0.000274658203125
jax/orbax/write/sharded_array_gb,0,0.00164794921875
jax/orbax/write/sharded_array_gb,0,0.000244140625
jax/orbax/write/sharded_array_gb,0,0.000274658203125
jax/orbax/write/sharded_array_gb,0,0.000274658203125
jax/orbax/write/sharded_array_gb,0,0.0001220703125
jax/orbax/write/sharded_array_gb,0,0.000274658203125
jax/orbax/write/sharded_array_gb,0,0.000244140625
jax/orbax/write/sharded_array_gb,0,0.00164794921875
jax/orbax/write/sharded_array_gb,0,0.000274658203125
jax/orbax/write/sharded_array_gb,0,0.000274658203125
jax/orbax/write/sharded_array_gb,0,0.00164794921875
jax/orbax/write/sharded_array_gb,0,0.000274658203125
jax/orbax/write/sharded_array_gb,0,0.00164794921875
jax/orbax/write/sharded_array_gb,0,0.000244140625
jax/orbax/write/sharded_array_gb,0,0.000274658203125
jax/orbax/write/sharded_array_gb,0,0.000274658203125
jax/orbax/write/sharded_array_gb,0,0.0001220703125
jax/orbax/write/sharded_array_gb,0,0.000274658203125
jax/orbax/write/sharded_array_gb,0,0.000244140625
jax/orbax/write/sharded_array_gb,0,0.00164794921875
jax/orbax/write/sharded_array_gb,0,0.000274658203125
jax/orbax/write/sharded_array_gb,0,0.000274658203125
jax/orbax/write/sharded_array_gb,0,0.00164794921875
jax/orbax/write/sharded_array_gb,0,0.000274658203125
jax/orbax/write/sharded_array_gb,0,0.00164794921875
jax/orbax/write/sharded_array_gb,0,0.000244140625
jax/orbax/write/sharded_array_gb,0,0.000274658203125
jax/orbax/write/sharded_array_gb,0,0.000274658203125
jax/orbax/write/sharded_array_gb,0,0.0001220703125
jax/orbax/write/sharded_array_gb,0,0.000274658203125
jax/orbax/write/sharded_array_gb,0,0.000244140625
jax/orbax/write/sharded_array_gb,0,0.00164794921875
jax/orbax/write/sharded_array_gb,0,0.000274658203125
jax/orbax/write/sharded_array_gb,0,0.000274658203125
jax/orbax/write/sharded_array_gb,0,0.00164794921875
jax/orbax/write/sharded_array_gb,0,0.000274658203125
jax/orbax/write/sharded_array_gb,0,0.00164794921875
jax/orbax/write/sharded_array_gb,0,0.000244140625
jax/orbax/write/sharded_array_gb,0,0.000274658203125
jax/orbax/write/sharded_array_gb,0,0.000274658203125
jax/orbax/write/sharded_array_gb,0,0.0001220703125
jax/orbax/write/sharded_array_gb,0,0.000274658203125
jax/orbax/write/sharded_array_gb,0,0.000244140625
jax/orbax/write/sharded_array_gb,0,0.00164794921875
jax/orbax/write/sharded_array_gb,0,0.000274658203125
jax/orbax/write/sharded_array_gb,0,0.000274658203125
jax/orbax/write/sharded_array_gb,0,0.00164794921875
jax/orbax/write/sharded_array_gb,0,0.000274658203125
jax/orbax/write/sharded_array_gb,0,0.00164794921875
jax/orbax/write/sharded_array_gb,0,0.000244140625
jax/orbax/write/sharded_array_gb,0,0.000274658203125
jax/orbax/write/sharded_array_gb,0,0.000274658203125
jax/orbax/write/sharded_array_gb,0,0.0001220703125
jax/orbax/write/sharded_array_gb,0,0.000274658203125
jax/orbax/write/sharded_array_gb,0,0.000244140625
jax/orbax/write/sharded_array_gb,0,0.00164794921875
jax/orbax/write/sharded_array_gb,0,0.000274658203125
jax/orbax/write/sharded_array_gb,0,0.000274658203125
jax/orbax/write/sharded_array_gb,0,0.00164794921875
jax/orbax/write/sharded_array_gb,0,0.000274658203125
jax/orbax/write/sharded_array_gb,0,0.00164794921875
jax/orbax/write/sharded_array_gb,0,0.000244140625
jax/orbax/write/sharded_array_gb,0,0.000274658203125
jax/orbax/write/sharded_array_gb,0,0.000274658203125
jax/orbax/write/sharded_array_gb,0,0.0001220703125
jax/orbax/write/sharded_array_gb,0,0.000274658203125
jax/orbax/write/sharded_array_gb,0,0.000244140625
jax/orbax/write/sharded_array_gb,0,0.00164794921875
jax/orbax/write/sharded_array_gb,0,0.000274658203125
jax/orbax/write/sharded_array_gb,0,0.000274658203125
jax/orbax/write/sharded_array_gb,0,0.00164794921875
jax/orbax/write/sharded_array_gb,0,0.000274658203125
jax/orbax/write/sharded_array_gb,0,0.00164794921875
jax/orbax/write/sharded_array_gb,0,0.000244140625
jax/orbax/write/sharded_array_gb,0,0.000274658203125
jax/orbax/write/sharded_array_gb,0,0.000274658203125
jax/orbax/write/sharded_array_gb,0,0.0001220703125
jax/orbax/write/sharded_array_gb,0,0.000274658203125
jax/orbax/write/sharded_array_gb,0,0.000244140625
jax/orbax/write/sharded_array_gb,0,0.00164794921875
jax/orbax/write/sharded_array_gb,0,0.000274658203125
jax/orbax/write/sharded_array_gb,0,0.000274658203125
jax/orbax/write/sharded_array_gb,0,0.00164794921875
jax/orbax/write/sharded_array_gb,0,0.000274658203125
jax/orbax/write/sharded_array_gb,0,0.00164794921875
jax/orbax/write/sharded_array_gb,0,0.000244140625
jax/orbax/write/sharded_array_gb,0,0.000274658203125
jax/orbax/write/sharded_array_gb,0,0.000274658203125
jax/orbax/write/sharded_array_gb,0,0.0001220703125
jax/orbax/write/sharded_array_gb,0,0.000274658203125
jax/orbax/write/sharded_array_gb,0,0.000244140625
jax/orbax/write/sharded_array_gb,0,0.00164794921875
jax/orbax/write/sharded_array_gb,0,0.000274658203125
jax/orbax/write/sharded_array_gb,0,0.000274658203125
jax/orbax/write/sharded_array_gb,0,0.00164794921875
jax/orbax/write/sharded_array_gb,0,0.000274658203125
jax/orbax/write/sharded_array_gb,0,0.00164794921875
jax/orbax/write/sharded_array_gb,0,0.000244140625
jax/orbax/write/sharded_array_gb,0,0.000274658203125
jax/orbax/write/sharded_array_gb,0,0.000274658203125
jax/orbax/write/sharded_array_gb,0,0.0001220703125
jax/orbax/write/sharded_array_gb,0,0.000274658203125
jax/orbax/write/sharded_array_gb,0,0.000244140625
jax/orbax/write/sharded_array_gb,0,0.00164794921875
jax/orbax/write/sharded_array_gb,0,0.000274658203125
jax/orbax/write/sharded_array_gb,0,0.000274658203125
jax/orbax/write/sharded_array_gb,0,0.00164794921875
jax/orbax/write/sharded_array_gb,0,0.000274658203125
jax/orbax/write/sharded_array_gb,0,0.00164794921875
jax/orbax/write/sharded_array_gb,0,0.000244140625
jax/orbax/write/sharded_array_gb,0,0.000274658203125
jax/orbax/write/sharded_array_gb,0,0.000274658203125
jax/orbax/write/sharded_array_gb,0,0.0001220703125
jax/orbax/write/sharded_array_gb,0,0.000274658203125
jax/orbax/write/sharded_array_gb,0,0.000244140625
jax/orbax/write/sharded_array_gb,0,0.00164794921875
jax/orbax/write/sharded_array_gb,0,0.000274658203125
jax/orbax/write/sharded_array_gb,0,0.000274658203125
jax/orbax/write/sharded_array_gb,0,0.00164794921875
jax/orbax/write/sharded_array_gb,0,0.000274658203125
jax/orbax/write/sharded_array_gb,0,0.00164794921875
jax/orbax/write/sharded_array_gb,0,0.000244140625
jax/orbax/write/sharded_array_gb,0,0.000274658203125
jax/orbax/write/sharded_array_gb,0,0.000274658203125
jax/orbax/write/sharded_array_gb,0,0.0001220703125
jax/orbax/write/sharded_array_gb,0,0.000274658203125
jax/orbax/write/sharded_array_gb,0,0.000244140625
jax/orbax/write/sharded_array_gb,0,0.00164794921875
jax/orbax/write/sharded_array_gb,0,0.000274658203125
jax/orbax/write/sharded_array_gb,0,0.000274658203125
jax/orbax/write/sharded_array_gb,0,0.00164794921875
jax/orbax/write/sharded_array_gb,0,0.000274658203125
jax/orbax/write/sharded_array_gb,0,0.00164794921875
jax/orbax/write/sharded_array_gb,0,0.000244140625
jax/orbax/write/sharded_array_gb,0,0.000274658203125
jax/orbax/write/sharded_array_gb,0,0.000274658203125
jax/orbax/write/sharded_array_gb,0,0.0001220703125
jax/orbax/write/sharded_array_gb,0,0.000274658203125
jax/orbax/write/sharded_array_gb,0,0.000244140625
jax/orbax/write/sharded_array_gb,0,0.00164794921875
jax/orbax/write/sharded_array_gb,0,0.000274658203125
jax/orbax/write/sharded_array_gb,0,0.000274658203125
jax/orbax/write/sharded_array_gb,0,0.00164794921875
jax/orbax/write/sharded_array_gb,0,0.000274658203125
jax/orbax/write/sharded_array_gb,0,0.00164794921875
jax/orbax/write/sharded_array_gb,0,0.000244140625
jax/orbax/write/sharded_array_gb,0,0.000274658203125
jax/orbax/write/sharded_array_gb,0,0.000274658203125
jax/orbax/write/sharded_array_gb,0,0.0001220703125
jax/orbax/write/sharded_array_gb,0,0.000274658203125
jax/orbax/write/sharded_array_gb,0,0.000244140625
jax/orbax/write/sharded_array_gb,0,0.00164794921875
jax/orbax/write/sharded_array_gb,0,0.000274658203125
jax/orbax/write/sharded_array_gb,0,0.000274658203125
jax/orbax/write/sharded_array_gb,0,0.00164794921875
jax/orbax/write/sharded_array_gb,0,0.000274658203125
jax/orbax/write/sharded_array_gb,0,0.00164794921875
jax/orbax/write/sharded_array_gb,0,0.000244140625
jax/orbax/write/sharded_array_gb,0,0.000274658203125
jax/orbax/write/sharded_array_gb,0,0.000274658203125
jax/orbax/write/sharded_array_gb,0,0.0001220703125
jax/orbax/write/sharded_array_gb,0,0.000274658203125
jax/orbax/write/sharded_array_gb,0,0.000244140625
jax/orbax/write/sharded_array_gb,0,0.00164794921875
jax/orbax/write/sharded_array_gb,0,0.000274658203125
jax/orbax/write/sharded_array_gb,0,0.000274658203125
jax/orbax/write/sharded_array_gb,0,0.00164794921875
jax/orbax/write/sharded_array_gb,0,0.000274658203125
jax/orbax/write/sharded_array_gb,0,0.00164794921875
jax/orbax/write/sharded_array_gb,0,3.725290298461914e-09
jax/orbax/write/sharded_array_gb,0,3.725290298461914e-09
jax/orbax/write/sharded_array_gb,0,0.0001220703125
jax/orbax/write/sharded_array_gb,0,0.0001373291015625
jax/orbax/write/sharded_array_gb,0,0.0001373291015625
jax/orbax/write/sharded_array_gb,0,6.103515625e-05
jax/orbax/write/sharded_array_gb,0,0.0001373291015625
jax/orbax/write/sharded_array_gb,0,0.0001220703125
jax/orbax/write/sharded_array_gb,0,0.000823974609375
jax/orbax/write/sharded_array_gb,0,0.0001373291015625
jax/orbax/write/sharded_array_gb,0,0.0001373291015625
jax/orbax/write/sharded_array_gb,0,0.000823974609375
jax/orbax/write/sharded_array_gb,0,0.0001373291015625
jax/orbax/write/sharded_array_gb,0,0.000823974609375
jax/orbax/write/sharded_array_gb,0,0.0001220703125
jax/orbax/write/sharded_array_gb,0,0.0001373291015625
jax/orbax/write/sharded_array_gb,0,0.0001373291015625
jax/orbax/write/sharded_array_gb,0,6.103515625e-05
jax/orbax/write/sharded_array_gb,0,0.0001373291015625
jax/orbax/write/sharded_array_gb,0,0.0001220703125
jax/orbax/write/sharded_array_gb,0,0.000823974609375
jax/orbax/write/sharded_array_gb,0,0.0001373291015625
jax/orbax/write/sharded_array_gb,0,0.0001373291015625
jax/orbax/write/sharded_array_gb,0,0.000823974609375
jax/orbax/write/sharded_array_gb,0,0.0001373291015625
jax/orbax/write/sharded_array_gb,0,0.000823974609375
jax/orbax/write/sharded_array_gb,0,0.0001220703125
jax/orbax/write/sharded_array_gb,0,0.0001373291015625
jax/orbax/write/sharded_array_gb,0,0.0001373291015625
jax/orbax/write/sharded_array_gb,0,6.103515625e-05
jax/orbax/write/sharded_array_gb,0,0.0001373291015625
jax/orbax/write/sharded_array_gb,0,0.0001220703125
jax/orbax/write/sharded_array_gb,0,0.000823974609375
jax/orbax/write/sharded_array_gb,0,0.0001373291015625
jax/orbax/write/sharded_array_gb,0,0.0001373291015625
jax/orbax/write/sharded_array_gb,0,0.000823974609375
jax/orbax/write/sharded_array_gb,0,0.0001373291015625
jax/orbax/write/sharded_array_gb,0,0.000823974609375
jax/orbax/write/sharded_array_gb,0,0.0001220703125
jax/orbax/write/sharded_array_gb,0,0.0001373291015625
jax/orbax/write/sharded_array_gb,0,0.0001373291015625
jax/orbax/write/sharded_array_gb,0,6.103515625e-05
jax/orbax/write/sharded_array_gb,0,0.0001373291015625
jax/orbax/write/sharded_array_gb,0,0.0001220703125
jax/orbax/write/sharded_array_gb,0,0.000823974609375
jax/orbax/write/sharded_array_gb,0,0.0001373291015625
jax/orbax/write/sharded_array_gb,0,0.0001373291015625
jax/orbax/write/sharded_array_gb,0,0.000823974609375
jax/orbax/write/sharded_array_gb,0,0.0001373291015625
jax/orbax/write/sharded_array_gb,0,0.000823974609375
jax/orbax/write/sharded_array_gb,0,0.0001220703125
jax/orbax/write/sharded_array_gb,0,0.0001373291015625
jax/orbax/write/sharded_array_gb,0,0.0001373291015625
jax/orbax/write/sharded_array_gb,0,6.103515625e-05
jax/orbax/write/sharded_array_gb,0,0.0001373291015625
jax/orbax/write/sharded_array_gb,0,0.0001220703125
jax/orbax/write/sharded_array_gb,0,0.000823974609375
jax/orbax/write/sharded_array_gb,0,0.0001373291015625
jax/orbax/write/sharded_array_gb,0,0.0001373291015625
jax/orbax/write/sharded_array_gb,0,0.000823974609375
jax/orbax/write/sharded_array_gb,0,0.0001373291015625
jax/orbax/write/sharded_array_gb,0,0.000823974609375
jax/orbax/write/sharded_array_gb,0,0.0001220703125
jax/orbax/write/sharded_array_gb,0,0.0001373291015625
jax/orbax/write/sharded_array_gb,0,0.0001373291015625
jax/orbax/write/sharded_array_gb,0,6.103515625e-05
jax/orbax/write/sharded_array_gb,0,0.0001373291015625
jax/orbax/write/sharded_array_gb,0,0.0001220703125
jax/orbax/write/sharded_array_gb,0,0.000823974609375
jax/orbax/write/sharded_array_gb,0,0.0001373291015625
jax/orbax/write/sharded_array_gb,0,0.0001373291015625
jax/orbax/write/sharded_array_gb,0,0.000823974609375
jax/orbax/write/sharded_array_gb,0,0.0001373291015625
jax/orbax/write/sharded_array_gb,0,0.000823974609375
jax/orbax/write/sharded_array_gb,0,0.0001220703125
jax/orbax/write/sharded_array_gb,0,0.0001373291015625
jax/orbax/write/sharded_array_gb,0,0.0001373291015625
jax/orbax/write/sharded_array_gb,0,6.103515625e-05
jax/orbax/write/sharded_array_gb,0,0.0001373291015625
jax/orbax/write/sharded_array_gb,0,0.0001220703125
jax/orbax/write/sharded_array_gb,0,0.000823974609375
jax/orbax/write/sharded_array_gb,0,0.0001373291015625
jax/orbax/write/sharded_array_gb,0,0.0001373291015625
jax/orbax/write/sharded_array_gb,0,0.000823974609375
jax/orbax/write/sharded_array_gb,0,0.0001373291015625
jax/orbax/write/sharded_array_gb,0,0.000823974609375
jax/orbax/write/sharded_array_gb,0,0.0001220703125
jax/orbax/write/sharded_array_gb,0,0.0001373291015625
jax/orbax/write/sharded_array_gb,0,0.0001373291015625
jax/orbax/write/sharded_array_gb,0,6.103515625e-05
jax/orbax/write/sharded_array_gb,0,0.0001373291015625
jax/orbax/write/sharded_array_gb,0,0.0001220703125
jax/orbax/write/sharded_array_gb,0,0.000823974609375
jax/orbax/write/sharded_array_gb,0,0.0001373291015625
jax/orbax/write/sharded_array_gb,0,0.0001373291015625
jax/orbax/write/sharded_array_gb,0,0.000823974609375
jax/orbax/write/sharded_array_gb,0,0.0001373291015625
jax/orbax/write/sharded_array_gb,0,0.000823974609375
jax/orbax/write/sharded_array_gb,0,0.0001220703125
jax/orbax/write/sharded_array_gb,0,0.0001373291015625
jax/orbax/write/sharded_array_gb,0,0.0001373291015625
jax/orbax/write/sharded_array_gb,0,6.103515625e-05
jax/orbax/write/sharded_array_gb,0,0.0001373291015625
jax/orbax/write/sharded_array_gb,0,0.0001220703125
jax/orbax/write/sharded_array_gb,0,0.000823974609375
jax/orbax/write/sharded_array_gb,0,0.0001373291015625
jax/orbax/write/sharded_array_gb,0,0.0001373291015625
jax/orbax/write/sharded_array_gb,0,0.000823974609375
jax/orbax/write/sharded_array_gb,0,0.0001373291015625
jax/orbax/write/sharded_array_gb,0,0.000823974609375
jax/orbax/write/sharded_array_gb,0,0.0001220703125
jax/orbax/write/sharded_array_gb,0,0.0001373291015625
jax/orbax/write/sharded_array_gb,0,0.0001373291015625
jax/orbax/write/sharded_array_gb,0,6.103515625e-05
jax/orbax/write/sharded_array_gb,0,0.0001373291015625
jax/orbax/write/sharded_array_gb,0,0.0001220703125
jax/orbax/write/sharded_array_gb,0,0.000823974609375
jax/orbax/write/sharded_array_gb,0,0.0001373291015625
jax/orbax/write/sharded_array_gb,0,0.0001373291015625
jax/orbax/write/sharded_array_gb,0,0.000823974609375
jax/orbax/write/sharded_array_gb,0,0.0001373291015625
jax/orbax/write/sharded_array_gb,0,0.000823974609375
jax/orbax/write/sharded_array_gb,0,0.0001220703125
jax/orbax/write/sharded_array_gb,0,0.0001373291015625
jax/orbax/write/sharded_array_gb,0,0.0001373291015625
jax/orbax/write/sharded_array_gb,0,6.103515625e-05
jax/orbax/write/sharded_array_gb,0,0.0001373291015625
jax/orbax/write/sharded_array_gb,0,0.0001220703125
jax/orbax/write/sharded_array_gb,0,0.000823974609375
jax/orbax/write/sharded_array_gb,0,0.0001373291015625
jax/orbax/write/sharded_array_gb,0,0.0001373291015625
jax/orbax/write/sharded_array_gb,0,0.000823974609375
jax/orbax/write/sharded_array_gb,0,0.0001373291015625
jax/orbax/write/sharded_array_gb,0,0.000823974609375
jax/orbax/write/sharded_array_gb,0,0.0001220703125
jax/orbax/write/sharded_array_gb,0,0.0001373291015625
jax/orbax/write/sharded_array_gb,0,0.0001373291015625
jax/orbax/write/sharded_array_gb,0,6.103515625e-05
jax/orbax/write/sharded_array_gb,0,0.0001373291015625
jax/orbax/write/sharded_array_gb,0,0.0001220703125
jax/orbax/write/sharded_array_gb,0,0.000823974609375
jax/orbax/write/sharded_array_gb,0,0.0001373291015625
jax/orbax/write/sharded_array_gb,0,0.0001373291015625
jax/orbax/write/sharded_array_gb,0,0.000823974609375
jax/orbax/write/sharded_array_gb,0,0.0001373291015625
jax/orbax/write/sharded_array_gb,0,0.000823974609375
jax/orbax/write/sharded_array_gb,0,0.0001220703125
jax/orbax/write/sharded_array_gb,0,0.0001373291015625
jax/orbax/write/sharded_array_gb,0,0.0001373291015625
jax/orbax/write/sharded_array_gb,0,6.103515625e-05
jax/orbax/write/sharded_array_gb,0,0.0001373291015625
jax/orbax/write/sharded_array_gb,0,0.0001220703125
jax/orbax/write/sharded_array_gb,0,0.000823974609375
jax/orbax/write/sharded_array_gb,0,0.0001373291015625
jax/orbax/write/sharded_array_gb,0,0.0001373291015625
jax/orbax/write/sharded_array_gb,0,0.000823974609375
jax/orbax/write/sharded_array_gb,0,0.0001373291015625
jax/orbax/write/sharded_array_gb,0,0.000823974609375
jax/orbax/write/sharded_array_gb,0,0.0001220703125
jax/orbax/write/sharded_array_gb,0,0.0001373291015625
jax/orbax/write/sharded_array_gb,0,0.0001373291015625
jax/orbax/write/sharded_array_gb,0,6.103515625e-05
jax/orbax/write/sharded_array_gb,0,0.0001373291015625
jax/orbax/write/sharded_array_gb,0,0.0001220703125
jax/orbax/write/sharded_array_gb,0,0.000823974609375
jax/orbax/write/sharded_array_gb,0,0.0001373291015625
jax/orbax/write/sharded_array_gb,0,0.0001373291015625
jax/orbax/write/sharded_array_gb,0,0.000823974609375
jax/orbax/write/sharded_array_gb,0,0.0001373291015625
jax/orbax/write/sharded_array_gb,0,0.000823974609375
jax/orbax/write/sharded_array_gb,0,0.0001220703125
jax/orbax/write/sharded_array_gb,0,0.0001373291015625
jax/orbax/write/sharded_array_gb,0,0.0001373291015625
jax/orbax/write/sharded_array_gb,0,6.103515625e-05
jax/orbax/write/sharded_array_gb,0,0.0001373291015625
jax/orbax/write/sharded_array_gb,0,0.0001220703125
jax/orbax/write/sharded_array_gb,0,0.000823974609375
jax/orbax/write/sharded_array_gb,0,0.0001373291015625
jax/orbax/write/sharded_array_gb,0,0.0001373291015625
jax/orbax/write/sharded_array_gb,0,0.000823974609375
jax/orbax/write/sharded_array_gb,0,0.0001373291015625
jax/orbax/write/sharded_array_gb,0,0.000823974609375
jax/orbax/write/sharded_array_gb,0,0.0001220703125
jax/orbax/write/sharded_array_gb,0,0.0001373291015625
jax/orbax/write/sharded_array_gb,0,0.0001373291015625
jax/orbax/write/sharded_array_gb,0,6.103515625e-05
jax/orbax/write/sharded_array_gb,0,0.0001373291015625
jax/orbax/write/sharded_array_gb,0,0.0001220703125
jax/orbax/write/sharded_array_gb,0,0.000823974609375
jax/orbax/write/sharded_array_gb,0,0.0001373291015625
jax/orbax/write/sharded_array_gb,0,0.0001373291015625
jax/orbax/write/sharded_array_gb,0,0.000823974609375
jax/orbax/write/sharded_array_gb,0,0.0001373291015625
jax/orbax/write/sharded_array_gb,0,0.000823974609375
jax/orbax/write/sharded_array_gb,0,0.0001220703125
jax/orbax/write/sharded_array_gb,0,0.0001373291015625
jax/orbax/write/sharded_array_gb,0,0.0001373291015625
jax/orbax/write/sharded_array_gb,0,6.103515625e-05
jax/orbax/write/sharded_array_gb,0,0.0001373291015625
jax/orbax/write/sharded_array_gb,0,0.0001220703125
jax/orbax/write/sharded_array_gb,0,0.000823974609375
jax/orbax/write/sharded_array_gb,0,0.0001373291015625
jax/orbax/write/sharded_array_gb,0,0.0001373291015625
jax/orbax/write/sharded_array_gb,0,0.000823974609375
jax/orbax/write/sharded_array_gb,0,0.0001373291015625
jax/orbax/write/sharded_array_gb,0,0.000823974609375
jax/orbax/write/sharded_array_gb,0,0.0001220703125
jax/orbax/write/sharded_array_gb,0,0.0001373291015625
jax/orbax/write/sharded_array_gb,0,0.0001373291015625
jax/orbax/write/sharded_array_gb,0,6.103515625e-05
jax/orbax/write/sharded_array_gb,0,0.0001373291015625
jax/orbax/write/sharded_array_gb,0,0.0001220703125
jax/orbax/write/sharded_array_gb,0,0.000823974609375
jax/orbax/write/sharded_array_gb,0,0.0001373291015625
jax/orbax/write/sharded_array_gb,0,0.0001373291015625
jax/orbax/write/sharded_array_gb,0,0.000823974609375
jax/orbax/write/sharded_array_gb,0,0.0001373291015625
jax/orbax/write/sharded_array_gb,0,0.000823974609375
jax/orbax/write/sharded_array_gb,0,0.0001220703125
jax/orbax/write/sharded_array_gb,0,0.0001373291015625
jax/orbax/write/sharded_array_gb,0,0.0001373291015625
jax/orbax/write/sharded_array_gb,0,6.103515625e-05
jax/orbax/write/sharded_array_gb,0,0.0001373291015625
jax/orbax/write/sharded_array_gb,0,0.0001220703125
jax/orbax/write/sharded_array_gb,0,0.000823974609375
jax/orbax/write/sharded_array_gb,0,0.0001373291015625
jax/orbax/write/sharded_array_gb,0,0.0001373291015625
jax/orbax/write/sharded_array_gb,0,0.000823974609375
jax/orbax/write/sharded_array_gb,0,0.0001373291015625
jax/orbax/write/sharded_array_gb,0,0.000823974609375
jax/orbax/write/sharded_array_gb,0,0.0001220703125
jax/orbax/write/sharded_array_gb,0,0.0001373291015625
jax/orbax/write/sharded_array_gb,0,0.0001373291015625
jax/orbax/write/sharded_array_gb,0,6.103515625e-05
jax/orbax/write/sharded_array_gb,0,0.0001373291015625
jax/orbax/write/sharded_array_gb,0,0.0001220703125
jax/orbax/write/sharded_array_gb,0,0.000823974609375
jax/orbax/write/sharded_array_gb,0,0.0001373291015625
jax/orbax/write/sharded_array_gb,0,0.0001373291015625
jax/orbax/write/sharded_array_gb,0,0.000823974609375
jax/orbax/write/sharded_array_gb,0,0.0001373291015625
jax/orbax/write/sharded_array_gb,0,0.000823974609375
jax/orbax/write/sharded_array_gb,0,0.0001220703125
jax/orbax/write/sharded_array_gb,0,0.0001373291015625
jax/orbax/write/sharded_array_gb,0,0.0001373291015625
jax/orbax/write/sharded_array_gb,0,6.103515625e-05
jax/orbax/write/sharded_array_gb,0,0.0001373291015625
jax/orbax/write/sharded_array_gb,0,0.0001220703125
jax/orbax/write/sharded_array_gb,0,0.000823974609375
jax/orbax/write/sharded_array_gb,0,0.0001373291015625
jax/orbax/write/sharded_array_gb,0,0.0001373291015625
jax/orbax/write/sharded_array_gb,0,0.000823974609375
jax/orbax/write/sharded_array_gb,0,0.0001373291015625
jax/orbax/write/sharded_array_gb,0,0.000823974609375
jax/orbax/write/sharded_array_gb,0,0.0001220703125
jax/orbax/write/sharded_array_gb,0,0.0001373291015625
jax/orbax/write/sharded_array_gb,0,0.0001373291015625
jax/orbax/write/sharded_array_gb,0,6.103515625e-05
jax/orbax/write/sharded_array_gb,0,0.0001373291015625
jax/orbax/write/sharded_array_gb,0,0.0001220703125
jax/orbax/write/sharded_array_gb,0,0.000823974609375
jax/orbax/write/sharded_array_gb,0,0.0001373291015625
jax/orbax/write/sharded_array_gb,0,0.0001373291015625
jax/orbax/write/sharded_array_gb,0,0.000823974609375
jax/orbax/write/sharded_array_gb,0,0.0001373291015625
jax/orbax/write/sharded_array_gb,0,0.000823974609375
jax/orbax/write/sharded_array_gb,0,0.0001220703125
jax/orbax/write/sharded_array_gb,0,0.0001373291015625
jax/orbax/write/sharded_array_gb,0,0.0001373291015625
jax/orbax/write/sharded_array_gb,0,6.103515625e-05
jax/orbax/write/sharded_array_gb,0,0.0001373291015625
jax/orbax/write/sharded_array_gb,0,0.0001220703125
jax/orbax/write/sharded_array_gb,0,0.000823974609375
jax/orbax/write/sharded_array_gb,0,0.0001373291015625
jax/orbax/write/sharded_array_gb,0,0.0001373291015625
jax/orbax/write/sharded_array_gb,0,0.000823974609375
jax/orbax/write/sharded_array_gb,0,0.0001373291015625
jax/orbax/write/sharded_array_gb,0,0.000823974609375
jax/orbax/write/sharded_array_gb,0,0.0001220703125
jax/orbax/write/sharded_array_gb,0,0.0001373291015625
jax/orbax/write/sharded_array_gb,0,0.0001373291015625
jax/orbax/write/sharded_array_gb,0,6.103515625e-05
jax/orbax/write/sharded_array_gb,0,0.0001373291015625
jax/orbax/write/sharded_array_gb,0,0.0001220703125
jax/orbax/write/sharded_array_gb,0,0.000823974609375
jax/orbax/write/sharded_array_gb,0,0.0001373291015625
jax/orbax/write/sharded_array_gb,0,0.0001373291015625
jax/orbax/write/sharded_array_gb,0,0.000823974609375
jax/orbax/write/sharded_array_gb,0,0.0001373291015625
jax/orbax/write/sharded_array_gb,0,0.000823974609375
jax/orbax/write/sharded_array_gb,0,0.0001220703125
jax/orbax/write/sharded_array_gb,0,0.0001373291015625
jax/orbax/write/sharded_array_gb,0,0.0001373291015625
jax/orbax/write/sharded_array_gb,0,6.103515625e-05
jax/orbax/write/sharded_array_gb,0,0.0001373291015625
jax/orbax/write/sharded_array_gb,0,0.0001220703125
jax/orbax/write/sharded_array_gb,0,0.000823974609375
jax/orbax/write/sharded_array_gb,0,0.0001373291015625
jax/orbax/write/sharded_array_gb,0,0.0001373291015625
jax/orbax/write/sharded_array_gb,0,0.000823974609375
jax/orbax/write/sharded_array_gb,0,0.0001373291015625
jax/orbax/write/sharded_array_gb,0,0.000823974609375
jax/orbax/write/sharded_array_gb,0,0.0001220703125
jax/orbax/write/sharded_array_gb,0,0.0001373291015625
jax/orbax/write/sharded_array_gb,0,0.0001373291015625
jax/orbax/write/sharded_array_gb,0,6.103515625e-05
jax/orbax/write/sharded_array_gb,0,0.0001373291015625
jax/orbax/write/sharded_array_gb,0,0.0001220703125
jax/orbax/write/sharded_array_gb,0,0.000823974609375
jax/orbax/write/sharded_array_gb,0,0.0001373291015625
jax/orbax/write/sharded_array_gb,0,0.0001373291015625
jax/orbax/write/sharded_array_gb,0,0.000823974609375
jax/orbax/write/sharded_array_gb,0,0.0001373291015625
jax/orbax/write/sharded_array_gb,0,0.000823974609375
jax/orbax/write/sharded_array_gb,0,0.0001220703125
jax/orbax/write/sharded_array_gb,0,0.0001373291015625
jax/orbax/write/sharded_array_gb,0,0.0001373291015625
jax/orbax/write/sharded_array_gb,0,6.103515625e-05
jax/orbax/write/sharded_array_gb,0,0.0001373291015625
jax/orbax/write/sharded_array_gb,0,0.0001220703125
jax/orbax/write/sharded_array_gb,0,0.000823974609375
jax/orbax/write/sharded_array_gb,0,0.0001373291015625
jax/orbax/write/sharded_array_gb,0,0.0001373291015625
jax/orbax/write/sharded_array_gb,0,0.000823974609375
jax/orbax/write/sharded_array_gb,0,0.0001373291015625
jax/orbax/write/sharded_array_gb,0,0.000823974609375
jax/orbax/write/sharded_array_gb,0,0.0001220703125
jax/orbax/write/sharded_array_gb,0,0.0001373291015625
jax/orbax/write/sharded_array_gb,0,0.0001373291015625
jax/orbax/write/sharded_array_gb,0,6.103515625e-05
jax/orbax/write/sharded_array_gb,0,0.0001373291015625
jax/orbax/write/sharded_array_gb,0,0.0001220703125
jax/orbax/write/sharded_array_gb,0,0.000823974609375
jax/orbax/write/sharded_array_gb,0,0.0001373291015625
jax/orbax/write/sharded_array_gb,0,0.0001373291015625
jax/orbax/write/sharded_array_gb,0,0.000823974609375
jax/orbax/write/sharded_array_gb,0,0.0001373291015625
jax/orbax/write/sharded_array_gb,0,0.000823974609375
jax/orbax/write/sharded_array_gb,0,0.0001220703125
jax/orbax/write/sharded_array_gb,0,0.0001373291015625
jax/orbax/write/sharded_array_gb,0,0.0001373291015625
jax/orbax/write/sharded_array_gb,0,6.103515625e-05
jax/orbax/write/sharded_array_gb,0,0.0001373291015625
jax/orbax/write/sharded_array_gb,0,0.0001220703125
jax/orbax/write/sharded_array_gb,0,0.000823974609375
jax/orbax/write/sharded_array_gb,0,0.0001373291015625
jax/orbax/write/sharded_array_gb,0,0.0001373291015625
jax/orbax/write/sharded_array_gb,0,0.000823974609375
jax/orbax/write/sharded_array_gb,0,0.0001373291015625
jax/orbax/write/sharded_array_gb,0,0.000823974609375
jax/orbax/write/sharded_array_gb,0,0.0001220703125
jax/orbax/write/sharded_array_gb,0,0.0001373291015625
jax/orbax/write/sharded_array_gb,0,0.0001373291015625
jax/orbax/write/sharded_array_gb,0,6.103515625e-05
jax/orbax/write/sharded_array_gb,0,0.0001373291015625
jax/orbax/write/sharded_array_gb,0,0.0001220703125
jax/orbax/write/sharded_array_gb,0,0.000823974609375
jax/orbax/write/sharded_array_gb,0,0.0001373291015625
jax/orbax/write/sharded_array_gb,0,0.0001373291015625
jax/orbax/write/sharded_array_gb,0,0.000823974609375
jax/orbax/write/sharded_array_gb,0,0.0001373291015625
jax/orbax/write/sharded_array_gb,0,0.000823974609375
jax/orbax/write/sharded_array_gb,0,0.0001220703125
jax/orbax/write/sharded_array_gb,0,0.0001373291015625
jax/orbax/write/sharded_array_gb,0,0.0001373291015625
jax/orbax/write/sharded_array_gb,0,6.103515625e-05
jax/orbax/write/sharded_array_gb,0,0.0001373291015625
jax/orbax/write/sharded_array_gb,0,0.0001220703125
jax/orbax/write/sharded_array_gb,0,0.000823974609375
jax/orbax/write/sharded_array_gb,0,0.0001373291015625
jax/orbax/write/sharded_array_gb,0,0.0001373291015625
jax/orbax/write/sharded_array_gb,0,0.000823974609375
jax/orbax/write/sharded_array_gb,0,0.0001373291015625
jax/orbax/write/sharded_array_gb,0,0.000823974609375
jax/orbax/write/sharded_array_gb,0,0.0001220703125
jax/orbax/write/sharded_array_gb,0,0.0001373291015625
jax/orbax/write/sharded_array_gb,0,0.0001373291015625
jax/orbax/write/sharded_array_gb,0,6.103515625e-05
jax/orbax/write/sharded_array_gb,0,0.0001373291015625
jax/orbax/write/sharded_array_gb,0,0.0001220703125
jax/orbax/write/sharded_array_gb,0,0.000823974609375
jax/orbax/write/sharded_array_gb,0,0.0001373291015625
jax/orbax/write/sharded_array_gb,0,0.0001373291015625
jax/orbax/write/sharded_array_gb,0,0.000823974609375
jax/orbax/write/sharded_array_gb,0,0.0001373291015625
jax/orbax/write/sharded_array_gb,0,0.000823974609375
jax/orbax/write/sharded_array_gb,0,0.0001220703125
jax/orbax/write/sharded_array_gb,0,0.0001373291015625
jax/orbax/write/sharded_array_gb,0,0.0001373291015625
jax/orbax/write/sharded_array_gb,0,6.103515625e-05
jax/orbax/write/sharded_array_gb,0,0.0001373291015625
jax/orbax/write/sharded_array_gb,0,0.0001220703125
jax/orbax/write/sharded_array_gb,0,0.000823974609375
jax/orbax/write/sharded_array_gb,0,0.0001373291015625
jax/orbax/write/sharded_array_gb,0,0.0001373291015625
jax/orbax/write/sharded_array_gb,0,0.000823974609375
jax/orbax/write/sharded_array_gb,0,0.0001373291015625
jax/orbax/write/sharded_array_gb,0,0.000823974609375
jax/orbax/write/sharded_array_gb,0,0.0001220703125
jax/orbax/write/sharded_array_gb,0,0.0001373291015625
jax/orbax/write/sharded_array_gb,0,0.0001373291015625
jax/orbax/write/sharded_array_gb,0,6.103515625e-05
jax/orbax/write/sharded_array_gb,0,0.0001373291015625
jax/orbax/write/sharded_array_gb,0,0.0001220703125
jax/orbax/write/sharded_array_gb,0,0.000823974609375
jax/orbax/write/sharded_array_gb,0,0.0001373291015625
jax/orbax/write/sharded_array_gb,0,0.0001373291015625
jax/orbax/write/sharded_array_gb,0,0.000823974609375
jax/orbax/write/sharded_array_gb,0,0.0001373291015625
jax/orbax/write/sharded_array_gb,0,0.000823974609375
jax/orbax/write/sharded_array_gb,0,0.0001220703125
jax/orbax/write/sharded_array_gb,0,0.0001373291015625
jax/orbax/write/sharded_array_gb,0,0.0001373291015625
jax/orbax/write/sharded_array_gb,0,6.103515625e-05
jax/orbax/write/sharded_array_gb,0,0.0001373291015625
jax/orbax/write/sharded_array_gb,0,0.0001220703125
jax/orbax/write/sharded_array_gb,0,0.000823974609375
jax/orbax/write/sharded_array_gb,0,0.0001373291015625
jax/orbax/write/sharded_array_gb,0,0.0001373291015625
jax/orbax/write/sharded_array_gb,0,0.000823974609375
jax/orbax/write/sharded_array_gb,0,0.0001373291015625
jax/orbax/write/sharded_array_gb,0,0.000823974609375
jax/orbax/write/sharded_array_gb,0,0.0001220703125
jax/orbax/write/sharded_array_gb,0,0.0001373291015625
jax/orbax/write/sharded_array_gb,0,0.0001373291015625
jax/orbax/write/sharded_array_gb,0,6.103515625e-05
jax/orbax/write/sharded_array_gb,0,0.0001373291015625
jax/orbax/write/sharded_array_gb,0,0.0001220703125
jax/orbax/write/sharded_array_gb,0,0.000823974609375
jax/orbax/write/sharded_array_gb,0,0.0001373291015625
jax/orbax/write/sharded_array_gb,0,0.0001373291015625
jax/orbax/write/sharded_array_gb,0,0.000823974609375
jax/orbax/write/sharded_array_gb,0,0.0001373291015625
jax/orbax/write/sharded_array_gb,0,0.000823974609375
jax/orbax/write/sharded_array_gb,0,0.0001220703125
jax/orbax/write/sharded_array_gb,0,0.0001373291015625
jax/orbax/write/sharded_array_gb,0,0.0001373291015625
jax/orbax/write/sharded_array_gb,0,6.103515625e-05
jax/orbax/write/sharded_array_gb,0,0.0001373291015625
jax/orbax/write/sharded_array_gb,0,0.0001220703125
jax/orbax/write/sharded_array_gb,0,0.000823974609375
jax/orbax/write/sharded_array_gb,0,0.0001373291015625
jax/orbax/write/sharded_array_gb,0,0.0001373291015625
jax/orbax/write/sharded_array_gb,0,0.000823974609375
jax/orbax/write/sharded_array_gb,0,0.0001373291015625
jax/orbax/write/sharded_array_gb,0,0.000823974609375
jax/orbax/write/sharded_array_gb,0,0.0001220703125
jax/orbax/write/sharded_array_gb,0,0.0001373291015625
jax/orbax/write/sharded_array_gb,0,0.0001373291015625
jax/orbax/write/sharded_array_gb,0,6.103515625e-05
jax/orbax/write/sharded_array_gb,0,0.0001373291015625
jax/orbax/write/sharded_array_gb,0,0.0001220703125
jax/orbax/write/sharded_array_gb,0,0.000823974609375
jax/orbax/write/sharded_array_gb,0,0.0001373291015625
jax/orbax/write/sharded_array_gb,0,0.0001373291015625
jax/orbax/write/sharded_array_gb,0,0.000823974609375
jax/orbax/write/sharded_array_gb,0,0.0001373291015625
jax/orbax/write/sharded_array_gb,0,0.000823974609375
jax/orbax/write/sharded_array_gb,0,0.0001220703125
jax/orbax/write/sharded_array_gb,0,0.0001373291015625
jax/orbax/write/sharded_array_gb,0,0.0001373291015625
jax/orbax/write/sharded_array_gb,0,6.103515625e-05
jax/orbax/write/sharded_array_gb,0,0.0001373291015625
jax/orbax/write/sharded_array_gb,0,0.0001220703125
jax/orbax/write/sharded_array_gb,0,0.000823974609375
jax/orbax/write/sharded_array_gb,0,0.0001373291015625
jax/orbax/write/sharded_array_gb,0,0.0001373291015625
jax/orbax/write/sharded_array_gb,0,0.000823974609375
jax/orbax/write/sharded_array_gb,0,0.0001373291015625
jax/orbax/write/sharded_array_gb,0,0.000823974609375
jax/orbax/write/sharded_array_gb,0,0.0001220703125
jax/orbax/write/sharded_array_gb,0,0.0001373291015625
jax/orbax/write/sharded_array_gb,0,0.0001373291015625
jax/orbax/write/sharded_array_gb,0,6.103515625e-05
jax/orbax/write/sharded_array_gb,0,0.0001373291015625
jax/orbax/write/sharded_array_gb,0,0.0001220703125
jax/orbax/write/sharded_array_gb,0,0.000823974609375
jax/orbax/write/sharded_array_gb,0,0.0001373291015625
jax/orbax/write/sharded_array_gb,0,0.0001373291015625
jax/orbax/write/sharded_array_gb,0,0.000823974609375
jax/orbax/write/sharded_array_gb,0,0.0001373291015625
jax/orbax/write/sharded_array_gb,0,0.000823974609375
jax/orbax/write/sharded_array_gb,0,0.0001220703125
jax/orbax/write/sharded_array_gb,0,0.0001373291015625
jax/orbax/write/sharded_array_gb,0,0.0001373291015625
jax/orbax/write/sharded_array_gb,0,6.103515625e-05
jax/orbax/write/sharded_array_gb,0,0.0001373291015625
jax/orbax/write/sharded_array_gb,0,0.0001220703125
jax/orbax/write/sharded_array_gb,0,0.000823974609375
jax/orbax/write/sharded_array_gb,0,0.0001373291015625
jax/orbax/write/sharded_array_gb,0,0.0001373291015625
jax/orbax/write/sharded_array_gb,0,0.000823974609375
jax/orbax/write/sharded_array_gb,0,0.0001373291015625
jax/orbax/write/sharded_array_gb,0,0.000823974609375
jax/orbax/write/sharded_array_gb,0,0.0001220703125
jax/orbax/write/sharded_array_gb,0,0.0001373291015625
jax/orbax/write/sharded_array_gb,0,0.0001373291015625
jax/orbax/write/sharded_array_gb,0,6.103515625e-05
jax/orbax/write/sharded_array_gb,0,0.0001373291015625
jax/orbax/write/sharded_array_gb,0,0.0001220703125
jax/orbax/write/sharded_array_gb,0,0.000823974609375
jax/orbax/write/sharded_array_gb,0,0.0001373291015625
jax/orbax/write/sharded_array_gb,0,0.0001373291015625
jax/orbax/write/sharded_array_gb,0,0.000823974609375
jax/orbax/write/sharded_array_gb,0,0.0001373291015625
jax/orbax/write/sharded_array_gb,0,0.000823974609375
jax/orbax/write/sharded_array_gb,0,0.0001220703125
jax/orbax/write/sharded_array_gb,0,0.0001373291015625
jax/orbax/write/sharded_array_gb,0,0.0001373291015625
jax/orbax/write/sharded_array_gb,0,6.103515625e-05
jax/orbax/write/sharded_array_gb,0,0.0001373291015625
jax/orbax/write/sharded_array_gb,0,0.0001220703125
jax/orbax/write/sharded_array_gb,0,0.000823974609375
jax/orbax/write/sharded_array_gb,0,0.0001373291015625
jax/orbax/write/sharded_array_gb,0,0.0001373291015625
jax/orbax/write/sharded_array_gb,0,0.000823974609375
jax/orbax/write/sharded_array_gb,0,0.0001373291015625
jax/orbax/write/sharded_array_gb,0,0.000823974609375
jax/orbax/write/sharded_array_gb,0,0.0001220703125
jax/orbax/write/sharded_array_gb,0,0.0001373291015625
jax/orbax/write/sharded_array_gb,0,0.0001373291015625
jax/orbax/write/sharded_array_gb,0,6.103515625e-05
jax/orbax/write/sharded_array_gb,0,0.0001373291015625
jax/orbax/write/sharded_array_gb,0,0.0001220703125
jax/orbax/write/sharded_array_gb,0,0.000823974609375
jax/orbax/write/sharded_array_gb,0,0.0001373291015625
jax/orbax/write/sharded_array_gb,0,0.0001373291015625
jax/orbax/write/sharded_array_gb,0,0.000823974609375
jax/orbax/write/sharded_array_gb,0,0.0001373291015625
jax/orbax/write/sharded_array_gb,0,0.000823974609375
jax/orbax/write/sharded_array_gb,0,0.0001220703125
jax/orbax/write/sharded_array_gb,0,0.0001373291015625
jax/orbax/write/sharded_array_gb,0,0.0001373291015625
jax/orbax/write/sharded_array_gb,0,6.103515625e-05
jax/orbax/write/sharded_array_gb,0,0.0001373291015625
jax/orbax/write/sharded_array_gb,0,0.0001220703125
jax/orbax/write/sharded_array_gb,0,0.000823974609375
jax/orbax/write/sharded_array_gb,0,0.0001373291015625
jax/orbax/write/sharded_array_gb,0,0.0001373291015625
jax/orbax/write/sharded_array_gb,0,0.000823974609375
jax/orbax/write/sharded_array_gb,0,0.0001373291015625
jax/orbax/write/sharded_array_gb,0,0.000823974609375
jax/orbax/write/sharded_array_gb,0,0.0001220703125
jax/orbax/write/sharded_array_gb,0,0.0001373291015625
jax/orbax/write/sharded_array_gb,0,0.0001373291015625
jax/orbax/write/sharded_array_gb,0,6.103515625e-05
jax/orbax/write/sharded_array_gb,0,0.0001373291015625
jax/orbax/write/sharded_array_gb,0,0.0001220703125
jax/orbax/write/sharded_array_gb,0,0.000823974609375
jax/orbax/write/sharded_array_gb,0,0.0001373291015625
jax/orbax/write/sharded_array_gb,0,0.0001373291015625
jax/orbax/write/sharded_array_gb,0,0.000823974609375
jax/orbax/write/sharded_array_gb,0,0.0001373291015625
jax/orbax/write/sharded_array_gb,0,0.000823974609375
jax/orbax/write/sharded_array_gb,0,0.0001220703125
jax/orbax/write/sharded_array_gb,0,0.0001373291015625
jax/orbax/write/sharded_array_gb,0,0.0001373291015625
jax/orbax/write/sharded_array_gb,0,6.103515625e-05
jax/orbax/write/sharded_array_gb,0,0.0001373291015625
jax/orbax/write/sharded_array_gb,0,0.0001220703125
jax/orbax/write/sharded_array_gb,0,0.000823974609375
jax/orbax/write/sharded_array_gb,0,0.0001373291015625
jax/orbax/write/sharded_array_gb,0,0.0001373291015625
jax/orbax/write/sharded_array_gb,0,0.000823974609375
jax/orbax/write/sharded_array_gb,0,0.0001373291015625
jax/orbax/write/sharded_array_gb,0,0.000823974609375
jax/orbax/write/sharded_array_gb,0,0.0001220703125
jax/orbax/write/sharded_array_gb,0,0.0001373291015625
jax/orbax/write/sharded_array_gb,0,0.0001373291015625
jax/orbax/write/sharded_array_gb,0,6.103515625e-05
jax/orbax/write/sharded_array_gb,0,0.0001373291015625
jax/orbax/write/sharded_array_gb,0,0.0001220703125
jax/orbax/write/sharded_array_gb,0,0.000823974609375
jax/orbax/write/sharded_array_gb,0,0.0001373291015625
jax/orbax/write/sharded_array_gb,0,0.0001373291015625
jax/orbax/write/sharded_array_gb,0,0.000823974609375
jax/orbax/write/sharded_array_gb,0,0.0001373291015625
jax/orbax/write/sharded_array_gb,0,0.000823974609375
jax/orbax/write/sharded_array_gb,0,0.0001220703125
jax/orbax/write/sharded_array_gb,0,0.0001373291015625
jax/orbax/write/sharded_array_gb,0,0.0001373291015625
jax/orbax/write/sharded_array_gb,0,6.103515625e-05
jax/orbax/write/sharded_array_gb,0,0.0001373291015625
jax/orbax/write/sharded_array_gb,0,0.0001220703125
jax/orbax/write/sharded_array_gb,0,0.000823974609375
jax/orbax/write/sharded_array_gb,0,0.0001373291015625
jax/orbax/write/sharded_array_gb,0,0.0001373291015625
jax/orbax/write/sharded_array_gb,0,0.000823974609375
jax/orbax/write/sharded_array_gb,0,0.0001373291015625
jax/orbax/write/sharded_array_gb,0,0.000823974609375
jax/orbax/write/sharded_array_gb,0,0.0001220703125
jax/orbax/write/sharded_array_gb,0,0.0001373291015625
jax/orbax/write/sharded_array_gb,0,0.0001373291015625
jax/orbax/write/sharded_array_gb,0,6.103515625e-05
jax/orbax/write/sharded_array_gb,0,0.0001373291015625
jax/orbax/write/sharded_array_gb,0,0.0001220703125
jax/orbax/write/sharded_array_gb,0,0.000823974609375
jax/orbax/write/sharded_array_gb,0,0.0001373291015625
jax/orbax/write/sharded_array_gb,0,0.0001373291015625
jax/orbax/write/sharded_array_gb,0,0.000823974609375
jax/orbax/write/sharded_array_gb,0,0.0001373291015625
jax/orbax/write/sharded_array_gb,0,0.000823974609375
jax/orbax/write/sharded_array_gb,0,0.0001220703125
jax/orbax/write/sharded_array_gb,0,0.0001373291015625
jax/orbax/write/sharded_array_gb,0,0.0001373291015625
jax/orbax/write/sharded_array_gb,0,6.103515625e-05
jax/orbax/write/sharded_array_gb,0,0.0001373291015625
jax/orbax/write/sharded_array_gb,0,0.0001220703125
jax/orbax/write/sharded_array_gb,0,0.000823974609375
jax/orbax/write/sharded_array_gb,0,0.0001373291015625
jax/orbax/write/sharded_array_gb,0,0.0001373291015625
jax/orbax/write/sharded_array_gb,0,0.000823974609375
jax/orbax/write/sharded_array_gb,0,0.0001373291015625
jax/orbax/write/sharded_array_gb,0,0.000823974609375
jax/orbax/write/sharded_array_gb,0,0.0001220703125
jax/orbax/write/sharded_array_gb,0,0.0001373291015625
jax/orbax/write/sharded_array_gb,0,0.0001373291015625
jax/orbax/write/sharded_array_gb,0,6.103515625e-05
jax/orbax/write/sharded_array_gb,0,0.0001373291015625
jax/orbax/write/sharded_array_gb,0,0.0001220703125
jax/orbax/write/sharded_array_gb,0,0.000823974609375
jax/orbax/write/sharded_array_gb,0,0.0001373291015625
jax/orbax/write/sharded_array_gb,0,0.0001373291015625
jax/orbax/write/sharded_array_gb,0,0.000823974609375
jax/orbax/write/sharded_array_gb,0,0.0001373291015625
jax/orbax/write/sharded_array_gb,0,0.000823974609375
jax/orbax/write/sharded_array_gb,0,3.725290298461914e-09
jax/orbax/write/sharded_array_gb,0,3.725290298461914e-09
jax/orbax/write/sharded_array_gb,0,3.725290298461914e-09
jax/orbax/write/sharded_array_gb,0,0.0001220703125
jax/orbax/write/sharded_array_gb,0,0.0001373291015625
jax/orbax/write/sharded_array_gb,0,0.0001373291015625
jax/orbax/write/sharded_array_gb,0,6.103515625e-05
jax/orbax/write/sharded_array_gb,0,0.0001373291015625
jax/orbax/write/sharded_array_gb,0,0.0001220703125
jax/orbax/write/sharded_array_gb,0,0.000823974609375
jax/orbax/write/sharded_array_gb,0,0.0001373291015625
jax/orbax/write/sharded_array_gb,0,0.0001373291015625
jax/orbax/write/sharded_array_gb,0,0.000823974609375
jax/orbax/write/sharded_array_gb,0,0.0001373291015625
jax/orbax/write/sharded_array_gb,0,0.000823974609375
jax/orbax/write/sharded_array_gb,0,0.0001220703125
jax/orbax/write/sharded_array_gb,0,0.0001373291015625
jax/orbax/write/sharded_array_gb,0,0.0001373291015625
jax/orbax/write/sharded_array_gb,0,6.103515625e-05
jax/orbax/write/sharded_array_gb,0,0.0001373291015625
jax/orbax/write/sharded_array_gb,0,0.0001220703125
jax/orbax/write/sharded_array_gb,0,0.000823974609375
jax/orbax/write/sharded_array_gb,0,0.0001373291015625
jax/orbax/write/sharded_array_gb,0,0.0001373291015625
jax/orbax/write/sharded_array_gb,0,0.000823974609375
jax/orbax/write/sharded_array_gb,0,0.0001373291015625
jax/orbax/write/sharded_array_gb,0,0.000823974609375
jax/orbax/write/sharded_array_gb,0,0.0001220703125
jax/orbax/write/sharded_array_gb,0,0.0001373291015625
jax/orbax/write/sharded_array_gb,0,0.0001373291015625
jax/orbax/write/sharded_array_gb,0,6.103515625e-05
jax/orbax/write/sharded_array_gb,0,0.0001373291015625
jax/orbax/write/sharded_array_gb,0,0.0001220703125
jax/orbax/write/sharded_array_gb,0,0.000823974609375
jax/orbax/write/sharded_array_gb,0,0.0001373291015625
jax/orbax/write/sharded_array_gb,0,0.0001373291015625
jax/orbax/write/sharded_array_gb,0,0.000823974609375
jax/orbax/write/sharded_array_gb,0,0.0001373291015625
jax/orbax/write/sharded_array_gb,0,0.000823974609375
jax/orbax/write/sharded_array_gb,0,0.0001220703125
jax/orbax/write/sharded_array_gb,0,0.0001373291015625
jax/orbax/write/sharded_array_gb,0,0.0001373291015625
jax/orbax/write/sharded_array_gb,0,6.103515625e-05
jax/orbax/write/sharded_array_gb,0,0.0001373291015625
jax/orbax/write/sharded_array_gb,0,0.0001220703125
jax/orbax/write/sharded_array_gb,0,0.000823974609375
jax/orbax/write/sharded_array_gb,0,0.0001373291015625
jax/orbax/write/sharded_array_gb,0,0.0001373291015625
jax/orbax/write/sharded_array_gb,0,0.000823974609375
jax/orbax/write/sharded_array_gb,0,0.0001373291015625
jax/orbax/write/sharded_array_gb,0,0.000823974609375
jax/orbax/write/sharded_array_gb,0,0.0001220703125
jax/orbax/write/sharded_array_gb,0,0.0001373291015625
jax/orbax/write/sharded_array_gb,0,0.0001373291015625
jax/orbax/write/sharded_array_gb,0,6.103515625e-05
jax/orbax/write/sharded_array_gb,0,0.0001373291015625
jax/orbax/write/sharded_array_gb,0,0.0001220703125
jax/orbax/write/sharded_array_gb,0,0.000823974609375
jax/orbax/write/sharded_array_gb,0,0.0001373291015625
jax/orbax/write/sharded_array_gb,0,0.0001373291015625
jax/orbax/write/sharded_array_gb,0,0.000823974609375
jax/orbax/write/sharded_array_gb,0,0.0001373291015625
jax/orbax/write/sharded_array_gb,0,0.000823974609375
jax/orbax/write/sharded_array_gb,0,0.0001220703125
jax/orbax/write/sharded_array_gb,0,0.0001373291015625
jax/orbax/write/sharded_array_gb,0,0.0001373291015625
jax/orbax/write/sharded_array_gb,0,6.103515625e-05
jax/orbax/write/sharded_array_gb,0,0.0001373291015625
jax/orbax/write/sharded_array_gb,0,0.0001220703125
jax/orbax/write/sharded_array_gb,0,0.000823974609375
jax/orbax/write/sharded_array_gb,0,0.0001373291015625
jax/orbax/write/sharded_array_gb,0,0.0001373291015625
jax/orbax/write/sharded_array_gb,0,0.000823974609375
jax/orbax/write/sharded_array_gb,0,0.0001373291015625
jax/orbax/write/sharded_array_gb,0,0.000823974609375
jax/orbax/write/sharded_array_gb,0,0.0001220703125
jax/orbax/write/sharded_array_gb,0,0.0001373291015625
jax/orbax/write/sharded_array_gb,0,0.0001373291015625
jax/orbax/write/sharded_array_gb,0,6.103515625e-05
jax/orbax/write/sharded_array_gb,0,0.0001373291015625
jax/orbax/write/sharded_array_gb,0,0.0001220703125
jax/orbax/write/sharded_array_gb,0,0.000823974609375
jax/orbax/write/sharded_array_gb,0,0.0001373291015625
jax/orbax/write/sharded_array_gb,0,0.0001373291015625
jax/orbax/write/sharded_array_gb,0,0.000823974609375
jax/orbax/write/sharded_array_gb,0,0.0001373291015625
jax/orbax/write/sharded_array_gb,0,0.000823974609375
jax/orbax/write/sharded_array_gb,0,0.0001220703125
jax/orbax/write/sharded_array_gb,0,0.0001373291015625
jax/orbax/write/sharded_array_gb,0,0.0001373291015625
jax/orbax/write/sharded_array_gb,0,6.103515625e-05
jax/orbax/write/sharded_array_gb,0,0.0001373291015625
jax/orbax/write/sharded_array_gb,0,0.0001220703125
jax/orbax/write/sharded_array_gb,0,0.000823974609375
jax/orbax/write/sharded_array_gb,0,0.0001373291015625
jax/orbax/write/sharded_array_gb,0,0.0001373291015625
jax/orbax/write/sharded_array_gb,0,0.000823974609375
jax/orbax/write/sharded_array_gb,0,0.0001373291015625
jax/orbax/write/sharded_array_gb,0,0.000823974609375
jax/orbax/write/sharded_array_gb,0,0.0001220703125
jax/orbax/write/sharded_array_gb,0,0.0001373291015625
jax/orbax/write/sharded_array_gb,0,0.0001373291015625
jax/orbax/write/sharded_array_gb,0,6.103515625e-05
jax/orbax/write/sharded_array_gb,0,0.0001373291015625
jax/orbax/write/sharded_array_gb,0,0.0001220703125
jax/orbax/write/sharded_array_gb,0,0.000823974609375
jax/orbax/write/sharded_array_gb,0,0.0001373291015625
jax/orbax/write/sharded_array_gb,0,0.0001373291015625
jax/orbax/write/sharded_array_gb,0,0.000823974609375
jax/orbax/write/sharded_array_gb,0,0.0001373291015625
jax/orbax/write/sharded_array_gb,0,0.000823974609375
jax/orbax/write/sharded_array_gb,0,0.0001220703125
jax/orbax/write/sharded_array_gb,0,0.0001373291015625
jax/orbax/write/sharded_array_gb,0,0.0001373291015625
jax/orbax/write/sharded_array_gb,0,6.103515625e-05
jax/orbax/write/sharded_array_gb,0,0.0001373291015625
jax/orbax/write/sharded_array_gb,0,0.0001220703125
jax/orbax/write/sharded_array_gb,0,0.000823974609375
jax/orbax/write/sharded_array_gb,0,0.0001373291015625
jax/orbax/write/sharded_array_gb,0,0.0001373291015625
jax/orbax/write/sharded_array_gb,0,0.000823974609375
jax/orbax/write/sharded_array_gb,0,0.0001373291015625
jax/orbax/write/sharded_array_gb,0,0.000823974609375
jax/orbax/write/sharded_array_gb,0,0.0001220703125
jax/orbax/write/sharded_array_gb,0,0.0001373291015625
jax/orbax/write/sharded_array_gb,0,0.0001373291015625
jax/orbax/write/sharded_array_gb,0,6.103515625e-05
jax/orbax/write/sharded_array_gb,0,0.0001373291015625
jax/orbax/write/sharded_array_gb,0,0.0001220703125
jax/orbax/write/sharded_array_gb,0,0.000823974609375
jax/orbax/write/sharded_array_gb,0,0.0001373291015625
jax/orbax/write/sharded_array_gb,0,0.0001373291015625
jax/orbax/write/sharded_array_gb,0,0.000823974609375
jax/orbax/write/sharded_array_gb,0,0.0001373291015625
jax/orbax/write/sharded_array_gb,0,0.000823974609375
jax/orbax/write/sharded_array_gb,0,0.0001220703125
jax/orbax/write/sharded_array_gb,0,0.0001373291015625
jax/orbax/write/sharded_array_gb,0,0.0001373291015625
jax/orbax/write/sharded_array_gb,0,6.103515625e-05
jax/orbax/write/sharded_array_gb,0,0.0001373291015625
jax/orbax/write/sharded_array_gb,0,0.0001220703125
jax/orbax/write/sharded_array_gb,0,0.000823974609375
jax/orbax/write/sharded_array_gb,0,0.0001373291015625
jax/orbax/write/sharded_array_gb,0,0.0001373291015625
jax/orbax/write/sharded_array_gb,0,0.000823974609375
jax/orbax/write/sharded_array_gb,0,0.0001373291015625
jax/orbax/write/sharded_array_gb,0,0.000823974609375
jax/orbax/write/sharded_array_gb,0,0.0001220703125
jax/orbax/write/sharded_array_gb,0,0.0001373291015625
jax/orbax/write/sharded_array_gb,0,0.0001373291015625
jax/orbax/write/sharded_array_gb,0,6.103515625e-05
jax/orbax/write/sharded_array_gb,0,0.0001373291015625
jax/orbax/write/sharded_array_gb,0,0.0001220703125
jax/orbax/write/sharded_array_gb,0,0.000823974609375
jax/orbax/write/sharded_array_gb,0,0.0001373291015625
jax/orbax/write/sharded_array_gb,0,0.0001373291015625
jax/orbax/write/sharded_array_gb,0,0.000823974609375
jax/orbax/write/sharded_array_gb,0,0.0001373291015625
jax/orbax/write/sharded_array_gb,0,0.000823974609375
jax/orbax/write/sharded_array_gb,0,0.0001220703125
jax/orbax/write/sharded_array_gb,0,0.0001373291015625
jax/orbax/write/sharded_array_gb,0,0.0001373291015625
jax/orbax/write/sharded_array_gb,0,6.103515625e-05
jax/orbax/write/sharded_array_gb,0,0.0001373291015625
jax/orbax/write/sharded_array_gb,0,0.0001220703125
jax/orbax/write/sharded_array_gb,0,0.000823974609375
jax/orbax/write/sharded_array_gb,0,0.0001373291015625
jax/orbax/write/sharded_array_gb,0,0.0001373291015625
jax/orbax/write/sharded_array_gb,0,0.000823974609375
jax/orbax/write/sharded_array_gb,0,0.0001373291015625
jax/orbax/write/sharded_array_gb,0,0.000823974609375
jax/orbax/write/sharded_array_gb,0,0.0001220703125
jax/orbax/write/sharded_array_gb,0,0.0001373291015625
jax/orbax/write/sharded_array_gb,0,0.0001373291015625
jax/orbax/write/sharded_array_gb,0,6.103515625e-05
jax/orbax/write/sharded_array_gb,0,0.0001373291015625
jax/orbax/write/sharded_array_gb,0,0.0001220703125
jax/orbax/write/sharded_array_gb,0,0.000823974609375
jax/orbax/write/sharded_array_gb,0,0.0001373291015625
jax/orbax/write/sharded_array_gb,0,0.0001373291015625
jax/orbax/write/sharded_array_gb,0,0.000823974609375
jax/orbax/write/sharded_array_gb,0,0.0001373291015625
jax/orbax/write/sharded_array_gb,0,0.000823974609375
jax/orbax/write/sharded_array_gb,0,0.0001220703125
jax/orbax/write/sharded_array_gb,0,0.0001373291015625
jax/orbax/write/sharded_array_gb,0,0.0001373291015625
jax/orbax/write/sharded_array_gb,0,6.103515625e-05
jax/orbax/write/sharded_array_gb,0,0.0001373291015625
jax/orbax/write/sharded_array_gb,0,0.0001220703125
jax/orbax/write/sharded_array_gb,0,0.000823974609375
jax/orbax/write/sharded_array_gb,0,0.0001373291015625
jax/orbax/write/sharded_array_gb,0,0.0001373291015625
jax/orbax/write/sharded_array_gb,0,0.000823974609375
jax/orbax/write/sharded_array_gb,0,0.0001373291015625
jax/orbax/write/sharded_array_gb,0,0.000823974609375
jax/orbax/write/sharded_array_gb,0,0.0001220703125
jax/orbax/write/sharded_array_gb,0,0.0001373291015625
jax/orbax/write/sharded_array_gb,0,0.0001373291015625
jax/orbax/write/sharded_array_gb,0,6.103515625e-05
jax/orbax/write/sharded_array_gb,0,0.0001373291015625
jax/orbax/write/sharded_array_gb,0,0.0001220703125
jax/orbax/write/sharded_array_gb,0,0.000823974609375
jax/orbax/write/sharded_array_gb,0,0.0001373291015625
jax/orbax/write/sharded_array_gb,0,0.0001373291015625
jax/orbax/write/sharded_array_gb,0,0.000823974609375
jax/orbax/write/sharded_array_gb,0,0.0001373291015625
jax/orbax/write/sharded_array_gb,0,0.000823974609375
jax/orbax/write/sharded_array_gb,0,0.0001220703125
jax/orbax/write/sharded_array_gb,0,0.0001373291015625
jax/orbax/write/sharded_array_gb,0,0.0001373291015625
jax/orbax/write/sharded_array_gb,0,6.103515625e-05
jax/orbax/write/sharded_array_gb,0,0.0001373291015625
jax/orbax/write/sharded_array_gb,0,0.0001220703125
jax/orbax/write/sharded_array_gb,0,0.000823974609375
jax/orbax/write/sharded_array_gb,0,0.0001373291015625
jax/orbax/write/sharded_array_gb,0,0.0001373291015625
jax/orbax/write/sharded_array_gb,0,0.000823974609375
jax/orbax/write/sharded_array_gb,0,0.0001373291015625
jax/orbax/write/sharded_array_gb,0,0.000823974609375
jax/orbax/write/sharded_array_gb,0,0.0001220703125
jax/orbax/write/sharded_array_gb,0,0.0001373291015625
jax/orbax/write/sharded_array_gb,0,0.0001373291015625
jax/orbax/write/sharded_array_gb,0,6.103515625e-05
jax/orbax/write/sharded_array_gb,0,0.0001373291015625
jax/orbax/write/sharded_array_gb,0,0.0001220703125
jax/orbax/write/sharded_array_gb,0,0.000823974609375
jax/orbax/write/sharded_array_gb,0,0.0001373291015625
jax/orbax/write/sharded_array_gb,0,0.0001373291015625
jax/orbax/write/sharded_array_gb,0,0.000823974609375
jax/orbax/write/sharded_array_gb,0,0.0001373291015625
jax/orbax/write/sharded_array_gb,0,0.000823974609375
jax/orbax/write/sharded_array_gb,0,0.0001220703125
jax/orbax/write/sharded_array_gb,0,0.0001373291015625
jax/orbax/write/sharded_array_gb,0,0.0001373291015625
jax/orbax/write/sharded_array_gb,0,6.103515625e-05
jax/orbax/write/sharded_array_gb,0,0.0001373291015625
jax/orbax/write/sharded_array_gb,0,0.0001220703125
jax/orbax/write/sharded_array_gb,0,0.000823974609375
jax/orbax/write/sharded_array_gb,0,0.0001373291015625
jax/orbax/write/sharded_array_gb,0,0.0001373291015625
jax/orbax/write/sharded_array_gb,0,0.000823974609375
jax/orbax/write/sharded_array_gb,0,0.0001373291015625
jax/orbax/write/sharded_array_gb,0,0.000823974609375
jax/orbax/write/sharded_array_gb,0,0.0001220703125
jax/orbax/write/sharded_array_gb,0,0.0001373291015625
jax/orbax/write/sharded_array_gb,0,0.0001373291015625
jax/orbax/write/sharded_array_gb,0,6.103515625e-05
jax/orbax/write/sharded_array_gb,0,0.0001373291015625
jax/orbax/write/sharded_array_gb,0,0.0001220703125
jax/orbax/write/sharded_array_gb,0,0.000823974609375
jax/orbax/write/sharded_array_gb,0,0.0001373291015625
jax/orbax/write/sharded_array_gb,0,0.0001373291015625
jax/orbax/write/sharded_array_gb,0,0.000823974609375
jax/orbax/write/sharded_array_gb,0,0.0001373291015625
jax/orbax/write/sharded_array_gb,0,0.000823974609375
jax/orbax/write/sharded_array_gb,0,0.0001220703125
jax/orbax/write/sharded_array_gb,0,0.0001373291015625
jax/orbax/write/sharded_array_gb,0,0.0001373291015625
jax/orbax/write/sharded_array_gb,0,6.103515625e-05
jax/orbax/write/sharded_array_gb,0,0.0001373291015625
jax/orbax/write/sharded_array_gb,0,0.0001220703125
jax/orbax/write/sharded_array_gb,0,0.000823974609375
jax/orbax/write/sharded_array_gb,0,0.0001373291015625
jax/orbax/write/sharded_array_gb,0,0.0001373291015625
jax/orbax/write/sharded_array_gb,0,0.000823974609375
jax/orbax/write/sharded_array_gb,0,0.0001373291015625
jax/orbax/write/sharded_array_gb,0,0.000823974609375
jax/orbax/write/sharded_array_gb,0,0.0001220703125
jax/orbax/write/sharded_array_gb,0,0.0001373291015625
jax/orbax/write/sharded_array_gb,0,0.0001373291015625
jax/orbax/write/sharded_array_gb,0,6.103515625e-05
jax/orbax/write/sharded_array_gb,0,0.0001373291015625
jax/orbax/write/sharded_array_gb,0,0.0001220703125
jax/orbax/write/sharded_array_gb,0,0.000823974609375
jax/orbax/write/sharded_array_gb,0,0.0001373291015625
jax/orbax/write/sharded_array_gb,0,0.0001373291015625
jax/orbax/write/sharded_array_gb,0,0.000823974609375
jax/orbax/write/sharded_array_gb,0,0.0001373291015625
jax/orbax/write/sharded_array_gb,0,0.000823974609375
jax/orbax/write/sharded_array_gb,0,0.0001220703125
jax/orbax/write/sharded_array_gb,0,0.0001373291015625
jax/orbax/write/sharded_array_gb,0,0.0001373291015625
jax/orbax/write/sharded_array_gb,0,6.103515625e-05
jax/orbax/write/sharded_array_gb,0,0.0001373291015625
jax/orbax/write/sharded_array_gb,0,0.0001220703125
jax/orbax/write/sharded_array_gb,0,0.000823974609375
jax/orbax/write/sharded_array_gb,0,0.0001373291015625
jax/orbax/write/sharded_array_gb,0,0.0001373291015625
jax/orbax/write/sharded_array_gb,0,0.000823974609375
jax/orbax/write/sharded_array_gb,0,0.0001373291015625
jax/orbax/write/sharded_array_gb,0,0.000823974609375
jax/orbax/write/sharded_array_gb,0,0.0001220703125
jax/orbax/write/sharded_array_gb,0,0.0001373291015625
jax/orbax/write/sharded_array_gb,0,0.0001373291015625
jax/orbax/write/sharded_array_gb,0,6.103515625e-05
jax/orbax/write/sharded_array_gb,0,0.0001373291015625
jax/orbax/write/sharded_array_gb,0,0.0001220703125
jax/orbax/write/sharded_array_gb,0,0.000823974609375
jax/orbax/write/sharded_array_gb,0,0.0001373291015625
jax/orbax/write/sharded_array_gb,0,0.0001373291015625
jax/orbax/write/sharded_array_gb,0,0.000823974609375
jax/orbax/write/sharded_array_gb,0,0.0001373291015625
jax/orbax/write/sharded_array_gb,0,0.000823974609375
jax/orbax/write/sharded_array_gb,0,0.0001220703125
jax/orbax/write/sharded_array_gb,0,0.0001373291015625
jax/orbax/write/sharded_array_gb,0,0.0001373291015625
jax/orbax/write/sharded_array_gb,0,6.103515625e-05
jax/orbax/write/sharded_array_gb,0,0.0001373291015625
jax/orbax/write/sharded_array_gb,0,0.0001220703125
jax/orbax/write/sharded_array_gb,0,0.000823974609375
jax/orbax/write/sharded_array_gb,0,0.0001373291015625
jax/orbax/write/sharded_array_gb,0,0.0001373291015625
jax/orbax/write/sharded_array_gb,0,0.000823974609375
jax/orbax/write/sharded_array_gb,0,0.0001373291015625
jax/orbax/write/sharded_array_gb,0,0.000823974609375
jax/orbax/write/sharded_array_gb,0,0.000244140625
jax/orbax/write/sharded_array_gb,0,0.000274658203125
jax/orbax/write/sharded_array_gb,0,0.000274658203125
jax/orbax/write/sharded_array_gb,0,0.0001220703125
jax/orbax/write/sharded_array_gb,0,0.000274658203125
jax/orbax/write/sharded_array_gb,0,0.000244140625
jax/orbax/write/sharded_array_gb,0,0.00164794921875
jax/orbax/write/sharded_array_gb,0,0.000274658203125
jax/orbax/write/sharded_array_gb,0,0.000274658203125
jax/orbax/write/sharded_array_gb,0,0.00164794921875
jax/orbax/write/sharded_array_gb,0,0.000274658203125
jax/orbax/write/sharded_array_gb,0,0.00164794921875
jax/orbax/write/sharded_array_gb,0,0.000244140625
jax/orbax/write/sharded_array_gb,0,0.000274658203125
jax/orbax/write/sharded_array_gb,0,0.000274658203125
jax/orbax/write/sharded_array_gb,0,0.0001220703125
jax/orbax/write/sharded_array_gb,0,0.000274658203125
jax/orbax/write/sharded_array_gb,0,0.000244140625
jax/orbax/write/sharded_array_gb,0,0.00164794921875
jax/orbax/write/sharded_array_gb,0,0.000274658203125
jax/orbax/write/sharded_array_gb,0,0.000274658203125
jax/orbax/write/sharded_array_gb,0,0.00164794921875
jax/orbax/write/sharded_array_gb,0,0.000274658203125
jax/orbax/write/sharded_array_gb,0,0.00164794921875
jax/orbax/write/sharded_array_gb,0,0.000244140625
jax/orbax/write/sharded_array_gb,0,0.000274658203125
jax/orbax/write/sharded_array_gb,0,0.000274658203125
jax/orbax/write/sharded_array_gb,0,0.0001220703125
jax/orbax/write/sharded_array_gb,0,0.000274658203125
jax/orbax/write/sharded_array_gb,0,0.000244140625
jax/orbax/write/sharded_array_gb,0,0.00164794921875
jax/orbax/write/sharded_array_gb,0,0.000274658203125
jax/orbax/write/sharded_array_gb,0,0.000274658203125
jax/orbax/write/sharded_array_gb,0,0.00164794921875
jax/orbax/write/sharded_array_gb,0,0.000274658203125
jax/orbax/write/sharded_array_gb,0,0.00164794921875
jax/orbax/write/sharded_array_gb,0,0.000244140625
jax/orbax/write/sharded_array_gb,0,0.000274658203125
jax/orbax/write/sharded_array_gb,0,0.000274658203125
jax/orbax/write/sharded_array_gb,0,0.0001220703125
jax/orbax/write/sharded_array_gb,0,0.000274658203125
jax/orbax/write/sharded_array_gb,0,0.000244140625
jax/orbax/write/sharded_array_gb,0,0.00164794921875
jax/orbax/write/sharded_array_gb,0,0.000274658203125
jax/orbax/write/sharded_array_gb,0,0.000274658203125
jax/orbax/write/sharded_array_gb,0,0.00164794921875
jax/orbax/write/sharded_array_gb,0,0.000274658203125
jax/orbax/write/sharded_array_gb,0,0.00164794921875
jax/orbax/write/sharded_array_gb,0,0.000244140625
jax/orbax/write/sharded_array_gb,0,0.000274658203125
jax/orbax/write/sharded_array_gb,0,0.000274658203125
jax/orbax/write/sharded_array_gb,0,0.0001220703125
jax/orbax/write/sharded_array_gb,0,0.000274658203125
jax/orbax/write/sharded_array_gb,0,0.000244140625
jax/orbax/write/sharded_array_gb,0,0.00164794921875
jax/orbax/write/sharded_array_gb,0,0.000274658203125
jax/orbax/write/sharded_array_gb,0,0.000274658203125
jax/orbax/write/sharded_array_gb,0,0.00164794921875
jax/orbax/write/sharded_array_gb,0,0.000274658203125
jax/orbax/write/sharded_array_gb,0,0.00164794921875
jax/orbax/write/sharded_array_gb,0,0.000244140625
jax/orbax/write/sharded_array_gb,0,0.000274658203125
jax/orbax/write/sharded_array_gb,0,0.000274658203125
jax/orbax/write/sharded_array_gb,0,0.0001220703125
jax/orbax/write/sharded_array_gb,0,0.000274658203125
jax/orbax/write/sharded_array_gb,0,0.000244140625
jax/orbax/write/sharded_array_gb,0,0.00164794921875
jax/orbax/write/sharded_array_gb,0,0.000274658203125
jax/orbax/write/sharded_array_gb,0,0.000274658203125
jax/orbax/write/sharded_array_gb,0,0.00164794921875
jax/orbax/write/sharded_array_gb,0,0.000274658203125
jax/orbax/write/sharded_array_gb,0,0.00164794921875
jax/orbax/write/sharded_array_gb,0,0.000244140625
jax/orbax/write/sharded_array_gb,0,0.000274658203125
jax/orbax/write/sharded_array_gb,0,0.000274658203125
jax/orbax/write/sharded_array_gb,0,0.0001220703125
jax/orbax/write/sharded_array_gb,0,0.000274658203125
jax/orbax/write/sharded_array_gb,0,0.000244140625
jax/orbax/write/sharded_array_gb,0,0.00164794921875
jax/orbax/write/sharded_array_gb,0,0.000274658203125
jax/orbax/write/sharded_array_gb,0,0.000274658203125
jax/orbax/write/sharded_array_gb,0,0.00164794921875
jax/orbax/write/sharded_array_gb,0,0.000274658203125
jax/orbax/write/sharded_array_gb,0,0.00164794921875
jax/orbax/write/sharded_array_gb,0,0.000244140625
jax/orbax/write/sharded_array_gb,0,0.000274658203125
jax/orbax/write/sharded_array_gb,0,0.000274658203125
jax/orbax/write/sharded_array_gb,0,0.0001220703125
jax/orbax/write/sharded_array_gb,0,0.000274658203125
jax/orbax/write/sharded_array_gb,0,0.000244140625
jax/orbax/write/sharded_array_gb,0,0.00164794921875
jax/orbax/write/sharded_array_gb,0,0.000274658203125
jax/orbax/write/sharded_array_gb,0,0.000274658203125
jax/orbax/write/sharded_array_gb,0,0.00164794921875
jax/orbax/write/sharded_array_gb,0,0.000274658203125
jax/orbax/write/sharded_array_gb,0,0.00164794921875
jax/orbax/write/sharded_array_gb,0,0.000244140625
jax/orbax/write/sharded_array_gb,0,0.000274658203125
jax/orbax/write/sharded_array_gb,0,0.000274658203125
jax/orbax/write/sharded_array_gb,0,0.0001220703125
jax/orbax/write/sharded_array_gb,0,0.000274658203125
jax/orbax/write/sharded_array_gb,0,0.000244140625
jax/orbax/write/sharded_array_gb,0,0.00164794921875
jax/orbax/write/sharded_array_gb,0,0.000274658203125
jax/orbax/write/sharded_array_gb,0,0.000274658203125
jax/orbax/write/sharded_array_gb,0,0.00164794921875
jax/orbax/write/sharded_array_gb,0,0.000274658203125
jax/orbax/write/sharded_array_gb,0,0.00164794921875
jax/orbax/write/sharded_array_gb,0,0.000244140625
jax/orbax/write/sharded_array_gb,0,0.000274658203125
jax/orbax/write/sharded_array_gb,0,0.000274658203125
jax/orbax/write/sharded_array_gb,0,0.0001220703125
jax/orbax/write/sharded_array_gb,0,0.000274658203125
jax/orbax/write/sharded_array_gb,0,0.000244140625
jax/orbax/write/sharded_array_gb,0,0.00164794921875
jax/orbax/write/sharded_array_gb,0,0.000274658203125
jax/orbax/write/sharded_array_gb,0,0.000274658203125
jax/orbax/write/sharded_array_gb,0,0.00164794921875
jax/orbax/write/sharded_array_gb,0,0.000274658203125
jax/orbax/write/sharded_array_gb,0,0.00164794921875
jax/orbax/write/sharded_array_gb,0,0.000244140625
jax/orbax/write/sharded_array_gb,0,0.000274658203125
jax/orbax/write/sharded_array_gb,0,0.000274658203125
jax/orbax/write/sharded_array_gb,0,0.0001220703125
jax/orbax/write/sharded_array_gb,0,0.000274658203125
jax/orbax/write/sharded_array_gb,0,0.000244140625
jax/orbax/write/sharded_array_gb,0,0.00164794921875
jax/orbax/write/sharded_array_gb,0,0.000274658203125
jax/orbax/write/sharded_array_gb,0,0.000274658203125
jax/orbax/write/sharded_array_gb,0,0.00164794921875
jax/orbax/write/sharded_array_gb,0,0.000274658203125
jax/orbax/write/sharded_array_gb,0,0.00164794921875
jax/orbax/write/sharded_array_gb,0,0.000244140625
jax/orbax/write/sharded_array_gb,0,0.000274658203125
jax/orbax/write/sharded_array_gb,0,0.000274658203125
jax/orbax/write/sharded_array_gb,0,0.0001220703125
jax/orbax/write/sharded_array_gb,0,0.000274658203125
jax/orbax/write/sharded_array_gb,0,0.000244140625
jax/orbax/write/sharded_array_gb,0,0.00164794921875
jax/orbax/write/sharded_array_gb,0,0.000274658203125
jax/orbax/write/sharded_array_gb,0,0.000274658203125
jax/orbax/write/sharded_array_gb,0,0.00164794921875
jax/orbax/write/sharded_array_gb,0,0.000274658203125
jax/orbax/write/sharded_array_gb,0,0.00164794921875
jax/orbax/write/sharded_array_gb,0,0.000244140625
jax/orbax/write/sharded_array_gb,0,0.000274658203125
jax/orbax/write/sharded_array_gb,0,0.000274658203125
jax/orbax/write/sharded_array_gb,0,0.0001220703125
jax/orbax/write/sharded_array_gb,0,0.000274658203125
jax/orbax/write/sharded_array_gb,0,0.000244140625
jax/orbax/write/sharded_array_gb,0,0.00164794921875
jax/orbax/write/sharded_array_gb,0,0.000274658203125
jax/orbax/write/sharded_array_gb,0,0.000274658203125
jax/orbax/write/sharded_array_gb,0,0.00164794921875
jax/orbax/write/sharded_array_gb,0,0.000274658203125
jax/orbax/write/sharded_array_gb,0,0.00164794921875
jax/orbax/write/sharded_array_gb,0,0.000244140625
jax/orbax/write/sharded_array_gb,0,0.000274658203125
jax/orbax/write/sharded_array_gb,0,0.000274658203125
jax/orbax/write/sharded_array_gb,0,0.0001220703125
jax/orbax/write/sharded_array_gb,0,0.000274658203125
jax/orbax/write/sharded_array_gb,0,0.000244140625
jax/orbax/write/sharded_array_gb,0,0.00164794921875
jax/orbax/write/sharded_array_gb,0,0.000274658203125
jax/orbax/write/sharded_array_gb,0,0.000274658203125
jax/orbax/write/sharded_array_gb,0,0.00164794921875
jax/orbax/write/sharded_array_gb,0,0.000274658203125
jax/orbax/write/sharded_array_gb,0,0.00164794921875
jax/orbax/write/sharded_array_gb,0,0.000244140625
jax/orbax/write/sharded_array_gb,0,0.000274658203125
jax/orbax/write/sharded_array_gb,0,0.000274658203125
jax/orbax/write/sharded_array_gb,0,0.0001220703125
jax/orbax/write/sharded_array_gb,0,0.000274658203125
jax/orbax/write/sharded_array_gb,0,0.000244140625
jax/orbax/write/sharded_array_gb,0,0.00164794921875
jax/orbax/write/sharded_array_gb,0,0.000274658203125
jax/orbax/write/sharded_array_gb,0,0.000274658203125
jax/orbax/write/sharded_array_gb,0,0.00164794921875
jax/orbax/write/sharded_array_gb,0,0.000274658203125
jax/orbax/write/sharded_array_gb,0,0.00164794921875
jax/orbax/write/sharded_array_gb,0,0.000244140625
jax/orbax/write/sharded_array_gb,0,0.000274658203125
jax/orbax/write/sharded_array_gb,0,0.000274658203125
jax/orbax/write/sharded_array_gb,0,0.0001220703125
jax/orbax/write/sharded_array_gb,0,0.000274658203125
jax/orbax/write/sharded_array_gb,0,0.000244140625
jax/orbax/write/sharded_array_gb,0,0.00164794921875
jax/orbax/write/sharded_array_gb,0,0.000274658203125
jax/orbax/write/sharded_array_gb,0,0.000274658203125
jax/orbax/write/sharded_array_gb,0,0.00164794921875
jax/orbax/write/sharded_array_gb,0,0.000274658203125
jax/orbax/write/sharded_array_gb,0,0.00164794921875
jax/orbax/write/sharded_array_gb,0,0.000244140625
jax/orbax/write/sharded_array_gb,0,0.000274658203125
jax/orbax/write/sharded_array_gb,0,0.000274658203125
jax/orbax/write/sharded_array_gb,0,0.0001220703125
jax/orbax/write/sharded_array_gb,0,0.000274658203125
jax/orbax/write/sharded_array_gb,0,0.000244140625
jax/orbax/write/sharded_array_gb,0,0.00164794921875
jax/orbax/write/sharded_array_gb,0,0.000274658203125
jax/orbax/write/sharded_array_gb,0,0.000274658203125
jax/orbax/write/sharded_array_gb,0,0.00164794921875
jax/orbax/write/sharded_array_gb,0,0.000274658203125
jax/orbax/write/sharded_array_gb,0,0.00164794921875
jax/orbax/write/sharded_array_gb,0,0.000244140625
jax/orbax/write/sharded_array_gb,0,0.000274658203125
jax/orbax/write/sharded_array_gb,0,0.000274658203125
jax/orbax/write/sharded_array_gb,0,0.0001220703125
jax/orbax/write/sharded_array_gb,0,0.000274658203125
jax/orbax/write/sharded_array_gb,0,0.000244140625
jax/orbax/write/sharded_array_gb,0,0.00164794921875
jax/orbax/write/sharded_array_gb,0,0.000274658203125
jax/orbax/write/sharded_array_gb,0,0.000274658203125
jax/orbax/write/sharded_array_gb,0,0.00164794921875
jax/orbax/write/sharded_array_gb,0,0.000274658203125
jax/orbax/write/sharded_array_gb,0,0.00164794921875
jax/orbax/write/sharded_array_gb,0,0.000244140625
jax/orbax/write/sharded_array_gb,0,0.000274658203125
jax/orbax/write/sharded_array_gb,0,0.000274658203125
jax/orbax/write/sharded_array_gb,0,0.0001220703125
jax/orbax/write/sharded_array_gb,0,0.000274658203125
jax/orbax/write/sharded_array_gb,0,0.000244140625
jax/orbax/write/sharded_array_gb,0,0.00164794921875
jax/orbax/write/sharded_array_gb,0,0.000274658203125
jax/orbax/write/sharded_array_gb,0,0.000274658203125
jax/orbax/write/sharded_array_gb,0,0.00164794921875
jax/orbax/write/sharded_array_gb,0,0.000274658203125
jax/orbax/write/sharded_array_gb,0,0.00164794921875
jax/orbax/write/sharded_array_gb,0,0.000244140625
jax/orbax/write/sharded_array_gb,0,0.000274658203125
jax/orbax/write/sharded_array_gb,0,0.000274658203125
jax/orbax/write/sharded_array_gb,0,0.0001220703125
jax/orbax/write/sharded_array_gb,0,0.000274658203125
jax/orbax/write/sharded_array_gb,0,0.000244140625
jax/orbax/write/sharded_array_gb,0,0.00164794921875
jax/orbax/write/sharded_array_gb,0,0.000274658203125
jax/orbax/write/sharded_array_gb,0,0.000274658203125
jax/orbax/write/sharded_array_gb,0,0.00164794921875
jax/orbax/write/sharded_array_gb,0,0.000274658203125
jax/orbax/write/sharded_array_gb,0,0.00164794921875
jax/orbax/write/sharded_array_gb,0,0.000244140625
jax/orbax/write/sharded_array_gb,0,0.000274658203125
jax/orbax/write/sharded_array_gb,0,0.000274658203125
jax/orbax/write/sharded_array_gb,0,0.0001220703125
jax/orbax/write/sharded_array_gb,0,0.000274658203125
jax/orbax/write/sharded_array_gb,0,0.000244140625
jax/orbax/write/sharded_array_gb,0,0.00164794921875
jax/orbax/write/sharded_array_gb,0,0.000274658203125
jax/orbax/write/sharded_array_gb,0,0.000274658203125
jax/orbax/write/sharded_array_gb,0,0.00164794921875
jax/orbax/write/sharded_array_gb,0,0.000274658203125
jax/orbax/write/sharded_array_gb,0,0.00164794921875
jax/orbax/write/sharded_array_gb,0,0.000244140625
jax/orbax/write/sharded_array_gb,0,0.000274658203125
jax/orbax/write/sharded_array_gb,0,0.000274658203125
jax/orbax/write/sharded_array_gb,0,0.0001220703125
jax/orbax/write/sharded_array_gb,0,0.000274658203125
jax/orbax/write/sharded_array_gb,0,0.000244140625
jax/orbax/write/sharded_array_gb,0,0.00164794921875
jax/orbax/write/sharded_array_gb,0,0.000274658203125
jax/orbax/write/sharded_array_gb,0,0.000274658203125
jax/orbax/write/sharded_array_gb,0,0.00164794921875
jax/orbax/write/sharded_array_gb,0,0.000274658203125
jax/orbax/write/sharded_array_gb,0,0.00164794921875
jax/orbax/write/sharded_array_gb,0,0.000244140625
jax/orbax/write/sharded_array_gb,0,0.000274658203125
jax/orbax/write/sharded_array_gb,0,0.000274658203125
jax/orbax/write/sharded_array_gb,0,0.0001220703125
jax/orbax/write/sharded_array_gb,0,0.000274658203125
jax/orbax/write/sharded_array_gb,0,0.000244140625
jax/orbax/write/sharded_array_gb,0,0.00164794921875
jax/orbax/write/sharded_array_gb,0,0.000274658203125
jax/orbax/write/sharded_array_gb,0,0.000274658203125
jax/orbax/write/sharded_array_gb,0,0.00164794921875
jax/orbax/write/sharded_array_gb,0,0.000274658203125
jax/orbax/write/sharded_array_gb,0,0.00164794921875
jax/orbax/write/sharded_array_gb,0,0.000244140625
jax/orbax/write/sharded_array_gb,0,0.000274658203125
jax/orbax/write/sharded_array_gb,0,0.000274658203125
jax/orbax/write/sharded_array_gb,0,0.0001220703125
jax/orbax/write/sharded_array_gb,0,0.000274658203125
jax/orbax/write/sharded_array_gb,0,0.000244140625
jax/orbax/write/sharded_array_gb,0,0.00164794921875
jax/orbax/write/sharded_array_gb,0,0.000274658203125
jax/orbax/write/sharded_array_gb,0,0.000274658203125
jax/orbax/write/sharded_array_gb,0,0.00164794921875
jax/orbax/write/sharded_array_gb,0,0.000274658203125
jax/orbax/write/sharded_array_gb,0,0.00164794921875
jax/orbax/write/sharded_array_gb,0,0.000244140625
jax/orbax/write/sharded_array_gb,0,0.000274658203125
jax/orbax/write/sharded_array_gb,0,0.000274658203125
jax/orbax/write/sharded_array_gb,0,0.0001220703125
jax/orbax/write/sharded_array_gb,0,0.000274658203125
jax/orbax/write/sharded_array_gb,0,0.000244140625
jax/orbax/write/sharded_array_gb,0,0.00164794921875
jax/orbax/write/sharded_array_gb,0,0.000274658203125
jax/orbax/write/sharded_array_gb,0,0.000274658203125
jax/orbax/write/sharded_array_gb,0,0.00164794921875
jax/orbax/write/sharded_array_gb,0,0.000274658203125
jax/orbax/write/sharded_array_gb,0,0.00164794921875
jax/orbax/write/sharded_array_gb,0,0.000244140625
jax/orbax/write/sharded_array_gb,0,0.000274658203125
jax/orbax/write/sharded_array_gb,0,0.000274658203125
jax/orbax/write/sharded_array_gb,0,0.0001220703125
jax/orbax/write/sharded_array_gb,0,0.000274658203125
jax/orbax/write/sharded_array_gb,0,0.000244140625
jax/orbax/write/sharded_array_gb,0,0.00164794921875
jax/orbax/write/sharded_array_gb,0,0.000274658203125
jax/orbax/write/sharded_array_gb,0,0.000274658203125
jax/orbax/write/sharded_array_gb,0,0.00164794921875
jax/orbax/write/sharded_array_gb,0,0.000274658203125
jax/orbax/write/sharded_array_gb,0,0.00164794921875
jax/orbax/write/sharded_array_gb,0,3.725290298461914e-09
jax/orbax/write/sharded_array_gb,0,3.725290298461914e-09
jax/orbax/write/sharded_array_gb,0,0.0001220703125
jax/orbax/write/sharded_array_gb,0,0.0001373291015625
jax/orbax/write/sharded_array_gb,0,0.0001373291015625
jax/orbax/write/sharded_array_gb,0,6.103515625e-05
jax/orbax/write/sharded_array_gb,0,0.0001373291015625
jax/orbax/write/sharded_array_gb,0,0.0001220703125
jax/orbax/write/sharded_array_gb,0,0.000823974609375
jax/orbax/write/sharded_array_gb,0,0.0001373291015625
jax/orbax/write/sharded_array_gb,0,0.0001373291015625
jax/orbax/write/sharded_array_gb,0,0.000823974609375
jax/orbax/write/sharded_array_gb,0,0.0001373291015625
jax/orbax/write/sharded_array_gb,0,0.000823974609375
jax/orbax/write/sharded_array_gb,0,0.0001220703125
jax/orbax/write/sharded_array_gb,0,0.0001373291015625
jax/orbax/write/sharded_array_gb,0,0.0001373291015625
jax/orbax/write/sharded_array_gb,0,6.103515625e-05
jax/orbax/write/sharded_array_gb,0,0.0001373291015625
jax/orbax/write/sharded_array_gb,0,0.0001220703125
jax/orbax/write/sharded_array_gb,0,0.000823974609375
jax/orbax/write/sharded_array_gb,0,0.0001373291015625
jax/orbax/write/sharded_array_gb,0,0.0001373291015625
jax/orbax/write/sharded_array_gb,0,0.000823974609375
jax/orbax/write/sharded_array_gb,0,0.0001373291015625
jax/orbax/write/sharded_array_gb,0,0.000823974609375
jax/orbax/write/sharded_array_gb,0,0.0001220703125
jax/orbax/write/sharded_array_gb,0,0.0001373291015625
jax/orbax/write/sharded_array_gb,0,0.0001373291015625
jax/orbax/write/sharded_array_gb,0,6.103515625e-05
jax/orbax/write/sharded_array_gb,0,0.0001373291015625
jax/orbax/write/sharded_array_gb,0,0.0001220703125
jax/orbax/write/sharded_array_gb,0,0.000823974609375
jax/orbax/write/sharded_array_gb,0,0.0001373291015625
jax/orbax/write/sharded_array_gb,0,0.0001373291015625
jax/orbax/write/sharded_array_gb,0,0.000823974609375
jax/orbax/write/sharded_array_gb,0,0.0001373291015625
jax/orbax/write/sharded_array_gb,0,0.000823974609375
jax/orbax/write/sharded_array_gb,0,0.0001220703125
jax/orbax/write/sharded_array_gb,0,0.0001373291015625
jax/orbax/write/sharded_array_gb,0,0.0001373291015625
jax/orbax/write/sharded_array_gb,0,6.103515625e-05
jax/orbax/write/sharded_array_gb,0,0.0001373291015625
jax/orbax/write/sharded_array_gb,0,0.0001220703125
jax/orbax/write/sharded_array_gb,0,0.000823974609375
jax/orbax/write/sharded_array_gb,0,0.0001373291015625
jax/orbax/write/sharded_array_gb,0,0.0001373291015625
jax/orbax/write/sharded_array_gb,0,0.000823974609375
jax/orbax/write/sharded_array_gb,0,0.0001373291015625
jax/orbax/write/sharded_array_gb,0,0.000823974609375
jax/orbax/write/sharded_array_gb,0,0.0001220703125
jax/orbax/write/sharded_array_gb,0,0.0001373291015625
jax/orbax/write/sharded_array_gb,0,0.0001373291015625
jax/orbax/write/sharded_array_gb,0,6.103515625e-05
jax/orbax/write/sharded_array_gb,0,0.0001373291015625
jax/orbax/write/sharded_array_gb,0,0.0001220703125
jax/orbax/write/sharded_array_gb,0,0.000823974609375
jax/orbax/write/sharded_array_gb,0,0.0001373291015625
jax/orbax/write/sharded_array_gb,0,0.0001373291015625
jax/orbax/write/sharded_array_gb,0,0.000823974609375
jax/orbax/write/sharded_array_gb,0,0.0001373291015625
jax/orbax/write/sharded_array_gb,0,0.000823974609375
jax/orbax/write/sharded_array_gb,0,0.0001220703125
jax/orbax/write/sharded_array_gb,0,0.0001373291015625
jax/orbax/write/sharded_array_gb,0,0.0001373291015625
jax/orbax/write/sharded_array_gb,0,6.103515625e-05
jax/orbax/write/sharded_array_gb,0,0.0001373291015625
jax/orbax/write/sharded_array_gb,0,0.0001220703125
jax/orbax/write/sharded_array_gb,0,0.000823974609375
jax/orbax/write/sharded_array_gb,0,0.0001373291015625
jax/orbax/write/sharded_array_gb,0,0.0001373291015625
jax/orbax/write/sharded_array_gb,0,0.000823974609375
jax/orbax/write/sharded_array_gb,0,0.0001373291015625
jax/orbax/write/sharded_array_gb,0,0.000823974609375
jax/orbax/write/sharded_array_gb,0,0.0001220703125
jax/orbax/write/sharded_array_gb,0,0.0001373291015625
jax/orbax/write/sharded_array_gb,0,0.0001373291015625
jax/orbax/write/sharded_array_gb,0,6.103515625e-05
jax/orbax/write/sharded_array_gb,0,0.0001373291015625
jax/orbax/write/sharded_array_gb,0,0.0001220703125
jax/orbax/write/sharded_array_gb,0,0.000823974609375
jax/orbax/write/sharded_array_gb,0,0.0001373291015625
jax/orbax/write/sharded_array_gb,0,0.0001373291015625
jax/orbax/write/sharded_array_gb,0,0.000823974609375
jax/orbax/write/sharded_array_gb,0,0.0001373291015625
jax/orbax/write/sharded_array_gb,0,0.000823974609375
jax/orbax/write/sharded_array_gb,0,0.0001220703125
jax/orbax/write/sharded_array_gb,0,0.0001373291015625
jax/orbax/write/sharded_array_gb,0,0.0001373291015625
jax/orbax/write/sharded_array_gb,0,6.103515625e-05
jax/orbax/write/sharded_array_gb,0,0.0001373291015625
jax/orbax/write/sharded_array_gb,0,0.0001220703125
jax/orbax/write/sharded_array_gb,0,0.000823974609375
jax/orbax/write/sharded_array_gb,0,0.0001373291015625
jax/orbax/write/sharded_array_gb,0,0.0001373291015625
jax/orbax/write/sharded_array_gb,0,0.000823974609375
jax/orbax/write/sharded_array_gb,0,0.0001373291015625
jax/orbax/write/sharded_array_gb,0,0.000823974609375
jax/orbax/write/sharded_array_gb,0,0.0001220703125
jax/orbax/write/sharded_array_gb,0,0.0001373291015625
jax/orbax/write/sharded_array_gb,0,0.0001373291015625
jax/orbax/write/sharded_array_gb,0,6.103515625e-05
jax/orbax/write/sharded_array_gb,0,0.0001373291015625
jax/orbax/write/sharded_array_gb,0,0.0001220703125
jax/orbax/write/sharded_array_gb,0,0.000823974609375
jax/orbax/write/sharded_array_gb,0,0.0001373291015625
jax/orbax/write/sharded_array_gb,0,0.0001373291015625
jax/orbax/write/sharded_array_gb,0,0.000823974609375
jax/orbax/write/sharded_array_gb,0,0.0001373291015625
jax/orbax/write/sharded_array_gb,0,0.000823974609375
jax/orbax/write/sharded_array_gb,0,0.0001220703125
jax/orbax/write/sharded_array_gb,0,0.0001373291015625
jax/orbax/write/sharded_array_gb,0,0.0001373291015625
jax/orbax/write/sharded_array_gb,0,6.103515625e-05
jax/orbax/write/sharded_array_gb,0,0.0001373291015625
jax/orbax/write/sharded_array_gb,0,0.0001220703125
jax/orbax/write/sharded_array_gb,0,0.000823974609375
jax/orbax/write/sharded_array_gb,0,0.0001373291015625
jax/orbax/write/sharded_array_gb,0,0.0001373291015625
jax/orbax/write/sharded_array_gb,0,0.000823974609375
jax/orbax/write/sharded_array_gb,0,0.0001373291015625
jax/orbax/write/sharded_array_gb,0,0.000823974609375
jax/orbax/write/sharded_array_gb,0,0.0001220703125
jax/orbax/write/sharded_array_gb,0,0.0001373291015625
jax/orbax/write/sharded_array_gb,0,0.0001373291015625
jax/orbax/write/sharded_array_gb,0,6.103515625e-05
jax/orbax/write/sharded_array_gb,0,0.0001373291015625
jax/orbax/write/sharded_array_gb,0,0.0001220703125
jax/orbax/write/sharded_array_gb,0,0.000823974609375
jax/orbax/write/sharded_array_gb,0,0.0001373291015625
jax/orbax/write/sharded_array_gb,0,0.0001373291015625
jax/orbax/write/sharded_array_gb,0,0.000823974609375
jax/orbax/write/sharded_array_gb,0,0.0001373291015625
jax/orbax/write/sharded_array_gb,0,0.000823974609375
jax/orbax/write/sharded_array_gb,0,0.0001220703125
jax/orbax/write/sharded_array_gb,0,0.0001373291015625
jax/orbax/write/sharded_array_gb,0,0.0001373291015625
jax/orbax/write/sharded_array_gb,0,6.103515625e-05
jax/orbax/write/sharded_array_gb,0,0.0001373291015625
jax/orbax/write/sharded_array_gb,0,0.0001220703125
jax/orbax/write/sharded_array_gb,0,0.000823974609375
jax/orbax/write/sharded_array_gb,0,0.0001373291015625
jax/orbax/write/sharded_array_gb,0,0.0001373291015625
jax/orbax/write/sharded_array_gb,0,0.000823974609375
jax/orbax/write/sharded_array_gb,0,0.0001373291015625
jax/orbax/write/sharded_array_gb,0,0.000823974609375
jax/orbax/write/sharded_array_gb,0,0.0001220703125
jax/orbax/write/sharded_array_gb,0,0.0001373291015625
jax/orbax/write/sharded_array_gb,0,0.0001373291015625
jax/orbax/write/sharded_array_gb,0,6.103515625e-05
jax/orbax/write/sharded_array_gb,0,0.0001373291015625
jax/orbax/write/sharded_array_gb,0,0.0001220703125
jax/orbax/write/sharded_array_gb,0,0.000823974609375
jax/orbax/write/sharded_array_gb,0,0.0001373291015625
jax/orbax/write/sharded_array_gb,0,0.0001373291015625
jax/orbax/write/sharded_array_gb,0,0.000823974609375
jax/orbax/write/sharded_array_gb,0,0.0001373291015625
jax/orbax/write/sharded_array_gb,0,0.000823974609375
jax/orbax/write/sharded_array_gb,0,0.0001220703125
jax/orbax/write/sharded_array_gb,0,0.0001373291015625
jax/orbax/write/sharded_array_gb,0,0.0001373291015625
jax/orbax/write/sharded_array_gb,0,6.103515625e-05
jax/orbax/write/sharded_array_gb,0,0.0001373291015625
jax/orbax/write/sharded_array_gb,0,0.0001220703125
jax/orbax/write/sharded_array_gb,0,0.000823974609375
jax/orbax/write/sharded_array_gb,0,0.0001373291015625
jax/orbax/write/sharded_array_gb,0,0.0001373291015625
jax/orbax/write/sharded_array_gb,0,0.000823974609375
jax/orbax/write/sharded_array_gb,0,0.0001373291015625
jax/orbax/write/sharded_array_gb,0,0.000823974609375
jax/orbax/write/sharded_array_gb,0,0.0001220703125
jax/orbax/write/sharded_array_gb,0,0.0001373291015625
jax/orbax/write/sharded_array_gb,0,0.0001373291015625
jax/orbax/write/sharded_array_gb,0,6.103515625e-05
jax/orbax/write/sharded_array_gb,0,0.0001373291015625
jax/orbax/write/sharded_array_gb,0,0.0001220703125
jax/orbax/write/sharded_array_gb,0,0.000823974609375
jax/orbax/write/sharded_array_gb,0,0.0001373291015625
jax/orbax/write/sharded_array_gb,0,0.0001373291015625
jax/orbax/write/sharded_array_gb,0,0.000823974609375
jax/orbax/write/sharded_array_gb,0,0.0001373291015625
jax/orbax/write/sharded_array_gb,0,0.000823974609375
jax/orbax/write/sharded_array_gb,0,0.0001220703125
jax/orbax/write/sharded_array_gb,0,0.0001373291015625
jax/orbax/write/sharded_array_gb,0,0.0001373291015625
jax/orbax/write/sharded_array_gb,0,6.103515625e-05
jax/orbax/write/sharded_array_gb,0,0.0001373291015625
jax/orbax/write/sharded_array_gb,0,0.0001220703125
jax/orbax/write/sharded_array_gb,0,0.000823974609375
jax/orbax/write/sharded_array_gb,0,0.0001373291015625
jax/orbax/write/sharded_array_gb,0,0.0001373291015625
jax/orbax/write/sharded_array_gb,0,0.000823974609375
jax/orbax/write/sharded_array_gb,0,0.0001373291015625
jax/orbax/write/sharded_array_gb,0,0.000823974609375
jax/orbax/write/sharded_array_gb,0,0.0001220703125
jax/orbax/write/sharded_array_gb,0,0.0001373291015625
jax/orbax/write/sharded_array_gb,0,0.0001373291015625
jax/orbax/write/sharded_array_gb,0,6.103515625e-05
jax/orbax/write/sharded_array_gb,0,0.0001373291015625
jax/orbax/write/sharded_array_gb,0,0.0001220703125
jax/orbax/write/sharded_array_gb,0,0.000823974609375
jax/orbax/write/sharded_array_gb,0,0.0001373291015625
jax/orbax/write/sharded_array_gb,0,0.0001373291015625
jax/orbax/write/sharded_array_gb,0,0.000823974609375
jax/orbax/write/sharded_array_gb,0,0.0001373291015625
jax/orbax/write/sharded_array_gb,0,0.000823974609375
jax/orbax/write/sharded_array_gb,0,0.0001220703125
jax/orbax/write/sharded_array_gb,0,0.0001373291015625
jax/orbax/write/sharded_array_gb,0,0.0001373291015625
jax/orbax/write/sharded_array_gb,0,6.103515625e-05
jax/orbax/write/sharded_array_gb,0,0.0001373291015625
jax/orbax/write/sharded_array_gb,0,0.0001220703125
jax/orbax/write/sharded_array_gb,0,0.000823974609375
jax/orbax/write/sharded_array_gb,0,0.0001373291015625
jax/orbax/write/sharded_array_gb,0,0.0001373291015625
jax/orbax/write/sharded_array_gb,0,0.000823974609375
jax/orbax/write/sharded_array_gb,0,0.0001373291015625
jax/orbax/write/sharded_array_gb,0,0.000823974609375
jax/orbax/write/sharded_array_gb,0,0.0001220703125
jax/orbax/write/sharded_array_gb,0,0.0001373291015625
jax/orbax/write/sharded_array_gb,0,0.0001373291015625
jax/orbax/write/sharded_array_gb,0,6.103515625e-05
jax/orbax/write/sharded_array_gb,0,0.0001373291015625
jax/orbax/write/sharded_array_gb,0,0.0001220703125
jax/orbax/write/sharded_array_gb,0,0.000823974609375
jax/orbax/write/sharded_array_gb,0,0.0001373291015625
jax/orbax/write/sharded_array_gb,0,0.0001373291015625
jax/orbax/write/sharded_array_gb,0,0.000823974609375
jax/orbax/write/sharded_array_gb,0,0.0001373291015625
jax/orbax/write/sharded_array_gb,0,0.000823974609375
jax/orbax/write/sharded_array_gb,0,0.0001220703125
jax/orbax/write/sharded_array_gb,0,0.0001373291015625
jax/orbax/write/sharded_array_gb,0,0.0001373291015625
jax/orbax/write/sharded_array_gb,0,6.103515625e-05
jax/orbax/write/sharded_array_gb,0,0.0001373291015625
jax/orbax/write/sharded_array_gb,0,0.0001220703125
jax/orbax/write/sharded_array_gb,0,0.000823974609375
jax/orbax/write/sharded_array_gb,0,0.0001373291015625
jax/orbax/write/sharded_array_gb,0,0.0001373291015625
jax/orbax/write/sharded_array_gb,0,0.000823974609375
jax/orbax/write/sharded_array_gb,0,0.0001373291015625
jax/orbax/write/sharded_array_gb,0,0.000823974609375
jax/orbax/write/sharded_array_gb,0,0.0001220703125
jax/orbax/write/sharded_array_gb,0,0.0001373291015625
jax/orbax/write/sharded_array_gb,0,0.0001373291015625
jax/orbax/write/sharded_array_gb,0,6.103515625e-05
jax/orbax/write/sharded_array_gb,0,0.0001373291015625
jax/orbax/write/sharded_array_gb,0,0.0001220703125
jax/orbax/write/sharded_array_gb,0,0.000823974609375
jax/orbax/write/sharded_array_gb,0,0.0001373291015625
jax/orbax/write/sharded_array_gb,0,0.0001373291015625
jax/orbax/write/sharded_array_gb,0,0.000823974609375
jax/orbax/write/sharded_array_gb,0,0.0001373291015625
jax/orbax/write/sharded_array_gb,0,0.000823974609375
jax/orbax/write/sharded_array_gb,0,0.0001220703125
jax/orbax/write/sharded_array_gb,0,0.0001373291015625
jax/orbax/write/sharded_array_gb,0,0.0001373291015625
jax/orbax/write/sharded_array_gb,0,6.103515625e-05
jax/orbax/write/sharded_array_gb,0,0.0001373291015625
jax/orbax/write/sharded_array_gb,0,0.0001220703125
jax/orbax/write/sharded_array_gb,0,0.000823974609375
jax/orbax/write/sharded_array_gb,0,0.0001373291015625
jax/orbax/write/sharded_array_gb,0,0.0001373291015625
jax/orbax/write/sharded_array_gb,0,0.000823974609375
jax/orbax/write/sharded_array_gb,0,0.0001373291015625
jax/orbax/write/sharded_array_gb,0,0.000823974609375
jax/orbax/write/sharded_array_gb,0,0.0001220703125
jax/orbax/write/sharded_array_gb,0,0.0001373291015625
jax/orbax/write/sharded_array_gb,0,0.0001373291015625
jax/orbax/write/sharded_array_gb,0,6.103515625e-05
jax/orbax/write/sharded_array_gb,0,0.0001373291015625
jax/orbax/write/sharded_array_gb,0,0.0001220703125
jax/orbax/write/sharded_array_gb,0,0.000823974609375
jax/orbax/write/sharded_array_gb,0,0.0001373291015625
jax/orbax/write/sharded_array_gb,0,0.0001373291015625
jax/orbax/write/sharded_array_gb,0,0.000823974609375
jax/orbax/write/sharded_array_gb,0,0.0001373291015625
jax/orbax/write/sharded_array_gb,0,0.000823974609375
jax/orbax/write/sharded_array_gb,0,0.0001220703125
jax/orbax/write/sharded_array_gb,0,0.0001373291015625
jax/orbax/write/sharded_array_gb,0,0.0001373291015625
jax/orbax/write/sharded_array_gb,0,6.103515625e-05
jax/orbax/write/sharded_array_gb,0,0.0001373291015625
jax/orbax/write/sharded_array_gb,0,0.0001220703125
jax/orbax/write/sharded_array_gb,0,0.000823974609375
jax/orbax/write/sharded_array_gb,0,0.0001373291015625
jax/orbax/write/sharded_array_gb,0,0.0001373291015625
jax/orbax/write/sharded_array_gb,0,0.000823974609375
jax/orbax/write/sharded_array_gb,0,0.0001373291015625
jax/orbax/write/sharded_array_gb,0,0.000823974609375
jax/orbax/write/sharded_array_gb,0,0.0001220703125
jax/orbax/write/sharded_array_gb,0,0.0001373291015625
jax/orbax/write/sharded_array_gb,0,0.0001373291015625
jax/orbax/write/sharded_array_gb,0,6.103515625e-05
jax/orbax/write/sharded_array_gb,0,0.0001373291015625
jax/orbax/write/sharded_array_gb,0,0.0001220703125
jax/orbax/write/sharded_array_gb,0,0.000823974609375
jax/orbax/write/sharded_array_gb,0,0.0001373291015625
jax/orbax/write/sharded_array_gb,0,0.0001373291015625
jax/orbax/write/sharded_array_gb,0,0.000823974609375
jax/orbax/write/sharded_array_gb,0,0.0001373291015625
jax/orbax/write/sharded_array_gb,0,0.000823974609375
jax/orbax/write/sharded_array_gb,0,0.0001220703125
jax/orbax/write/sharded_array_gb,0,0.0001373291015625
jax/orbax/write/sharded_array_gb,0,0.0001373291015625
jax/orbax/write/sharded_array_gb,0,6.103515625e-05
jax/orbax/write/sharded_array_gb,0,0.0001373291015625
jax/orbax/write/sharded_array_gb,0,0.0001220703125
jax/orbax/write/sharded_array_gb,0,0.000823974609375
jax/orbax/write/sharded_array_gb,0,0.0001373291015625
jax/orbax/write/sharded_array_gb,0,0.0001373291015625
jax/orbax/write/sharded_array_gb,0,0.000823974609375
jax/orbax/write/sharded_array_gb,0,0.0001373291015625
jax/orbax/write/sharded_array_gb,0,0.000823974609375
jax/orbax/write/sharded_array_gb,0,0.0001220703125
jax/orbax/write/sharded_array_gb,0,0.0001373291015625
jax/orbax/write/sharded_array_gb,0,0.0001373291015625
jax/orbax/write/sharded_array_gb,0,6.103515625e-05
jax/orbax/write/sharded_array_gb,0,0.0001373291015625
jax/orbax/write/sharded_array_gb,0,0.0001220703125
jax/orbax/write/sharded_array_gb,0,0.000823974609375
jax/orbax/write/sharded_array_gb,0,0.0001373291015625
jax/orbax/write/sharded_array_gb,0,0.0001373291015625
jax/orbax/write/sharded_array_gb,0,0.000823974609375
jax/orbax/write/sharded_array_gb,0,0.0001373291015625
jax/orbax/write/sharded_array_gb,0,0.000823974609375
jax/orbax/write/sharded_array_gb,0,0.0001220703125
jax/orbax/write/sharded_array_gb,0,0.0001373291015625
jax/orbax/write/sharded_array_gb,0,0.0001373291015625
jax/orbax/write/sharded_array_gb,0,6.103515625e-05
jax/orbax/write/sharded_array_gb,0,0.0001373291015625
jax/orbax/write/sharded_array_gb,0,0.0001220703125
jax/orbax/write/sharded_array_gb,0,0.000823974609375
jax/orbax/write/sharded_array_gb,0,0.0001373291015625
jax/orbax/write/sharded_array_gb,0,0.0001373291015625
jax/orbax/write/sharded_array_gb,0,0.000823974609375
jax/orbax/write/sharded_array_gb,0,0.0001373291015625
jax/orbax/write/sharded_array_gb,0,0.000823974609375
jax/orbax/write/sharded_array_gb,0,0.0001220703125
jax/orbax/write/sharded_array_gb,0,0.0001373291015625
jax/orbax/write/sharded_array_gb,0,0.0001373291015625
jax/orbax/write/sharded_array_gb,0,6.103515625e-05
jax/orbax/write/sharded_array_gb,0,0.0001373291015625
jax/orbax/write/sharded_array_gb,0,0.0001220703125
jax/orbax/write/sharded_array_gb,0,0.000823974609375
jax/orbax/write/sharded_array_gb,0,0.0001373291015625
jax/orbax/write/sharded_array_gb,0,0.0001373291015625
jax/orbax/write/sharded_array_gb,0,0.000823974609375
jax/orbax/write/sharded_array_gb,0,0.0001373291015625
jax/orbax/write/sharded_array_gb,0,0.000823974609375
jax/orbax/write/sharded_array_gb,0,0.0001220703125
jax/orbax/write/sharded_array_gb,0,0.0001373291015625
jax/orbax/write/sharded_array_gb,0,0.0001373291015625
jax/orbax/write/sharded_array_gb,0,6.103515625e-05
jax/orbax/write/sharded_array_gb,0,0.0001373291015625
jax/orbax/write/sharded_array_gb,0,0.0001220703125
jax/orbax/write/sharded_array_gb,0,0.000823974609375
jax/orbax/write/sharded_array_gb,0,0.0001373291015625
jax/orbax/write/sharded_array_gb,0,0.0001373291015625
jax/orbax/write/sharded_array_gb,0,0.000823974609375
jax/orbax/write/sharded_array_gb,0,0.0001373291015625
jax/orbax/write/sharded_array_gb,0,0.000823974609375
jax/orbax/write/sharded_array_gb,0,0.0001220703125
jax/orbax/write/sharded_array_gb,0,0.0001373291015625
jax/orbax/write/sharded_array_gb,0,0.0001373291015625
jax/orbax/write/sharded_array_gb,0,6.103515625e-05
jax/orbax/write/sharded_array_gb,0,0.0001373291015625
jax/orbax/write/sharded_array_gb,0,0.0001220703125
jax/orbax/write/sharded_array_gb,0,0.000823974609375
jax/orbax/write/sharded_array_gb,0,0.0001373291015625
jax/orbax/write/sharded_array_gb,0,0.0001373291015625
jax/orbax/write/sharded_array_gb,0,0.000823974609375
jax/orbax/write/sharded_array_gb,0,0.0001373291015625
jax/orbax/write/sharded_array_gb,0,0.000823974609375
jax/orbax/write/sharded_array_gb,0,0.0001220703125
jax/orbax/write/sharded_array_gb,0,0.0001373291015625
jax/orbax/write/sharded_array_gb,0,0.0001373291015625
jax/orbax/write/sharded_array_gb,0,6.103515625e-05
jax/orbax/write/sharded_array_gb,0,0.0001373291015625
jax/orbax/write/sharded_array_gb,0,0.0001220703125
jax/orbax/write/sharded_array_gb,0,0.000823974609375
jax/orbax/write/sharded_array_gb,0,0.0001373291015625
jax/orbax/write/sharded_array_gb,0,0.0001373291015625
jax/orbax/write/sharded_array_gb,0,0.000823974609375
jax/orbax/write/sharded_array_gb,0,0.0001373291015625
jax/orbax/write/sharded_array_gb,0,0.000823974609375
jax/orbax/write/sharded_array_gb,0,0.0001220703125
jax/orbax/write/sharded_array_gb,0,0.0001373291015625
jax/orbax/write/sharded_array_gb,0,0.0001373291015625
jax/orbax/write/sharded_array_gb,0,6.103515625e-05
jax/orbax/write/sharded_array_gb,0,0.0001373291015625
jax/orbax/write/sharded_array_gb,0,0.0001220703125
jax/orbax/write/sharded_array_gb,0,0.000823974609375
jax/orbax/write/sharded_array_gb,0,0.0001373291015625
jax/orbax/write/sharded_array_gb,0,0.0001373291015625
jax/orbax/write/sharded_array_gb,0,0.000823974609375
jax/orbax/write/sharded_array_gb,0,0.0001373291015625
jax/orbax/write/sharded_array_gb,0,0.000823974609375
jax/orbax/write/sharded_array_gb,0,0.0001220703125
jax/orbax/write/sharded_array_gb,0,0.0001373291015625
jax/orbax/write/sharded_array_gb,0,0.0001373291015625
jax/orbax/write/sharded_array_gb,0,6.103515625e-05
jax/orbax/write/sharded_array_gb,0,0.0001373291015625
jax/orbax/write/sharded_array_gb,0,0.0001220703125
jax/orbax/write/sharded_array_gb,0,0.000823974609375
jax/orbax/write/sharded_array_gb,0,0.0001373291015625
jax/orbax/write/sharded_array_gb,0,0.0001373291015625
jax/orbax/write/sharded_array_gb,0,0.000823974609375
jax/orbax/write/sharded_array_gb,0,0.0001373291015625
jax/orbax/write/sharded_array_gb,0,0.000823974609375
jax/orbax/write/sharded_array_gb,0,0.0001220703125
jax/orbax/write/sharded_array_gb,0,0.0001373291015625
jax/orbax/write/sharded_array_gb,0,0.0001373291015625
jax/orbax/write/sharded_array_gb,0,6.103515625e-05
jax/orbax/write/sharded_array_gb,0,0.0001373291015625
jax/orbax/write/sharded_array_gb,0,0.0001220703125
jax/orbax/write/sharded_array_gb,0,0.000823974609375
jax/orbax/write/sharded_array_gb,0,0.0001373291015625
jax/orbax/write/sharded_array_gb,0,0.0001373291015625
jax/orbax/write/sharded_array_gb,0,0.000823974609375
jax/orbax/write/sharded_array_gb,0,0.0001373291015625
jax/orbax/write/sharded_array_gb,0,0.000823974609375
jax/orbax/write/sharded_array_gb,0,0.0001220703125
jax/orbax/write/sharded_array_gb,0,0.0001373291015625
jax/orbax/write/sharded_array_gb,0,0.0001373291015625
jax/orbax/write/sharded_array_gb,0,6.103515625e-05
jax/orbax/write/sharded_array_gb,0,0.0001373291015625
jax/orbax/write/sharded_array_gb,0,0.0001220703125
jax/orbax/write/sharded_array_gb,0,0.000823974609375
jax/orbax/write/sharded_array_gb,0,0.0001373291015625
jax/orbax/write/sharded_array_gb,0,0.0001373291015625
jax/orbax/write/sharded_array_gb,0,0.000823974609375
jax/orbax/write/sharded_array_gb,0,0.0001373291015625
jax/orbax/write/sharded_array_gb,0,0.000823974609375
jax/orbax/write/sharded_array_gb,0,0.0001220703125
jax/orbax/write/sharded_array_gb,0,0.0001373291015625
jax/orbax/write/sharded_array_gb,0,0.0001373291015625
jax/orbax/write/sharded_array_gb,0,6.103515625e-05
jax/orbax/write/sharded_array_gb,0,0.0001373291015625
jax/orbax/write/sharded_array_gb,0,0.0001220703125
jax/orbax/write/sharded_array_gb,0,0.000823974609375
jax/orbax/write/sharded_array_gb,0,0.0001373291015625
jax/orbax/write/sharded_array_gb,0,0.0001373291015625
jax/orbax/write/sharded_array_gb,0,0.000823974609375
jax/orbax/write/sharded_array_gb,0,0.0001373291015625
jax/orbax/write/sharded_array_gb,0,0.000823974609375
jax/orbax/write/sharded_array_gb,0,0.0001220703125
jax/orbax/write/sharded_array_gb,0,0.0001373291015625
jax/orbax/write/sharded_array_gb,0,0.0001373291015625
jax/orbax/write/sharded_array_gb,0,6.103515625e-05
jax/orbax/write/sharded_array_gb,0,0.0001373291015625
jax/orbax/write/sharded_array_gb,0,0.0001220703125
jax/orbax/write/sharded_array_gb,0,0.000823974609375
jax/orbax/write/sharded_array_gb,0,0.0001373291015625
jax/orbax/write/sharded_array_gb,0,0.0001373291015625
jax/orbax/write/sharded_array_gb,0,0.000823974609375
jax/orbax/write/sharded_array_gb,0,0.0001373291015625
jax/orbax/write/sharded_array_gb,0,0.000823974609375
jax/orbax/write/sharded_array_gb,0,0.0001220703125
jax/orbax/write/sharded_array_gb,0,0.0001373291015625
jax/orbax/write/sharded_array_gb,0,0.0001373291015625
jax/orbax/write/sharded_array_gb,0,6.103515625e-05
jax/orbax/write/sharded_array_gb,0,0.0001373291015625
jax/orbax/write/sharded_array_gb,0,0.0001220703125
jax/orbax/write/sharded_array_gb,0,0.000823974609375
jax/orbax/write/sharded_array_gb,0,0.0001373291015625
jax/orbax/write/sharded_array_gb,0,0.0001373291015625
jax/orbax/write/sharded_array_gb,0,0.000823974609375
jax/orbax/write/sharded_array_gb,0,0.0001373291015625
jax/orbax/write/sharded_array_gb,0,0.000823974609375
jax/orbax/write/sharded_array_gb,0,0.0001220703125
jax/orbax/write/sharded_array_gb,0,0.0001373291015625
jax/orbax/write/sharded_array_gb,0,0.0001373291015625
jax/orbax/write/sharded_array_gb,0,6.103515625e-05
jax/orbax/write/sharded_array_gb,0,0.0001373291015625
jax/orbax/write/sharded_array_gb,0,0.0001220703125
jax/orbax/write/sharded_array_gb,0,0.000823974609375
jax/orbax/write/sharded_array_gb,0,0.0001373291015625
jax/orbax/write/sharded_array_gb,0,0.0001373291015625
jax/orbax/write/sharded_array_gb,0,0.000823974609375
jax/orbax/write/sharded_array_gb,0,0.0001373291015625
jax/orbax/write/sharded_array_gb,0,0.000823974609375
jax/orbax/write/sharded_array_gb,0,0.0001220703125
jax/orbax/write/sharded_array_gb,0,0.0001373291015625
jax/orbax/write/sharded_array_gb,0,0.0001373291015625
jax/orbax/write/sharded_array_gb,0,6.103515625e-05
jax/orbax/write/sharded_array_gb,0,0.0001373291015625
jax/orbax/write/sharded_array_gb,0,0.0001220703125
jax/orbax/write/sharded_array_gb,0,0.000823974609375
jax/orbax/write/sharded_array_gb,0,0.0001373291015625
jax/orbax/write/sharded_array_gb,0,0.0001373291015625
jax/orbax/write/sharded_array_gb,0,0.000823974609375
jax/orbax/write/sharded_array_gb,0,0.0001373291015625
jax/orbax/write/sharded_array_gb,0,0.000823974609375
jax/orbax/write/sharded_array_gb,0,0.0001220703125
jax/orbax/write/sharded_array_gb,0,0.0001373291015625
jax/orbax/write/sharded_array_gb,0,0.0001373291015625
jax/orbax/write/sharded_array_gb,0,6.103515625e-05
jax/orbax/write/sharded_array_gb,0,0.0001373291015625
jax/orbax/write/sharded_array_gb,0,0.0001220703125
jax/orbax/write/sharded_array_gb,0,0.000823974609375
jax/orbax/write/sharded_array_gb,0,0.0001373291015625
jax/orbax/write/sharded_array_gb,0,0.0001373291015625
jax/orbax/write/sharded_array_gb,0,0.000823974609375
jax/orbax/write/sharded_array_gb,0,0.0001373291015625
jax/orbax/write/sharded_array_gb,0,0.000823974609375
jax/orbax/write/sharded_array_gb,0,0.0001220703125
jax/orbax/write/sharded_array_gb,0,0.0001373291015625
jax/orbax/write/sharded_array_gb,0,0.0001373291015625
jax/orbax/write/sharded_array_gb,0,6.103515625e-05
jax/orbax/write/sharded_array_gb,0,0.0001373291015625
jax/orbax/write/sharded_array_gb,0,0.0001220703125
jax/orbax/write/sharded_array_gb,0,0.000823974609375
jax/orbax/write/sharded_array_gb,0,0.0001373291015625
jax/orbax/write/sharded_array_gb,0,0.0001373291015625
jax/orbax/write/sharded_array_gb,0,0.000823974609375
jax/orbax/write/sharded_array_gb,0,0.0001373291015625
jax/orbax/write/sharded_array_gb,0,0.000823974609375
jax/orbax/write/sharded_array_gb,0,0.0001220703125
jax/orbax/write/sharded_array_gb,0,0.0001373291015625
jax/orbax/write/sharded_array_gb,0,0.0001373291015625
jax/orbax/write/sharded_array_gb,0,6.103515625e-05
jax/orbax/write/sharded_array_gb,0,0.0001373291015625
jax/orbax/write/sharded_array_gb,0,0.0001220703125
jax/orbax/write/sharded_array_gb,0,0.000823974609375
jax/orbax/write/sharded_array_gb,0,0.0001373291015625
jax/orbax/write/sharded_array_gb,0,0.0001373291015625
jax/orbax/write/sharded_array_gb,0,0.000823974609375
jax/orbax/write/sharded_array_gb,0,0.0001373291015625
jax/orbax/write/sharded_array_gb,0,0.000823974609375
jax/orbax/write/sharded_array_gb,0,0.0001220703125
jax/orbax/write/sharded_array_gb,0,0.0001373291015625
jax/orbax/write/sharded_array_gb,0,0.0001373291015625
jax/orbax/write/sharded_array_gb,0,6.103515625e-05
jax/orbax/write/sharded_array_gb,0,0.0001373291015625
jax/orbax/write/sharded_array_gb,0,0.0001220703125
jax/orbax/write/sharded_array_gb,0,0.000823974609375
jax/orbax/write/sharded_array_gb,0,0.0001373291015625
jax/orbax/write/sharded_array_gb,0,0.0001373291015625
jax/orbax/write/sharded_array_gb,0,0.000823974609375
jax/orbax/write/sharded_array_gb,0,0.0001373291015625
jax/orbax/write/sharded_array_gb,0,0.000823974609375
jax/orbax/write/sharded_array_gb,0,0.0001220703125
jax/orbax/write/sharded_array_gb,0,0.0001373291015625
jax/orbax/write/sharded_array_gb,0,0.0001373291015625
jax/orbax/write/sharded_array_gb,0,6.103515625e-05
jax/orbax/write/sharded_array_gb,0,0.0001373291015625
jax/orbax/write/sharded_array_gb,0,0.0001220703125
jax/orbax/write/sharded_array_gb,0,0.000823974609375
jax/orbax/write/sharded_array_gb,0,0.0001373291015625
jax/orbax/write/sharded_array_gb,0,0.0001373291015625
jax/orbax/write/sharded_array_gb,0,0.000823974609375
jax/orbax/write/sharded_array_gb,0,0.0001373291015625
jax/orbax/write/sharded_array_gb,0,0.000823974609375
jax/orbax/write/sharded_array_gb,0,0.0001220703125
jax/orbax/write/sharded_array_gb,0,0.0001373291015625
jax/orbax/write/sharded_array_gb,0,0.0001373291015625
jax/orbax/write/sharded_array_gb,0,6.103515625e-05
jax/orbax/write/sharded_array_gb,0,0.0001373291015625
jax/orbax/write/sharded_array_gb,0,0.0001220703125
jax/orbax/write/sharded_array_gb,0,0.000823974609375
jax/orbax/write/sharded_array_gb,0,0.0001373291015625
jax/orbax/write/sharded_array_gb,0,0.0001373291015625
jax/orbax/write/sharded_array_gb,0,0.000823974609375
jax/orbax/write/sharded_array_gb,0,0.0001373291015625
jax/orbax/write/sharded_array_gb,0,0.000823974609375
jax/orbax/write/sharded_array_gb,0,0.0001220703125
jax/orbax/write/sharded_array_gb,0,0.0001373291015625
jax/orbax/write/sharded_array_gb,0,0.0001373291015625
jax/orbax/write/sharded_array_gb,0,6.103515625e-05
jax/orbax/write/sharded_array_gb,0,0.0001373291015625
jax/orbax/write/sharded_array_gb,0,0.0001220703125
jax/orbax/write/sharded_array_gb,0,0.000823974609375
jax/orbax/write/sharded_array_gb,0,0.0001373291015625
jax/orbax/write/sharded_array_gb,0,0.0001373291015625
jax/orbax/write/sharded_array_gb,0,0.000823974609375
jax/orbax/write/sharded_array_gb,0,0.0001373291015625
jax/orbax/write/sharded_array_gb,0,0.000823974609375
jax/orbax/write/sharded_array_gb,0,0.0001220703125
jax/orbax/write/sharded_array_gb,0,0.0001373291015625
jax/orbax/write/sharded_array_gb,0,0.0001373291015625
jax/orbax/write/sharded_array_gb,0,6.103515625e-05
jax/orbax/write/sharded_array_gb,0,0.0001373291015625
jax/orbax/write/sharded_array_gb,0,0.0001220703125
jax/orbax/write/sharded_array_gb,0,0.000823974609375
jax/orbax/write/sharded_array_gb,0,0.0001373291015625
jax/orbax/write/sharded_array_gb,0,0.0001373291015625
jax/orbax/write/sharded_array_gb,0,0.000823974609375
jax/orbax/write/sharded_array_gb,0,0.0001373291015625
jax/orbax/write/sharded_array_gb,0,0.000823974609375
jax/orbax/write/sharded_array_gb,0,0.0001220703125
jax/orbax/write/sharded_array_gb,0,0.0001373291015625
jax/orbax/write/sharded_array_gb,0,0.0001373291015625
jax/orbax/write/sharded_array_gb,0,6.103515625e-05
jax/orbax/write/sharded_array_gb,0,0.0001373291015625
jax/orbax/write/sharded_array_gb,0,0.0001220703125
jax/orbax/write/sharded_array_gb,0,0.000823974609375
jax/orbax/write/sharded_array_gb,0,0.0001373291015625
jax/orbax/write/sharded_array_gb,0,0.0001373291015625
jax/orbax/write/sharded_array_gb,0,0.000823974609375
jax/orbax/write/sharded_array_gb,0,0.0001373291015625
jax/orbax/write/sharded_array_gb,0,0.000823974609375
jax/orbax/write/sharded_array_gb,0,0.0001220703125
jax/orbax/write/sharded_array_gb,0,0.0001373291015625
jax/orbax/write/sharded_array_gb,0,0.0001373291015625
jax/orbax/write/sharded_array_gb,0,6.103515625e-05
jax/orbax/write/sharded_array_gb,0,0.0001373291015625
jax/orbax/write/sharded_array_gb,0,0.0001220703125
jax/orbax/write/sharded_array_gb,0,0.000823974609375
jax/orbax/write/sharded_array_gb,0,0.0001373291015625
jax/orbax/write/sharded_array_gb,0,0.0001373291015625
jax/orbax/write/sharded_array_gb,0,0.000823974609375
jax/orbax/write/sharded_array_gb,0,0.0001373291015625
jax/orbax/write/sharded_array_gb,0,0.000823974609375
jax/orbax/write/sharded_array_gb,0,0.0001220703125
jax/orbax/write/sharded_array_gb,0,0.0001373291015625
jax/orbax/write/sharded_array_gb,0,0.0001373291015625
jax/orbax/write/sharded_array_gb,0,6.103515625e-05
jax/orbax/write/sharded_array_gb,0,0.0001373291015625
jax/orbax/write/sharded_array_gb,0,0.0001220703125
jax/orbax/write/sharded_array_gb,0,0.000823974609375
jax/orbax/write/sharded_array_gb,0,0.0001373291015625
jax/orbax/write/sharded_array_gb,0,0.0001373291015625
jax/orbax/write/sharded_array_gb,0,0.000823974609375
jax/orbax/write/sharded_array_gb,0,0.0001373291015625
jax/orbax/write/sharded_array_gb,0,0.000823974609375
jax/orbax/write/sharded_array_gb,0,3.725290298461914e-09
jax/orbax/write/sharded_array_gb,0,3.725290298461914e-09
jax/orbax/write/sharded_array_gb,0,3.725290298461914e-09
jax/checkpoint/read/gbytes_per_sec,0,0.2976635992527008
jax/checkpoint/read/gbytes_per_sec,0,0.2858849763870239
jax/checkpoint/read/gbytes,0,0.0936279296875
jax/checkpoint/read/gbytes,0,0.3745117485523224
rewards/train/sum,1,1.0
rewards/train/sum,2,-0.5625
rewards/train/sum,3,0.5
rewards/train/sum,4,0.75
rewards/train/sum,5,-1.1875
rewards/train/sum,6,-0.5
rewards/train/sum,7,0.78125
rewards/train/sum,8,0.375
rewards/train/sum,9,0.9375
rewards/train/sum,10,0.59375
rewards/train/sum,11,-1.6875
rewards/train/sum,12,-0.34375
rewards/train/sum,13,-0.3125
rewards/train/sum,14,1.03125
rewards/train/sum,15,0.15625
rewards/train/sum,16,-0.90625
rewards/train/sum,17,0.6875
rewards/train/sum,18,0.46875
rewards/train/sum,19,0.34375
rewards/train/sum,20,0.21875
rewards/train/sum,21,1.0
rewards/train/sum,22,0.46875
rewards/train/sum,23,-0.34375
rewards/train/sum,24,0.53125
rewards/train/sum,25,1.0
rewards/train/sum,26,-0.65625
rewards/train/sum,27,0.0
rewards/train/sum,28,-1.125
rewards/train/sum,29,-1.875
rewards/train/sum,30,-0.0625
rewards/train/sum,31,-1.0
rewards/train/sum,32,0.1875
rewards/train/sum,33,-0.6875
rewards/train/sum,34,-0.71875
rewards/train/sum,35,-0.5625
rewards/train/sum,36,1.0
rewards/train/sum,37,0.625
rewards/train/sum,38,0.9375
rewards/train/sum,39,1.6875
rewards/train/sum,40,-1.0
rewards/train/sum,41,0.40625
rewards/train/sum,42,0.03125
rewards/train/sum,43,-2.125
rewards/train/sum,44,-0.09375
rewards/train/sum,45,-0.8125
rewards/train/sum,46,1.0
rewards/train/sum,47,-0.125
rewards/train/sum,48,5.5625
rewards/train/sum,49,0.53125
rewards/train/sum,50,0.0
rewards/train/sum,51,3.09375
rewards/train/sum,52,1.625
rewards/train/sum,53,0.5625
rewards/train/sum,54,4.515625
rewards/train/sum,55,-0.6875
rewards/train/sum,56,0.9375
rewards/train/sum,57,4.40625
rewards/train/sum,58,2.8125
rewards/train/sum,59,-0.96875
rewards/train/sum,60,3.5
rewards/train/sum,61,5.25
rewards/train/sum,62,0.9375
rewards/train/sum,63,5.59375
rewards/train/sum,64,2.5
rewards/train/sum,65,-0.46875
rewards/train/sum,66,-0.40625
rewards/train/sum,67,1.40625
rewards/train/sum,68,0.03125
rewards/train/sum,69,0.46875
rewards/train/sum,70,3.46875
rewards/train/sum,71,-0.6875
rewards/train/sum,72,2.53125
rewards/train/sum,73,5.78125
rewards/train/sum,74,8.015625
rewards/train/sum,75,4.125
rewards/train/sum,76,2.375
rewards/train/sum,77,8.03125
rewards/train/sum,78,7.9375
rewards/train/sum,79,3.625
rewards/train/sum,80,3.40625
rewards/train/sum,81,0.90625
rewards/train/sum,82,0.90625
rewards/train/sum,83,5.40625
rewards/train/sum,84,0.34375
rewards/train/sum,85,4.65625
rewards/train/sum,86,4.0
rewards/train/sum,87,2.625
rewards/train/sum,88,7.75
rewards/train/sum,89,4.921875
rewards/train/sum,90,5.03125
rewards/train/sum,91,1.5
rewards/train/sum,92,9.8125
rewards/train/sum,93,7.78125
rewards/train/sum,94,6.9375
rewards/train/sum,95,8.25
rewards/train/sum,96,0.03125
rewards/train/sum,97,3.984375
rewards/train/sum,98,4.9375
rewards/train/sum,99,4.609375
rewards/train/sum,100,2.0625
rewards/train/sum,101,5.75
rewards/train/sum,102,6.21875
rewards/train/sum,103,2.59375
rewards/train/sum,104,8.6875
rewards/train/sum,105,4.59375
rewards/train/sum,106,5.53125
rewards/train/sum,107,6.0
rewards/train/sum,108,6.78125
rewards/train/sum,109,6.25
rewards/train/sum,110,6.21875
rewards/train/sum,111,5.25
rewards/train/sum,112,1.3125
rewards/train/sum,113,9.109375
rewards/train/sum,114,9.125
rewards/train/sum,115,7.8125
rewards/train/sum,116,3.34375
rewards/train/sum,117,5.15625
rewards/train/sum,118,7.328125
rewards/train/sum,119,10.0
rewards/train/sum,120,9.625
rewards/train/sum,121,8.65625
rewards/train/sum,122,4.578125
rewards/train/sum,123,3.140625
rewards/train/sum,124,5.9375
rewards/train/sum,125,5.6875
rewards/train/sum,126,10.0
rewards/train/sum,127,6.328125
rewards/train/sum,128,8.625
rewards/train/sum,129,4.84375
rewards/train/sum,130,2.828125
rewards/train/sum,131,3.921875
rewards/train/sum,132,5.125
rewards/train/sum,133,3.953125
rewards/train/sum,134,7.25
rewards/train/sum,135,3.296875
rewards/train/sum,136,4.25
rewards/train/sum,137,7.71875
rewards/train/sum,138,4.875
rewards/train/sum,139,5.9375
rewards/train/sum,140,9.46875
rewards/train/sum,141,5.8125
rewards/train/sum,142,3.171875
rewards/train/sum,143,4.53125
rewards/train/sum,144,10.0
rewards/train/sum,145,8.5
rewards/train/sum,146,10.0
rewards/train/sum,147,6.375
rewards/train/sum,148,2.15625
rewards/train/sum,149,7.9375
rewards/train/sum,150,4.3125
rewards/train/sum,151,6.8125
rewards/train/sum,152,6.21875
rewards/train/sum,153,9.1875
rewards/train/sum,154,4.6875
rewards/train/sum,155,4.703125
rewards/train/sum,156,9.34375
rewards/train/sum,157,3.0625
rewards/train/sum,158,9.3125
rewards/train/sum,159,9.65625
rewards/train/sum,160,5.0
rewards/train/sum,161,8.96875
rewards/train/sum,162,1.5
rewards/train/sum,163,7.53125
rewards/train/sum,164,3.96875
rewards/train/sum,165,8.46875
rewards/train/sum,166,6.03125
rewards/train/sum,167,6.5625
rewards/train/sum,168,10.0
rewards/train/sum,169,9.5625
rewards/train/sum,170,9.125
rewards/train/sum,171,5.1875
rewards/train/sum,172,10.0
rewards/train/sum,173,6.21875
rewards/train/sum,174,4.734375
rewards/train/sum,175,4.84375
rewards/train/sum,176,9.5
rewards/train/sum,177,5.25
rewards/train/sum,178,4.09375
rewards/train/sum,179,10.0
rewards/train/sum,180,8.78125
rewards/train/sum,181,9.0
rewards/train/sum,182,5.328125
rewards/train/sum,183,10.0
rewards/train/sum,184,2.9375
rewards/train/sum,185,9.65625
rewards/train/sum,186,9.03125
rewards/train/sum,187,4.59375
rewards/train/sum,188,3.640625
rewards/train/sum,189,3.0625
rewards/train/sum,190,4.0
rewards/train/sum,191,10.0
rewards/train/sum,192,4.25
rewards/train/sum,193,7.40625
rewards/train/sum,194,8.25
rewards/train/sum,195,8.96875
rewards/train/sum,196,5.53125
rewards/train/sum,197,8.484375
rewards/train/sum,198,7.59375
rewards/train/sum,199,5.25
rewards/train/sum,200,9.21875
rewards/train/sum,201,9.65625
rewards/train/sum,202,2.3125
rewards/train/sum,203,8.625
rewards/train/sum,204,8.28125
rewards/train/sum,205,5.53125
rewards/train/sum,206,5.5
rewards/train/sum,207,6.5625
rewards/train/sum,208,10.0
rewards/train/sum,209,6.65625
rewards/train/sum,210,10.0
rewards/train/sum,211,10.0
rewards/train/sum,212,8.96875
rewards/train/sum,213,9.9375
rewards/train/sum,214,9.8125
rewards/train/sum,215,7.046875
rewards/train/sum,216,6.78125
rewards/train/sum,217,1.0625
rewards/train/sum,218,9.3125
rewards/train/sum,219,7.9375
rewards/train/sum,220,8.9375
rewards/train/sum,221,6.28125
rewards/train/sum,222,7.796875
rewards/train/sum,223,10.0
rewards/train/sum,224,4.0
rewards/train/sum,225,3.25
rewards/train/sum,226,9.34375
rewards/train/sum,227,3.78125
rewards/train/sum,228,9.3125
rewards/train/sum,229,9.125
rewards/train/sum,230,1.6875
rewards/train/sum,231,9.65625
rewards/train/sum,232,4.65625
rewards/train/sum,233,0.6875
rewards/train/sum,234,2.75
rewards/train/sum,235,4.0625
rewards/train/sum,236,9.3125
rewards/train/sum,237,5.0
rewards/train/sum,238,9.34375
rewards/train/sum,239,10.0
rewards/train/sum,240,9.75
rewards/train/sum,241,0.4375
rewards/train/sum,242,6.203125
rewards/train/sum,243,9.65625
rewards/train/sum,244,8.34375
rewards/train/sum,245,10.0
rewards/train/sum,246,9.75
rewards/train/sum,247,7.5
rewards/train/sum,248,5.1875
rewards/train/sum,249,4.90625
rewards/train/sum,250,8.96875
rewards/train/sum,251,2.84375
rewards/train/sum,252,4.3125
rewards/train/sum,253,10.0
rewards/train/sum,254,9.65625
rewards/train/sum,255,4.59375
rewards/train/sum,256,5.375
rewards/train/sum,257,8.28125
rewards/train/sum,258,5.0
rewards/train/sum,259,5.0
rewards/train/sum,260,5.078125
rewards/train/sum,261,9.9375
rewards/train/sum,262,5.90625
rewards/train/sum,263,10.0
rewards/train/sum,264,10.0
rewards/train/sum,265,4.53125
rewards/train/sum,266,6.375
rewards/train/sum,267,2.5
rewards/train/sum,268,9.296875
rewards/train/sum,269,6.25
rewards/train/sum,270,5.484375
rewards/train/sum,271,6.375
rewards/train/sum,272,8.359375
rewards/train/sum,273,4.65625
rewards/train/sum,274,10.0
rewards/train/sum,275,3.6875
rewards/train/sum,276,10.0
rewards/train/sum,277,4.65625
rewards/train/sum,278,8.28125
rewards/train/sum,279,4.5
rewards/train/sum,280,9.046875
rewards/train/sum,281,10.0
rewards/train/sum,282,5.0625
rewards/train/sum,283,4.53125
rewards/train/sum,284,2.046875
rewards/train/sum,285,5.90625
rewards/train/sum,286,0.21875
rewards/train/sum,287,4.65625
rewards/train/sum,288,9.84375
rewards/train/sum,289,9.3125
rewards/train/sum,290,9.65625
rewards/train/sum,291,4.921875
rewards/train/sum,292,4.84375
rewards/train/sum,293,6.5625
rewards/train/sum,294,9.65625
rewards/train/sum,295,9.0625
rewards/train/sum,296,6.25
rewards/train/sum,297,8.28125
rewards/train/sum,298,4.5625
rewards/train/sum,299,9.65625
rewards/train/sum,300,4.53125
rewards/train/sum,301,7.421875
rewards/train/sum,302,8.90625
rewards/train/sum,303,8.65625
rewards/train/sum,304,10.0
rewards/train/sum,305,2.9375
rewards/train/sum,306,5.75
rewards/train/sum,307,5.5
rewards/train/sum,308,4.984375
rewards/train/sum,309,9.65625
rewards/train/sum,310,3.59375
rewards/train/sum,311,7.25
rewards/train/sum,312,3.5625
rewards/train/sum,313,6.125
rewards/train/sum,314,5.53125
rewards/train/sum,315,10.0
rewards/train/sum,316,10.0
rewards/train/sum,317,4.5
rewards/train/sum,318,4.5
rewards/train/sum,319,8.96875
rewards/train/sum,320,8.6875
rewards/train/sum,321,5.5
rewards/train/sum,322,10.0
rewards/train/sum,323,4.515625
rewards/train/sum,324,8.515625
rewards/train/sum,325,4.40625
rewards/train/sum,326,9.21875
rewards/train/sum,327,4.65625
rewards/train/sum,328,4.84375
rewards/train/sum,329,7.78125
rewards/train/sum,330,7.59375
rewards/train/sum,331,8.28125
rewards/train/sum,332,8.96875
rewards/train/sum,333,6.59375
rewards/train/sum,334,5.53125
rewards/train/sum,335,4.84375
rewards/train/sum,336,8.265625
rewards/train/sum,337,0.3125
rewards/train/sum,338,5.15625
rewards/train/sum,339,4.5
rewards/train/sum,340,10.0
rewards/train/sum,341,8.0625
rewards/train/sum,342,7.96875
rewards/train/sum,343,9.15625
rewards/train/sum,344,10.0
rewards/train/sum,345,4.84375
rewards/train/sum,346,10.0
rewards/train/sum,347,10.0
rewards/train/sum,348,3.859375
rewards/train/sum,349,10.0
rewards/train/sum,350,3.375
rewards/train/sum,351,2.984375
rewards/train/sum,352,4.609375
rewards/train/sum,353,5.53125
rewards/train/sum,354,4.328125
rewards/train/sum,355,3.875
rewards/train/sum,356,5.421875
rewards/train/sum,357,5.1875
rewards/train/sum,358,4.84375
rewards/train/sum,359,7.25
rewards/train/sum,360,5.125
rewards/train/sum,361,9.65625
rewards/train/sum,362,10.0
rewards/train/sum,363,6.5625
rewards/train/sum,364,10.0
rewards/train/sum,365,6.5625
rewards/train/sum,366,9.3125
rewards/train/sum,367,4.421875
rewards/train/sum,368,6.96875
rewards/train/sum,369,10.0
rewards/train/sum,370,10.0
rewards/train/sum,371,6.09375
rewards/train/sum,372,4.8125
rewards/train/sum,373,9.46875
rewards/train/sum,374,3.140625
rewards/train/sum,375,10.0
rewards/train/sum,376,10.0
rewards/train/sum,377,10.0
rewards/train/sum,378,7.25
rewards/train/sum,379,9.3125
rewards/train/sum,380,4.84375
rewards/train/sum,381,8.96875
rewards/train/sum,382,10.0
rewards/train/sum,383,9.34375
rewards/train/sum,384,10.0
rewards/train/sum,385,7.5
rewards/train/sum,386,9.0
rewards/train/sum,387,10.0
rewards/train/sum,388,9.3125
rewards/train/sum,389,8.625
rewards/train/sum,390,4.96875
rewards/train/sum,391,9.65625
rewards/train/sum,392,4.625
rewards/train/sum,393,9.65625
rewards/train/sum,394,10.0
rewards/train/sum,395,10.0
rewards/train/sum,396,2.15625
rewards/train/sum,397,9.734375
rewards/train/sum,398,6.40625
rewards/train/sum,399,3.65625
rewards/train/sum,400,1.9375
rewards/train/sum,401,7.71875
rewards/train/sum,402,10.0
rewards/train/sum,403,8.171875
rewards/train/sum,404,6.53125
rewards/train/sum,405,5.0625
rewards/train/sum,406,4.0
rewards/train/sum,407,4.734375
rewards/train/sum,408,9.5
rewards/train/sum,409,9.65625
rewards/train/sum,410,8.6875
rewards/train/sum,411,8.6875
rewards/train/sum,412,8.703125
rewards/train/sum,413,8.15625
rewards/train/sum,414,5.703125
rewards/train/sum,415,10.0
rewards/train/sum,416,8.90625
rewards/train/sum,417,6.703125
rewards/train/sum,418,7.9375
rewards/train/sum,419,10.0
rewards/train/sum,420,8.796875
rewards/train/sum,421,6.765625
rewards/train/sum,422,10.0
rewards/train/sum,423,6.4375
rewards/train/sum,424,4.53125
rewards/train/sum,425,6.984375
rewards/train/sum,426,7.453125
rewards/train/sum,427,5.53125
rewards/train/sum,428,6.625
rewards/train/sum,429,4.734375
rewards/train/sum,430,8.359375
rewards/train/sum,431,4.5
rewards/train/sum,432,8.703125
rewards/train/sum,433,8.625
rewards/train/sum,434,9.65625
rewards/train/sum,435,5.734375
rewards/train/sum,436,8.28125
rewards/train/sum,437,10.0
rewards/train/sum,438,3.59375
rewards/train/sum,439,6.375
rewards/train/sum,440,9.65625
rewards/train/sum,441,4.0
rewards/train/sum,442,5.875
rewards/train/sum,443,4.921875
rewards/train/sum,444,6.90625
rewards/train/sum,445,9.3125
rewards/train/sum,446,4.859375
rewards/train/sum,447,8.359375
rewards/train/sum,448,10.0
rewards/train/sum,449,8.96875
rewards/train/sum,450,5.1875
rewards/train/sum,451,3.171875
rewards/train/sum,452,4.84375
rewards/train/sum,453,1.21875
rewards/train/sum,454,8.3125
rewards/train/sum,455,10.0
rewards/train/sum,456,4.1875
rewards/train/sum,457,9.65625
rewards/train/sum,458,4.5
rewards/train/sum,459,5.96875
rewards/train/sum,460,10.0
rewards/train/sum,461,2.921875
rewards/train/sum,462,7.328125
rewards/train/sum,463,9.0
rewards/train/sum,464,5.0
rewards/train/sum,465,6.078125
rewards/train/sum,466,2.640625
rewards/train/sum,467,5.21875
rewards/train/sum,468,4.9375
rewards/train/sum,469,-0.5
rewards/train/sum,470,8.53125
rewards/train/sum,471,10.0
rewards/train/sum,472,1.6875
rewards/train/sum,473,5.03125
rewards/train/sum,474,10.0
rewards/train/sum,475,6.59375
rewards/train/sum,476,5.53125
rewards/train/sum,477,3.84375
rewards/train/sum,478,6.5625
rewards/train/sum,479,10.0
rewards/train/sum,480,10.0
rewards/train/sum,481,3.65625
rewards/train/sum,482,8.25
rewards/train/sum,483,6.84375
rewards/train/sum,484,7.96875
rewards/train/sum,485,5.1875
rewards/train/sum,486,5.90625
rewards/train/sum,487,9.34375
rewards/train/sum,488,10.0
rewards/train/sum,489,5.734375
rewards/train/sum,490,10.0
rewards/train/sum,491,9.3125
rewards/train/sum,492,3.5
rewards/train/sum,493,7.59375
rewards/train/sum,494,7.40625
rewards/train/sum,495,4.71875
rewards/train/sum,496,10.0
rewards/train/sum,497,6.21875
rewards/train/sum,498,9.34375
rewards/train/sum,499,10.0
rewards/train/sum,500,9.65625
rewards/train/sum,501,10.0
rewards/train/sum,502,5.9375
rewards/train/sum,503,7.25
rewards/train/sum,504,6.21875
rewards/train/sum,505,10.0
rewards/train/sum,506,5.71875
rewards/train/sum,507,6.40625
rewards/train/sum,508,10.0
rewards/train/sum,509,9.1875
rewards/train/sum,510,9.3125
rewards/train/sum,511,10.0
rewards/train/sum,512,8.28125
rewards/train/sum,513,8.625
rewards/train/sum,514,9.34375
rewards/train/sum,515,10.0
rewards/train/sum,516,2.75
rewards/train/sum,517,0.28125
rewards/train/sum,518,10.0
rewards/train/sum,519,10.0
rewards/train/sum,520,6.25
rewards/train/sum,521,10.0
rewards/train/sum,522,9.34375
rewards/train/sum,523,10.0
rewards/train/sum,524,10.0
rewards/train/sum,525,6.296875
rewards/train/sum,526,9.734375
rewards/train/sum,527,10.0
rewards/train/sum,528,7.8125
rewards/train/sum,529,8.96875
rewards/train/sum,530,4.78125
rewards/train/sum,531,8.34375
rewards/train/sum,532,5.09375
rewards/train/sum,533,7.875
rewards/train/sum,534,8.3125
rewards/train/sum,535,9.46875
rewards/train/sum,536,3.90625
rewards/train/sum,537,10.0
rewards/train/sum,538,0.1875
rewards/train/sum,539,7.203125
rewards/train/sum,540,8.96875
rewards/train/sum,541,8.28125
rewards/train/sum,542,9.65625
rewards/train/sum,543,6.625
rewards/train/sum,544,6.21875
rewards/train/sum,545,5.046875
rewards/train/sum,546,3.046875
rewards/train/sum,547,4.6875
rewards/train/sum,548,9.65625
rewards/train/sum,549,10.0
rewards/train/sum,550,4.96875
rewards/train/sum,551,7.328125
rewards/train/sum,552,10.0
rewards/train/sum,553,4.5
rewards/train/sum,554,10.0
rewards/train/sum,555,10.0
rewards/train/sum,556,8.625
rewards/train/sum,557,9.65625
rewards/train/sum,558,10.0
rewards/train/sum,559,8.96875
rewards/train/sum,560,10.0
rewards/train/sum,561,9.75
rewards/train/sum,562,7.9375
rewards/train/sum,563,8.09375
rewards/train/sum,564,10.0
rewards/train/sum,565,9.140625
rewards/train/sum,566,10.0
rewards/train/sum,567,6.046875
rewards/train/sum,568,6.6875
rewards/train/sum,569,8.96875
rewards/train/sum,570,10.0
rewards/train/sum,571,6.84375
rewards/train/sum,572,0.75
rewards/train/sum,573,9.65625
rewards/train/sum,574,10.0
rewards/train/sum,575,9.0
rewards/train/sum,576,10.0
rewards/train/sum,577,7.40625
rewards/train/sum,578,5.28125
rewards/train/sum,579,4.625
rewards/train/sum,580,4.6875
rewards/train/sum,581,10.0
rewards/train/sum,582,8.078125
rewards/train/sum,583,9.65625
rewards/train/sum,584,4.03125
rewards/train/sum,585,10.0
rewards/train/sum,586,0.84375
rewards/train/sum,587,10.0
rewards/train/sum,588,4.875
rewards/train/sum,589,9.34375
rewards/train/sum,590,7.59375
rewards/train/sum,591,7.953125
rewards/train/sum,592,4.78125
rewards/train/sum,593,7.34375
rewards/train/sum,594,8.625
rewards/train/sum,595,5.625
rewards/train/sum,596,7.25
rewards/train/sum,597,9.21875
rewards/train/sum,598,9.65625
rewards/train/sum,599,10.0
rewards/train/sum,600,4.59375
rewards/train/sum,601,7.59375
rewards/train/sum,602,9.75
rewards/train/sum,603,7.59375
rewards/train/sum,604,10.0
rewards/train/sum,605,2.3125
rewards/train/sum,606,10.0
rewards/train/sum,607,5.5625
rewards/train/sum,608,10.0
rewards/train/sum,609,2.8125
rewards/train/sum,610,10.0
rewards/train/sum,611,9.3125
rewards/train/sum,612,5.703125
rewards/train/sum,613,7.65625
rewards/train/sum,614,8.40625
rewards/train/sum,615,10.0
rewards/train/sum,616,3.375
rewards/train/sum,617,6.90625
rewards/train/sum,618,8.65625
rewards/train/sum,619,9.34375
rewards/train/sum,620,10.0
rewards/train/sum,621,3.46875
rewards/train/sum,622,4.953125
rewards/train/sum,623,10.0
rewards/train/sum,624,9.3125
rewards/train/sum,625,10.0
rewards/train/sum,626,6.53125
rewards/train/sum,627,4.265625
rewards/train/sum,628,3.890625
rewards/train/sum,629,10.0
rewards/train/sum,630,2.46875
rewards/train/sum,631,7.0
rewards/train/sum,632,3.65625
rewards/train/sum,633,10.0
rewards/train/sum,634,4.1875
rewards/train/sum,635,10.0
rewards/train/sum,636,9.40625
rewards/train/sum,637,9.5625
rewards/train/sum,638,4.53125
rewards/train/sum,639,5.1875
rewards/train/sum,640,8.53125
rewards/train/sum,641,8.3125
rewards/train/sum,642,8.75
rewards/train/sum,643,5.28125
rewards/train/sum,644,10.0
rewards/train/sum,645,6.5625
rewards/train/sum,646,5.9375
rewards/train/sum,647,9.3125
rewards/train/sum,648,9.5
rewards/train/sum,649,1.46875
rewards/train/sum,650,6.375
rewards/train/sum,651,7.34375
rewards/train/sum,652,10.0
rewards/train/sum,653,5.59375
rewards/train/sum,654,4.71875
rewards/train/sum,655,6.765625
rewards/train/sum,656,9.3125
rewards/train/sum,657,3.25
rewards/train/sum,658,5.34375
rewards/train/sum,659,4.34375
rewards/train/sum,660,8.28125
rewards/train/sum,661,8.40625
rewards/train/sum,662,8.625
rewards/train/sum,663,4.5
rewards/train/sum,664,4.875
rewards/train/sum,665,4.28125
rewards/train/sum,666,3.5625
rewards/train/sum,667,10.0
rewards/train/sum,668,4.28125
rewards/train/sum,669,5.21875
rewards/train/sum,670,6.21875
rewards/train/sum,671,5.4375
rewards/train/sum,672,6.71875
rewards/train/sum,673,10.0
rewards/train/sum,674,9.3125
rewards/train/sum,675,5.3125
rewards/train/sum,676,9.0
rewards/train/sum,677,9.65625
rewards/train/sum,678,10.0
rewards/train/mean,1,0.25
rewards/train/mean,2,-0.140625
rewards/train/mean,3,0.125
rewards/train/mean,4,0.1875
rewards/train/mean,5,-0.296875
rewards/train/mean,6,-0.125
rewards/train/mean,7,0.1953125
rewards/train/mean,8,0.09375
rewards/train/mean,9,0.234375
rewards/train/mean,10,0.1484375
rewards/train/mean,11,-0.421875
rewards/train/mean,12,-0.0859375
rewards/train/mean,13,-0.078125
rewards/train/mean,14,0.2578125
rewards/train/mean,15,0.0390625
rewards/train/mean,16,-0.2265625
rewards/train/mean,17,0.171875
rewards/train/mean,18,0.1171875
rewards/train/mean,19,0.0859375
rewards/train/mean,20,0.0546875
rewards/train/mean,21,0.25
rewards/train/mean,22,0.1171875
rewards/train/mean,23,-0.0859375
rewards/train/mean,24,0.1328125
rewards/train/mean,25,0.25
rewards/train/mean,26,-0.1640625
rewards/train/mean,27,0.0
rewards/train/mean,28,-0.28125
rewards/train/mean,29,-0.46875
rewards/train/mean,30,-0.015625
rewards/train/mean,31,-0.25
rewards/train/mean,32,0.046875
rewards/train/mean,33,-0.171875
rewards/train/mean,34,-0.1796875
rewards/train/mean,35,-0.140625
rewards/train/mean,36,0.25
rewards/train/mean,37,0.15625
rewards/train/mean,38,0.234375
rewards/train/mean,39,0.421875
rewards/train/mean,40,-0.25
rewards/train/mean,41,0.1015625
rewards/train/mean,42,0.0078125
rewards/train/mean,43,-0.53125
rewards/train/mean,44,-0.0234375
rewards/train/mean,45,-0.203125
rewards/train/mean,46,0.25
rewards/train/mean,47,-0.03125
rewards/train/mean,48,1.390625
rewards/train/mean,49,0.1328125
rewards/train/mean,50,0.0
rewards/train/mean,51,0.7734375
rewards/train/mean,52,0.40625
rewards/train/mean,53,0.140625
rewards/train/mean,54,1.12890625
rewards/train/mean,55,-0.171875
rewards/train/mean,56,0.234375
rewards/train/mean,57,1.1015625
rewards/train/mean,58,0.703125
rewards/train/mean,59,-0.2421875
rewards/train/mean,60,0.875
rewards/train/mean,61,1.3125
rewards/train/mean,62,0.234375
rewards/train/mean,63,1.3984375
rewards/train/mean,64,0.625
rewards/train/mean,65,-0.1171875
rewards/train/mean,66,-0.1015625
rewards/train/mean,67,0.3515625
rewards/train/mean,68,0.0078125
rewards/train/mean,69,0.1171875
rewards/train/mean,70,0.8671875
rewards/train/mean,71,-0.171875
rewards/train/mean,72,0.6328125
rewards/train/mean,73,1.4453125
rewards/train/mean,74,2.00390625
rewards/train/mean,75,1.03125
rewards/train/mean,76,0.59375
rewards/train/mean,77,2.0078125
rewards/train/mean,78,1.984375
rewards/train/mean,79,0.90625
rewards/train/mean,80,0.8515625
rewards/train/mean,81,0.2265625
rewards/train/mean,82,0.2265625
rewards/train/mean,83,1.3515625
rewards/train/mean,84,0.0859375
rewards/train/mean,85,1.1640625
rewards/train/mean,86,1.0
rewards/train/mean,87,0.65625
rewards/train/mean,88,1.9375
rewards/train/mean,89,1.23046875
rewards/train/mean,90,1.2578125
rewards/train/mean,91,0.375
rewards/train/mean,92,2.453125
rewards/train/mean,93,1.9453125
rewards/train/mean,94,1.734375
rewards/train/mean,95,2.0625
rewards/train/mean,96,0.0078125
rewards/train/mean,97,0.99609375
rewards/train/mean,98,1.234375
rewards/train/mean,99,1.15234375
rewards/train/mean,100,0.515625
rewards/train/mean,101,1.4375
rewards/train/mean,102,1.5546875
rewards/train/mean,103,0.6484375
rewards/train/mean,104,2.171875
rewards/train/mean,105,1.1484375
rewards/train/mean,106,1.3828125
rewards/train/mean,107,1.5
rewards/train/mean,108,1.6953125
rewards/train/mean,109,1.5625
rewards/train/mean,110,1.5546875
rewards/train/mean,111,1.3125
rewards/train/mean,112,0.328125
rewards/train/mean,113,2.27734375
rewards/train/mean,114,2.28125
rewards/train/mean,115,1.953125
rewards/train/mean,116,0.8359375
rewards/train/mean,117,1.2890625
rewards/train/mean,118,1.83203125
rewards/train/mean,119,2.5
rewards/train/mean,120,2.40625
rewards/train/mean,121,2.1640625
rewards/train/mean,122,1.14453125
rewards/train/mean,123,0.78515625
rewards/train/mean,124,1.484375
rewards/train/mean,125,1.421875
rewards/train/mean,126,2.5
rewards/train/mean,127,1.58203125
rewards/train/mean,128,2.15625
rewards/train/mean,129,1.2109375
rewards/train/mean,130,0.70703125
rewards/train/mean,131,0.98046875
rewards/train/mean,132,1.28125
rewards/train/mean,133,0.98828125
rewards/train/mean,134,1.8125
rewards/train/mean,135,0.82421875
rewards/train/mean,136,1.0625
rewards/train/mean,137,1.9296875
rewards/train/mean,138,1.21875
rewards/train/mean,139,1.484375
rewards/train/mean,140,2.3671875
rewards/train/mean,141,1.453125
rewards/train/mean,142,0.79296875
rewards/train/mean,143,1.1328125
rewards/train/mean,144,2.5
rewards/train/mean,145,2.125
rewards/train/mean,146,2.5
rewards/train/mean,147,1.59375
rewards/train/mean,148,0.5390625
rewards/train/mean,149,1.984375
rewards/train/mean,150,1.078125
rewards/train/mean,151,1.703125
rewards/train/mean,152,1.5546875
rewards/train/mean,153,2.296875
rewards/train/mean,154,1.171875
rewards/train/mean,155,1.17578125
rewards/train/mean,156,2.3359375
rewards/train/mean,157,0.765625
rewards/train/mean,158,2.328125
rewards/train/mean,159,2.4140625
rewards/train/mean,160,1.25
rewards/train/mean,161,2.2421875
rewards/train/mean,162,0.375
rewards/train/mean,163,1.8828125
rewards/train/mean,164,0.9921875
rewards/train/mean,165,2.1171875
rewards/train/mean,166,1.5078125
rewards/train/mean,167,1.640625
rewards/train/mean,168,2.5
rewards/train/mean,169,2.390625
rewards/train/mean,170,2.28125
rewards/train/mean,171,1.296875
rewards/train/mean,172,2.5
rewards/train/mean,173,1.5546875
rewards/train/mean,174,1.18359375
rewards/train/mean,175,1.2109375
rewards/train/mean,176,2.375
rewards/train/mean,177,1.3125
rewards/train/mean,178,1.0234375
rewards/train/mean,179,2.5
rewards/train/mean,180,2.1953125
rewards/train/mean,181,2.25
rewards/train/mean,182,1.33203125
rewards/train/mean,183,2.5
rewards/train/mean,184,0.734375
rewards/train/mean,185,2.4140625
rewards/train/mean,186,2.2578125
rewards/train/mean,187,1.1484375
rewards/train/mean,188,0.91015625
rewards/train/mean,189,0.765625
rewards/train/mean,190,1.0
rewards/train/mean,191,2.5
rewards/train/mean,192,1.0625
rewards/train/mean,193,1.8515625
rewards/train/mean,194,2.0625
rewards/train/mean,195,2.2421875
rewards/train/mean,196,1.3828125
rewards/train/mean,197,2.12109375
rewards/train/mean,198,1.8984375
rewards/train/mean,199,1.3125
rewards/train/mean,200,2.3046875
rewards/train/mean,201,2.4140625
rewards/train/mean,202,0.578125
rewards/train/mean,203,2.15625
rewards/train/mean,204,2.0703125
rewards/train/mean,205,1.3828125
rewards/train/mean,206,1.375
rewards/train/mean,207,1.640625
rewards/train/mean,208,2.5
rewards/train/mean,209,1.6640625
rewards/train/mean,210,2.5
rewards/train/mean,211,2.5
rewards/train/mean,212,2.2421875
rewards/train/mean,213,2.484375
rewards/train/mean,214,2.453125
rewards/train/mean,215,1.76171875
rewards/train/mean,216,1.6953125
rewards/train/mean,217,0.265625
rewards/train/mean,218,2.328125
rewards/train/mean,219,1.984375
rewards/train/mean,220,2.234375
rewards/train/mean,221,1.5703125
rewards/train/mean,222,1.94921875
rewards/train/mean,223,2.5
rewards/train/mean,224,1.0
rewards/train/mean,225,0.8125
rewards/train/mean,226,2.3359375
rewards/train/mean,227,0.9453125
rewards/train/mean,228,2.328125
rewards/train/mean,229,2.28125
rewards/train/mean,230,0.421875
rewards/train/mean,231,2.4140625
rewards/train/mean,232,1.1640625
rewards/train/mean,233,0.171875
rewards/train/mean,234,0.6875
rewards/train/mean,235,1.015625
rewards/train/mean,236,2.328125
rewards/train/mean,237,1.25
rewards/train/mean,238,2.3359375
rewards/train/mean,239,2.5
rewards/train/mean,240,2.4375
rewards/train/mean,241,0.109375
rewards/train/mean,242,1.55078125
rewards/train/mean,243,2.4140625
rewards/train/mean,244,2.0859375
rewards/train/mean,245,2.5
rewards/train/mean,246,2.4375
rewards/train/mean,247,1.875
rewards/train/mean,248,1.296875
rewards/train/mean,249,1.2265625
rewards/train/mean,250,2.2421875
rewards/train/mean,251,0.7109375
rewards/train/mean,252,1.078125
rewards/train/mean,253,2.5
rewards/train/mean,254,2.4140625
rewards/train/mean,255,1.1484375
rewards/train/mean,256,1.34375
rewards/train/mean,257,2.0703125
rewards/train/mean,258,1.25
rewards/train/mean,259,1.25
rewards/train/mean,260,1.26953125
rewards/train/mean,261,2.484375
rewards/train/mean,262,1.4765625
rewards/train/mean,263,2.5
rewards/train/mean,264,2.5
rewards/train/mean,265,1.1328125
rewards/train/mean,266,1.59375
rewards/train/mean,267,0.625
rewards/train/mean,268,2.32421875
rewards/train/mean,269,1.5625
rewards/train/mean,270,1.37109375
rewards/train/mean,271,1.59375
rewards/train/mean,272,2.08984375
rewards/train/mean,273,1.1640625
rewards/train/mean,274,2.5
rewards/train/mean,275,0.921875
rewards/train/mean,276,2.5
rewards/train/mean,277,1.1640625
rewards/train/mean,278,2.0703125
rewards/train/mean,279,1.125
rewards/train/mean,280,2.26171875
rewards/train/mean,281,2.5
rewards/train/mean,282,1.265625
rewards/train/mean,283,1.1328125
rewards/train/mean,284,0.51171875
rewards/train/mean,285,1.4765625
rewards/train/mean,286,0.0546875
rewards/train/mean,287,1.1640625
rewards/train/mean,288,2.4609375
rewards/train/mean,289,2.328125
rewards/train/mean,290,2.4140625
rewards/train/mean,291,1.23046875
rewards/train/mean,292,1.2109375
rewards/train/mean,293,1.640625
rewards/train/mean,294,2.4140625
rewards/train/mean,295,2.265625
rewards/train/mean,296,1.5625
rewards/train/mean,297,2.0703125
rewards/train/mean,298,1.140625
rewards/train/mean,299,2.4140625
rewards/train/mean,300,1.1328125
rewards/train/mean,301,1.85546875
rewards/train/mean,302,2.2265625
rewards/train/mean,303,2.1640625
rewards/train/mean,304,2.5
rewards/train/mean,305,0.734375
rewards/train/mean,306,1.4375
rewards/train/mean,307,1.375
rewards/train/mean,308,1.24609375
rewards/train/mean,309,2.4140625
rewards/train/mean,310,0.8984375
rewards/train/mean,311,1.8125
rewards/train/mean,312,0.890625
rewards/train/mean,313,1.53125
rewards/train/mean,314,1.3828125
rewards/train/mean,315,2.5
rewards/train/mean,316,2.5
rewards/train/mean,317,1.125
rewards/train/mean,318,1.125
rewards/train/mean,319,2.2421875
rewards/train/mean,320,2.171875
rewards/train/mean,321,1.375
rewards/train/mean,322,2.5
rewards/train/mean,323,1.12890625
rewards/train/mean,324,2.12890625
rewards/train/mean,325,1.1015625
rewards/train/mean,326,2.3046875
rewards/train/mean,327,1.1640625
rewards/train/mean,328,1.2109375
rewards/train/mean,329,1.9453125
rewards/train/mean,330,1.8984375
rewards/train/mean,331,2.0703125
rewards/train/mean,332,2.2421875
rewards/train/mean,333,1.6484375
rewards/train/mean,334,1.3828125
rewards/train/mean,335,1.2109375
rewards/train/mean,336,2.06640625
rewards/train/mean,337,0.078125
rewards/train/mean,338,1.2890625
rewards/train/mean,339,1.125
rewards/train/mean,340,2.5
rewards/train/mean,341,2.015625
rewards/train/mean,342,1.9921875
rewards/train/mean,343,2.2890625
rewards/train/mean,344,2.5
rewards/train/mean,345,1.2109375
rewards/train/mean,346,2.5
rewards/train/mean,347,2.5
rewards/train/mean,348,0.96484375
rewards/train/mean,349,2.5
rewards/train/mean,350,0.84375
rewards/train/mean,351,0.74609375
rewards/train/mean,352,1.15234375
rewards/train/mean,353,1.3828125
rewards/train/mean,354,1.08203125
rewards/train/mean,355,0.96875
rewards/train/mean,356,1.35546875
rewards/train/mean,357,1.296875
rewards/train/mean,358,1.2109375
rewards/train/mean,359,1.8125
rewards/train/mean,360,1.28125
rewards/train/mean,361,2.4140625
rewards/train/mean,362,2.5
rewards/train/mean,363,1.640625
rewards/train/mean,364,2.5
rewards/train/mean,365,1.640625
rewards/train/mean,366,2.328125
rewards/train/mean,367,1.10546875
rewards/train/mean,368,1.7421875
rewards/train/mean,369,2.5
rewards/train/mean,370,2.5
rewards/train/mean,371,1.5234375
rewards/train/mean,372,1.203125
rewards/train/mean,373,2.3671875
rewards/train/mean,374,0.78515625
rewards/train/mean,375,2.5
rewards/train/mean,376,2.5
rewards/train/mean,377,2.5
rewards/train/mean,378,1.8125
rewards/train/mean,379,2.328125
rewards/train/mean,380,1.2109375
rewards/train/mean,381,2.2421875
rewards/train/mean,382,2.5
rewards/train/mean,383,2.3359375
rewards/train/mean,384,2.5
rewards/train/mean,385,1.875
rewards/train/mean,386,2.25
rewards/train/mean,387,2.5
rewards/train/mean,388,2.328125
rewards/train/mean,389,2.15625
rewards/train/mean,390,1.2421875
rewards/train/mean,391,2.4140625
rewards/train/mean,392,1.15625
rewards/train/mean,393,2.4140625
rewards/train/mean,394,2.5
rewards/train/mean,395,2.5
rewards/train/mean,396,0.5390625
rewards/train/mean,397,2.43359375
rewards/train/mean,398,1.6015625
rewards/train/mean,399,0.9140625
rewards/train/mean,400,0.484375
rewards/train/mean,401,1.9296875
rewards/train/mean,402,2.5
rewards/train/mean,403,2.04296875
rewards/train/mean,404,1.6328125
rewards/train/mean,405,1.265625
rewards/train/mean,406,1.0
rewards/train/mean,407,1.18359375
rewards/train/mean,408,2.375
rewards/train/mean,409,2.4140625
rewards/train/mean,410,2.171875
rewards/train/mean,411,2.171875
rewards/train/mean,412,2.17578125
rewards/train/mean,413,2.0390625
rewards/train/mean,414,1.42578125
rewards/train/mean,415,2.5
rewards/train/mean,416,2.2265625
rewards/train/mean,417,1.67578125
rewards/train/mean,418,1.984375
rewards/train/mean,419,2.5
rewards/train/mean,420,2.19921875
rewards/train/mean,421,1.69140625
rewards/train/mean,422,2.5
rewards/train/mean,423,1.609375
rewards/train/mean,424,1.1328125
rewards/train/mean,425,1.74609375
rewards/train/mean,426,1.86328125
rewards/train/mean,427,1.3828125
rewards/train/mean,428,1.65625
rewards/train/mean,429,1.18359375
rewards/train/mean,430,2.08984375
rewards/train/mean,431,1.125
rewards/train/mean,432,2.17578125
rewards/train/mean,433,2.15625
rewards/train/mean,434,2.4140625
rewards/train/mean,435,1.43359375
rewards/train/mean,436,2.0703125
rewards/train/mean,437,2.5
rewards/train/mean,438,0.8984375
rewards/train/mean,439,1.59375
rewards/train/mean,440,2.4140625
rewards/train/mean,441,1.0
rewards/train/mean,442,1.46875
rewards/train/mean,443,1.23046875
rewards/train/mean,444,1.7265625
rewards/train/mean,445,2.328125
rewards/train/mean,446,1.21484375
rewards/train/mean,447,2.08984375
rewards/train/mean,448,2.5
rewards/train/mean,449,2.2421875
rewards/train/mean,450,1.296875
rewards/train/mean,451,0.79296875
rewards/train/mean,452,1.2109375
rewards/train/mean,453,0.3046875
rewards/train/mean,454,2.078125
rewards/train/mean,455,2.5
rewards/train/mean,456,1.046875
rewards/train/mean,457,2.4140625
rewards/train/mean,458,1.125
rewards/train/mean,459,1.4921875
rewards/train/mean,460,2.5
rewards/train/mean,461,0.73046875
rewards/train/mean,462,1.83203125
rewards/train/mean,463,2.25
rewards/train/mean,464,1.25
rewards/train/mean,465,1.51953125
rewards/train/mean,466,0.66015625
rewards/train/mean,467,1.3046875
rewards/train/mean,468,1.234375
rewards/train/mean,469,-0.125
rewards/train/mean,470,2.1328125
rewards/train/mean,471,2.5
rewards/train/mean,472,0.421875
rewards/train/mean,473,1.2578125
rewards/train/mean,474,2.5
rewards/train/mean,475,1.6484375
rewards/train/mean,476,1.3828125
rewards/train/mean,477,0.9609375
rewards/train/mean,478,1.640625
rewards/train/mean,479,2.5
rewards/train/mean,480,2.5
rewards/train/mean,481,0.9140625
rewards/train/mean,482,2.0625
rewards/train/mean,483,1.7109375
rewards/train/mean,484,1.9921875
rewards/train/mean,485,1.296875
rewards/train/mean,486,1.4765625
rewards/train/mean,487,2.3359375
rewards/train/mean,488,2.5
rewards/train/mean,489,1.43359375
rewards/train/mean,490,2.5
rewards/train/mean,491,2.328125
rewards/train/mean,492,0.875
rewards/train/mean,493,1.8984375
rewards/train/mean,494,1.8515625
rewards/train/mean,495,1.1796875
rewards/train/mean,496,2.5
rewards/train/mean,497,1.5546875
rewards/train/mean,498,2.3359375
rewards/train/mean,499,2.5
rewards/train/mean,500,2.4140625
rewards/train/mean,501,2.5
rewards/train/mean,502,1.484375
rewards/train/mean,503,1.8125
rewards/train/mean,504,1.5546875
rewards/train/mean,505,2.5
rewards/train/mean,506,1.4296875
rewards/train/mean,507,1.6015625
rewards/train/mean,508,2.5
rewards/train/mean,509,2.296875
rewards/train/mean,510,2.328125
rewards/train/mean,511,2.5
rewards/train/mean,512,2.0703125
rewards/train/mean,513,2.15625
rewards/train/mean,514,2.3359375
rewards/train/mean,515,2.5
rewards/train/mean,516,0.6875
rewards/train/mean,517,0.0703125
rewards/train/mean,518,2.5
rewards/train/mean,519,2.5
rewards/train/mean,520,1.5625
rewards/train/mean,521,2.5
rewards/train/mean,522,2.3359375
rewards/train/mean,523,2.5
rewards/train/mean,524,2.5
rewards/train/mean,525,1.57421875
rewards/train/mean,526,2.43359375
rewards/train/mean,527,2.5
rewards/train/mean,528,1.953125
rewards/train/mean,529,2.2421875
rewards/train/mean,530,1.1953125
rewards/train/mean,531,2.0859375
rewards/train/mean,532,1.2734375
rewards/train/mean,533,1.96875
rewards/train/mean,534,2.078125
rewards/train/mean,535,2.3671875
rewards/train/mean,536,0.9765625
rewards/train/mean,537,2.5
rewards/train/mean,538,0.046875
rewards/train/mean,539,1.80078125
rewards/train/mean,540,2.2421875
rewards/train/mean,541,2.0703125
rewards/train/mean,542,2.4140625
rewards/train/mean,543,1.65625
rewards/train/mean,544,1.5546875
rewards/train/mean,545,1.26171875
rewards/train/mean,546,0.76171875
rewards/train/mean,547,1.171875
rewards/train/mean,548,2.4140625
rewards/train/mean,549,2.5
rewards/train/mean,550,1.2421875
rewards/train/mean,551,1.83203125
rewards/train/mean,552,2.5
rewards/train/mean,553,1.125
rewards/train/mean,554,2.5
rewards/train/mean,555,2.5
rewards/train/mean,556,2.15625
rewards/train/mean,557,2.4140625
rewards/train/mean,558,2.5
rewards/train/mean,559,2.2421875
rewards/train/mean,560,2.5
rewards/train/mean,561,2.4375
rewards/train/mean,562,1.984375
rewards/train/mean,563,2.0234375
rewards/train/mean,564,2.5
rewards/train/mean,565,2.28515625
rewards/train/mean,566,2.5
rewards/train/mean,567,1.51171875
rewards/train/mean,568,1.671875
rewards/train/mean,569,2.2421875
rewards/train/mean,570,2.5
rewards/train/mean,571,1.7109375
rewards/train/mean,572,0.1875
rewards/train/mean,573,2.4140625
rewards/train/mean,574,2.5
rewards/train/mean,575,2.25
rewards/train/mean,576,2.5
rewards/train/mean,577,1.8515625
rewards/train/mean,578,1.3203125
rewards/train/mean,579,1.15625
rewards/train/mean,580,1.171875
rewards/train/mean,581,2.5
rewards/train/mean,582,2.01953125
rewards/train/mean,583,2.4140625
rewards/train/mean,584,1.0078125
rewards/train/mean,585,2.5
rewards/train/mean,586,0.2109375
rewards/train/mean,587,2.5
rewards/train/mean,588,1.21875
rewards/train/mean,589,2.3359375
rewards/train/mean,590,1.8984375
rewards/train/mean,591,1.98828125
rewards/train/mean,592,1.1953125
rewards/train/mean,593,1.8359375
rewards/train/mean,594,2.15625
rewards/train/mean,595,1.40625
rewards/train/mean,596,1.8125
rewards/train/mean,597,2.3046875
rewards/train/mean,598,2.4140625
rewards/train/mean,599,2.5
rewards/train/mean,600,1.1484375
rewards/train/mean,601,1.8984375
rewards/train/mean,602,2.4375
rewards/train/mean,603,1.8984375
rewards/train/mean,604,2.5
rewards/train/mean,605,0.578125
rewards/train/mean,606,2.5
rewards/train/mean,607,1.390625
rewards/train/mean,608,2.5
rewards/train/mean,609,0.703125
rewards/train/mean,610,2.5
rewards/train/mean,611,2.328125
rewards/train/mean,612,1.42578125
rewards/train/mean,613,1.9140625
rewards/train/mean,614,2.1015625
rewards/train/mean,615,2.5
rewards/train/mean,616,0.84375
rewards/train/mean,617,1.7265625
rewards/train/mean,618,2.1640625
rewards/train/mean,619,2.3359375
rewards/train/mean,620,2.5
rewards/train/mean,621,0.8671875
rewards/train/mean,622,1.23828125
rewards/train/mean,623,2.5
rewards/train/mean,624,2.328125
rewards/train/mean,625,2.5
rewards/train/mean,626,1.6328125
rewards/train/mean,627,1.06640625
rewards/train/mean,628,0.97265625
rewards/train/mean,629,2.5
rewards/train/mean,630,0.6171875
rewards/train/mean,631,1.75
rewards/train/mean,632,0.9140625
rewards/train/mean,633,2.5
rewards/train/mean,634,1.046875
rewards/train/mean,635,2.5
rewards/train/mean,636,2.3515625
rewards/train/mean,637,2.390625
rewards/train/mean,638,1.1328125
rewards/train/mean,639,1.296875
rewards/train/mean,640,2.1328125
rewards/train/mean,641,2.078125
rewards/train/mean,642,2.1875
rewards/train/mean,643,1.3203125
rewards/train/mean,644,2.5
rewards/train/mean,645,1.640625
rewards/train/mean,646,1.484375
rewards/train/mean,647,2.328125
rewards/train/mean,648,2.375
rewards/train/mean,649,0.3671875
rewards/train/mean,650,1.59375
rewards/train/mean,651,1.8359375
rewards/train/mean,652,2.5
rewards/train/mean,653,1.3984375
rewards/train/mean,654,1.1796875
rewards/train/mean,655,1.69140625
rewards/train/mean,656,2.328125
rewards/train/mean,657,0.8125
rewards/train/mean,658,1.3359375
rewards/train/mean,659,1.0859375
rewards/train/mean,660,2.0703125
rewards/train/mean,661,2.1015625
rewards/train/mean,662,2.15625
rewards/train/mean,663,1.125
rewards/train/mean,664,1.21875
rewards/train/mean,665,1.0703125
rewards/train/mean,666,0.890625
rewards/train/mean,667,2.5
rewards/train/mean,668,1.0703125
rewards/train/mean,669,1.3046875
rewards/train/mean,670,1.5546875
rewards/train/mean,671,1.359375
rewards/train/mean,672,1.6796875
rewards/train/mean,673,2.5
rewards/train/mean,674,2.328125
rewards/train/mean,675,1.328125
rewards/train/mean,676,2.25
rewards/train/mean,677,2.4140625
rewards/train/mean,678,2.5
rewards/train/min,1,-0.5
rewards/train/min,2,-2.5
rewards/train/min,3,-0.5
rewards/train/min,4,-1.5
rewards/train/min,5,-1.5
rewards/train/min,6,-2.5
rewards/train/min,7,-1.5
rewards/train/min,8,-1.5
rewards/train/min,9,-1.5
rewards/train/min,10,-1.0
rewards/train/min,11,-2.5
rewards/train/min,12,-1.5
rewards/train/min,13,-1.5
rewards/train/min,14,-1.5
rewards/train/min,15,-2.5
rewards/train/min,16,-2.5
rewards/train/min,17,-2.5
rewards/train/min,18,-1.5
rewards/train/min,19,-2.5
rewards/train/min,20,-1.5
rewards/train/min,21,-0.5
rewards/train/min,22,-2.5
rewards/train/min,23,-2.5
rewards/train/min,24,-1.5
rewards/train/min,25,-0.5
rewards/train/min,26,-1.5
rewards/train/min,27,-1.5
rewards/train/min,28,-2.5
rewards/train/min,29,-2.5
rewards/train/min,30,-2.5
rewards/train/min,31,-2.5
rewards/train/min,32,-2.5
rewards/train/min,33,-2.5
rewards/train/min,34,-2.5
rewards/train/min,35,-2.5
rewards/train/min,36,-0.5
rewards/train/min,37,-1.5
rewards/train/min,38,-2.5
rewards/train/min,39,-0.5
rewards/train/min,40,-2.5
rewards/train/min,41,-2.5
rewards/train/min,42,-0.5
rewards/train/min,43,-2.5
rewards/train/min,44,-2.5
rewards/train/min,45,-2.5
rewards/train/min,46,-0.5
rewards/train/min,47,-1.0
rewards/train/min,48,-0.5
rewards/train/min,49,-2.5
rewards/train/min,50,-2.5
rewards/train/min,51,-2.5
rewards/train/min,52,-0.5
rewards/train/min,53,-1.5
rewards/train/min,54,-1.0
rewards/train/min,55,-2.5
rewards/train/min,56,-1.5
rewards/train/min,57,-1.0
rewards/train/min,58,-1.0
rewards/train/min,59,-2.5
rewards/train/min,60,-2.5
rewards/train/min,61,-1.5
rewards/train/min,62,-1.5
rewards/train/min,63,-0.5
rewards/train/min,64,-1.5
rewards/train/min,65,-2.5
rewards/train/min,66,-2.5
rewards/train/min,67,-1.5
rewards/train/min,68,-1.5
rewards/train/min,69,-2.5
rewards/train/min,70,-1.0
rewards/train/min,71,-2.5
rewards/train/min,72,-1.5
rewards/train/min,73,-1.5
rewards/train/min,74,0.0
rewards/train/min,75,-0.5
rewards/train/min,76,-2.5
rewards/train/min,77,-1.0
rewards/train/min,78,0.0
rewards/train/min,79,-1.0
rewards/train/min,80,-1.5
rewards/train/min,81,-0.5
rewards/train/min,82,-2.5
rewards/train/min,83,-1.5
rewards/train/min,84,-2.5
rewards/train/min,85,-1.5
rewards/train/min,86,-0.5
rewards/train/min,87,-1.0
rewards/train/min,88,-1.0
rewards/train/min,89,-1.0
rewards/train/min,90,-1.0
rewards/train/min,91,-1.5
rewards/train/min,92,1.5
rewards/train/min,93,-1.0
rewards/train/min,94,-1.0
rewards/train/min,95,0.0
rewards/train/min,96,-1.5
rewards/train/min,97,-1.5
rewards/train/min,98,-1.5
rewards/train/min,99,-1.0
rewards/train/min,100,-1.5
rewards/train/min,101,-1.0
rewards/train/min,102,-1.0
rewards/train/min,103,-1.5
rewards/train/min,104,-1.0
rewards/train/min,105,-1.0
rewards/train/min,106,-1.0
rewards/train/min,107,-1.0
rewards/train/min,108,-0.5
rewards/train/min,109,-1.5
rewards/train/min,110,-1.0
rewards/train/min,111,-1.0
rewards/train/min,112,-1.5
rewards/train/min,113,0.0
rewards/train/min,114,0.0
rewards/train/min,115,0.0
rewards/train/min,116,-1.0
rewards/train/min,117,-1.0
rewards/train/min,118,-1.0
rewards/train/min,119,1.5
rewards/train/min,120,1.5
rewards/train/min,121,-0.5
rewards/train/min,122,-1.0
rewards/train/min,123,-1.5
rewards/train/min,124,-1.0
rewards/train/min,125,-1.0
rewards/train/min,126,1.5
rewards/train/min,127,-1.0
rewards/train/min,128,-1.0
rewards/train/min,129,-1.0
rewards/train/min,130,-1.5
rewards/train/min,131,-1.0
rewards/train/min,132,-1.0
rewards/train/min,133,-1.0
rewards/train/min,134,-1.0
rewards/train/min,135,-1.5
rewards/train/min,136,-1.0
rewards/train/min,137,-1.0
rewards/train/min,138,-1.0
rewards/train/min,139,-1.0
rewards/train/min,140,0.0
rewards/train/min,141,-1.0
rewards/train/min,142,-1.0
rewards/train/min,143,-1.0
rewards/train/min,144,1.5
rewards/train/min,145,0.0
rewards/train/min,146,1.5
rewards/train/min,147,-1.0
rewards/train/min,148,-1.5
rewards/train/min,149,-1.0
rewards/train/min,150,-1.0
rewards/train/min,151,-1.5
rewards/train/min,152,-1.0
rewards/train/min,153,1.5
rewards/train/min,154,-1.0
rewards/train/min,155,-1.0
rewards/train/min,156,-0.5
rewards/train/min,157,-1.0
rewards/train/min,158,-1.0
rewards/train/min,159,-1.0
rewards/train/min,160,-1.0
rewards/train/min,161,-1.0
rewards/train/min,162,-1.0
rewards/train/min,163,-1.0
rewards/train/min,164,-1.0
rewards/train/min,165,-1.0
rewards/train/min,166,-1.0
rewards/train/min,167,-1.0
rewards/train/min,168,1.5
rewards/train/min,169,0.0
rewards/train/min,170,0.0
rewards/train/min,171,-1.0
rewards/train/min,172,1.5
rewards/train/min,173,-1.0
rewards/train/min,174,-1.0
rewards/train/min,175,-1.0
rewards/train/min,176,0.0
rewards/train/min,177,-1.0
rewards/train/min,178,-1.0
rewards/train/min,179,1.5
rewards/train/min,180,-1.0
rewards/train/min,181,-1.0
rewards/train/min,182,-1.0
rewards/train/min,183,1.5
rewards/train/min,184,-1.0
rewards/train/min,185,-1.0
rewards/train/min,186,-1.0
rewards/train/min,187,-1.0
rewards/train/min,188,-1.0
rewards/train/min,189,-1.0
rewards/train/min,190,-1.0
rewards/train/min,191,1.5
rewards/train/min,192,-1.0
rewards/train/min,193,-1.0
rewards/train/min,194,0.0
rewards/train/min,195,-1.0
rewards/train/min,196,-1.0
rewards/train/min,197,0.0
rewards/train/min,198,-1.0
rewards/train/min,199,-1.0
rewards/train/min,200,-1.0
rewards/train/min,201,-1.0
rewards/train/min,202,-1.0
rewards/train/min,203,-1.0
rewards/train/min,204,-1.0
rewards/train/min,205,-1.0
rewards/train/min,206,-1.0
rewards/train/min,207,-1.0
rewards/train/min,208,1.5
rewards/train/min,209,-1.0
rewards/train/min,210,1.5
rewards/train/min,211,1.5
rewards/train/min,212,-1.0
rewards/train/min,213,1.5
rewards/train/min,214,1.5
rewards/train/min,215,-1.0
rewards/train/min,216,-1.0
rewards/train/min,217,-0.5
rewards/train/min,218,-1.0
rewards/train/min,219,-1.0
rewards/train/min,220,0.0
rewards/train/min,221,-1.0
rewards/train/min,222,-1.0
rewards/train/min,223,1.5
rewards/train/min,224,-1.0
rewards/train/min,225,-1.0
rewards/train/min,226,-1.0
rewards/train/min,227,-1.0
rewards/train/min,228,-1.0
rewards/train/min,229,-1.0
rewards/train/min,230,-1.0
rewards/train/min,231,-1.0
rewards/train/min,232,-1.0
rewards/train/min,233,-1.0
rewards/train/min,234,-1.0
rewards/train/min,235,-1.0
rewards/train/min,236,-1.0
rewards/train/min,237,-0.5
rewards/train/min,238,-0.5
rewards/train/min,239,1.5
rewards/train/min,240,0.0
rewards/train/min,241,-1.0
rewards/train/min,242,-1.0
rewards/train/min,243,-1.0
rewards/train/min,244,-1.0
rewards/train/min,245,1.5
rewards/train/min,246,0.0
rewards/train/min,247,-0.5
rewards/train/min,248,-1.0
rewards/train/min,249,-1.0
rewards/train/min,250,-1.0
rewards/train/min,251,-1.0
rewards/train/min,252,-1.0
rewards/train/min,253,1.5
rewards/train/min,254,-1.0
rewards/train/min,255,-1.0
rewards/train/min,256,-1.0
rewards/train/min,257,-1.0
rewards/train/min,258,-0.5
rewards/train/min,259,-1.0
rewards/train/min,260,-1.0
rewards/train/min,261,1.5
rewards/train/min,262,-1.0
rewards/train/min,263,1.5
rewards/train/min,264,1.5
rewards/train/min,265,-1.0
rewards/train/min,266,-1.0
rewards/train/min,267,-1.0
rewards/train/min,268,0.0
rewards/train/min,269,-1.0
rewards/train/min,270,-1.0
rewards/train/min,271,-1.0
rewards/train/min,272,-1.0
rewards/train/min,273,-1.0
rewards/train/min,274,1.5
rewards/train/min,275,-1.0
rewards/train/min,276,1.5
rewards/train/min,277,-1.0
rewards/train/min,278,-1.0
rewards/train/min,279,-1.0
rewards/train/min,280,-1.0
rewards/train/min,281,1.5
rewards/train/min,282,-1.0
rewards/train/min,283,-1.0
rewards/train/min,284,-1.0
rewards/train/min,285,-1.0
rewards/train/min,286,-0.5
rewards/train/min,287,-1.0
rewards/train/min,288,0.5
rewards/train/min,289,-1.0
rewards/train/min,290,-1.0
rewards/train/min,291,-1.0
rewards/train/min,292,-1.0
rewards/train/min,293,-1.0
rewards/train/min,294,-1.0
rewards/train/min,295,-1.0
rewards/train/min,296,-1.0
rewards/train/min,297,-1.0
rewards/train/min,298,-1.0
rewards/train/min,299,-1.0
rewards/train/min,300,-1.0
rewards/train/min,301,-1.0
rewards/train/min,302,-0.5
rewards/train/min,303,-1.0
rewards/train/min,304,1.5
rewards/train/min,305,-1.0
rewards/train/min,306,-1.0
rewards/train/min,307,-1.0
rewards/train/min,308,-1.0
rewards/train/min,309,-1.0
rewards/train/min,310,-1.0
rewards/train/min,311,-1.0
rewards/train/min,312,-1.0
rewards/train/min,313,-0.5
rewards/train/min,314,-1.0
rewards/train/min,315,1.5
rewards/train/min,316,1.5
rewards/train/min,317,-1.0
rewards/train/min,318,-1.0
rewards/train/min,319,-1.0
rewards/train/min,320,-0.5
rewards/train/min,321,-1.0
rewards/train/min,322,1.5
rewards/train/min,323,-1.0
rewards/train/min,324,-1.0
rewards/train/min,325,-1.0
rewards/train/min,326,-1.0
rewards/train/min,327,-1.0
rewards/train/min,328,-1.0
rewards/train/min,329,-1.0
rewards/train/min,330,-1.0
rewards/train/min,331,-1.0
rewards/train/min,332,-1.0
rewards/train/min,333,-1.0
rewards/train/min,334,-1.0
rewards/train/min,335,-1.0
rewards/train/min,336,-1.0
rewards/train/min,337,-1.0
rewards/train/min,338,-1.0
rewards/train/min,339,-1.0
rewards/train/min,340,1.5
rewards/train/min,341,-1.0
rewards/train/min,342,-1.0
rewards/train/min,343,-1.0
rewards/train/min,344,1.5
rewards/train/min,345,-1.0
rewards/train/min,346,1.5
rewards/train/min,347,1.5
rewards/train/min,348,-1.0
rewards/train/min,349,1.5
rewards/train/min,350,-1.0
rewards/train/min,351,-1.0
rewards/train/min,352,-1.0
rewards/train/min,353,-1.0
rewards/train/min,354,-1.0
rewards/train/min,355,-1.0
rewards/train/min,356,-1.0
rewards/train/min,357,-1.0
rewards/train/min,358,-1.0
rewards/train/min,359,-1.0
rewards/train/min,360,-1.0
rewards/train/min,361,-1.0
rewards/train/min,362,1.5
rewards/train/min,363,-1.0
rewards/train/min,364,1.5
rewards/train/min,365,-1.0
rewards/train/min,366,-1.0
rewards/train/min,367,-1.0
rewards/train/min,368,-1.0
rewards/train/min,369,1.5
rewards/train/min,370,1.5
rewards/train/min,371,-1.0
rewards/train/min,372,-1.0
rewards/train/min,373,0.0
rewards/train/min,374,-1.0
rewards/train/min,375,1.5
rewards/train/min,376,1.5
rewards/train/min,377,1.5
rewards/train/min,378,-1.0
rewards/train/min,379,0.0
rewards/train/min,380,-1.0
rewards/train/min,381,-1.0
rewards/train/min,382,1.5
rewards/train/min,383,-0.5
rewards/train/min,384,1.5
rewards/train/min,385,0.0
rewards/train/min,386,-1.0
rewards/train/min,387,1.5
rewards/train/min,388,-1.0
rewards/train/min,389,-1.0
rewards/train/min,390,-1.0
rewards/train/min,391,-1.0
rewards/train/min,392,-1.0
rewards/train/min,393,-1.0
rewards/train/min,394,1.5
rewards/train/min,395,1.5
rewards/train/min,396,-1.0
rewards/train/min,397,0.0
rewards/train/min,398,-1.0
rewards/train/min,399,-1.0
rewards/train/min,400,-1.0
rewards/train/min,401,-1.0
rewards/train/min,402,1.5
rewards/train/min,403,-1.0
rewards/train/min,404,-1.0
rewards/train/min,405,-1.0
rewards/train/min,406,-1.0
rewards/train/min,407,-1.0
rewards/train/min,408,0.0
rewards/train/min,409,-1.0
rewards/train/min,410,-0.5
rewards/train/min,411,0.0
rewards/train/min,412,-1.0
rewards/train/min,413,-1.0
rewards/train/min,414,-1.0
rewards/train/min,415,1.5
rewards/train/min,416,-1.0
rewards/train/min,417,-1.0
rewards/train/min,418,-1.0
rewards/train/min,419,1.5
rewards/train/min,420,-1.0
rewards/train/min,421,-1.0
rewards/train/min,422,1.5
rewards/train/min,423,-1.0
rewards/train/min,424,-1.0
rewards/train/min,425,-1.0
rewards/train/min,426,-1.0
rewards/train/min,427,-1.0
rewards/train/min,428,-1.0
rewards/train/min,429,-1.0
rewards/train/min,430,-1.0
rewards/train/min,431,-1.0
rewards/train/min,432,-1.0
rewards/train/min,433,-1.0
rewards/train/min,434,-1.0
rewards/train/min,435,-1.0
rewards/train/min,436,-1.0
rewards/train/min,437,1.5
rewards/train/min,438,-1.0
rewards/train/min,439,-1.0
rewards/train/min,440,-1.0
rewards/train/min,441,-1.0
rewards/train/min,442,-1.0
rewards/train/min,443,-1.0
rewards/train/min,444,-1.0
rewards/train/min,445,-1.0
rewards/train/min,446,-1.0
rewards/train/min,447,-1.0
rewards/train/min,448,1.5
rewards/train/min,449,-1.0
rewards/train/min,450,-1.0
rewards/train/min,451,-1.0
rewards/train/min,452,-1.0
rewards/train/min,453,-1.0
rewards/train/min,454,-1.0
rewards/train/min,455,1.5
rewards/train/min,456,-1.0
rewards/train/min,457,-1.0
rewards/train/min,458,-1.0
rewards/train/min,459,-1.0
rewards/train/min,460,1.5
rewards/train/min,461,-1.0
rewards/train/min,462,-1.0
rewards/train/min,463,-1.0
rewards/train/min,464,-0.5
rewards/train/min,465,-1.0
rewards/train/min,466,-1.0
rewards/train/min,467,-1.0
rewards/train/min,468,-1.0
rewards/train/min,469,-0.5
rewards/train/min,470,-1.0
rewards/train/min,471,1.5
rewards/train/min,472,-1.0
rewards/train/min,473,-1.0
rewards/train/min,474,1.5
rewards/train/min,475,-1.0
rewards/train/min,476,-1.0
rewards/train/min,477,-1.0
rewards/train/min,478,-1.0
rewards/train/min,479,1.5
rewards/train/min,480,1.5
rewards/train/min,481,-1.0
rewards/train/min,482,-1.0
rewards/train/min,483,-1.0
rewards/train/min,484,-1.0
rewards/train/min,485,-1.0
rewards/train/min,486,-1.0
rewards/train/min,487,-0.5
rewards/train/min,488,1.5
rewards/train/min,489,-1.0
rewards/train/min,490,1.5
rewards/train/min,491,-1.0
rewards/train/min,492,-1.0
rewards/train/min,493,-1.0
rewards/train/min,494,-0.5
rewards/train/min,495,-1.0
rewards/train/min,496,1.5
rewards/train/min,497,-1.0
rewards/train/min,498,-0.5
rewards/train/min,499,1.5
rewards/train/min,500,-1.0
rewards/train/min,501,1.5
rewards/train/min,502,-1.0
rewards/train/min,503,-0.5
rewards/train/min,504,-1.0
rewards/train/min,505,1.5
rewards/train/min,506,-1.0
rewards/train/min,507,-1.0
rewards/train/min,508,1.5
rewards/train/min,509,-1.0
rewards/train/min,510,-1.0
rewards/train/min,511,1.5
rewards/train/min,512,-1.0
rewards/train/min,513,-1.0
rewards/train/min,514,-0.5
rewards/train/min,515,1.5
rewards/train/min,516,-1.0
rewards/train/min,517,-1.0
rewards/train/min,518,1.5
rewards/train/min,519,1.5
rewards/train/min,520,-1.0
rewards/train/min,521,1.5
rewards/train/min,522,-0.5
rewards/train/min,523,1.5
rewards/train/min,524,1.5
rewards/train/min,525,-1.0
rewards/train/min,526,0.0
rewards/train/min,527,1.5
rewards/train/min,528,-1.0
rewards/train/min,529,-1.0
rewards/train/min,530,-1.0
rewards/train/min,531,-1.0
rewards/train/min,532,-1.0
rewards/train/min,533,-1.0
rewards/train/min,534,-1.0
rewards/train/min,535,0.0
rewards/train/min,536,-1.0
rewards/train/min,537,1.5
rewards/train/min,538,-0.5
rewards/train/min,539,-1.0
rewards/train/min,540,0.0
rewards/train/min,541,-1.0
rewards/train/min,542,-1.0
rewards/train/min,543,-1.0
rewards/train/min,544,-1.0
rewards/train/min,545,-1.0
rewards/train/min,546,-1.0
rewards/train/min,547,-1.0
rewards/train/min,548,-1.0
rewards/train/min,549,1.5
rewards/train/min,550,-1.0
rewards/train/min,551,-1.0
rewards/train/min,552,1.5
rewards/train/min,553,-1.0
rewards/train/min,554,1.5
rewards/train/min,555,1.5
rewards/train/min,556,-1.0
rewards/train/min,557,-1.0
rewards/train/min,558,1.5
rewards/train/min,559,-1.0
rewards/train/min,560,1.5
rewards/train/min,561,0.0
rewards/train/min,562,-1.0
rewards/train/min,563,-0.5
rewards/train/min,564,1.5
rewards/train/min,565,-1.0
rewards/train/min,566,1.5
rewards/train/min,567,-1.0
rewards/train/min,568,-1.0
rewards/train/min,569,-1.0
rewards/train/min,570,1.5
rewards/train/min,571,-1.0
rewards/train/min,572,-1.0
rewards/train/min,573,-1.0
rewards/train/min,574,1.5
rewards/train/min,575,-1.0
rewards/train/min,576,1.5
rewards/train/min,577,0.0
rewards/train/min,578,-1.0
rewards/train/min,579,-1.0
rewards/train/min,580,-1.0
rewards/train/min,581,1.5
rewards/train/min,582,-1.0
rewards/train/min,583,-1.0
rewards/train/min,584,-1.0
rewards/train/min,585,1.5
rewards/train/min,586,-1.0
rewards/train/min,587,1.5
rewards/train/min,588,-1.0
rewards/train/min,589,-0.5
rewards/train/min,590,-1.0
rewards/train/min,591,-1.0
rewards/train/min,592,-1.0
rewards/train/min,593,-1.0
rewards/train/min,594,-1.0
rewards/train/min,595,-1.0
rewards/train/min,596,-1.0
rewards/train/min,597,0.5
rewards/train/min,598,-1.0
rewards/train/min,599,1.5
rewards/train/min,600,-1.0
rewards/train/min,601,-1.0
rewards/train/min,602,0.0
rewards/train/min,603,-1.0
rewards/train/min,604,1.5
rewards/train/min,605,-1.0
rewards/train/min,606,1.5
rewards/train/min,607,-1.0
rewards/train/min,608,1.5
rewards/train/min,609,-1.0
rewards/train/min,610,1.5
rewards/train/min,611,-1.0
rewards/train/min,612,-1.0
rewards/train/min,613,-1.0
rewards/train/min,614,-1.0
rewards/train/min,615,1.5
rewards/train/min,616,-1.0
rewards/train/min,617,-1.0
rewards/train/min,618,-1.0
rewards/train/min,619,-0.5
rewards/train/min,620,1.5
rewards/train/min,621,-1.0
rewards/train/min,622,-0.5
rewards/train/min,623,1.5
rewards/train/min,624,-1.0
rewards/train/min,625,1.5
rewards/train/min,626,-1.0
rewards/train/min,627,-1.0
rewards/train/min,628,-1.0
rewards/train/min,629,1.5
rewards/train/min,630,-1.0
rewards/train/min,631,-1.0
rewards/train/min,632,-1.0
rewards/train/min,633,1.5
rewards/train/min,634,-1.0
rewards/train/min,635,1.5
rewards/train/min,636,-1.0
rewards/train/min,637,0.0
rewards/train/min,638,-1.0
rewards/train/min,639,-1.0
rewards/train/min,640,-1.0
rewards/train/min,641,-1.0
rewards/train/min,642,0.0
rewards/train/min,643,-1.0
rewards/train/min,644,1.5
rewards/train/min,645,-1.0
rewards/train/min,646,-1.0
rewards/train/min,647,-1.0
rewards/train/min,648,0.0
rewards/train/min,649,-2.5
rewards/train/min,650,-1.0
rewards/train/min,651,0.0
rewards/train/min,652,1.5
rewards/train/min,653,-1.0
rewards/train/min,654,-1.0
rewards/train/min,655,-1.0
rewards/train/min,656,-1.0
rewards/train/min,657,-1.0
rewards/train/min,658,-1.0
rewards/train/min,659,-1.0
rewards/train/min,660,-1.0
rewards/train/min,661,-1.0
rewards/train/min,662,-1.0
rewards/train/min,663,-1.0
rewards/train/min,664,-1.0
rewards/train/min,665,-1.0
rewards/train/min,666,-1.0
rewards/train/min,667,1.5
rewards/train/min,668,-1.0
rewards/train/min,669,-1.0
rewards/train/min,670,-1.0
rewards/train/min,671,-1.0
rewards/train/min,672,-1.0
rewards/train/min,673,1.5
rewards/train/min,674,-1.0
rewards/train/min,675,-1.0
rewards/train/min,676,-1.0
rewards/train/min,677,-1.0
rewards/train/min,678,1.5
rewards/train/max,1,1.5
rewards/train/max,2,1.5
rewards/train/max,3,1.5
rewards/train/max,4,3.0
rewards/train/max,5,0.0
rewards/train/max,6,1.5
rewards/train/max,7,1.5
rewards/train/max,8,1.5
rewards/train/max,9,1.5
rewards/train/max,10,3.0
rewards/train/max,11,0.0
rewards/train/max,12,1.5
rewards/train/max,13,1.5
rewards/train/max,14,3.0
rewards/train/max,15,1.5
rewards/train/max,16,1.5
rewards/train/max,17,1.5
rewards/train/max,18,1.5
rewards/train/max,19,3.0
rewards/train/max,20,1.5
rewards/train/max,21,1.5
rewards/train/max,22,1.5
rewards/train/max,23,1.5
rewards/train/max,24,1.5
rewards/train/max,25,1.5
rewards/train/max,26,1.5
rewards/train/max,27,1.5
rewards/train/max,28,1.5
rewards/train/max,29,0.0
rewards/train/max,30,1.5
rewards/train/max,31,1.5
rewards/train/max,32,1.5
rewards/train/max,33,0.0
rewards/train/max,34,1.5
rewards/train/max,35,3.0
rewards/train/max,36,1.5
rewards/train/max,37,3.0
rewards/train/max,38,3.0
rewards/train/max,39,1.5
rewards/train/max,40,3.0
rewards/train/max,41,1.5
rewards/train/max,42,1.5
rewards/train/max,43,1.5
rewards/train/max,44,1.5
rewards/train/max,45,0.0
rewards/train/max,46,1.5
rewards/train/max,47,3.0
rewards/train/max,48,3.0
rewards/train/max,49,3.0
rewards/train/max,50,1.5
rewards/train/max,51,3.0
rewards/train/max,52,3.0
rewards/train/max,53,1.5
rewards/train/max,54,3.0
rewards/train/max,55,3.0
rewards/train/max,56,1.5
rewards/train/max,57,3.0
rewards/train/max,58,3.0
rewards/train/max,59,3.0
rewards/train/max,60,3.0
rewards/train/max,61,3.0
rewards/train/max,62,1.5
rewards/train/max,63,3.0
rewards/train/max,64,3.0
rewards/train/max,65,1.5
rewards/train/max,66,1.5
rewards/train/max,67,3.0
rewards/train/max,68,1.5
rewards/train/max,69,1.5
rewards/train/max,70,3.0
rewards/train/max,71,3.0
rewards/train/max,72,3.0
rewards/train/max,73,3.0
rewards/train/max,74,3.0
rewards/train/max,75,3.0
rewards/train/max,76,3.0
rewards/train/max,77,3.0
rewards/train/max,78,3.0
rewards/train/max,79,3.0
rewards/train/max,80,3.0
rewards/train/max,81,1.5
rewards/train/max,82,3.0
rewards/train/max,83,3.0
rewards/train/max,84,1.5
rewards/train/max,85,3.0
rewards/train/max,86,3.0
rewards/train/max,87,3.0
rewards/train/max,88,3.0
rewards/train/max,89,3.0
rewards/train/max,90,3.0
rewards/train/max,91,3.0
rewards/train/max,92,3.0
rewards/train/max,93,3.0
rewards/train/max,94,3.0
rewards/train/max,95,3.0
rewards/train/max,96,3.0
rewards/train/max,97,3.0
rewards/train/max,98,3.0
rewards/train/max,99,3.0
rewards/train/max,100,3.0
rewards/train/max,101,3.0
rewards/train/max,102,3.0
rewards/train/max,103,3.0
rewards/train/max,104,3.0
rewards/train/max,105,3.0
rewards/train/max,106,3.0
rewards/train/max,107,3.0
rewards/train/max,108,3.0
rewards/train/max,109,3.0
rewards/train/max,110,3.0
rewards/train/max,111,3.0
rewards/train/max,112,3.0
rewards/train/max,113,3.0
rewards/train/max,114,3.0
rewards/train/max,115,3.0
rewards/train/max,116,3.0
rewards/train/max,117,3.0
rewards/train/max,118,3.0
rewards/train/max,119,3.0
rewards/train/max,120,3.0
rewards/train/max,121,3.0
rewards/train/max,122,3.0
rewards/train/max,123,3.0
rewards/train/max,124,3.0
rewards/train/max,125,3.0
rewards/train/max,126,3.0
rewards/train/max,127,3.0
rewards/train/max,128,3.0
rewards/train/max,129,3.0
rewards/train/max,130,3.0
rewards/train/max,131,3.0
rewards/train/max,132,3.0
rewards/train/max,133,3.0
rewards/train/max,134,3.0
rewards/train/max,135,3.0
rewards/train/max,136,3.0
rewards/train/max,137,3.0
rewards/train/max,138,3.0
rewards/train/max,139,3.0
rewards/train/max,140,3.0
rewards/train/max,141,3.0
rewards/train/max,142,3.0
rewards/train/max,143,3.0
rewards/train/max,144,3.0
rewards/train/max,145,3.0
rewards/train/max,146,3.0
rewards/train/max,147,3.0
rewards/train/max,148,3.0
rewards/train/max,149,3.0
rewards/train/max,150,3.0
rewards/train/max,151,3.0
rewards/train/max,152,3.0
rewards/train/max,153,3.0
rewards/train/max,154,3.0
rewards/train/max,155,3.0
rewards/train/max,156,3.0
rewards/train/max,157,3.0
rewards/train/max,158,3.0
rewards/train/max,159,3.0
rewards/train/max,160,3.0
rewards/train/max,161,3.0
rewards/train/max,162,3.0
rewards/train/max,163,3.0
rewards/train/max,164,3.0
rewards/train/max,165,3.0
rewards/train/max,166,3.0
rewards/train/max,167,3.0
rewards/train/max,168,3.0
rewards/train/max,169,3.0
rewards/train/max,170,3.0
rewards/train/max,171,3.0
rewards/train/max,172,3.0
rewards/train/max,173,3.0
rewards/train/max,174,3.0
rewards/train/max,175,3.0
rewards/train/max,176,3.0
rewards/train/max,177,3.0
rewards/train/max,178,3.0
rewards/train/max,179,3.0
rewards/train/max,180,3.0
rewards/train/max,181,3.0
rewards/train/max,182,3.0
rewards/train/max,183,3.0
rewards/train/max,184,3.0
rewards/train/max,185,3.0
rewards/train/max,186,3.0
rewards/train/max,187,3.0
rewards/train/max,188,3.0
rewards/train/max,189,3.0
rewards/train/max,190,3.0
rewards/train/max,191,3.0
rewards/train/max,192,3.0
rewards/train/max,193,3.0
rewards/train/max,194,3.0
rewards/train/max,195,3.0
rewards/train/max,196,3.0
rewards/train/max,197,3.0
rewards/train/max,198,3.0
rewards/train/max,199,3.0
rewards/train/max,200,3.0
rewards/train/max,201,3.0
rewards/train/max,202,3.0
rewards/train/max,203,3.0
rewards/train/max,204,3.0
rewards/train/max,205,3.0
rewards/train/max,206,3.0
rewards/train/max,207,3.0
rewards/train/max,208,3.0
rewards/train/max,209,3.0
rewards/train/max,210,3.0
rewards/train/max,211,3.0
rewards/train/max,212,3.0
rewards/train/max,213,3.0
rewards/train/max,214,3.0
rewards/train/max,215,3.0
rewards/train/max,216,3.0
rewards/train/max,217,3.0
rewards/train/max,218,3.0
rewards/train/max,219,3.0
rewards/train/max,220,3.0
rewards/train/max,221,3.0
rewards/train/max,222,3.0
rewards/train/max,223,3.0
rewards/train/max,224,3.0
rewards/train/max,225,3.0
rewards/train/max,226,3.0
rewards/train/max,227,3.0
rewards/train/max,228,3.0
rewards/train/max,229,3.0
rewards/train/max,230,3.0
rewards/train/max,231,3.0
rewards/train/max,232,3.0
rewards/train/max,233,3.0
rewards/train/max,234,3.0
rewards/train/max,235,3.0
rewards/train/max,236,3.0
rewards/train/max,237,3.0
rewards/train/max,238,3.0
rewards/train/max,239,3.0
rewards/train/max,240,3.0
rewards/train/max,241,3.0
rewards/train/max,242,3.0
rewards/train/max,243,3.0
rewards/train/max,244,3.0
rewards/train/max,245,3.0
rewards/train/max,246,3.0
rewards/train/max,247,3.0
rewards/train/max,248,3.0
rewards/train/max,249,3.0
rewards/train/max,250,3.0
rewards/train/max,251,3.0
rewards/train/max,252,3.0
rewards/train/max,253,3.0
rewards/train/max,254,3.0
rewards/train/max,255,3.0
rewards/train/max,256,3.0
rewards/train/max,257,3.0
rewards/train/max,258,3.0
rewards/train/max,259,3.0
rewards/train/max,260,3.0
rewards/train/max,261,3.0
rewards/train/max,262,3.0
rewards/train/max,263,3.0
rewards/train/max,264,3.0
rewards/train/max,265,3.0
rewards/train/max,266,3.0
rewards/train/max,267,3.0
rewards/train/max,268,3.0
rewards/train/max,269,3.0
rewards/train/max,270,3.0
rewards/train/max,271,3.0
rewards/train/max,272,3.0
rewards/train/max,273,3.0
rewards/train/max,274,3.0
rewards/train/max,275,3.0
rewards/train/max,276,3.0
rewards/train/max,277,3.0
rewards/train/max,278,3.0
rewards/train/max,279,3.0
rewards/train/max,280,3.0
rewards/train/max,281,3.0
rewards/train/max,282,3.0
rewards/train/max,283,3.0
rewards/train/max,284,3.0
rewards/train/max,285,3.0
rewards/train/max,286,3.0
rewards/train/max,287,3.0
rewards/train/max,288,3.0
rewards/train/max,289,3.0
rewards/train/max,290,3.0
rewards/train/max,291,3.0
rewards/train/max,292,3.0
rewards/train/max,293,3.0
rewards/train/max,294,3.0
rewards/train/max,295,3.0
rewards/train/max,296,3.0
rewards/train/max,297,3.0
rewards/train/max,298,3.0
rewards/train/max,299,3.0
rewards/train/max,300,3.0
rewards/train/max,301,3.0
rewards/train/max,302,3.0
rewards/train/max,303,3.0
rewards/train/max,304,3.0
rewards/train/max,305,3.0
rewards/train/max,306,3.0
rewards/train/max,307,3.0
rewards/train/max,308,3.0
rewards/train/max,309,3.0
rewards/train/max,310,3.0
rewards/train/max,311,3.0
rewards/train/max,312,3.0
rewards/train/max,313,3.0
rewards/train/max,314,3.0
rewards/train/max,315,3.0
rewards/train/max,316,3.0
rewards/train/max,317,3.0
rewards/train/max,318,3.0
rewards/train/max,319,3.0
rewards/train/max,320,3.0
rewards/train/max,321,3.0
rewards/train/max,322,3.0
rewards/train/max,323,3.0
rewards/train/max,324,3.0
rewards/train/max,325,3.0
rewards/train/max,326,3.0
rewards/train/max,327,3.0
rewards/train/max,328,3.0
rewards/train/max,329,3.0
rewards/train/max,330,3.0
rewards/train/max,331,3.0
rewards/train/max,332,3.0
rewards/train/max,333,3.0
rewards/train/max,334,3.0
rewards/train/max,335,3.0
rewards/train/max,336,3.0
rewards/train/max,337,3.0
rewards/train/max,338,3.0
rewards/train/max,339,3.0
rewards/train/max,340,3.0
rewards/train/max,341,3.0
rewards/train/max,342,3.0
rewards/train/max,343,3.0
rewards/train/max,344,3.0
rewards/train/max,345,3.0
rewards/train/max,346,3.0
rewards/train/max,347,3.0
rewards/train/max,348,3.0
rewards/train/max,349,3.0
rewards/train/max,350,3.0
rewards/train/max,351,3.0
rewards/train/max,352,3.0
rewards/train/max,353,3.0
rewards/train/max,354,3.0
rewards/train/max,355,3.0
rewards/train/max,356,3.0
rewards/train/max,357,3.0
rewards/train/max,358,3.0
rewards/train/max,359,3.0
rewards/train/max,360,3.0
rewards/train/max,361,3.0
rewards/train/max,362,3.0
rewards/train/max,363,3.0
rewards/train/max,364,3.0
rewards/train/max,365,3.0
rewards/train/max,366,3.0
rewards/train/max,367,3.0
rewards/train/max,368,3.0
rewards/train/max,369,3.0
rewards/train/max,370,3.0
rewards/train/max,371,3.0
rewards/train/max,372,3.0
rewards/train/max,373,3.0
rewards/train/max,374,3.0
rewards/train/max,375,3.0
rewards/train/max,376,3.0
rewards/train/max,377,3.0
rewards/train/max,378,3.0
rewards/train/max,379,3.0
rewards/train/max,380,3.0
rewards/train/max,381,3.0
rewards/train/max,382,3.0
rewards/train/max,383,3.0
rewards/train/max,384,3.0
rewards/train/max,385,3.0
rewards/train/max,386,3.0
rewards/train/max,387,3.0
rewards/train/max,388,3.0
rewards/train/max,389,3.0
rewards/train/max,390,3.0
rewards/train/max,391,3.0
rewards/train/max,392,3.0
rewards/train/max,393,3.0
rewards/train/max,394,3.0
rewards/train/max,395,3.0
rewards/train/max,396,3.0
rewards/train/max,397,3.0
rewards/train/max,398,3.0
rewards/train/max,399,3.0
rewards/train/max,400,3.0
rewards/train/max,401,3.0
rewards/train/max,402,3.0
rewards/train/max,403,3.0
rewards/train/max,404,3.0
rewards/train/max,405,3.0
rewards/train/max,406,3.0
rewards/train/max,407,3.0
rewards/train/max,408,3.0
rewards/train/max,409,3.0
rewards/train/max,410,3.0
rewards/train/max,411,3.0
rewards/train/max,412,3.0
rewards/train/max,413,3.0
rewards/train/max,414,3.0
rewards/train/max,415,3.0
rewards/train/max,416,3.0
rewards/train/max,417,3.0
rewards/train/max,418,3.0
rewards/train/max,419,3.0
rewards/train/max,420,3.0
rewards/train/max,421,3.0
rewards/train/max,422,3.0
rewards/train/max,423,3.0
rewards/train/max,424,3.0
rewards/train/max,425,3.0
rewards/train/max,426,3.0
rewards/train/max,427,3.0
rewards/train/max,428,3.0
rewards/train/max,429,3.0
rewards/train/max,430,3.0
rewards/train/max,431,3.0
rewards/train/max,432,3.0
rewards/train/max,433,3.0
rewards/train/max,434,3.0
rewards/train/max,435,3.0
rewards/train/max,436,3.0
rewards/train/max,437,3.0
rewards/train/max,438,3.0
rewards/train/max,439,3.0
rewards/train/max,440,3.0
rewards/train/max,441,3.0
rewards/train/max,442,3.0
rewards/train/max,443,3.0
rewards/train/max,444,3.0
rewards/train/max,445,3.0
rewards/train/max,446,3.0
rewards/train/max,447,3.0
rewards/train/max,448,3.0
rewards/train/max,449,3.0
rewards/train/max,450,3.0
rewards/train/max,451,3.0
rewards/train/max,452,3.0
rewards/train/max,453,3.0
rewards/train/max,454,3.0
rewards/train/max,455,3.0
rewards/train/max,456,3.0
rewards/train/max,457,3.0
rewards/train/max,458,3.0
rewards/train/max,459,3.0
rewards/train/max,460,3.0
rewards/train/max,461,3.0
rewards/train/max,462,3.0
rewards/train/max,463,3.0
rewards/train/max,464,3.0
rewards/train/max,465,3.0
rewards/train/max,466,3.0
rewards/train/max,467,3.0
rewards/train/max,468,3.0
rewards/train/max,469,0.0
rewards/train/max,470,3.0
rewards/train/max,471,3.0
rewards/train/max,472,3.0
rewards/train/max,473,3.0
rewards/train/max,474,3.0
rewards/train/max,475,3.0
rewards/train/max,476,3.0
rewards/train/max,477,3.0
rewards/train/max,478,3.0
rewards/train/max,479,3.0
rewards/train/max,480,3.0
rewards/train/max,481,3.0
rewards/train/max,482,3.0
rewards/train/max,483,3.0
rewards/train/max,484,3.0
rewards/train/max,485,3.0
rewards/train/max,486,3.0
rewards/train/max,487,3.0
rewards/train/max,488,3.0
rewards/train/max,489,3.0
rewards/train/max,490,3.0
rewards/train/max,491,3.0
rewards/train/max,492,3.0
rewards/train/max,493,3.0
rewards/train/max,494,3.0
rewards/train/max,495,3.0
rewards/train/max,496,3.0
rewards/train/max,497,3.0
rewards/train/max,498,3.0
rewards/train/max,499,3.0
rewards/train/max,500,3.0
rewards/train/max,501,3.0
rewards/train/max,502,3.0
rewards/train/max,503,3.0
rewards/train/max,504,3.0
rewards/train/max,505,3.0
rewards/train/max,506,3.0
rewards/train/max,507,3.0
rewards/train/max,508,3.0
rewards/train/max,509,3.0
rewards/train/max,510,3.0
rewards/train/max,511,3.0
rewards/train/max,512,3.0
rewards/train/max,513,3.0
rewards/train/max,514,3.0
rewards/train/max,515,3.0
rewards/train/max,516,3.0
rewards/train/max,517,3.0
rewards/train/max,518,3.0
rewards/train/max,519,3.0
rewards/train/max,520,3.0
rewards/train/max,521,3.0
rewards/train/max,522,3.0
rewards/train/max,523,3.0
rewards/train/max,524,3.0
rewards/train/max,525,3.0
rewards/train/max,526,3.0
rewards/train/max,527,3.0
rewards/train/max,528,3.0
rewards/train/max,529,3.0
rewards/train/max,530,3.0
rewards/train/max,531,3.0
rewards/train/max,532,3.0
rewards/train/max,533,3.0
rewards/train/max,534,3.0
rewards/train/max,535,3.0
rewards/train/max,536,3.0
rewards/train/max,537,3.0
rewards/train/max,538,3.0
rewards/train/max,539,3.0
rewards/train/max,540,3.0
rewards/train/max,541,3.0
rewards/train/max,542,3.0
rewards/train/max,543,3.0
rewards/train/max,544,3.0
rewards/train/max,545,3.0
rewards/train/max,546,3.0
rewards/train/max,547,3.0
rewards/train/max,548,3.0
rewards/train/max,549,3.0
rewards/train/max,550,3.0
rewards/train/max,551,3.0
rewards/train/max,552,3.0
rewards/train/max,553,3.0
rewards/train/max,554,3.0
rewards/train/max,555,3.0
rewards/train/max,556,3.0
rewards/train/max,557,3.0
rewards/train/max,558,3.0
rewards/train/max,559,3.0
rewards/train/max,560,3.0
rewards/train/max,561,3.0
rewards/train/max,562,3.0
rewards/train/max,563,3.0
rewards/train/max,564,3.0
rewards/train/max,565,3.0
rewards/train/max,566,3.0
rewards/train/max,567,3.0
rewards/train/max,568,3.0
rewards/train/max,569,3.0
rewards/train/max,570,3.0
rewards/train/max,571,3.0
rewards/train/max,572,3.0
rewards/train/max,573,3.0
rewards/train/max,574,3.0
rewards/train/max,575,3.0
rewards/train/max,576,3.0
rewards/train/max,577,3.0
rewards/train/max,578,3.0
rewards/train/max,579,3.0
rewards/train/max,580,3.0
rewards/train/max,581,3.0
rewards/train/max,582,3.0
rewards/train/max,583,3.0
rewards/train/max,584,3.0
rewards/train/max,585,3.0
rewards/train/max,586,3.0
rewards/train/max,587,3.0
rewards/train/max,588,3.0
rewards/train/max,589,3.0
rewards/train/max,590,3.0
rewards/train/max,591,3.0
rewards/train/max,592,3.0
rewards/train/max,593,3.0
rewards/train/max,594,3.0
rewards/train/max,595,3.0
rewards/train/max,596,3.0
rewards/train/max,597,3.0
rewards/train/max,598,3.0
rewards/train/max,599,3.0
rewards/train/max,600,3.0
rewards/train/max,601,3.0
rewards/train/max,602,3.0
rewards/train/max,603,3.0
rewards/train/max,604,3.0
rewards/train/max,605,3.0
rewards/train/max,606,3.0
rewards/train/max,607,3.0
rewards/train/max,608,3.0
rewards/train/max,609,3.0
rewards/train/max,610,3.0
rewards/train/max,611,3.0
rewards/train/max,612,3.0
rewards/train/max,613,3.0
rewards/train/max,614,3.0
rewards/train/max,615,3.0
rewards/train/max,616,3.0
rewards/train/max,617,3.0
rewards/train/max,618,3.0
rewards/train/max,619,3.0
rewards/train/max,620,3.0
rewards/train/max,621,3.0
rewards/train/max,622,3.0
rewards/train/max,623,3.0
rewards/train/max,624,3.0
rewards/train/max,625,3.0
rewards/train/max,626,3.0
rewards/train/max,627,3.0
rewards/train/max,628,3.0
rewards/train/max,629,3.0
rewards/train/max,630,3.0
rewards/train/max,631,3.0
rewards/train/max,632,3.0
rewards/train/max,633,3.0
rewards/train/max,634,3.0
rewards/train/max,635,3.0
rewards/train/max,636,3.0
rewards/train/max,637,3.0
rewards/train/max,638,3.0
rewards/train/max,639,3.0
rewards/train/max,640,3.0
rewards/train/max,641,3.0
rewards/train/max,642,3.0
rewards/train/max,643,3.0
rewards/train/max,644,3.0
rewards/train/max,645,3.0
rewards/train/max,646,3.0
rewards/train/max,647,3.0
rewards/train/max,648,3.0
rewards/train/max,649,3.0
rewards/train/max,650,3.0
rewards/train/max,651,3.0
rewards/train/max,652,3.0
rewards/train/max,653,3.0
rewards/train/max,654,3.0
rewards/train/max,655,3.0
rewards/train/max,656,3.0
rewards/train/max,657,3.0
rewards/train/max,658,3.0
rewards/train/max,659,3.0
rewards/train/max,660,3.0
rewards/train/max,661,3.0
rewards/train/max,662,3.0
rewards/train/max,663,3.0
rewards/train/max,664,3.0
rewards/train/max,665,3.0
rewards/train/max,666,3.0
rewards/train/max,667,3.0
rewards/train/max,668,3.0
rewards/train/max,669,3.0
rewards/train/max,670,3.0
rewards/train/max,671,3.0
rewards/train/max,672,3.0
rewards/train/max,673,3.0
rewards/train/max,674,3.0
rewards/train/max,675,3.0
rewards/train/max,676,3.0
rewards/train/max,677,3.0
rewards/train/max,678,3.0
rewards/train/match_format_exactly,1,0.0
rewards/train/match_format_exactly,2,0.0
rewards/train/match_format_exactly,3,0.0
rewards/train/match_format_exactly,4,0.1875
rewards/train/match_format_exactly,5,0.0
rewards/train/match_format_exactly,6,0.0
rewards/train/match_format_exactly,7,0.0
rewards/train/match_format_exactly,8,0.0
rewards/train/match_format_exactly,9,0.0
rewards/train/match_format_exactly,10,0.375
rewards/train/match_format_exactly,11,0.0
rewards/train/match_format_exactly,12,0.0
rewards/train/match_format_exactly,13,0.0
rewards/train/match_format_exactly,14,0.375
rewards/train/match_format_exactly,15,0.0
rewards/train/match_format_exactly,16,0.0
rewards/train/match_format_exactly,17,0.0
rewards/train/match_format_exactly,18,0.0
rewards/train/match_format_exactly,19,0.5625
rewards/train/match_format_exactly,20,0.0
rewards/train/match_format_exactly,21,0.0
rewards/train/match_format_exactly,22,0.0
rewards/train/match_format_exactly,23,0.0
rewards/train/match_format_exactly,24,0.0
rewards/train/match_format_exactly,25,0.0
rewards/train/match_format_exactly,26,0.0
rewards/train/match_format_exactly,27,0.0
rewards/train/match_format_exactly,28,0.0
rewards/train/match_format_exactly,29,0.0
rewards/train/match_format_exactly,30,0.0
rewards/train/match_format_exactly,31,0.0
rewards/train/match_format_exactly,32,0.0
rewards/train/match_format_exactly,33,0.0
rewards/train/match_format_exactly,34,0.0
rewards/train/match_format_exactly,35,0.1875
rewards/train/match_format_exactly,36,0.0
rewards/train/match_format_exactly,37,0.375
rewards/train/match_format_exactly,38,0.75
rewards/train/match_format_exactly,39,0.0
rewards/train/match_format_exactly,40,0.375
rewards/train/match_format_exactly,41,0.0
rewards/train/match_format_exactly,42,0.0
rewards/train/match_format_exactly,43,0.0
rewards/train/match_format_exactly,44,0.0
rewards/train/match_format_exactly,45,0.0
rewards/train/match_format_exactly,46,0.0
rewards/train/match_format_exactly,47,0.1875
rewards/train/match_format_exactly,48,1.6875
rewards/train/match_format_exactly,49,1.125
rewards/train/match_format_exactly,50,0.0
rewards/train/match_format_exactly,51,0.9375
rewards/train/match_format_exactly,52,0.1875
rewards/train/match_format_exactly,53,0.0
rewards/train/match_format_exactly,54,3.0
rewards/train/match_format_exactly,55,0.1875
rewards/train/match_format_exactly,56,0.0
rewards/train/match_format_exactly,57,1.3125
rewards/train/match_format_exactly,58,1.875
rewards/train/match_format_exactly,59,0.1875
rewards/train/match_format_exactly,60,1.875
rewards/train/match_format_exactly,61,1.5
rewards/train/match_format_exactly,62,0.0
rewards/train/match_format_exactly,63,1.6875
rewards/train/match_format_exactly,64,0.75
rewards/train/match_format_exactly,65,0.0
rewards/train/match_format_exactly,66,0.0
rewards/train/match_format_exactly,67,0.375
rewards/train/match_format_exactly,68,0.0
rewards/train/match_format_exactly,69,0.0
rewards/train/match_format_exactly,70,2.625
rewards/train/match_format_exactly,71,0.5625
rewards/train/match_format_exactly,72,1.875
rewards/train/match_format_exactly,73,2.625
rewards/train/match_format_exactly,74,2.625
rewards/train/match_format_exactly,75,3.0
rewards/train/match_format_exactly,76,1.875
rewards/train/match_format_exactly,77,3.0
rewards/train/match_format_exactly,78,2.625
rewards/train/match_format_exactly,79,3.0
rewards/train/match_format_exactly,80,2.0625
rewards/train/match_format_exactly,81,0.0
rewards/train/match_format_exactly,82,0.5625
rewards/train/match_format_exactly,83,2.25
rewards/train/match_format_exactly,84,0.0
rewards/train/match_format_exactly,85,1.5
rewards/train/match_format_exactly,86,3.0
rewards/train/match_format_exactly,87,0.75
rewards/train/match_format_exactly,88,2.4375
rewards/train/match_format_exactly,89,3.0
rewards/train/match_format_exactly,90,2.4375
rewards/train/match_format_exactly,91,0.1875
rewards/train/match_format_exactly,92,3.0
rewards/train/match_format_exactly,93,3.0
rewards/train/match_format_exactly,94,2.0625
rewards/train/match_format_exactly,95,2.25
rewards/train/match_format_exactly,96,0.5625
rewards/train/match_format_exactly,97,2.25
rewards/train/match_format_exactly,98,1.6875
rewards/train/match_format_exactly,99,2.4375
rewards/train/match_format_exactly,100,0.9375
rewards/train/match_format_exactly,101,2.8125
rewards/train/match_format_exactly,102,2.4375
rewards/train/match_format_exactly,103,2.0625
rewards/train/match_format_exactly,104,3.0
rewards/train/match_format_exactly,105,3.0
rewards/train/match_format_exactly,106,3.0
rewards/train/match_format_exactly,107,1.5
rewards/train/match_format_exactly,108,2.25
rewards/train/match_format_exactly,109,2.8125
rewards/train/match_format_exactly,110,2.8125
rewards/train/match_format_exactly,111,3.0
rewards/train/match_format_exactly,112,0.1875
rewards/train/match_format_exactly,113,3.0
rewards/train/match_format_exactly,114,2.625
rewards/train/match_format_exactly,115,2.0625
rewards/train/match_format_exactly,116,2.8125
rewards/train/match_format_exactly,117,1.5
rewards/train/match_format_exactly,118,2.4375
rewards/train/match_format_exactly,119,3.0
rewards/train/match_format_exactly,120,3.0
rewards/train/match_format_exactly,121,2.8125
rewards/train/match_format_exactly,122,3.0
rewards/train/match_format_exactly,123,1.6875
rewards/train/match_format_exactly,124,2.8125
rewards/train/match_format_exactly,125,2.4375
rewards/train/match_format_exactly,126,3.0
rewards/train/match_format_exactly,127,2.8125
rewards/train/match_format_exactly,128,3.0
rewards/train/match_format_exactly,129,3.0
rewards/train/match_format_exactly,130,2.25
rewards/train/match_format_exactly,131,2.0625
rewards/train/match_format_exactly,132,2.625
rewards/train/match_format_exactly,133,2.4375
rewards/train/match_format_exactly,134,2.625
rewards/train/match_format_exactly,135,2.25
rewards/train/match_format_exactly,136,2.8125
rewards/train/match_format_exactly,137,2.25
rewards/train/match_format_exactly,138,2.25
rewards/train/match_format_exactly,139,2.25
rewards/train/match_format_exactly,140,2.8125
rewards/train/match_format_exactly,141,1.875
rewards/train/match_format_exactly,142,2.0625
rewards/train/match_format_exactly,143,2.0625
rewards/train/match_format_exactly,144,3.0
rewards/train/match_format_exactly,145,2.4375
rewards/train/match_format_exactly,146,3.0
rewards/train/match_format_exactly,147,2.4375
rewards/train/match_format_exactly,148,1.6875
rewards/train/match_format_exactly,149,3.0
rewards/train/match_format_exactly,150,2.8125
rewards/train/match_format_exactly,151,2.4375
rewards/train/match_format_exactly,152,3.0
rewards/train/match_format_exactly,153,3.0
rewards/train/match_format_exactly,154,2.0625
rewards/train/match_format_exactly,155,2.8125
rewards/train/match_format_exactly,156,2.8125
rewards/train/match_format_exactly,157,1.3125
rewards/train/match_format_exactly,158,3.0
rewards/train/match_format_exactly,159,3.0
rewards/train/match_format_exactly,160,3.0
rewards/train/match_format_exactly,161,3.0
rewards/train/match_format_exactly,162,1.125
rewards/train/match_format_exactly,163,3.0
rewards/train/match_format_exactly,164,1.875
rewards/train/match_format_exactly,165,2.625
rewards/train/match_format_exactly,166,2.8125
rewards/train/match_format_exactly,167,2.625
rewards/train/match_format_exactly,168,3.0
rewards/train/match_format_exactly,169,2.8125
rewards/train/match_format_exactly,170,2.625
rewards/train/match_format_exactly,171,3.0
rewards/train/match_format_exactly,172,3.0
rewards/train/match_format_exactly,173,3.0
rewards/train/match_format_exactly,174,3.0
rewards/train/match_format_exactly,175,3.0
rewards/train/match_format_exactly,176,2.8125
rewards/train/match_format_exactly,177,2.625
rewards/train/match_format_exactly,178,2.25
rewards/train/match_format_exactly,179,3.0
rewards/train/match_format_exactly,180,2.8125
rewards/train/match_format_exactly,181,2.8125
rewards/train/match_format_exactly,182,2.625
rewards/train/match_format_exactly,183,3.0
rewards/train/match_format_exactly,184,2.0625
rewards/train/match_format_exactly,185,3.0
rewards/train/match_format_exactly,186,2.8125
rewards/train/match_format_exactly,187,2.8125
rewards/train/match_format_exactly,188,2.4375
rewards/train/match_format_exactly,189,2.0625
rewards/train/match_format_exactly,190,2.625
rewards/train/match_format_exactly,191,3.0
rewards/train/match_format_exactly,192,1.875
rewards/train/match_format_exactly,193,3.0
rewards/train/match_format_exactly,194,3.0
rewards/train/match_format_exactly,195,3.0
rewards/train/match_format_exactly,196,3.0
rewards/train/match_format_exactly,197,3.0
rewards/train/match_format_exactly,198,3.0
rewards/train/match_format_exactly,199,2.8125
rewards/train/match_format_exactly,200,2.8125
rewards/train/match_format_exactly,201,3.0
rewards/train/match_format_exactly,202,1.6875
rewards/train/match_format_exactly,203,3.0
rewards/train/match_format_exactly,204,3.0
rewards/train/match_format_exactly,205,3.0
rewards/train/match_format_exactly,206,1.6875
rewards/train/match_format_exactly,207,3.0
rewards/train/match_format_exactly,208,3.0
rewards/train/match_format_exactly,209,3.0
rewards/train/match_format_exactly,210,3.0
rewards/train/match_format_exactly,211,3.0
rewards/train/match_format_exactly,212,3.0
rewards/train/match_format_exactly,213,3.0
rewards/train/match_format_exactly,214,3.0
rewards/train/match_format_exactly,215,3.0
rewards/train/match_format_exactly,216,2.4375
rewards/train/match_format_exactly,217,0.375
rewards/train/match_format_exactly,218,3.0
rewards/train/match_format_exactly,219,3.0
rewards/train/match_format_exactly,220,3.0
rewards/train/match_format_exactly,221,2.25
rewards/train/match_format_exactly,222,3.0
rewards/train/match_format_exactly,223,3.0
rewards/train/match_format_exactly,224,2.625
rewards/train/match_format_exactly,225,2.25
rewards/train/match_format_exactly,226,3.0
rewards/train/match_format_exactly,227,1.6875
rewards/train/match_format_exactly,228,3.0
rewards/train/match_format_exactly,229,2.8125
rewards/train/match_format_exactly,230,0.9375
rewards/train/match_format_exactly,231,3.0
rewards/train/match_format_exactly,232,2.8125
rewards/train/match_format_exactly,233,0.5625
rewards/train/match_format_exactly,234,1.875
rewards/train/match_format_exactly,235,2.25
rewards/train/match_format_exactly,236,3.0
rewards/train/match_format_exactly,237,3.0
rewards/train/match_format_exactly,238,2.8125
rewards/train/match_format_exactly,239,3.0
rewards/train/match_format_exactly,240,3.0
rewards/train/match_format_exactly,241,0.5625
rewards/train/match_format_exactly,242,2.8125
rewards/train/match_format_exactly,243,3.0
rewards/train/match_format_exactly,244,2.625
rewards/train/match_format_exactly,245,3.0
rewards/train/match_format_exactly,246,3.0
rewards/train/match_format_exactly,247,2.25
rewards/train/match_format_exactly,248,3.0
rewards/train/match_format_exactly,249,2.625
rewards/train/match_format_exactly,250,3.0
rewards/train/match_format_exactly,251,1.875
rewards/train/match_format_exactly,252,2.625
rewards/train/match_format_exactly,253,3.0
rewards/train/match_format_exactly,254,3.0
rewards/train/match_format_exactly,255,2.4375
rewards/train/match_format_exactly,256,2.8125
rewards/train/match_format_exactly,257,3.0
rewards/train/match_format_exactly,258,3.0
rewards/train/match_format_exactly,259,3.0
rewards/train/match_format_exactly,260,3.0
rewards/train/match_format_exactly,261,3.0
rewards/train/match_format_exactly,262,2.8125
rewards/train/match_format_exactly,263,3.0
rewards/train/match_format_exactly,264,3.0
rewards/train/match_format_exactly,265,3.0
rewards/train/match_format_exactly,266,2.8125
rewards/train/match_format_exactly,267,1.6875
rewards/train/match_format_exactly,268,2.8125
rewards/train/match_format_exactly,269,3.0
rewards/train/match_format_exactly,270,3.0
rewards/train/match_format_exactly,271,3.0
rewards/train/match_format_exactly,272,3.0
rewards/train/match_format_exactly,273,2.4375
rewards/train/match_format_exactly,274,3.0
rewards/train/match_format_exactly,275,2.4375
rewards/train/match_format_exactly,276,3.0
rewards/train/match_format_exactly,277,2.625
rewards/train/match_format_exactly,278,3.0
rewards/train/match_format_exactly,279,2.8125
rewards/train/match_format_exactly,280,3.0
rewards/train/match_format_exactly,281,3.0
rewards/train/match_format_exactly,282,2.8125
rewards/train/match_format_exactly,283,2.8125
rewards/train/match_format_exactly,284,1.3125
rewards/train/match_format_exactly,285,2.625
rewards/train/match_format_exactly,286,0.1875
rewards/train/match_format_exactly,287,2.625
rewards/train/match_format_exactly,288,3.0
rewards/train/match_format_exactly,289,3.0
rewards/train/match_format_exactly,290,3.0
rewards/train/match_format_exactly,291,3.0
rewards/train/match_format_exactly,292,3.0
rewards/train/match_format_exactly,293,3.0
rewards/train/match_format_exactly,294,3.0
rewards/train/match_format_exactly,295,3.0
rewards/train/match_format_exactly,296,2.8125
rewards/train/match_format_exactly,297,3.0
rewards/train/match_format_exactly,298,2.625
rewards/train/match_format_exactly,299,3.0
rewards/train/match_format_exactly,300,2.8125
rewards/train/match_format_exactly,301,3.0
rewards/train/match_format_exactly,302,2.625
rewards/train/match_format_exactly,303,2.8125
rewards/train/match_format_exactly,304,3.0
rewards/train/match_format_exactly,305,2.0625
rewards/train/match_format_exactly,306,3.0
rewards/train/match_format_exactly,307,2.25
rewards/train/match_format_exactly,308,2.8125
rewards/train/match_format_exactly,309,3.0
rewards/train/match_format_exactly,310,1.6875
rewards/train/match_format_exactly,311,3.0
rewards/train/match_format_exactly,312,2.4375
rewards/train/match_format_exactly,313,1.6875
rewards/train/match_format_exactly,314,3.0
rewards/train/match_format_exactly,315,3.0
rewards/train/match_format_exactly,316,3.0
rewards/train/match_format_exactly,317,3.0
rewards/train/match_format_exactly,318,3.0
rewards/train/match_format_exactly,319,3.0
rewards/train/match_format_exactly,320,2.625
rewards/train/match_format_exactly,321,3.0
rewards/train/match_format_exactly,322,3.0
rewards/train/match_format_exactly,323,2.625
rewards/train/match_format_exactly,324,2.8125
rewards/train/match_format_exactly,325,1.5
rewards/train/match_format_exactly,326,2.8125
rewards/train/match_format_exactly,327,3.0
rewards/train/match_format_exactly,328,3.0
rewards/train/match_format_exactly,329,3.0
rewards/train/match_format_exactly,330,3.0
rewards/train/match_format_exactly,331,3.0
rewards/train/match_format_exactly,332,3.0
rewards/train/match_format_exactly,333,2.8125
rewards/train/match_format_exactly,334,3.0
rewards/train/match_format_exactly,335,3.0
rewards/train/match_format_exactly,336,3.0
rewards/train/match_format_exactly,337,0.375
rewards/train/match_format_exactly,338,3.0
rewards/train/match_format_exactly,339,3.0
rewards/train/match_format_exactly,340,3.0
rewards/train/match_format_exactly,341,3.0
rewards/train/match_format_exactly,342,2.8125
rewards/train/match_format_exactly,343,3.0
rewards/train/match_format_exactly,344,3.0
rewards/train/match_format_exactly,345,3.0
rewards/train/match_format_exactly,346,3.0
rewards/train/match_format_exactly,347,3.0
rewards/train/match_format_exactly,348,2.4375
rewards/train/match_format_exactly,349,3.0
rewards/train/match_format_exactly,350,2.25
rewards/train/match_format_exactly,351,1.5
rewards/train/match_format_exactly,352,2.8125
rewards/train/match_format_exactly,353,3.0
rewards/train/match_format_exactly,354,2.4375
rewards/train/match_format_exactly,355,2.625
rewards/train/match_format_exactly,356,3.0
rewards/train/match_format_exactly,357,3.0
rewards/train/match_format_exactly,358,2.625
rewards/train/match_format_exactly,359,3.0
rewards/train/match_format_exactly,360,1.875
rewards/train/match_format_exactly,361,3.0
rewards/train/match_format_exactly,362,3.0
rewards/train/match_format_exactly,363,3.0
rewards/train/match_format_exactly,364,3.0
rewards/train/match_format_exactly,365,3.0
rewards/train/match_format_exactly,366,3.0
rewards/train/match_format_exactly,367,2.8125
rewards/train/match_format_exactly,368,2.625
rewards/train/match_format_exactly,369,3.0
rewards/train/match_format_exactly,370,3.0
rewards/train/match_format_exactly,371,3.0
rewards/train/match_format_exactly,372,3.0
rewards/train/match_format_exactly,373,2.8125
rewards/train/match_format_exactly,374,1.875
rewards/train/match_format_exactly,375,3.0
rewards/train/match_format_exactly,376,3.0
rewards/train/match_format_exactly,377,3.0
rewards/train/match_format_exactly,378,3.0
rewards/train/match_format_exactly,379,2.8125
rewards/train/match_format_exactly,380,3.0
rewards/train/match_format_exactly,381,3.0
rewards/train/match_format_exactly,382,3.0
rewards/train/match_format_exactly,383,2.8125
rewards/train/match_format_exactly,384,3.0
rewards/train/match_format_exactly,385,3.0
rewards/train/match_format_exactly,386,2.8125
rewards/train/match_format_exactly,387,3.0
rewards/train/match_format_exactly,388,3.0
rewards/train/match_format_exactly,389,3.0
rewards/train/match_format_exactly,390,2.4375
rewards/train/match_format_exactly,391,3.0
rewards/train/match_format_exactly,392,2.625
rewards/train/match_format_exactly,393,3.0
rewards/train/match_format_exactly,394,3.0
rewards/train/match_format_exactly,395,3.0
rewards/train/match_format_exactly,396,1.3125
rewards/train/match_format_exactly,397,3.0
rewards/train/match_format_exactly,398,3.0
rewards/train/match_format_exactly,399,1.875
rewards/train/match_format_exactly,400,1.3125
rewards/train/match_format_exactly,401,2.4375
rewards/train/match_format_exactly,402,3.0
rewards/train/match_format_exactly,403,3.0
rewards/train/match_format_exactly,404,2.625
rewards/train/match_format_exactly,405,3.0
rewards/train/match_format_exactly,406,2.4375
rewards/train/match_format_exactly,407,2.625
rewards/train/match_format_exactly,408,3.0
rewards/train/match_format_exactly,409,3.0
rewards/train/match_format_exactly,410,2.625
rewards/train/match_format_exactly,411,3.0
rewards/train/match_format_exactly,412,3.0
rewards/train/match_format_exactly,413,2.8125
rewards/train/match_format_exactly,414,3.0
rewards/train/match_format_exactly,415,3.0
rewards/train/match_format_exactly,416,2.8125
rewards/train/match_format_exactly,417,3.0
rewards/train/match_format_exactly,418,3.0
rewards/train/match_format_exactly,419,3.0
rewards/train/match_format_exactly,420,3.0
rewards/train/match_format_exactly,421,3.0
rewards/train/match_format_exactly,422,3.0
rewards/train/match_format_exactly,423,3.0
rewards/train/match_format_exactly,424,3.0
rewards/train/match_format_exactly,425,3.0
rewards/train/match_format_exactly,426,3.0
rewards/train/match_format_exactly,427,3.0
rewards/train/match_format_exactly,428,2.625
rewards/train/match_format_exactly,429,3.0
rewards/train/match_format_exactly,430,3.0
rewards/train/match_format_exactly,431,3.0
rewards/train/match_format_exactly,432,3.0
rewards/train/match_format_exactly,433,3.0
rewards/train/match_format_exactly,434,3.0
rewards/train/match_format_exactly,435,3.0
rewards/train/match_format_exactly,436,3.0
rewards/train/match_format_exactly,437,3.0
rewards/train/match_format_exactly,438,2.25
rewards/train/match_format_exactly,439,3.0
rewards/train/match_format_exactly,440,3.0
rewards/train/match_format_exactly,441,2.625
rewards/train/match_format_exactly,442,3.0
rewards/train/match_format_exactly,443,3.0
rewards/train/match_format_exactly,444,3.0
rewards/train/match_format_exactly,445,3.0
rewards/train/match_format_exactly,446,2.625
rewards/train/match_format_exactly,447,3.0
rewards/train/match_format_exactly,448,3.0
rewards/train/match_format_exactly,449,3.0
rewards/train/match_format_exactly,450,3.0
rewards/train/match_format_exactly,451,1.5
rewards/train/match_format_exactly,452,3.0
rewards/train/match_format_exactly,453,0.75
rewards/train/match_format_exactly,454,3.0
rewards/train/match_format_exactly,455,3.0
rewards/train/match_format_exactly,456,2.8125
rewards/train/match_format_exactly,457,3.0
rewards/train/match_format_exactly,458,3.0
rewards/train/match_format_exactly,459,2.625
rewards/train/match_format_exactly,460,3.0
rewards/train/match_format_exactly,461,1.875
rewards/train/match_format_exactly,462,3.0
rewards/train/match_format_exactly,463,2.8125
rewards/train/match_format_exactly,464,3.0
rewards/train/match_format_exactly,465,2.8125
rewards/train/match_format_exactly,466,1.5
rewards/train/match_format_exactly,467,2.8125
rewards/train/match_format_exactly,468,3.0
rewards/train/match_format_exactly,469,0.0
rewards/train/match_format_exactly,470,3.0
rewards/train/match_format_exactly,471,3.0
rewards/train/match_format_exactly,472,1.3125
rewards/train/match_format_exactly,473,2.0625
rewards/train/match_format_exactly,474,3.0
rewards/train/match_format_exactly,475,2.8125
rewards/train/match_format_exactly,476,3.0
rewards/train/match_format_exactly,477,2.4375
rewards/train/match_format_exactly,478,3.0
rewards/train/match_format_exactly,479,3.0
rewards/train/match_format_exactly,480,3.0
rewards/train/match_format_exactly,481,1.875
rewards/train/match_format_exactly,482,3.0
rewards/train/match_format_exactly,483,2.625
rewards/train/match_format_exactly,484,2.8125
rewards/train/match_format_exactly,485,3.0
rewards/train/match_format_exactly,486,2.8125
rewards/train/match_format_exactly,487,2.8125
rewards/train/match_format_exactly,488,3.0
rewards/train/match_format_exactly,489,2.8125
rewards/train/match_format_exactly,490,3.0
rewards/train/match_format_exactly,491,3.0
rewards/train/match_format_exactly,492,2.0625
rewards/train/match_format_exactly,493,3.0
rewards/train/match_format_exactly,494,2.4375
rewards/train/match_format_exactly,495,2.625
rewards/train/match_format_exactly,496,3.0
rewards/train/match_format_exactly,497,2.4375
rewards/train/match_format_exactly,498,2.8125
rewards/train/match_format_exactly,499,3.0
rewards/train/match_format_exactly,500,3.0
rewards/train/match_format_exactly,501,3.0
rewards/train/match_format_exactly,502,2.625
rewards/train/match_format_exactly,503,2.0625
rewards/train/match_format_exactly,504,3.0
rewards/train/match_format_exactly,505,3.0
rewards/train/match_format_exactly,506,1.875
rewards/train/match_format_exactly,507,2.8125
rewards/train/match_format_exactly,508,3.0
rewards/train/match_format_exactly,509,3.0
rewards/train/match_format_exactly,510,3.0
rewards/train/match_format_exactly,511,3.0
rewards/train/match_format_exactly,512,3.0
rewards/train/match_format_exactly,513,3.0
rewards/train/match_format_exactly,514,2.8125
rewards/train/match_format_exactly,515,3.0
rewards/train/match_format_exactly,516,1.875
rewards/train/match_format_exactly,517,0.375
rewards/train/match_format_exactly,518,3.0
rewards/train/match_format_exactly,519,3.0
rewards/train/match_format_exactly,520,2.8125
rewards/train/match_format_exactly,521,3.0
rewards/train/match_format_exactly,522,2.8125
rewards/train/match_format_exactly,523,3.0
rewards/train/match_format_exactly,524,3.0
rewards/train/match_format_exactly,525,3.0
rewards/train/match_format_exactly,526,3.0
rewards/train/match_format_exactly,527,3.0
rewards/train/match_format_exactly,528,2.8125
rewards/train/match_format_exactly,529,3.0
rewards/train/match_format_exactly,530,3.0
rewards/train/match_format_exactly,531,2.8125
rewards/train/match_format_exactly,532,2.4375
rewards/train/match_format_exactly,533,2.625
rewards/train/match_format_exactly,534,3.0
rewards/train/match_format_exactly,535,3.0
rewards/train/match_format_exactly,536,2.4375
rewards/train/match_format_exactly,537,3.0
rewards/train/match_format_exactly,538,0.375
rewards/train/match_format_exactly,539,2.625
rewards/train/match_format_exactly,540,2.625
rewards/train/match_format_exactly,541,3.0
rewards/train/match_format_exactly,542,3.0
rewards/train/match_format_exactly,543,2.8125
rewards/train/match_format_exactly,544,3.0
rewards/train/match_format_exactly,545,3.0
rewards/train/match_format_exactly,546,1.875
rewards/train/match_format_exactly,547,2.8125
rewards/train/match_format_exactly,548,3.0
rewards/train/match_format_exactly,549,3.0
rewards/train/match_format_exactly,550,2.4375
rewards/train/match_format_exactly,551,3.0
rewards/train/match_format_exactly,552,3.0
rewards/train/match_format_exactly,553,3.0
rewards/train/match_format_exactly,554,3.0
rewards/train/match_format_exactly,555,3.0
rewards/train/match_format_exactly,556,3.0
rewards/train/match_format_exactly,557,3.0
rewards/train/match_format_exactly,558,3.0
rewards/train/match_format_exactly,559,3.0
rewards/train/match_format_exactly,560,3.0
rewards/train/match_format_exactly,561,3.0
rewards/train/match_format_exactly,562,3.0
rewards/train/match_format_exactly,563,2.4375
rewards/train/match_format_exactly,564,3.0
rewards/train/match_format_exactly,565,3.0
rewards/train/match_format_exactly,566,3.0
rewards/train/match_format_exactly,567,3.0
rewards/train/match_format_exactly,568,2.25
rewards/train/match_format_exactly,569,3.0
rewards/train/match_format_exactly,570,3.0
rewards/train/match_format_exactly,571,3.0
rewards/train/match_format_exactly,572,0.75
rewards/train/match_format_exactly,573,3.0
rewards/train/match_format_exactly,574,3.0
rewards/train/match_format_exactly,575,2.8125
rewards/train/match_format_exactly,576,3.0
rewards/train/match_format_exactly,577,2.625
rewards/train/match_format_exactly,578,3.0
rewards/train/match_format_exactly,579,2.8125
rewards/train/match_format_exactly,580,1.6875
rewards/train/match_format_exactly,581,3.0
rewards/train/match_format_exactly,582,2.625
rewards/train/match_format_exactly,583,3.0
rewards/train/match_format_exactly,584,1.6875
rewards/train/match_format_exactly,585,3.0
rewards/train/match_format_exactly,586,0.5625
rewards/train/match_format_exactly,587,3.0
rewards/train/match_format_exactly,588,2.4375
rewards/train/match_format_exactly,589,2.8125
rewards/train/match_format_exactly,590,3.0
rewards/train/match_format_exactly,591,2.625
rewards/train/match_format_exactly,592,2.25
rewards/train/match_format_exactly,593,2.4375
rewards/train/match_format_exactly,594,3.0
rewards/train/match_format_exactly,595,2.4375
rewards/train/match_format_exactly,596,3.0
rewards/train/match_format_exactly,597,3.0
rewards/train/match_format_exactly,598,3.0
rewards/train/match_format_exactly,599,3.0
rewards/train/match_format_exactly,600,3.0
rewards/train/match_format_exactly,601,2.8125
rewards/train/match_format_exactly,602,3.0
rewards/train/match_format_exactly,603,2.4375
rewards/train/match_format_exactly,604,3.0
rewards/train/match_format_exactly,605,1.6875
rewards/train/match_format_exactly,606,3.0
rewards/train/match_format_exactly,607,2.8125
rewards/train/match_format_exactly,608,3.0
rewards/train/match_format_exactly,609,1.3125
rewards/train/match_format_exactly,610,3.0
rewards/train/match_format_exactly,611,3.0
rewards/train/match_format_exactly,612,3.0
rewards/train/match_format_exactly,613,2.625
rewards/train/match_format_exactly,614,2.8125
rewards/train/match_format_exactly,615,3.0
rewards/train/match_format_exactly,616,2.25
rewards/train/match_format_exactly,617,3.0
rewards/train/match_format_exactly,618,2.8125
rewards/train/match_format_exactly,619,2.8125
rewards/train/match_format_exactly,620,3.0
rewards/train/match_format_exactly,621,1.5
rewards/train/match_format_exactly,622,2.0625
rewards/train/match_format_exactly,623,3.0
rewards/train/match_format_exactly,624,3.0
rewards/train/match_format_exactly,625,3.0
rewards/train/match_format_exactly,626,2.625
rewards/train/match_format_exactly,627,2.8125
rewards/train/match_format_exactly,628,1.5
rewards/train/match_format_exactly,629,3.0
rewards/train/match_format_exactly,630,1.5
rewards/train/match_format_exactly,631,2.4375
rewards/train/match_format_exactly,632,1.875
rewards/train/match_format_exactly,633,3.0
rewards/train/match_format_exactly,634,2.8125
rewards/train/match_format_exactly,635,3.0
rewards/train/match_format_exactly,636,3.0
rewards/train/match_format_exactly,637,2.8125
rewards/train/match_format_exactly,638,2.8125
rewards/train/match_format_exactly,639,3.0
rewards/train/match_format_exactly,640,3.0
rewards/train/match_format_exactly,641,2.8125
rewards/train/match_format_exactly,642,3.0
rewards/train/match_format_exactly,643,2.4375
rewards/train/match_format_exactly,644,3.0
rewards/train/match_format_exactly,645,3.0
rewards/train/match_format_exactly,646,2.625
rewards/train/match_format_exactly,647,3.0
rewards/train/match_format_exactly,648,3.0
rewards/train/match_format_exactly,649,0.75
rewards/train/match_format_exactly,650,2.0625
rewards/train/match_format_exactly,651,3.0
rewards/train/match_format_exactly,652,3.0
rewards/train/match_format_exactly,653,2.625
rewards/train/match_format_exactly,654,2.4375
rewards/train/match_format_exactly,655,3.0
rewards/train/match_format_exactly,656,3.0
rewards/train/match_format_exactly,657,2.25
rewards/train/match_format_exactly,658,2.4375
rewards/train/match_format_exactly,659,2.25
rewards/train/match_format_exactly,660,3.0
rewards/train/match_format_exactly,661,2.8125
rewards/train/match_format_exactly,662,3.0
rewards/train/match_format_exactly,663,3.0
rewards/train/match_format_exactly,664,2.8125
rewards/train/match_format_exactly,665,2.25
rewards/train/match_format_exactly,666,2.4375
rewards/train/match_format_exactly,667,3.0
rewards/train/match_format_exactly,668,2.8125
rewards/train/match_format_exactly,669,2.8125
rewards/train/match_format_exactly,670,3.0
rewards/train/match_format_exactly,671,3.0
rewards/train/match_format_exactly,672,2.4375
rewards/train/match_format_exactly,673,3.0
rewards/train/match_format_exactly,674,3.0
rewards/train/match_format_exactly,675,2.8125
rewards/train/match_format_exactly,676,2.8125
rewards/train/match_format_exactly,677,3.0
rewards/train/match_format_exactly,678,3.0
rewards/train/match_format_approximately,1,-0.5
rewards/train/match_format_approximately,2,-0.9375
rewards/train/match_format_approximately,3,-0.4375
rewards/train/match_format_approximately,4,-0.5625
rewards/train/match_format_approximately,5,-1.1875
rewards/train/match_format_approximately,6,-1.25
rewards/train/match_format_approximately,7,-0.625
rewards/train/match_format_approximately,8,-0.9375
rewards/train/match_format_approximately,9,-0.5625
rewards/train/match_format_approximately,10,-0.25
rewards/train/match_format_approximately,11,-1.6875
rewards/train/match_format_approximately,12,-0.625
rewards/train/match_format_approximately,13,-1.0625
rewards/train/match_format_approximately,14,-0.5
rewards/train/match_format_approximately,15,-0.6875
rewards/train/match_format_approximately,16,-1.0
rewards/train/match_format_approximately,17,-0.625
rewards/train/match_format_approximately,18,-0.5625
rewards/train/match_format_approximately,19,-0.25
rewards/train/match_format_approximately,20,-1.0
rewards/train/match_format_approximately,21,-0.5
rewards/train/match_format_approximately,22,-0.75
rewards/train/match_format_approximately,23,-1.0
rewards/train/match_format_approximately,24,-0.5
rewards/train/match_format_approximately,25,-0.5
rewards/train/match_format_approximately,26,-0.75
rewards/train/match_format_approximately,27,-0.5625
rewards/train/match_format_approximately,28,-1.6875
rewards/train/match_format_approximately,29,-1.875
rewards/train/match_format_approximately,30,-0.625
rewards/train/match_format_approximately,31,-1.1875
rewards/train/match_format_approximately,32,-0.75
rewards/train/match_format_approximately,33,-0.6875
rewards/train/match_format_approximately,34,-1.0
rewards/train/match_format_approximately,35,-0.6875
rewards/train/match_format_approximately,36,-0.5
rewards/train/match_format_approximately,37,-0.1875
rewards/train/match_format_approximately,38,0.25
rewards/train/match_format_approximately,39,0.1875
rewards/train/match_format_approximately,40,-1.25
rewards/train/match_format_approximately,41,-0.625
rewards/train/match_format_approximately,42,-0.4375
rewards/train/match_format_approximately,43,-2.125
rewards/train/match_format_approximately,44,-0.9375
rewards/train/match_format_approximately,45,-0.8125
rewards/train/match_format_approximately,46,-0.5
rewards/train/match_format_approximately,47,-0.25
rewards/train/match_format_approximately,48,0.6875
rewards/train/match_format_approximately,49,-0.3125
rewards/train/match_format_approximately,50,-0.75
rewards/train/match_format_approximately,51,0.0
rewards/train/match_format_approximately,52,-0.25
rewards/train/match_format_approximately,53,-0.75
rewards/train/match_format_approximately,54,1.5
rewards/train/match_format_approximately,55,-0.8125
rewards/train/match_format_approximately,56,-0.5625
rewards/train/match_format_approximately,57,0.625
rewards/train/match_format_approximately,58,1.125
rewards/train/match_format_approximately,59,-1.1875
rewards/train/match_format_approximately,60,0.6875
rewards/train/match_format_approximately,61,0.75
rewards/train/match_format_approximately,62,-0.5625
rewards/train/match_format_approximately,63,0.8125
rewards/train/match_format_approximately,64,-0.0625
rewards/train/match_format_approximately,65,-1.125
rewards/train/match_format_approximately,66,-0.6875
rewards/train/match_format_approximately,67,0.125
rewards/train/match_format_approximately,68,-0.625
rewards/train/match_format_approximately,69,-0.75
rewards/train/match_format_approximately,70,1.375
rewards/train/match_format_approximately,71,-1.0625
rewards/train/match_format_approximately,72,1.1875
rewards/train/match_format_approximately,73,1.1875
rewards/train/match_format_approximately,74,2.0625
rewards/train/match_format_approximately,75,1.625
rewards/train/match_format_approximately,76,0.4375
rewards/train/match_format_approximately,77,1.5
rewards/train/match_format_approximately,78,1.375
rewards/train/match_format_approximately,79,1.625
rewards/train/match_format_approximately,80,0.8125
rewards/train/match_format_approximately,81,-0.5
rewards/train/match_format_approximately,82,-0.625
rewards/train/match_format_approximately,83,1.125
rewards/train/match_format_approximately,84,0.0625
rewards/train/match_format_approximately,85,0.9375
rewards/train/match_format_approximately,86,1.5
rewards/train/match_format_approximately,87,0.6875
rewards/train/match_format_approximately,88,1.8125
rewards/train/match_format_approximately,89,1.5
rewards/train/match_format_approximately,90,1.25
rewards/train/match_format_approximately,91,0.625
rewards/train/match_format_approximately,92,2.3125
rewards/train/match_format_approximately,93,1.5
rewards/train/match_format_approximately,94,1.75
rewards/train/match_format_approximately,95,2.25
rewards/train/match_format_approximately,96,-0.4375
rewards/train/match_format_approximately,97,0.875
rewards/train/match_format_approximately,98,1.625
rewards/train/match_format_approximately,99,1.6875
rewards/train/match_format_approximately,100,0.75
rewards/train/match_format_approximately,101,1.375
rewards/train/match_format_approximately,102,1.6875
rewards/train/match_format_approximately,103,0.875
rewards/train/match_format_approximately,104,1.875
rewards/train/match_format_approximately,105,1.5
rewards/train/match_format_approximately,106,2.375
rewards/train/match_format_approximately,107,1.9375
rewards/train/match_format_approximately,108,2.125
rewards/train/match_format_approximately,109,1.3125
rewards/train/match_format_approximately,110,1.9375
rewards/train/match_format_approximately,111,1.875
rewards/train/match_format_approximately,112,-0.1875
rewards/train/match_format_approximately,113,1.875
rewards/train/match_format_approximately,114,2.375
rewards/train/match_format_approximately,115,2.1875
rewards/train/match_format_approximately,116,1.4375
rewards/train/match_format_approximately,117,1.0
rewards/train/match_format_approximately,118,2.1875
rewards/train/match_format_approximately,119,2.5
rewards/train/match_format_approximately,120,2.125
rewards/train/match_format_approximately,121,1.9375
rewards/train/match_format_approximately,122,2.5
rewards/train/match_format_approximately,123,0.8125
rewards/train/match_format_approximately,124,2.375
rewards/train/match_format_approximately,125,2.0
rewards/train/match_format_approximately,126,2.5
rewards/train/match_format_approximately,127,2.3125
rewards/train/match_format_approximately,128,2.5
rewards/train/match_format_approximately,129,2.5
rewards/train/match_format_approximately,130,1.125
rewards/train/match_format_approximately,131,1.9375
rewards/train/match_format_approximately,132,2.25
rewards/train/match_format_approximately,133,2.0625
rewards/train/match_format_approximately,134,2.0625
rewards/train/match_format_approximately,135,1.0625
rewards/train/match_format_approximately,136,2.0625
rewards/train/match_format_approximately,137,2.0625
rewards/train/match_format_approximately,138,2.0625
rewards/train/match_format_approximately,139,1.9375
rewards/train/match_format_approximately,140,2.4375
rewards/train/match_format_approximately,141,1.875
rewards/train/match_format_approximately,142,1.3125
rewards/train/match_format_approximately,143,2.125
rewards/train/match_format_approximately,144,2.5
rewards/train/match_format_approximately,145,2.3125
rewards/train/match_format_approximately,146,2.5
rewards/train/match_format_approximately,147,1.9375
rewards/train/match_format_approximately,148,0.6875
rewards/train/match_format_approximately,149,2.5
rewards/train/match_format_approximately,150,2.4375
rewards/train/match_format_approximately,151,1.75
rewards/train/match_format_approximately,152,2.5
rewards/train/match_format_approximately,153,1.6875
rewards/train/match_format_approximately,154,2.0
rewards/train/match_format_approximately,155,2.3125
rewards/train/match_format_approximately,156,2.3125
rewards/train/match_format_approximately,157,0.8125
rewards/train/match_format_approximately,158,2.5
rewards/train/match_format_approximately,159,2.5
rewards/train/match_format_approximately,160,2.5
rewards/train/match_format_approximately,161,2.5
rewards/train/match_format_approximately,162,0.75
rewards/train/match_format_approximately,163,2.4375
rewards/train/match_format_approximately,164,1.75
rewards/train/match_format_approximately,165,2.25
rewards/train/match_format_approximately,166,2.4375
rewards/train/match_format_approximately,167,2.3125
rewards/train/match_format_approximately,168,2.5
rewards/train/match_format_approximately,169,2.4375
rewards/train/match_format_approximately,170,2.375
rewards/train/match_format_approximately,171,2.5
rewards/train/match_format_approximately,172,2.5
rewards/train/match_format_approximately,173,2.5
rewards/train/match_format_approximately,174,2.5
rewards/train/match_format_approximately,175,2.5
rewards/train/match_format_approximately,176,2.375
rewards/train/match_format_approximately,177,2.125
rewards/train/match_format_approximately,178,1.75
rewards/train/match_format_approximately,179,2.5
rewards/train/match_format_approximately,180,2.4375
rewards/train/match_format_approximately,181,2.3125
rewards/train/match_format_approximately,182,2.125
rewards/train/match_format_approximately,183,2.5
rewards/train/match_format_approximately,184,1.5625
rewards/train/match_format_approximately,185,2.5
rewards/train/match_format_approximately,186,2.25
rewards/train/match_format_approximately,187,2.4375
rewards/train/match_format_approximately,188,1.9375
rewards/train/match_format_approximately,189,1.6875
rewards/train/match_format_approximately,190,2.25
rewards/train/match_format_approximately,191,2.5
rewards/train/match_format_approximately,192,1.5
rewards/train/match_format_approximately,193,1.875
rewards/train/match_format_approximately,194,2.5
rewards/train/match_format_approximately,195,2.5
rewards/train/match_format_approximately,196,2.5
rewards/train/match_format_approximately,197,2.5
rewards/train/match_format_approximately,198,2.5
rewards/train/match_format_approximately,199,2.375
rewards/train/match_format_approximately,200,2.4375
rewards/train/match_format_approximately,201,2.5
rewards/train/match_format_approximately,202,1.1875
rewards/train/match_format_approximately,203,2.5
rewards/train/match_format_approximately,204,2.5
rewards/train/match_format_approximately,205,2.5
rewards/train/match_format_approximately,206,1.4375
rewards/train/match_format_approximately,207,2.5
rewards/train/match_format_approximately,208,2.5
rewards/train/match_format_approximately,209,2.5
rewards/train/match_format_approximately,210,2.5
rewards/train/match_format_approximately,211,2.5
rewards/train/match_format_approximately,212,2.5
rewards/train/match_format_approximately,213,2.4375
rewards/train/match_format_approximately,214,2.3125
rewards/train/match_format_approximately,215,2.5
rewards/train/match_format_approximately,216,2.0625
rewards/train/match_format_approximately,217,0.125
rewards/train/match_format_approximately,218,2.5
rewards/train/match_format_approximately,219,2.5
rewards/train/match_format_approximately,220,2.5
rewards/train/match_format_approximately,221,1.9375
rewards/train/match_format_approximately,222,2.5
rewards/train/match_format_approximately,223,2.5
rewards/train/match_format_approximately,224,2.25
rewards/train/match_format_approximately,225,1.75
rewards/train/match_format_approximately,226,2.5
rewards/train/match_format_approximately,227,1.4375
rewards/train/match_format_approximately,228,2.5
rewards/train/match_format_approximately,229,2.4375
rewards/train/match_format_approximately,230,1.0625
rewards/train/match_format_approximately,231,2.5
rewards/train/match_format_approximately,232,2.3125
rewards/train/match_format_approximately,233,0.3125
rewards/train/match_format_approximately,234,1.5
rewards/train/match_format_approximately,235,1.875
rewards/train/match_format_approximately,236,2.5
rewards/train/match_format_approximately,237,2.5
rewards/train/match_format_approximately,238,2.3125
rewards/train/match_format_approximately,239,2.5
rewards/train/match_format_approximately,240,2.5
rewards/train/match_format_approximately,241,0.0625
rewards/train/match_format_approximately,242,2.4375
rewards/train/match_format_approximately,243,2.5
rewards/train/match_format_approximately,244,2.125
rewards/train/match_format_approximately,245,2.5
rewards/train/match_format_approximately,246,2.5
rewards/train/match_format_approximately,247,1.875
rewards/train/match_format_approximately,248,2.5
rewards/train/match_format_approximately,249,2.125
rewards/train/match_format_approximately,250,2.5
rewards/train/match_format_approximately,251,1.5
rewards/train/match_format_approximately,252,2.125
rewards/train/match_format_approximately,253,2.5
rewards/train/match_format_approximately,254,2.5
rewards/train/match_format_approximately,255,1.9375
rewards/train/match_format_approximately,256,2.375
rewards/train/match_format_approximately,257,2.5
rewards/train/match_format_approximately,258,2.5
rewards/train/match_format_approximately,259,2.5
rewards/train/match_format_approximately,260,2.5
rewards/train/match_format_approximately,261,2.4375
rewards/train/match_format_approximately,262,2.3125
rewards/train/match_format_approximately,263,2.5
rewards/train/match_format_approximately,264,2.5
rewards/train/match_format_approximately,265,2.5
rewards/train/match_format_approximately,266,2.4375
rewards/train/match_format_approximately,267,1.1875
rewards/train/match_format_approximately,268,2.4375
rewards/train/match_format_approximately,269,2.5
rewards/train/match_format_approximately,270,2.5
rewards/train/match_format_approximately,271,2.5
rewards/train/match_format_approximately,272,2.5
rewards/train/match_format_approximately,273,1.9375
rewards/train/match_format_approximately,274,2.5
rewards/train/match_format_approximately,275,2.0625
rewards/train/match_format_approximately,276,2.5
rewards/train/match_format_approximately,277,2.125
rewards/train/match_format_approximately,278,2.5
rewards/train/match_format_approximately,279,2.4375
rewards/train/match_format_approximately,280,2.5
rewards/train/match_format_approximately,281,2.5
rewards/train/match_format_approximately,282,2.3125
rewards/train/match_format_approximately,283,2.3125
rewards/train/match_format_approximately,284,0.8125
rewards/train/match_format_approximately,285,2.25
rewards/train/match_format_approximately,286,-0.25
rewards/train/match_format_approximately,287,2.125
rewards/train/match_format_approximately,288,2.5
rewards/train/match_format_approximately,289,2.5
rewards/train/match_format_approximately,290,2.5
rewards/train/match_format_approximately,291,2.5
rewards/train/match_format_approximately,292,2.5
rewards/train/match_format_approximately,293,2.5
rewards/train/match_format_approximately,294,2.5
rewards/train/match_format_approximately,295,2.5
rewards/train/match_format_approximately,296,2.3125
rewards/train/match_format_approximately,297,2.5
rewards/train/match_format_approximately,298,2.125
rewards/train/match_format_approximately,299,2.5
rewards/train/match_format_approximately,300,2.3125
rewards/train/match_format_approximately,301,2.5
rewards/train/match_format_approximately,302,2.25
rewards/train/match_format_approximately,303,2.3125
rewards/train/match_format_approximately,304,2.5
rewards/train/match_format_approximately,305,1.5625
rewards/train/match_format_approximately,306,2.5
rewards/train/match_format_approximately,307,1.75
rewards/train/match_format_approximately,308,2.3125
rewards/train/match_format_approximately,309,2.5
rewards/train/match_format_approximately,310,1.4375
rewards/train/match_format_approximately,311,2.5
rewards/train/match_format_approximately,312,1.9375
rewards/train/match_format_approximately,313,1.25
rewards/train/match_format_approximately,314,2.5
rewards/train/match_format_approximately,315,2.5
rewards/train/match_format_approximately,316,2.5
rewards/train/match_format_approximately,317,2.5
rewards/train/match_format_approximately,318,2.5
rewards/train/match_format_approximately,319,2.5
rewards/train/match_format_approximately,320,2.125
rewards/train/match_format_approximately,321,2.4375
rewards/train/match_format_approximately,322,2.5
rewards/train/match_format_approximately,323,2.25
rewards/train/match_format_approximately,324,2.4375
rewards/train/match_format_approximately,325,1.25
rewards/train/match_format_approximately,326,2.4375
rewards/train/match_format_approximately,327,2.5
rewards/train/match_format_approximately,328,2.5
rewards/train/match_format_approximately,329,2.5
rewards/train/match_format_approximately,330,2.5
rewards/train/match_format_approximately,331,2.5
rewards/train/match_format_approximately,332,2.5
rewards/train/match_format_approximately,333,2.3125
rewards/train/match_format_approximately,334,2.5
rewards/train/match_format_approximately,335,2.5
rewards/train/match_format_approximately,336,2.5
rewards/train/match_format_approximately,337,0.0625
rewards/train/match_format_approximately,338,2.5
rewards/train/match_format_approximately,339,2.5
rewards/train/match_format_approximately,340,2.5
rewards/train/match_format_approximately,341,2.5
rewards/train/match_format_approximately,342,2.3125
rewards/train/match_format_approximately,343,2.5
rewards/train/match_format_approximately,344,2.5
rewards/train/match_format_approximately,345,2.5
rewards/train/match_format_approximately,346,2.5
rewards/train/match_format_approximately,347,2.5
rewards/train/match_format_approximately,348,2.0625
rewards/train/match_format_approximately,349,2.5
rewards/train/match_format_approximately,350,1.875
rewards/train/match_format_approximately,351,1.1875
rewards/train/match_format_approximately,352,2.3125
rewards/train/match_format_approximately,353,2.5
rewards/train/match_format_approximately,354,2.0
rewards/train/match_format_approximately,355,2.125
rewards/train/match_format_approximately,356,2.5
rewards/train/match_format_approximately,357,2.5
rewards/train/match_format_approximately,358,2.125
rewards/train/match_format_approximately,359,2.5
rewards/train/match_format_approximately,360,1.625
rewards/train/match_format_approximately,361,2.5
rewards/train/match_format_approximately,362,2.5
rewards/train/match_format_approximately,363,2.5
rewards/train/match_format_approximately,364,2.5
rewards/train/match_format_approximately,365,2.5
rewards/train/match_format_approximately,366,2.5
rewards/train/match_format_approximately,367,2.3125
rewards/train/match_format_approximately,368,2.125
rewards/train/match_format_approximately,369,2.5
rewards/train/match_format_approximately,370,2.5
rewards/train/match_format_approximately,371,2.5
rewards/train/match_format_approximately,372,2.5
rewards/train/match_format_approximately,373,2.4375
rewards/train/match_format_approximately,374,1.5
rewards/train/match_format_approximately,375,2.5
rewards/train/match_format_approximately,376,2.5
rewards/train/match_format_approximately,377,2.5
rewards/train/match_format_approximately,378,2.5
rewards/train/match_format_approximately,379,2.4375
rewards/train/match_format_approximately,380,2.5
rewards/train/match_format_approximately,381,2.5
rewards/train/match_format_approximately,382,2.5
rewards/train/match_format_approximately,383,2.3125
rewards/train/match_format_approximately,384,2.5
rewards/train/match_format_approximately,385,2.5
rewards/train/match_format_approximately,386,2.3125
rewards/train/match_format_approximately,387,2.5
rewards/train/match_format_approximately,388,2.5
rewards/train/match_format_approximately,389,2.5
rewards/train/match_format_approximately,390,1.9375
rewards/train/match_format_approximately,391,2.5
rewards/train/match_format_approximately,392,2.125
rewards/train/match_format_approximately,393,2.5
rewards/train/match_format_approximately,394,2.5
rewards/train/match_format_approximately,395,2.5
rewards/train/match_format_approximately,396,0.9375
rewards/train/match_format_approximately,397,2.5
rewards/train/match_format_approximately,398,2.5
rewards/train/match_format_approximately,399,1.375
rewards/train/match_format_approximately,400,1.0625
rewards/train/match_format_approximately,401,2.1875
rewards/train/match_format_approximately,402,2.5
rewards/train/match_format_approximately,403,2.5
rewards/train/match_format_approximately,404,2.375
rewards/train/match_format_approximately,405,2.5
rewards/train/match_format_approximately,406,2.0
rewards/train/match_format_approximately,407,2.1875
rewards/train/match_format_approximately,408,2.5
rewards/train/match_format_approximately,409,2.5
rewards/train/match_format_approximately,410,2.125
rewards/train/match_format_approximately,411,2.5
rewards/train/match_format_approximately,412,2.5
rewards/train/match_format_approximately,413,2.3125
rewards/train/match_format_approximately,414,2.5
rewards/train/match_format_approximately,415,2.5
rewards/train/match_format_approximately,416,2.4375
rewards/train/match_format_approximately,417,2.5
rewards/train/match_format_approximately,418,2.5
rewards/train/match_format_approximately,419,2.5
rewards/train/match_format_approximately,420,2.5
rewards/train/match_format_approximately,421,2.5
rewards/train/match_format_approximately,422,2.5
rewards/train/match_format_approximately,423,2.5
rewards/train/match_format_approximately,424,2.5
rewards/train/match_format_approximately,425,2.5
rewards/train/match_format_approximately,426,2.5
rewards/train/match_format_approximately,427,2.5
rewards/train/match_format_approximately,428,2.125
rewards/train/match_format_approximately,429,2.5
rewards/train/match_format_approximately,430,2.5
rewards/train/match_format_approximately,431,2.5
rewards/train/match_format_approximately,432,2.5
rewards/train/match_format_approximately,433,2.5
rewards/train/match_format_approximately,434,2.5
rewards/train/match_format_approximately,435,2.5
rewards/train/match_format_approximately,436,2.5
rewards/train/match_format_approximately,437,2.5
rewards/train/match_format_approximately,438,1.75
rewards/train/match_format_approximately,439,2.5
rewards/train/match_format_approximately,440,2.5
rewards/train/match_format_approximately,441,2.25
rewards/train/match_format_approximately,442,2.5
rewards/train/match_format_approximately,443,2.5
rewards/train/match_format_approximately,444,2.5
rewards/train/match_format_approximately,445,2.5
rewards/train/match_format_approximately,446,2.25
rewards/train/match_format_approximately,447,2.5
rewards/train/match_format_approximately,448,2.5
rewards/train/match_format_approximately,449,2.5
rewards/train/match_format_approximately,450,2.5
rewards/train/match_format_approximately,451,1.0625
rewards/train/match_format_approximately,452,2.5
rewards/train/match_format_approximately,453,0.375
rewards/train/match_format_approximately,454,2.5
rewards/train/match_format_approximately,455,2.5
rewards/train/match_format_approximately,456,2.3125
rewards/train/match_format_approximately,457,2.5
rewards/train/match_format_approximately,458,2.5
rewards/train/match_format_approximately,459,2.125
rewards/train/match_format_approximately,460,2.5
rewards/train/match_format_approximately,461,1.5
rewards/train/match_format_approximately,462,2.5
rewards/train/match_format_approximately,463,2.3125
rewards/train/match_format_approximately,464,2.5
rewards/train/match_format_approximately,465,2.4375
rewards/train/match_format_approximately,466,1.125
rewards/train/match_format_approximately,467,2.3125
rewards/train/match_format_approximately,468,2.5
rewards/train/match_format_approximately,469,-0.5
rewards/train/match_format_approximately,470,2.5
rewards/train/match_format_approximately,471,2.5
rewards/train/match_format_approximately,472,0.8125
rewards/train/match_format_approximately,473,1.5625
rewards/train/match_format_approximately,474,2.5
rewards/train/match_format_approximately,475,2.3125
rewards/train/match_format_approximately,476,2.5
rewards/train/match_format_approximately,477,2.1875
rewards/train/match_format_approximately,478,2.5
rewards/train/match_format_approximately,479,2.5
rewards/train/match_format_approximately,480,2.5
rewards/train/match_format_approximately,481,1.375
rewards/train/match_format_approximately,482,2.5
rewards/train/match_format_approximately,483,2.25
rewards/train/match_format_approximately,484,2.3125
rewards/train/match_format_approximately,485,2.5
rewards/train/match_format_approximately,486,2.3125
rewards/train/match_format_approximately,487,2.3125
rewards/train/match_format_approximately,488,2.5
rewards/train/match_format_approximately,489,2.3125
rewards/train/match_format_approximately,490,2.5
rewards/train/match_format_approximately,491,2.5
rewards/train/match_format_approximately,492,1.5625
rewards/train/match_format_approximately,493,2.5
rewards/train/match_format_approximately,494,2.0625
rewards/train/match_format_approximately,495,2.125
rewards/train/match_format_approximately,496,2.5
rewards/train/match_format_approximately,497,2.0
rewards/train/match_format_approximately,498,2.3125
rewards/train/match_format_approximately,499,2.5
rewards/train/match_format_approximately,500,2.5
rewards/train/match_format_approximately,501,2.5
rewards/train/match_format_approximately,502,2.125
rewards/train/match_format_approximately,503,1.8125
rewards/train/match_format_approximately,504,2.5
rewards/train/match_format_approximately,505,2.5
rewards/train/match_format_approximately,506,1.375
rewards/train/match_format_approximately,507,2.3125
rewards/train/match_format_approximately,508,2.5
rewards/train/match_format_approximately,509,2.5
rewards/train/match_format_approximately,510,2.5
rewards/train/match_format_approximately,511,2.5
rewards/train/match_format_approximately,512,2.5
rewards/train/match_format_approximately,513,2.5
rewards/train/match_format_approximately,514,2.3125
rewards/train/match_format_approximately,515,2.5
rewards/train/match_format_approximately,516,1.5
rewards/train/match_format_approximately,517,-0.0625
rewards/train/match_format_approximately,518,2.5
rewards/train/match_format_approximately,519,2.5
rewards/train/match_format_approximately,520,2.3125
rewards/train/match_format_approximately,521,2.5
rewards/train/match_format_approximately,522,2.3125
rewards/train/match_format_approximately,523,2.5
rewards/train/match_format_approximately,524,2.5
rewards/train/match_format_approximately,525,2.5
rewards/train/match_format_approximately,526,2.5
rewards/train/match_format_approximately,527,2.5
rewards/train/match_format_approximately,528,2.3125
rewards/train/match_format_approximately,529,2.5
rewards/train/match_format_approximately,530,2.5
rewards/train/match_format_approximately,531,2.3125
rewards/train/match_format_approximately,532,2.0
rewards/train/match_format_approximately,533,2.25
rewards/train/match_format_approximately,534,2.5
rewards/train/match_format_approximately,535,2.5
rewards/train/match_format_approximately,536,1.9375
rewards/train/match_format_approximately,537,2.5
rewards/train/match_format_approximately,538,-0.125
rewards/train/match_format_approximately,539,2.1875
rewards/train/match_format_approximately,540,2.3125
rewards/train/match_format_approximately,541,2.5
rewards/train/match_format_approximately,542,2.5
rewards/train/match_format_approximately,543,2.3125
rewards/train/match_format_approximately,544,2.5
rewards/train/match_format_approximately,545,2.4375
rewards/train/match_format_approximately,546,1.375
rewards/train/match_format_approximately,547,2.3125
rewards/train/match_format_approximately,548,2.5
rewards/train/match_format_approximately,549,2.5
rewards/train/match_format_approximately,550,1.9375
rewards/train/match_format_approximately,551,2.5
rewards/train/match_format_approximately,552,2.5
rewards/train/match_format_approximately,553,2.5
rewards/train/match_format_approximately,554,2.5
rewards/train/match_format_approximately,555,2.5
rewards/train/match_format_approximately,556,2.5
rewards/train/match_format_approximately,557,2.5
rewards/train/match_format_approximately,558,2.5
rewards/train/match_format_approximately,559,2.5
rewards/train/match_format_approximately,560,2.5
rewards/train/match_format_approximately,561,2.5
rewards/train/match_format_approximately,562,2.5
rewards/train/match_format_approximately,563,2.0
rewards/train/match_format_approximately,564,2.5
rewards/train/match_format_approximately,565,2.5
rewards/train/match_format_approximately,566,2.5
rewards/train/match_format_approximately,567,2.5
rewards/train/match_format_approximately,568,2.0
rewards/train/match_format_approximately,569,2.5
rewards/train/match_format_approximately,570,2.5
rewards/train/match_format_approximately,571,2.5
rewards/train/match_format_approximately,572,0.25
rewards/train/match_format_approximately,573,2.5
rewards/train/match_format_approximately,574,2.5
rewards/train/match_format_approximately,575,2.3125
rewards/train/match_format_approximately,576,2.5
rewards/train/match_format_approximately,577,2.25
rewards/train/match_format_approximately,578,2.5
rewards/train/match_format_approximately,579,2.375
rewards/train/match_format_approximately,580,1.3125
rewards/train/match_format_approximately,581,2.5
rewards/train/match_format_approximately,582,2.125
rewards/train/match_format_approximately,583,2.5
rewards/train/match_format_approximately,584,1.1875
rewards/train/match_format_approximately,585,2.5
rewards/train/match_format_approximately,586,0.125
rewards/train/match_format_approximately,587,2.5
rewards/train/match_format_approximately,588,1.9375
rewards/train/match_format_approximately,589,2.3125
rewards/train/match_format_approximately,590,2.5
rewards/train/match_format_approximately,591,2.25
rewards/train/match_format_approximately,592,2.0625
rewards/train/match_format_approximately,593,2.1875
rewards/train/match_format_approximately,594,2.5
rewards/train/match_format_approximately,595,1.9375
rewards/train/match_format_approximately,596,2.5
rewards/train/match_format_approximately,597,2.5
rewards/train/match_format_approximately,598,2.5
rewards/train/match_format_approximately,599,2.5
rewards/train/match_format_approximately,600,2.5
rewards/train/match_format_approximately,601,2.3125
rewards/train/match_format_approximately,602,2.5
rewards/train/match_format_approximately,603,2.0625
rewards/train/match_format_approximately,604,2.5
rewards/train/match_format_approximately,605,1.1875
rewards/train/match_format_approximately,606,2.5
rewards/train/match_format_approximately,607,2.3125
rewards/train/match_format_approximately,608,2.5
rewards/train/match_format_approximately,609,1.0625
rewards/train/match_format_approximately,610,2.5
rewards/train/match_format_approximately,611,2.5
rewards/train/match_format_approximately,612,2.5
rewards/train/match_format_approximately,613,2.125
rewards/train/match_format_approximately,614,2.3125
rewards/train/match_format_approximately,615,2.5
rewards/train/match_format_approximately,616,1.875
rewards/train/match_format_approximately,617,2.5
rewards/train/match_format_approximately,618,2.3125
rewards/train/match_format_approximately,619,2.3125
rewards/train/match_format_approximately,620,2.5
rewards/train/match_format_approximately,621,1.125
rewards/train/match_format_approximately,622,1.5625
rewards/train/match_format_approximately,623,2.5
rewards/train/match_format_approximately,624,2.5
rewards/train/match_format_approximately,625,2.5
rewards/train/match_format_approximately,626,2.125
rewards/train/match_format_approximately,627,2.3125
rewards/train/match_format_approximately,628,1.1875
rewards/train/match_format_approximately,629,2.5
rewards/train/match_format_approximately,630,1.375
rewards/train/match_format_approximately,631,1.9375
rewards/train/match_format_approximately,632,1.375
rewards/train/match_format_approximately,633,2.5
rewards/train/match_format_approximately,634,2.3125
rewards/train/match_format_approximately,635,2.5
rewards/train/match_format_approximately,636,2.5
rewards/train/match_format_approximately,637,2.4375
rewards/train/match_format_approximately,638,2.3125
rewards/train/match_format_approximately,639,2.5
rewards/train/match_format_approximately,640,2.5
rewards/train/match_format_approximately,641,2.3125
rewards/train/match_format_approximately,642,2.5
rewards/train/match_format_approximately,643,1.9375
rewards/train/match_format_approximately,644,2.5
rewards/train/match_format_approximately,645,2.5
rewards/train/match_format_approximately,646,2.125
rewards/train/match_format_approximately,647,2.5
rewards/train/match_format_approximately,648,2.5
rewards/train/match_format_approximately,649,-0.5
rewards/train/match_format_approximately,650,1.5625
rewards/train/match_format_approximately,651,2.5
rewards/train/match_format_approximately,652,2.5
rewards/train/match_format_approximately,653,2.125
rewards/train/match_format_approximately,654,2.0625
rewards/train/match_format_approximately,655,2.5
rewards/train/match_format_approximately,656,2.5
rewards/train/match_format_approximately,657,1.75
rewards/train/match_format_approximately,658,2.0
rewards/train/match_format_approximately,659,1.8125
rewards/train/match_format_approximately,660,2.5
rewards/train/match_format_approximately,661,2.3125
rewards/train/match_format_approximately,662,2.5
rewards/train/match_format_approximately,663,2.5
rewards/train/match_format_approximately,664,2.3125
rewards/train/match_format_approximately,665,1.75
rewards/train/match_format_approximately,666,1.9375
rewards/train/match_format_approximately,667,2.5
rewards/train/match_format_approximately,668,2.3125
rewards/train/match_format_approximately,669,2.3125
rewards/train/match_format_approximately,670,2.5
rewards/train/match_format_approximately,671,2.5
rewards/train/match_format_approximately,672,2.0
rewards/train/match_format_approximately,673,2.5
rewards/train/match_format_approximately,674,2.5
rewards/train/match_format_approximately,675,2.3125
rewards/train/match_format_approximately,676,2.3125
rewards/train/match_format_approximately,677,2.5
rewards/train/match_format_approximately,678,2.5
rewards/train/check_answer,1,0.0
rewards/train/check_answer,2,0.0
rewards/train/check_answer,3,0.0
rewards/train/check_answer,4,0.1875
rewards/train/check_answer,5,0.0
rewards/train/check_answer,6,0.0
rewards/train/check_answer,7,0.0
rewards/train/check_answer,8,0.0
rewards/train/check_answer,9,0.0
rewards/train/check_answer,10,-0.09375
rewards/train/check_answer,11,0.0
rewards/train/check_answer,12,0.0
rewards/train/check_answer,13,0.0
rewards/train/check_answer,14,0.125
rewards/train/check_answer,15,0.0
rewards/train/check_answer,16,0.0
rewards/train/check_answer,17,0.0
rewards/train/check_answer,18,0.0
rewards/train/check_answer,19,0.03125
rewards/train/check_answer,20,0.0
rewards/train/check_answer,21,0.0
rewards/train/check_answer,22,0.0
rewards/train/check_answer,23,0.0
rewards/train/check_answer,24,0.0
rewards/train/check_answer,25,0.0
rewards/train/check_answer,26,0.0
rewards/train/check_answer,27,0.0
rewards/train/check_answer,28,0.0
rewards/train/check_answer,29,0.0
rewards/train/check_answer,30,0.0
rewards/train/check_answer,31,0.0
rewards/train/check_answer,32,0.0
rewards/train/check_answer,33,0.0
rewards/train/check_answer,34,0.0
rewards/train/check_answer,35,-0.0625
rewards/train/check_answer,36,0.0
rewards/train/check_answer,37,-0.125
rewards/train/check_answer,38,-0.0625
rewards/train/check_answer,39,0.0
rewards/train/check_answer,40,-0.125
rewards/train/check_answer,41,0.0
rewards/train/check_answer,42,0.0
rewards/train/check_answer,43,0.0
rewards/train/check_answer,44,0.0
rewards/train/check_answer,45,0.0
rewards/train/check_answer,46,0.0
rewards/train/check_answer,47,-0.0625
rewards/train/check_answer,48,1.6875
rewards/train/check_answer,49,-0.28125
rewards/train/check_answer,50,0.0
rewards/train/check_answer,51,0.9375
rewards/train/check_answer,52,0.1875
rewards/train/check_answer,53,0.0
rewards/train/check_answer,54,0.015625
rewards/train/check_answer,55,-0.0625
rewards/train/check_answer,56,0.0
rewards/train/check_answer,57,1.0625
rewards/train/check_answer,58,-0.375
rewards/train/check_answer,59,-0.0625
rewards/train/check_answer,60,0.375
rewards/train/check_answer,61,1.5
rewards/train/check_answer,62,0.0
rewards/train/check_answer,63,1.6875
rewards/train/check_answer,64,0.5
rewards/train/check_answer,65,0.0
rewards/train/check_answer,66,0.0
rewards/train/check_answer,67,0.0625
rewards/train/check_answer,68,0.0
rewards/train/check_answer,69,0.0
rewards/train/check_answer,70,-0.625
rewards/train/check_answer,71,-0.1875
rewards/train/check_answer,72,-0.625
rewards/train/check_answer,73,1.125
rewards/train/check_answer,74,2.109375
rewards/train/check_answer,75,-0.5
rewards/train/check_answer,76,-0.125
rewards/train/check_answer,77,2.3125
rewards/train/check_answer,78,2.625
rewards/train/check_answer,79,-1.0
rewards/train/check_answer,80,0.15625
rewards/train/check_answer,81,0.0
rewards/train/check_answer,82,0.3125
rewards/train/check_answer,83,1.28125
rewards/train/check_answer,84,0.0
rewards/train/check_answer,85,1.0
rewards/train/check_answer,86,-0.5
rewards/train/check_answer,87,0.34375
rewards/train/check_answer,88,2.1875
rewards/train/check_answer,89,-0.046875
rewards/train/check_answer,90,0.125
rewards/train/check_answer,91,-0.0625
rewards/train/check_answer,92,3.0
rewards/train/check_answer,93,2.15625
rewards/train/check_answer,94,1.8125
rewards/train/check_answer,95,2.25
rewards/train/check_answer,96,-0.1875
rewards/train/check_answer,97,0.578125
rewards/train/check_answer,98,0.6875
rewards/train/check_answer,99,0.015625
rewards/train/check_answer,100,0.1875
rewards/train/check_answer,101,0.8125
rewards/train/check_answer,102,0.78125
rewards/train/check_answer,103,-0.4375
rewards/train/check_answer,104,2.5
rewards/train/check_answer,105,0.09375
rewards/train/check_answer,106,-0.03125
rewards/train/check_answer,107,1.25
rewards/train/check_answer,108,1.0
rewards/train/check_answer,109,1.375
rewards/train/check_answer,110,0.8125
rewards/train/check_answer,111,0.0
rewards/train/check_answer,112,0.1875
rewards/train/check_answer,113,2.828125
rewards/train/check_answer,114,2.625
rewards/train/check_answer,115,2.0625
rewards/train/check_answer,116,-0.90625
rewards/train/check_answer,117,1.25
rewards/train/check_answer,118,1.765625
rewards/train/check_answer,119,3.0
rewards/train/check_answer,120,3.0
rewards/train/check_answer,121,2.59375
rewards/train/check_answer,122,-0.921875
rewards/train/check_answer,123,0.359375
rewards/train/check_answer,124,0.0
rewards/train/check_answer,125,0.6875
rewards/train/check_answer,126,3.0
rewards/train/check_answer,127,0.734375
rewards/train/check_answer,128,2.0
rewards/train/check_answer,129,-0.75
rewards/train/check_answer,130,-0.546875
rewards/train/check_answer,131,-0.359375
rewards/train/check_answer,132,-0.125
rewards/train/check_answer,133,-0.546875
rewards/train/check_answer,134,1.625
rewards/train/check_answer,135,-0.109375
rewards/train/check_answer,136,-0.71875
rewards/train/check_answer,137,2.0
rewards/train/check_answer,138,0.375
rewards/train/check_answer,139,1.0
rewards/train/check_answer,140,2.8125
rewards/train/check_answer,141,1.125
rewards/train/check_answer,142,-0.203125
rewards/train/check_answer,143,0.0625
rewards/train/check_answer,144,3.0
rewards/train/check_answer,145,2.4375
rewards/train/check_answer,146,3.0
rewards/train/check_answer,147,1.34375
rewards/train/check_answer,148,-0.3125
rewards/train/check_answer,149,1.5
rewards/train/check_answer,150,-0.9375
rewards/train/check_answer,151,1.6875
rewards/train/check_answer,152,0.25
rewards/train/check_answer,153,3.0
rewards/train/check_answer,154,0.0625
rewards/train/check_answer,155,-0.515625
rewards/train/check_answer,156,2.8125
rewards/train/check_answer,157,0.5625
rewards/train/check_answer,158,2.5
rewards/train/check_answer,159,2.75
rewards/train/check_answer,160,-0.59375
rewards/train/check_answer,161,2.25
rewards/train/check_answer,162,-0.375
rewards/train/check_answer,163,1.25
rewards/train/check_answer,164,0.0625
rewards/train/check_answer,165,2.375
rewards/train/check_answer,166,0.3125
rewards/train/check_answer,167,0.875
rewards/train/check_answer,168,3.0
rewards/train/check_answer,169,2.8125
rewards/train/check_answer,170,2.625
rewards/train/check_answer,171,-0.5
rewards/train/check_answer,172,3.0
rewards/train/check_answer,173,0.25
rewards/train/check_answer,174,-0.765625
rewards/train/check_answer,175,-0.75
rewards/train/check_answer,176,2.8125
rewards/train/check_answer,177,0.125
rewards/train/check_answer,178,-0.09375
rewards/train/check_answer,179,3.0
rewards/train/check_answer,180,2.3125
rewards/train/check_answer,181,2.5625
rewards/train/check_answer,182,0.203125
rewards/train/check_answer,183,3.0
rewards/train/check_answer,184,-0.6875
rewards/train/check_answer,185,2.75
rewards/train/check_answer,186,2.5625
rewards/train/check_answer,187,-0.65625
rewards/train/check_answer,188,-0.734375
rewards/train/check_answer,189,-0.6875
rewards/train/check_answer,190,-0.875
rewards/train/check_answer,191,3.0
rewards/train/check_answer,192,0.40625
rewards/train/check_answer,193,1.59375
rewards/train/check_answer,194,1.90625
rewards/train/check_answer,195,2.25
rewards/train/check_answer,196,-0.25
rewards/train/check_answer,197,2.046875
rewards/train/check_answer,198,1.25
rewards/train/check_answer,199,-0.125
rewards/train/check_answer,200,2.5625
rewards/train/check_answer,201,2.75
rewards/train/check_answer,202,-0.5625
rewards/train/check_answer,203,2.0
rewards/train/check_answer,204,1.75
rewards/train/check_answer,205,-0.25
rewards/train/check_answer,206,1.4375
rewards/train/check_answer,207,0.5
rewards/train/check_answer,208,3.0
rewards/train/check_answer,209,0.59375
rewards/train/check_answer,210,3.0
rewards/train/check_answer,211,3.0
rewards/train/check_answer,212,2.25
rewards/train/check_answer,213,3.0
rewards/train/check_answer,214,3.0
rewards/train/check_answer,215,1.078125
rewards/train/check_answer,216,1.4375
rewards/train/check_answer,217,0.375
rewards/train/check_answer,218,2.5
rewards/train/check_answer,219,1.5
rewards/train/check_answer,220,2.3125
rewards/train/check_answer,221,1.25
rewards/train/check_answer,222,1.546875
rewards/train/check_answer,223,3.0
rewards/train/check_answer,224,-0.875
rewards/train/check_answer,225,-0.75
rewards/train/check_answer,226,2.53125
rewards/train/check_answer,227,0.1875
rewards/train/check_answer,228,2.5
rewards/train/check_answer,229,2.5625
rewards/train/check_answer,230,-0.3125
rewards/train/check_answer,231,2.75
rewards/train/check_answer,232,-0.46875
rewards/train/check_answer,233,-0.1875
rewards/train/check_answer,234,-0.625
rewards/train/check_answer,235,-0.25
rewards/train/check_answer,236,2.5
rewards/train/check_answer,237,-0.5
rewards/train/check_answer,238,2.8125
rewards/train/check_answer,239,3.0
rewards/train/check_answer,240,2.84375
rewards/train/check_answer,241,-0.1875
rewards/train/check_answer,242,0.390625
rewards/train/check_answer,243,2.75
rewards/train/check_answer,244,2.375
rewards/train/check_answer,245,3.0
rewards/train/check_answer,246,2.84375
rewards/train/check_answer,247,2.25
rewards/train/check_answer,248,-0.5
rewards/train/check_answer,249,-0.125
rewards/train/check_answer,250,2.25
rewards/train/check_answer,251,-0.53125
rewards/train/check_answer,252,-0.53125
rewards/train/check_answer,253,3.0
rewards/train/check_answer,254,2.75
rewards/train/check_answer,255,-0.0625
rewards/train/check_answer,256,0.09375
rewards/train/check_answer,257,1.75
rewards/train/check_answer,258,-0.5
rewards/train/check_answer,259,-0.59375
rewards/train/check_answer,260,-0.515625
rewards/train/check_answer,261,3.0
rewards/train/check_answer,262,0.3125
rewards/train/check_answer,263,3.0
rewards/train/check_answer,264,3.0
rewards/train/check_answer,265,-0.96875
rewards/train/check_answer,266,0.5625
rewards/train/check_answer,267,-0.46875
rewards/train/check_answer,268,2.640625
rewards/train/check_answer,269,0.375
rewards/train/check_answer,270,-0.015625
rewards/train/check_answer,271,-0.0625
rewards/train/check_answer,272,1.828125
rewards/train/check_answer,273,-0.1875
rewards/train/check_answer,274,3.0
rewards/train/check_answer,275,-0.8125
rewards/train/check_answer,276,3.0
rewards/train/check_answer,277,-0.28125
rewards/train/check_answer,278,1.75
rewards/train/check_answer,279,-0.75
rewards/train/check_answer,280,2.328125
rewards/train/check_answer,281,3.0
rewards/train/check_answer,282,-0.25
rewards/train/check_answer,283,-0.6875
rewards/train/check_answer,284,-0.078125
rewards/train/check_answer,285,0.5625
rewards/train/check_answer,286,0.1875
rewards/train/check_answer,287,-0.28125
rewards/train/check_answer,288,2.84375
rewards/train/check_answer,289,2.5
rewards/train/check_answer,290,2.75
rewards/train/check_answer,291,-0.671875
rewards/train/check_answer,292,-0.75
rewards/train/check_answer,293,0.5
rewards/train/check_answer,294,2.75
rewards/train/check_answer,295,2.34375
rewards/train/check_answer,296,0.5625
rewards/train/check_answer,297,1.75
rewards/train/check_answer,298,-0.375
rewards/train/check_answer,299,2.75
rewards/train/check_answer,300,-0.6875
rewards/train/check_answer,301,1.171875
rewards/train/check_answer,302,2.625
rewards/train/check_answer,303,2.3125
rewards/train/check_answer,304,3.0
rewards/train/check_answer,305,-0.6875
rewards/train/check_answer,306,0.0625
rewards/train/check_answer,307,0.9375
rewards/train/check_answer,308,-0.140625
rewards/train/check_answer,309,2.75
rewards/train/check_answer,310,0.1875
rewards/train/check_answer,311,1.0
rewards/train/check_answer,312,-0.8125
rewards/train/check_answer,313,1.6875
rewards/train/check_answer,314,-0.25
rewards/train/check_answer,315,3.0
rewards/train/check_answer,316,3.0
rewards/train/check_answer,317,-1.0
rewards/train/check_answer,318,-1.0
rewards/train/check_answer,319,2.25
rewards/train/check_answer,320,2.625
rewards/train/check_answer,321,-0.21875
rewards/train/check_answer,322,3.0
rewards/train/check_answer,323,-0.359375
rewards/train/check_answer,324,2.140625
rewards/train/check_answer,325,1.0
rewards/train/check_answer,326,2.5625
rewards/train/check_answer,327,-0.84375
rewards/train/check_answer,328,-0.75
rewards/train/check_answer,329,0.96875
rewards/train/check_answer,330,1.25
rewards/train/check_answer,331,1.75
rewards/train/check_answer,332,2.25
rewards/train/check_answer,333,0.8125
rewards/train/check_answer,334,-0.25
rewards/train/check_answer,335,-0.75
rewards/train/check_answer,336,1.828125
rewards/train/check_answer,337,-0.125
rewards/train/check_answer,338,-0.34375
rewards/train/check_answer,339,-1.0
rewards/train/check_answer,340,3.0
rewards/train/check_answer,341,1.71875
rewards/train/check_answer,342,1.8125
rewards/train/check_answer,343,2.4375
rewards/train/check_answer,344,3.0
rewards/train/check_answer,345,-0.75
rewards/train/check_answer,346,3.0
rewards/train/check_answer,347,3.0
rewards/train/check_answer,348,-0.640625
rewards/train/check_answer,349,3.0
rewards/train/check_answer,350,-0.75
rewards/train/check_answer,351,0.109375
rewards/train/check_answer,352,-0.609375
rewards/train/check_answer,353,-0.25
rewards/train/check_answer,354,-0.296875
rewards/train/check_answer,355,-0.875
rewards/train/check_answer,356,-0.078125
rewards/train/check_answer,357,-0.5
rewards/train/check_answer,358,-0.09375
rewards/train/check_answer,359,1.0
rewards/train/check_answer,360,0.875
rewards/train/check_answer,361,2.75
rewards/train/check_answer,362,3.0
rewards/train/check_answer,363,0.5
rewards/train/check_answer,364,3.0
rewards/train/check_answer,365,0.5
rewards/train/check_answer,366,2.5
rewards/train/check_answer,367,-0.703125
rewards/train/check_answer,368,1.375
rewards/train/check_answer,369,3.0
rewards/train/check_answer,370,3.0
rewards/train/check_answer,371,0.3125
rewards/train/check_answer,372,-0.6875
rewards/train/check_answer,373,2.8125
rewards/train/check_answer,374,-0.234375
rewards/train/check_answer,375,3.0
rewards/train/check_answer,376,3.0
rewards/train/check_answer,377,3.0
rewards/train/check_answer,378,1.0
rewards/train/check_answer,379,2.65625
rewards/train/check_answer,380,-0.75
rewards/train/check_answer,381,2.25
rewards/train/check_answer,382,3.0
rewards/train/check_answer,383,2.8125
rewards/train/check_answer,384,3.0
rewards/train/check_answer,385,1.4375
rewards/train/check_answer,386,2.5625
rewards/train/check_answer,387,3.0
rewards/train/check_answer,388,2.5
rewards/train/check_answer,389,2.0
rewards/train/check_answer,390,0.21875
rewards/train/check_answer,391,2.75
rewards/train/check_answer,392,-0.125
rewards/train/check_answer,393,2.75
rewards/train/check_answer,394,3.0
rewards/train/check_answer,395,3.0
rewards/train/check_answer,396,-0.1875
rewards/train/check_answer,397,2.828125
rewards/train/check_answer,398,0.4375
rewards/train/check_answer,399,0.125
rewards/train/check_answer,400,-0.4375
rewards/train/check_answer,401,1.96875
rewards/train/check_answer,402,3.0
rewards/train/check_answer,403,1.734375
rewards/train/check_answer,404,0.875
rewards/train/check_answer,405,-0.4375
rewards/train/check_answer,406,-0.53125
rewards/train/check_answer,407,-0.171875
rewards/train/check_answer,408,2.6875
rewards/train/check_answer,409,2.75
rewards/train/check_answer,410,2.625
rewards/train/check_answer,411,2.15625
rewards/train/check_answer,412,2.078125
rewards/train/check_answer,413,2.0
rewards/train/check_answer,414,-0.078125
rewards/train/check_answer,415,3.0
rewards/train/check_answer,416,2.34375
rewards/train/check_answer,417,0.828125
rewards/train/check_answer,418,1.5
rewards/train/check_answer,419,3.0
rewards/train/check_answer,420,2.171875
rewards/train/check_answer,421,0.796875
rewards/train/check_answer,422,3.0
rewards/train/check_answer,423,0.46875
rewards/train/check_answer,424,-0.96875
rewards/train/check_answer,425,0.828125
rewards/train/check_answer,426,0.921875
rewards/train/check_answer,427,-0.25
rewards/train/check_answer,428,1.125
rewards/train/check_answer,429,-0.765625
rewards/train/check_answer,430,1.828125
rewards/train/check_answer,431,-1.0
rewards/train/check_answer,432,2.078125
rewards/train/check_answer,433,2.0
rewards/train/check_answer,434,2.75
rewards/train/check_answer,435,0.046875
rewards/train/check_answer,436,1.75
rewards/train/check_answer,437,3.0
rewards/train/check_answer,438,-0.5
rewards/train/check_answer,439,0.40625
rewards/train/check_answer,440,2.75
rewards/train/check_answer,441,-0.875
rewards/train/check_answer,442,0.0
rewards/train/check_answer,443,-0.671875
rewards/train/check_answer,444,0.75
rewards/train/check_answer,445,2.5
rewards/train/check_answer,446,-0.203125
rewards/train/check_answer,447,1.828125
rewards/train/check_answer,448,3.0
rewards/train/check_answer,449,2.25
rewards/train/check_answer,450,-0.5
rewards/train/check_answer,451,0.328125
rewards/train/check_answer,452,-0.75
rewards/train/check_answer,453,0.0
rewards/train/check_answer,454,1.78125
rewards/train/check_answer,455,3.0
rewards/train/check_answer,456,-0.9375
rewards/train/check_answer,457,2.75
rewards/train/check_answer,458,-1.0
rewards/train/check_answer,459,0.65625
rewards/train/check_answer,460,3.0
rewards/train/check_answer,461,-0.453125
rewards/train/check_answer,462,1.078125
rewards/train/check_answer,463,2.5625
rewards/train/check_answer,464,-0.5
rewards/train/check_answer,465,0.453125
rewards/train/check_answer,466,-0.171875
rewards/train/check_answer,467,-0.1875
rewards/train/check_answer,468,-0.65625
rewards/train/check_answer,469,0.0
rewards/train/check_answer,470,2.0
rewards/train/check_answer,471,3.0
rewards/train/check_answer,472,-0.4375
rewards/train/check_answer,473,0.9375
rewards/train/check_answer,474,3.0
rewards/train/check_answer,475,0.8125
rewards/train/check_answer,476,-0.25
rewards/train/check_answer,477,-0.78125
rewards/train/check_answer,478,0.5
rewards/train/check_answer,479,3.0
rewards/train/check_answer,480,3.0
rewards/train/check_answer,481,0.125
rewards/train/check_answer,482,1.8125
rewards/train/check_answer,483,1.125
rewards/train/check_answer,484,1.8125
rewards/train/check_answer,485,-0.5
rewards/train/check_answer,486,0.3125
rewards/train/check_answer,487,2.8125
rewards/train/check_answer,488,3.0
rewards/train/check_answer,489,0.234375
rewards/train/check_answer,490,3.0
rewards/train/check_answer,491,2.5
rewards/train/check_answer,492,-0.125
rewards/train/check_answer,493,1.25
rewards/train/check_answer,494,1.78125
rewards/train/check_answer,495,-0.21875
rewards/train/check_answer,496,3.0
rewards/train/check_answer,497,1.125
rewards/train/check_answer,498,2.8125
rewards/train/check_answer,499,3.0
rewards/train/check_answer,500,2.75
rewards/train/check_answer,501,3.0
rewards/train/check_answer,502,0.625
rewards/train/check_answer,503,2.0625
rewards/train/check_answer,504,0.25
rewards/train/check_answer,505,3.0
rewards/train/check_answer,506,1.625
rewards/train/check_answer,507,0.71875
rewards/train/check_answer,508,3.0
rewards/train/check_answer,509,2.28125
rewards/train/check_answer,510,2.5
rewards/train/check_answer,511,3.0
rewards/train/check_answer,512,1.75
rewards/train/check_answer,513,2.0
rewards/train/check_answer,514,2.8125
rewards/train/check_answer,515,3.0
rewards/train/check_answer,516,-0.625
rewards/train/check_answer,517,-0.125
rewards/train/check_answer,518,3.0
rewards/train/check_answer,519,3.0
rewards/train/check_answer,520,0.5625
rewards/train/check_answer,521,3.0
rewards/train/check_answer,522,2.8125
rewards/train/check_answer,523,3.0
rewards/train/check_answer,524,3.0
rewards/train/check_answer,525,0.328125
rewards/train/check_answer,526,2.828125
rewards/train/check_answer,527,3.0
rewards/train/check_answer,528,1.75
rewards/train/check_answer,529,2.25
rewards/train/check_answer,530,-0.71875
rewards/train/check_answer,531,2.09375
rewards/train/check_answer,532,0.1875
rewards/train/check_answer,533,1.875
rewards/train/check_answer,534,1.78125
rewards/train/check_answer,535,2.65625
rewards/train/check_answer,536,-0.5625
rewards/train/check_answer,537,3.0
rewards/train/check_answer,538,-0.0625
rewards/train/check_answer,539,1.546875
rewards/train/check_answer,540,2.625
rewards/train/check_answer,541,1.75
rewards/train/check_answer,542,2.75
rewards/train/check_answer,543,0.84375
rewards/train/check_answer,544,0.25
rewards/train/check_answer,545,-0.390625
rewards/train/check_answer,546,-0.296875
rewards/train/check_answer,547,-0.4375
rewards/train/check_answer,548,2.75
rewards/train/check_answer,549,3.0
rewards/train/check_answer,550,0.21875
rewards/train/check_answer,551,1.078125
rewards/train/check_answer,552,3.0
rewards/train/check_answer,553,-1.0
rewards/train/check_answer,554,3.0
rewards/train/check_answer,555,3.0
rewards/train/check_answer,556,2.0
rewards/train/check_answer,557,2.75
rewards/train/check_answer,558,3.0
rewards/train/check_answer,559,2.25
rewards/train/check_answer,560,3.0
rewards/train/check_answer,561,2.84375
rewards/train/check_answer,562,1.5
rewards/train/check_answer,563,2.4375
rewards/train/check_answer,564,3.0
rewards/train/check_answer,565,2.421875
rewards/train/check_answer,566,3.0
rewards/train/check_answer,567,0.359375
rewards/train/check_answer,568,1.5
rewards/train/check_answer,569,2.25
rewards/train/check_answer,570,3.0
rewards/train/check_answer,571,0.40625
rewards/train/check_answer,572,-0.25
rewards/train/check_answer,573,2.75
rewards/train/check_answer,574,3.0
rewards/train/check_answer,575,2.5625
rewards/train/check_answer,576,3.0
rewards/train/check_answer,577,1.6875
rewards/train/check_answer,578,-0.40625
rewards/train/check_answer,579,-0.65625
rewards/train/check_answer,580,0.9375
rewards/train/check_answer,581,3.0
rewards/train/check_answer,582,2.203125
rewards/train/check_answer,583,2.75
rewards/train/check_answer,584,0.6875
rewards/train/check_answer,585,3.0
rewards/train/check_answer,586,0.0625
rewards/train/check_answer,587,3.0
rewards/train/check_answer,588,0.3125
rewards/train/check_answer,589,2.8125
rewards/train/check_answer,590,1.25
rewards/train/check_answer,591,2.046875
rewards/train/check_answer,592,-0.1875
rewards/train/check_answer,593,1.6875
rewards/train/check_answer,594,2.0
rewards/train/check_answer,595,0.6875
rewards/train/check_answer,596,1.0
rewards/train/check_answer,597,2.21875
rewards/train/check_answer,598,2.75
rewards/train/check_answer,599,3.0
rewards/train/check_answer,600,-0.90625
rewards/train/check_answer,601,1.625
rewards/train/check_answer,602,2.84375
rewards/train/check_answer,603,1.96875
rewards/train/check_answer,604,3.0
rewards/train/check_answer,605,-0.5625
rewards/train/check_answer,606,3.0
rewards/train/check_answer,607,0.0625
rewards/train/check_answer,608,3.0
rewards/train/check_answer,609,0.0625
rewards/train/check_answer,610,3.0
rewards/train/check_answer,611,2.5
rewards/train/check_answer,612,-0.078125
rewards/train/check_answer,613,1.875
rewards/train/check_answer,614,2.15625
rewards/train/check_answer,615,3.0
rewards/train/check_answer,616,-0.75
rewards/train/check_answer,617,0.75
rewards/train/check_answer,618,2.3125
rewards/train/check_answer,619,2.8125
rewards/train/check_answer,620,3.0
rewards/train/check_answer,621,0.28125
rewards/train/check_answer,622,0.953125
rewards/train/check_answer,623,3.0
rewards/train/check_answer,624,2.5
rewards/train/check_answer,625,3.0
rewards/train/check_answer,626,0.84375
rewards/train/check_answer,627,-0.859375
rewards/train/check_answer,628,0.734375
rewards/train/check_answer,629,3.0
rewards/train/check_answer,630,-0.40625
rewards/train/check_answer,631,1.6875
rewards/train/check_answer,632,0.125
rewards/train/check_answer,633,3.0
rewards/train/check_answer,634,-0.9375
rewards/train/check_answer,635,3.0
rewards/train/check_answer,636,2.59375
rewards/train/check_answer,637,2.8125
rewards/train/check_answer,638,-0.6875
rewards/train/check_answer,639,-0.5
rewards/train/check_answer,640,2.0
rewards/train/check_answer,641,2.0625
rewards/train/check_answer,642,2.21875
rewards/train/check_answer,643,0.4375
rewards/train/check_answer,644,3.0
rewards/train/check_answer,645,0.5
rewards/train/check_answer,646,0.71875
rewards/train/check_answer,647,2.5
rewards/train/check_answer,648,2.6875
rewards/train/check_answer,649,0.75
rewards/train/check_answer,650,1.8125
rewards/train/check_answer,651,1.28125
rewards/train/check_answer,652,3.0
rewards/train/check_answer,653,0.375
rewards/train/check_answer,654,-0.0625
rewards/train/check_answer,655,0.328125
rewards/train/check_answer,656,2.5
rewards/train/check_answer,657,-0.75
rewards/train/check_answer,658,0.4375
rewards/train/check_answer,659,0.09375
rewards/train/check_answer,660,1.75
rewards/train/check_answer,661,2.15625
rewards/train/check_answer,662,2.0
rewards/train/check_answer,663,-1.0
rewards/train/check_answer,664,-0.4375
rewards/train/check_answer,665,0.0
rewards/train/check_answer,666,-0.8125
rewards/train/check_answer,667,3.0
rewards/train/check_answer,668,-0.84375
rewards/train/check_answer,669,-0.09375
rewards/train/check_answer,670,0.25
rewards/train/check_answer,671,-0.0625
rewards/train/check_answer,672,1.4375
rewards/train/check_answer,673,3.0
rewards/train/check_answer,674,2.5
rewards/train/check_answer,675,-0.09375
rewards/train/check_answer,676,2.5625
rewards/train/check_answer,677,2.75
rewards/train/check_answer,678,3.0
rewards/train/check_numbers,1,1.5
rewards/train/check_numbers,2,0.375
rewards/train/check_numbers,3,0.9375
rewards/train/check_numbers,4,0.9375
rewards/train/check_numbers,5,0.0
rewards/train/check_numbers,6,0.75
rewards/train/check_numbers,7,1.40625
rewards/train/check_numbers,8,1.3125
rewards/train/check_numbers,9,1.5
rewards/train/check_numbers,10,0.5625
rewards/train/check_numbers,11,0.0
rewards/train/check_numbers,12,0.28125
rewards/train/check_numbers,13,0.75
rewards/train/check_numbers,14,1.03125
rewards/train/check_numbers,15,0.84375
rewards/train/check_numbers,16,0.09375
rewards/train/check_numbers,17,1.3125
rewards/train/check_numbers,18,1.03125
rewards/train/check_numbers,19,0.0
rewards/train/check_numbers,20,1.21875
rewards/train/check_numbers,21,1.5
rewards/train/check_numbers,22,1.21875
rewards/train/check_numbers,23,0.65625
rewards/train/check_numbers,24,1.03125
rewards/train/check_numbers,25,1.5
rewards/train/check_numbers,26,0.09375
rewards/train/check_numbers,27,0.5625
rewards/train/check_numbers,28,0.5625
rewards/train/check_numbers,29,0.0
rewards/train/check_numbers,30,0.5625
rewards/train/check_numbers,31,0.1875
rewards/train/check_numbers,32,0.9375
rewards/train/check_numbers,33,0.0
rewards/train/check_numbers,34,0.28125
rewards/train/check_numbers,35,0.0
rewards/train/check_numbers,36,1.5
rewards/train/check_numbers,37,0.5625
rewards/train/check_numbers,38,0.0
rewards/train/check_numbers,39,1.5
rewards/train/check_numbers,40,0.0
rewards/train/check_numbers,41,1.03125
rewards/train/check_numbers,42,0.46875
rewards/train/check_numbers,43,0.0
rewards/train/check_numbers,44,0.84375
rewards/train/check_numbers,45,0.0
rewards/train/check_numbers,46,1.5
rewards/train/check_numbers,47,0.0
rewards/train/check_numbers,48,1.5
rewards/train/check_numbers,49,0.0
rewards/train/check_numbers,50,0.75
rewards/train/check_numbers,51,1.21875
rewards/train/check_numbers,52,1.5
rewards/train/check_numbers,53,1.3125
rewards/train/check_numbers,54,0.0
rewards/train/check_numbers,55,0.0
rewards/train/check_numbers,56,1.5
rewards/train/check_numbers,57,1.40625
rewards/train/check_numbers,58,0.1875
rewards/train/check_numbers,59,0.09375
rewards/train/check_numbers,60,0.5625
rewards/train/check_numbers,61,1.5
rewards/train/check_numbers,62,1.5
rewards/train/check_numbers,63,1.40625
rewards/train/check_numbers,64,1.3125
rewards/train/check_numbers,65,0.65625
rewards/train/check_numbers,66,0.28125
rewards/train/check_numbers,67,0.84375
rewards/train/check_numbers,68,0.65625
rewards/train/check_numbers,69,1.21875
rewards/train/check_numbers,70,0.09375
rewards/train/check_numbers,71,0.0
rewards/train/check_numbers,72,0.09375
rewards/train/check_numbers,73,0.84375
rewards/train/check_numbers,74,1.21875
rewards/train/check_numbers,75,0.0
rewards/train/check_numbers,76,0.1875
rewards/train/check_numbers,77,1.21875
rewards/train/check_numbers,78,1.3125
rewards/train/check_numbers,79,0.0
rewards/train/check_numbers,80,0.375
rewards/train/check_numbers,81,1.40625
rewards/train/check_numbers,82,0.65625
rewards/train/check_numbers,83,0.75
rewards/train/check_numbers,84,0.28125
rewards/train/check_numbers,85,1.21875
rewards/train/check_numbers,86,0.0
rewards/train/check_numbers,87,0.84375
rewards/train/check_numbers,88,1.3125
rewards/train/check_numbers,89,0.46875
rewards/train/check_numbers,90,1.21875
rewards/train/check_numbers,91,0.75
rewards/train/check_numbers,92,1.5
rewards/train/check_numbers,93,1.125
rewards/train/check_numbers,94,1.3125
rewards/train/check_numbers,95,1.5
rewards/train/check_numbers,96,0.09375
rewards/train/check_numbers,97,0.28125
rewards/train/check_numbers,98,0.9375
rewards/train/check_numbers,99,0.46875
rewards/train/check_numbers,100,0.1875
rewards/train/check_numbers,101,0.75
rewards/train/check_numbers,102,1.3125
rewards/train/check_numbers,103,0.09375
rewards/train/check_numbers,104,1.3125
rewards/train/check_numbers,105,0.0
rewards/train/check_numbers,106,0.1875
rewards/train/check_numbers,107,1.3125
rewards/train/check_numbers,108,1.40625
rewards/train/check_numbers,109,0.75
rewards/train/check_numbers,110,0.65625
rewards/train/check_numbers,111,0.375
rewards/train/check_numbers,112,1.125
rewards/train/check_numbers,113,1.40625
rewards/train/check_numbers,114,1.5
rewards/train/check_numbers,115,1.5
rewards/train/check_numbers,116,0.0
rewards/train/check_numbers,117,1.40625
rewards/train/check_numbers,118,0.9375
rewards/train/check_numbers,119,1.5
rewards/train/check_numbers,120,1.5
rewards/train/check_numbers,121,1.3125
rewards/train/check_numbers,122,0.0
rewards/train/check_numbers,123,0.28125
rewards/train/check_numbers,124,0.75
rewards/train/check_numbers,125,0.5625
rewards/train/check_numbers,126,1.5
rewards/train/check_numbers,127,0.46875
rewards/train/check_numbers,128,1.125
rewards/train/check_numbers,129,0.09375
rewards/train/check_numbers,130,0.0
rewards/train/check_numbers,131,0.28125
rewards/train/check_numbers,132,0.375
rewards/train/check_numbers,133,0.0
rewards/train/check_numbers,134,0.9375
rewards/train/check_numbers,135,0.09375
rewards/train/check_numbers,136,0.09375
rewards/train/check_numbers,137,1.40625
rewards/train/check_numbers,138,0.1875
rewards/train/check_numbers,139,0.75
rewards/train/check_numbers,140,1.40625
rewards/train/check_numbers,141,0.9375
rewards/train/check_numbers,142,0.0
rewards/train/check_numbers,143,0.28125
rewards/train/check_numbers,144,1.5
rewards/train/check_numbers,145,1.3125
rewards/train/check_numbers,146,1.5
rewards/train/check_numbers,147,0.65625
rewards/train/check_numbers,148,0.09375
rewards/train/check_numbers,149,0.9375
rewards/train/check_numbers,150,0.0
rewards/train/check_numbers,151,0.9375
rewards/train/check_numbers,152,0.46875
rewards/train/check_numbers,153,1.5
rewards/train/check_numbers,154,0.5625
rewards/train/check_numbers,155,0.09375
rewards/train/check_numbers,156,1.40625
rewards/train/check_numbers,157,0.375
rewards/train/check_numbers,158,1.3125
rewards/train/check_numbers,159,1.40625
rewards/train/check_numbers,160,0.09375
rewards/train/check_numbers,161,1.21875
rewards/train/check_numbers,162,0.0
rewards/train/check_numbers,163,0.84375
rewards/train/check_numbers,164,0.28125
rewards/train/check_numbers,165,1.21875
rewards/train/check_numbers,166,0.46875
rewards/train/check_numbers,167,0.75
rewards/train/check_numbers,168,1.5
rewards/train/check_numbers,169,1.5
rewards/train/check_numbers,170,1.5
rewards/train/check_numbers,171,0.1875
rewards/train/check_numbers,172,1.5
rewards/train/check_numbers,173,0.46875
rewards/train/check_numbers,174,0.0
rewards/train/check_numbers,175,0.09375
rewards/train/check_numbers,176,1.5
rewards/train/check_numbers,177,0.375
rewards/train/check_numbers,178,0.1875
rewards/train/check_numbers,179,1.5
rewards/train/check_numbers,180,1.21875
rewards/train/check_numbers,181,1.3125
rewards/train/check_numbers,182,0.375
rewards/train/check_numbers,183,1.5
rewards/train/check_numbers,184,0.0
rewards/train/check_numbers,185,1.40625
rewards/train/check_numbers,186,1.40625
rewards/train/check_numbers,187,0.0
rewards/train/check_numbers,188,0.0
rewards/train/check_numbers,189,0.0
rewards/train/check_numbers,190,0.0
rewards/train/check_numbers,191,1.5
rewards/train/check_numbers,192,0.46875
rewards/train/check_numbers,193,0.9375
rewards/train/check_numbers,194,0.84375
rewards/train/check_numbers,195,1.21875
rewards/train/check_numbers,196,0.28125
rewards/train/check_numbers,197,0.9375
rewards/train/check_numbers,198,0.84375
rewards/train/check_numbers,199,0.1875
rewards/train/check_numbers,200,1.40625
rewards/train/check_numbers,201,1.40625
rewards/train/check_numbers,202,0.0
rewards/train/check_numbers,203,1.125
rewards/train/check_numbers,204,1.03125
rewards/train/check_numbers,205,0.28125
rewards/train/check_numbers,206,0.9375
rewards/train/check_numbers,207,0.5625
rewards/train/check_numbers,208,1.5
rewards/train/check_numbers,209,0.5625
rewards/train/check_numbers,210,1.5
rewards/train/check_numbers,211,1.5
rewards/train/check_numbers,212,1.21875
rewards/train/check_numbers,213,1.5
rewards/train/check_numbers,214,1.5
rewards/train/check_numbers,215,0.46875
rewards/train/check_numbers,216,0.84375
rewards/train/check_numbers,217,0.1875
rewards/train/check_numbers,218,1.3125
rewards/train/check_numbers,219,0.9375
rewards/train/check_numbers,220,1.125
rewards/train/check_numbers,221,0.84375
rewards/train/check_numbers,222,0.75
rewards/train/check_numbers,223,1.5
rewards/train/check_numbers,224,0.0
rewards/train/check_numbers,225,0.0
rewards/train/check_numbers,226,1.3125
rewards/train/check_numbers,227,0.46875
rewards/train/check_numbers,228,1.3125
rewards/train/check_numbers,229,1.3125
rewards/train/check_numbers,230,0.0
rewards/train/check_numbers,231,1.40625
rewards/train/check_numbers,232,0.0
rewards/train/check_numbers,233,0.0
rewards/train/check_numbers,234,0.0
rewards/train/check_numbers,235,0.1875
rewards/train/check_numbers,236,1.3125
rewards/train/check_numbers,237,0.0
rewards/train/check_numbers,238,1.40625
rewards/train/check_numbers,239,1.5
rewards/train/check_numbers,240,1.40625
rewards/train/check_numbers,241,0.0
rewards/train/check_numbers,242,0.5625
rewards/train/check_numbers,243,1.40625
rewards/train/check_numbers,244,1.21875
rewards/train/check_numbers,245,1.5
rewards/train/check_numbers,246,1.40625
rewards/train/check_numbers,247,1.125
rewards/train/check_numbers,248,0.1875
rewards/train/check_numbers,249,0.28125
rewards/train/check_numbers,250,1.21875
rewards/train/check_numbers,251,0.0
rewards/train/check_numbers,252,0.09375
rewards/train/check_numbers,253,1.5
rewards/train/check_numbers,254,1.40625
rewards/train/check_numbers,255,0.28125
rewards/train/check_numbers,256,0.09375
rewards/train/check_numbers,257,1.03125
rewards/train/check_numbers,258,0.0
rewards/train/check_numbers,259,0.09375
rewards/train/check_numbers,260,0.09375
rewards/train/check_numbers,261,1.5
rewards/train/check_numbers,262,0.46875
rewards/train/check_numbers,263,1.5
rewards/train/check_numbers,264,1.5
rewards/train/check_numbers,265,0.0
rewards/train/check_numbers,266,0.5625
rewards/train/check_numbers,267,0.09375
rewards/train/check_numbers,268,1.40625
rewards/train/check_numbers,269,0.375
rewards/train/check_numbers,270,0.0
rewards/train/check_numbers,271,0.9375
rewards/train/check_numbers,272,1.03125
rewards/train/check_numbers,273,0.46875
rewards/train/check_numbers,274,1.5
rewards/train/check_numbers,275,0.0
rewards/train/check_numbers,276,1.5
rewards/train/check_numbers,277,0.1875
rewards/train/check_numbers,278,1.03125
rewards/train/check_numbers,279,0.0
rewards/train/check_numbers,280,1.21875
rewards/train/check_numbers,281,1.5
rewards/train/check_numbers,282,0.1875
rewards/train/check_numbers,283,0.09375
rewards/train/check_numbers,284,0.0
rewards/train/check_numbers,285,0.46875
rewards/train/check_numbers,286,0.09375
rewards/train/check_numbers,287,0.1875
rewards/train/check_numbers,288,1.5
rewards/train/check_numbers,289,1.3125
rewards/train/check_numbers,290,1.40625
rewards/train/check_numbers,291,0.09375
rewards/train/check_numbers,292,0.09375
rewards/train/check_numbers,293,0.5625
rewards/train/check_numbers,294,1.40625
rewards/train/check_numbers,295,1.21875
rewards/train/check_numbers,296,0.5625
rewards/train/check_numbers,297,1.03125
rewards/train/check_numbers,298,0.1875
rewards/train/check_numbers,299,1.40625
rewards/train/check_numbers,300,0.09375
rewards/train/check_numbers,301,0.75
rewards/train/check_numbers,302,1.40625
rewards/train/check_numbers,303,1.21875
rewards/train/check_numbers,304,1.5
rewards/train/check_numbers,305,0.0
rewards/train/check_numbers,306,0.1875
rewards/train/check_numbers,307,0.5625
rewards/train/check_numbers,308,0.0
rewards/train/check_numbers,309,1.40625
rewards/train/check_numbers,310,0.28125
rewards/train/check_numbers,311,0.75
rewards/train/check_numbers,312,0.0
rewards/train/check_numbers,313,1.5
rewards/train/check_numbers,314,0.28125
rewards/train/check_numbers,315,1.5
rewards/train/check_numbers,316,1.5
rewards/train/check_numbers,317,0.0
rewards/train/check_numbers,318,0.0
rewards/train/check_numbers,319,1.21875
rewards/train/check_numbers,320,1.3125
rewards/train/check_numbers,321,0.28125
rewards/train/check_numbers,322,1.5
rewards/train/check_numbers,323,0.0
rewards/train/check_numbers,324,1.125
rewards/train/check_numbers,325,0.65625
rewards/train/check_numbers,326,1.40625
rewards/train/check_numbers,327,0.0
rewards/train/check_numbers,328,0.09375
rewards/train/check_numbers,329,1.3125
rewards/train/check_numbers,330,0.84375
rewards/train/check_numbers,331,1.03125
rewards/train/check_numbers,332,1.21875
rewards/train/check_numbers,333,0.65625
rewards/train/check_numbers,334,0.28125
rewards/train/check_numbers,335,0.09375
rewards/train/check_numbers,336,0.9375
rewards/train/check_numbers,337,0.0
rewards/train/check_numbers,338,0.0
rewards/train/check_numbers,339,0.0
rewards/train/check_numbers,340,1.5
rewards/train/check_numbers,341,0.84375
rewards/train/check_numbers,342,1.03125
rewards/train/check_numbers,343,1.21875
rewards/train/check_numbers,344,1.5
rewards/train/check_numbers,345,0.09375
rewards/train/check_numbers,346,1.5
rewards/train/check_numbers,347,1.5
rewards/train/check_numbers,348,0.0
rewards/train/check_numbers,349,1.5
rewards/train/check_numbers,350,0.0
rewards/train/check_numbers,351,0.1875
rewards/train/check_numbers,352,0.09375
rewards/train/check_numbers,353,0.28125
rewards/train/check_numbers,354,0.1875
rewards/train/check_numbers,355,0.0
rewards/train/check_numbers,356,0.0
rewards/train/check_numbers,357,0.1875
rewards/train/check_numbers,358,0.1875
rewards/train/check_numbers,359,0.75
rewards/train/check_numbers,360,0.75
rewards/train/check_numbers,361,1.40625
rewards/train/check_numbers,362,1.5
rewards/train/check_numbers,363,0.5625
rewards/train/check_numbers,364,1.5
rewards/train/check_numbers,365,0.5625
rewards/train/check_numbers,366,1.3125
rewards/train/check_numbers,367,0.0
rewards/train/check_numbers,368,0.84375
rewards/train/check_numbers,369,1.5
rewards/train/check_numbers,370,1.5
rewards/train/check_numbers,371,0.28125
rewards/train/check_numbers,372,0.0
rewards/train/check_numbers,373,1.40625
rewards/train/check_numbers,374,0.0
rewards/train/check_numbers,375,1.5
rewards/train/check_numbers,376,1.5
rewards/train/check_numbers,377,1.5
rewards/train/check_numbers,378,0.75
rewards/train/check_numbers,379,1.40625
rewards/train/check_numbers,380,0.09375
rewards/train/check_numbers,381,1.21875
rewards/train/check_numbers,382,1.5
rewards/train/check_numbers,383,1.40625
rewards/train/check_numbers,384,1.5
rewards/train/check_numbers,385,0.5625
rewards/train/check_numbers,386,1.3125
rewards/train/check_numbers,387,1.5
rewards/train/check_numbers,388,1.3125
rewards/train/check_numbers,389,1.125
rewards/train/check_numbers,390,0.375
rewards/train/check_numbers,391,1.40625
rewards/train/check_numbers,392,0.0
rewards/train/check_numbers,393,1.40625
rewards/train/check_numbers,394,1.5
rewards/train/check_numbers,395,1.5
rewards/train/check_numbers,396,0.09375
rewards/train/check_numbers,397,1.40625
rewards/train/check_numbers,398,0.46875
rewards/train/check_numbers,399,0.28125
rewards/train/check_numbers,400,0.0
rewards/train/check_numbers,401,1.125
rewards/train/check_numbers,402,1.5
rewards/train/check_numbers,403,0.9375
rewards/train/check_numbers,404,0.65625
rewards/train/check_numbers,405,0.0
rewards/train/check_numbers,406,0.09375
rewards/train/check_numbers,407,0.09375
rewards/train/check_numbers,408,1.3125
rewards/train/check_numbers,409,1.40625
rewards/train/check_numbers,410,1.3125
rewards/train/check_numbers,411,1.03125
rewards/train/check_numbers,412,1.125
rewards/train/check_numbers,413,1.03125
rewards/train/check_numbers,414,0.28125
rewards/train/check_numbers,415,1.5
rewards/train/check_numbers,416,1.3125
rewards/train/check_numbers,417,0.375
rewards/train/check_numbers,418,0.9375
rewards/train/check_numbers,419,1.5
rewards/train/check_numbers,420,1.125
rewards/train/check_numbers,421,0.46875
rewards/train/check_numbers,422,1.5
rewards/train/check_numbers,423,0.46875
rewards/train/check_numbers,424,0.0
rewards/train/check_numbers,425,0.65625
rewards/train/check_numbers,426,1.03125
rewards/train/check_numbers,427,0.28125
rewards/train/check_numbers,428,0.75
rewards/train/check_numbers,429,0.0
rewards/train/check_numbers,430,1.03125
rewards/train/check_numbers,431,0.0
rewards/train/check_numbers,432,1.125
rewards/train/check_numbers,433,1.125
rewards/train/check_numbers,434,1.40625
rewards/train/check_numbers,435,0.1875
rewards/train/check_numbers,436,1.03125
rewards/train/check_numbers,437,1.5
rewards/train/check_numbers,438,0.09375
rewards/train/check_numbers,439,0.46875
rewards/train/check_numbers,440,1.40625
rewards/train/check_numbers,441,0.0
rewards/train/check_numbers,442,0.375
rewards/train/check_numbers,443,0.09375
rewards/train/check_numbers,444,0.65625
rewards/train/check_numbers,445,1.3125
rewards/train/check_numbers,446,0.1875
rewards/train/check_numbers,447,1.03125
rewards/train/check_numbers,448,1.5
rewards/train/check_numbers,449,1.21875
rewards/train/check_numbers,450,0.1875
rewards/train/check_numbers,451,0.28125
rewards/train/check_numbers,452,0.09375
rewards/train/check_numbers,453,0.09375
rewards/train/check_numbers,454,1.03125
rewards/train/check_numbers,455,1.5
rewards/train/check_numbers,456,0.0
rewards/train/check_numbers,457,1.40625
rewards/train/check_numbers,458,0.0
rewards/train/check_numbers,459,0.5625
rewards/train/check_numbers,460,1.5
rewards/train/check_numbers,461,0.0
rewards/train/check_numbers,462,0.75
rewards/train/check_numbers,463,1.3125
rewards/train/check_numbers,464,0.0
rewards/train/check_numbers,465,0.375
rewards/train/check_numbers,466,0.1875
rewards/train/check_numbers,467,0.28125
rewards/train/check_numbers,468,0.09375
rewards/train/check_numbers,469,0.0
rewards/train/check_numbers,470,1.03125
rewards/train/check_numbers,471,1.5
rewards/train/check_numbers,472,0.0
rewards/train/check_numbers,473,0.46875
rewards/train/check_numbers,474,1.5
rewards/train/check_numbers,475,0.65625
rewards/train/check_numbers,476,0.28125
rewards/train/check_numbers,477,0.0
rewards/train/check_numbers,478,0.5625
rewards/train/check_numbers,479,1.5
rewards/train/check_numbers,480,1.5
rewards/train/check_numbers,481,0.28125
rewards/train/check_numbers,482,0.9375
rewards/train/check_numbers,483,0.84375
rewards/train/check_numbers,484,1.03125
rewards/train/check_numbers,485,0.1875
rewards/train/check_numbers,486,0.46875
rewards/train/check_numbers,487,1.40625
rewards/train/check_numbers,488,1.5
rewards/train/check_numbers,489,0.375
rewards/train/check_numbers,490,1.5
rewards/train/check_numbers,491,1.3125
rewards/train/check_numbers,492,0.0
rewards/train/check_numbers,493,0.84375
rewards/train/check_numbers,494,1.125
rewards/train/check_numbers,495,0.1875
rewards/train/check_numbers,496,1.5
rewards/train/check_numbers,497,0.65625
rewards/train/check_numbers,498,1.40625
rewards/train/check_numbers,499,1.5
rewards/train/check_numbers,500,1.40625
rewards/train/check_numbers,501,1.5
rewards/train/check_numbers,502,0.5625
rewards/train/check_numbers,503,1.3125
rewards/train/check_numbers,504,0.46875
rewards/train/check_numbers,505,1.5
rewards/train/check_numbers,506,0.84375
rewards/train/check_numbers,507,0.5625
rewards/train/check_numbers,508,1.5
rewards/train/check_numbers,509,1.40625
rewards/train/check_numbers,510,1.3125
rewards/train/check_numbers,511,1.5
rewards/train/check_numbers,512,1.03125
rewards/train/check_numbers,513,1.125
rewards/train/check_numbers,514,1.40625
rewards/train/check_numbers,515,1.5
rewards/train/check_numbers,516,0.0
rewards/train/check_numbers,517,0.09375
rewards/train/check_numbers,518,1.5
rewards/train/check_numbers,519,1.5
rewards/train/check_numbers,520,0.5625
rewards/train/check_numbers,521,1.5
rewards/train/check_numbers,522,1.40625
rewards/train/check_numbers,523,1.5
rewards/train/check_numbers,524,1.5
rewards/train/check_numbers,525,0.46875
rewards/train/check_numbers,526,1.40625
rewards/train/check_numbers,527,1.5
rewards/train/check_numbers,528,0.9375
rewards/train/check_numbers,529,1.21875
rewards/train/check_numbers,530,0.0
rewards/train/check_numbers,531,1.125
rewards/train/check_numbers,532,0.46875
rewards/train/check_numbers,533,1.125
rewards/train/check_numbers,534,1.03125
rewards/train/check_numbers,535,1.3125
rewards/train/check_numbers,536,0.09375
rewards/train/check_numbers,537,1.5
rewards/train/check_numbers,538,0.0
rewards/train/check_numbers,539,0.84375
rewards/train/check_numbers,540,1.40625
rewards/train/check_numbers,541,1.03125
rewards/train/check_numbers,542,1.40625
rewards/train/check_numbers,543,0.65625
rewards/train/check_numbers,544,0.46875
rewards/train/check_numbers,545,0.0
rewards/train/check_numbers,546,0.09375
rewards/train/check_numbers,547,0.0
rewards/train/check_numbers,548,1.40625
rewards/train/check_numbers,549,1.5
rewards/train/check_numbers,550,0.375
rewards/train/check_numbers,551,0.75
rewards/train/check_numbers,552,1.5
rewards/train/check_numbers,553,0.0
rewards/train/check_numbers,554,1.5
rewards/train/check_numbers,555,1.5
rewards/train/check_numbers,556,1.125
rewards/train/check_numbers,557,1.40625
rewards/train/check_numbers,558,1.5
rewards/train/check_numbers,559,1.21875
rewards/train/check_numbers,560,1.5
rewards/train/check_numbers,561,1.40625
rewards/train/check_numbers,562,0.9375
rewards/train/check_numbers,563,1.21875
rewards/train/check_numbers,564,1.5
rewards/train/check_numbers,565,1.21875
rewards/train/check_numbers,566,1.5
rewards/train/check_numbers,567,0.1875
rewards/train/check_numbers,568,0.9375
rewards/train/check_numbers,569,1.21875
rewards/train/check_numbers,570,1.5
rewards/train/check_numbers,571,0.9375
rewards/train/check_numbers,572,0.0
rewards/train/check_numbers,573,1.40625
rewards/train/check_numbers,574,1.5
rewards/train/check_numbers,575,1.3125
rewards/train/check_numbers,576,1.5
rewards/train/check_numbers,577,0.84375
rewards/train/check_numbers,578,0.1875
rewards/train/check_numbers,579,0.09375
rewards/train/check_numbers,580,0.75
rewards/train/check_numbers,581,1.5
rewards/train/check_numbers,582,1.125
rewards/train/check_numbers,583,1.40625
rewards/train/check_numbers,584,0.46875
rewards/train/check_numbers,585,1.5
rewards/train/check_numbers,586,0.09375
rewards/train/check_numbers,587,1.5
rewards/train/check_numbers,588,0.1875
rewards/train/check_numbers,589,1.40625
rewards/train/check_numbers,590,0.84375
rewards/train/check_numbers,591,1.03125
rewards/train/check_numbers,592,0.65625
rewards/train/check_numbers,593,1.03125
rewards/train/check_numbers,594,1.125
rewards/train/check_numbers,595,0.5625
rewards/train/check_numbers,596,0.75
rewards/train/check_numbers,597,1.5
rewards/train/check_numbers,598,1.40625
rewards/train/check_numbers,599,1.5
rewards/train/check_numbers,600,0.0
rewards/train/check_numbers,601,0.84375
rewards/train/check_numbers,602,1.40625
rewards/train/check_numbers,603,1.125
rewards/train/check_numbers,604,1.5
rewards/train/check_numbers,605,0.0
rewards/train/check_numbers,606,1.5
rewards/train/check_numbers,607,0.375
rewards/train/check_numbers,608,1.5
rewards/train/check_numbers,609,0.375
rewards/train/check_numbers,610,1.5
rewards/train/check_numbers,611,1.3125
rewards/train/check_numbers,612,0.28125
rewards/train/check_numbers,613,1.03125
rewards/train/check_numbers,614,1.125
rewards/train/check_numbers,615,1.5
rewards/train/check_numbers,616,0.0
rewards/train/check_numbers,617,0.65625
rewards/train/check_numbers,618,1.21875
rewards/train/check_numbers,619,1.40625
rewards/train/check_numbers,620,1.5
rewards/train/check_numbers,621,0.5625
rewards/train/check_numbers,622,0.375
rewards/train/check_numbers,623,1.5
rewards/train/check_numbers,624,1.3125
rewards/train/check_numbers,625,1.5
rewards/train/check_numbers,626,0.9375
rewards/train/check_numbers,627,0.0
rewards/train/check_numbers,628,0.46875
rewards/train/check_numbers,629,1.5
rewards/train/check_numbers,630,0.0
rewards/train/check_numbers,631,0.9375
rewards/train/check_numbers,632,0.28125
rewards/train/check_numbers,633,1.5
rewards/train/check_numbers,634,0.0
rewards/train/check_numbers,635,1.5
rewards/train/check_numbers,636,1.3125
rewards/train/check_numbers,637,1.5
rewards/train/check_numbers,638,0.09375
rewards/train/check_numbers,639,0.1875
rewards/train/check_numbers,640,1.03125
rewards/train/check_numbers,641,1.125
rewards/train/check_numbers,642,1.03125
rewards/train/check_numbers,643,0.46875
rewards/train/check_numbers,644,1.5
rewards/train/check_numbers,645,0.5625
rewards/train/check_numbers,646,0.46875
rewards/train/check_numbers,647,1.3125
rewards/train/check_numbers,648,1.3125
rewards/train/check_numbers,649,0.46875
rewards/train/check_numbers,650,0.9375
rewards/train/check_numbers,651,0.5625
rewards/train/check_numbers,652,1.5
rewards/train/check_numbers,653,0.46875
rewards/train/check_numbers,654,0.28125
rewards/train/check_numbers,655,0.9375
rewards/train/check_numbers,656,1.3125
rewards/train/check_numbers,657,0.0
rewards/train/check_numbers,658,0.46875
rewards/train/check_numbers,659,0.1875
rewards/train/check_numbers,660,1.03125
rewards/train/check_numbers,661,1.125
rewards/train/check_numbers,662,1.125
rewards/train/check_numbers,663,0.0
rewards/train/check_numbers,664,0.1875
rewards/train/check_numbers,665,0.28125
rewards/train/check_numbers,666,0.0
rewards/train/check_numbers,667,1.5
rewards/train/check_numbers,668,0.0
rewards/train/check_numbers,669,0.1875
rewards/train/check_numbers,670,0.46875
rewards/train/check_numbers,671,0.0
rewards/train/check_numbers,672,0.84375
rewards/train/check_numbers,673,1.5
rewards/train/check_numbers,674,1.3125
rewards/train/check_numbers,675,0.28125
rewards/train/check_numbers,676,1.3125
rewards/train/check_numbers,677,1.40625
rewards/train/check_numbers,678,1.5
rewards/train/score/mean,1,1.0
rewards/train/score/mean,2,-0.5625
rewards/train/score/mean,3,0.5
rewards/train/score/mean,4,0.75
rewards/train/score/mean,5,-1.1875
rewards/train/score/mean,6,-0.5
rewards/train/score/mean,7,0.78125
rewards/train/score/mean,8,0.375
rewards/train/score/mean,9,0.9375
rewards/train/score/mean,10,0.59375
rewards/train/score/mean,11,-1.6875
rewards/train/score/mean,12,-0.34375
rewards/train/score/mean,13,-0.3125
rewards/train/score/mean,14,1.03125
rewards/train/score/mean,15,0.15625
rewards/train/score/mean,16,-0.90625
rewards/train/score/mean,17,0.6875
rewards/train/score/mean,18,0.46875
rewards/train/score/mean,19,0.34375
rewards/train/score/mean,20,0.21875
rewards/train/score/mean,21,1.0
rewards/train/score/mean,22,0.46875
rewards/train/score/mean,23,-0.34375
rewards/train/score/mean,24,0.53125
rewards/train/score/mean,25,1.0
rewards/train/score/mean,26,-0.65625
rewards/train/score/mean,27,0.0
rewards/train/score/mean,28,-1.125
rewards/train/score/mean,29,-1.875
rewards/train/score/mean,30,-0.0625
rewards/train/score/mean,31,-1.0
rewards/train/score/mean,32,0.1875
rewards/train/score/mean,33,-0.6875
rewards/train/score/mean,34,-0.71875
rewards/train/score/mean,35,-0.5625
rewards/train/score/mean,36,1.0
rewards/train/score/mean,37,0.625
rewards/train/score/mean,38,0.9375
rewards/train/score/mean,39,1.6875
rewards/train/score/mean,40,-1.0
rewards/train/score/mean,41,0.40625
rewards/train/score/mean,42,0.03125
rewards/train/score/mean,43,-2.125
rewards/train/score/mean,44,-0.09375
rewards/train/score/mean,45,-0.8125
rewards/train/score/mean,46,1.0
rewards/train/score/mean,47,-0.125
rewards/train/score/mean,48,5.5625
rewards/train/score/mean,49,0.53125
rewards/train/score/mean,50,0.0
rewards/train/score/mean,51,3.09375
rewards/train/score/mean,52,1.625
rewards/train/score/mean,53,0.5625
rewards/train/score/mean,54,4.515625
rewards/train/score/mean,55,-0.6875
rewards/train/score/mean,56,0.9375
rewards/train/score/mean,57,4.40625
rewards/train/score/mean,58,2.8125
rewards/train/score/mean,59,-0.96875
rewards/train/score/mean,60,3.5
rewards/train/score/mean,61,5.25
rewards/train/score/mean,62,0.9375
rewards/train/score/mean,63,5.59375
rewards/train/score/mean,64,2.5
rewards/train/score/mean,65,-0.46875
rewards/train/score/mean,66,-0.40625
rewards/train/score/mean,67,1.40625
rewards/train/score/mean,68,0.03125
rewards/train/score/mean,69,0.46875
rewards/train/score/mean,70,3.46875
rewards/train/score/mean,71,-0.6875
rewards/train/score/mean,72,2.53125
rewards/train/score/mean,73,5.78125
rewards/train/score/mean,74,8.015625
rewards/train/score/mean,75,4.125
rewards/train/score/mean,76,2.375
rewards/train/score/mean,77,8.03125
rewards/train/score/mean,78,7.9375
rewards/train/score/mean,79,3.625
rewards/train/score/mean,80,3.40625
rewards/train/score/mean,81,0.90625
rewards/train/score/mean,82,0.90625
rewards/train/score/mean,83,5.40625
rewards/train/score/mean,84,0.34375
rewards/train/score/mean,85,4.65625
rewards/train/score/mean,86,4.0
rewards/train/score/mean,87,2.625
rewards/train/score/mean,88,7.75
rewards/train/score/mean,89,4.921875
rewards/train/score/mean,90,5.03125
rewards/train/score/mean,91,1.5
rewards/train/score/mean,92,9.8125
rewards/train/score/mean,93,7.78125
rewards/train/score/mean,94,6.9375
rewards/train/score/mean,95,8.25
rewards/train/score/mean,96,0.03125
rewards/train/score/mean,97,3.984375
rewards/train/score/mean,98,4.9375
rewards/train/score/mean,99,4.609375
rewards/train/score/mean,100,2.0625
rewards/train/score/mean,101,5.75
rewards/train/score/mean,102,6.21875
rewards/train/score/mean,103,2.59375
rewards/train/score/mean,104,8.6875
rewards/train/score/mean,105,4.59375
rewards/train/score/mean,106,5.53125
rewards/train/score/mean,107,6.0
rewards/train/score/mean,108,6.78125
rewards/train/score/mean,109,6.25
rewards/train/score/mean,110,6.21875
rewards/train/score/mean,111,5.25
rewards/train/score/mean,112,1.3125
rewards/train/score/mean,113,9.109375
rewards/train/score/mean,114,9.125
rewards/train/score/mean,115,7.8125
rewards/train/score/mean,116,3.34375
rewards/train/score/mean,117,5.15625
rewards/train/score/mean,118,7.328125
rewards/train/score/mean,119,10.0
rewards/train/score/mean,120,9.625
rewards/train/score/mean,121,8.65625
rewards/train/score/mean,122,4.578125
rewards/train/score/mean,123,3.140625
rewards/train/score/mean,124,5.9375
rewards/train/score/mean,125,5.6875
rewards/train/score/mean,126,10.0
rewards/train/score/mean,127,6.328125
rewards/train/score/mean,128,8.625
rewards/train/score/mean,129,4.84375
rewards/train/score/mean,130,2.828125
rewards/train/score/mean,131,3.921875
rewards/train/score/mean,132,5.125
rewards/train/score/mean,133,3.953125
rewards/train/score/mean,134,7.25
rewards/train/score/mean,135,3.296875
rewards/train/score/mean,136,4.25
rewards/train/score/mean,137,7.71875
rewards/train/score/mean,138,4.875
rewards/train/score/mean,139,5.9375
rewards/train/score/mean,140,9.46875
rewards/train/score/mean,141,5.8125
rewards/train/score/mean,142,3.171875
rewards/train/score/mean,143,4.53125
rewards/train/score/mean,144,10.0
rewards/train/score/mean,145,8.5
rewards/train/score/mean,146,10.0
rewards/train/score/mean,147,6.375
rewards/train/score/mean,148,2.15625
rewards/train/score/mean,149,7.9375
rewards/train/score/mean,150,4.3125
rewards/train/score/mean,151,6.8125
rewards/train/score/mean,152,6.21875
rewards/train/score/mean,153,9.1875
rewards/train/score/mean,154,4.6875
rewards/train/score/mean,155,4.703125
rewards/train/score/mean,156,9.34375
rewards/train/score/mean,157,3.0625
rewards/train/score/mean,158,9.3125
rewards/train/score/mean,159,9.65625
rewards/train/score/mean,160,5.0
rewards/train/score/mean,161,8.96875
rewards/train/score/mean,162,1.5
rewards/train/score/mean,163,7.53125
rewards/train/score/mean,164,3.96875
rewards/train/score/mean,165,8.46875
rewards/train/score/mean,166,6.03125
rewards/train/score/mean,167,6.5625
rewards/train/score/mean,168,10.0
rewards/train/score/mean,169,9.5625
rewards/train/score/mean,170,9.125
rewards/train/score/mean,171,5.1875
rewards/train/score/mean,172,10.0
rewards/train/score/mean,173,6.21875
rewards/train/score/mean,174,4.734375
rewards/train/score/mean,175,4.84375
rewards/train/score/mean,176,9.5
rewards/train/score/mean,177,5.25
rewards/train/score/mean,178,4.09375
rewards/train/score/mean,179,10.0
rewards/train/score/mean,180,8.78125
rewards/train/score/mean,181,9.0
rewards/train/score/mean,182,5.328125
rewards/train/score/mean,183,10.0
rewards/train/score/mean,184,2.9375
rewards/train/score/mean,185,9.65625
rewards/train/score/mean,186,9.03125
rewards/train/score/mean,187,4.59375
rewards/train/score/mean,188,3.640625
rewards/train/score/mean,189,3.0625
rewards/train/score/mean,190,4.0
rewards/train/score/mean,191,10.0
rewards/train/score/mean,192,4.25
rewards/train/score/mean,193,7.40625
rewards/train/score/mean,194,8.25
rewards/train/score/mean,195,8.96875
rewards/train/score/mean,196,5.53125
rewards/train/score/mean,197,8.484375
rewards/train/score/mean,198,7.59375
rewards/train/score/mean,199,5.25
rewards/train/score/mean,200,9.21875
rewards/train/score/mean,201,9.65625
rewards/train/score/mean,202,2.3125
rewards/train/score/mean,203,8.625
rewards/train/score/mean,204,8.28125
rewards/train/score/mean,205,5.53125
rewards/train/score/mean,206,5.5
rewards/train/score/mean,207,6.5625
rewards/train/score/mean,208,10.0
rewards/train/score/mean,209,6.65625
rewards/train/score/mean,210,10.0
rewards/train/score/mean,211,10.0
rewards/train/score/mean,212,8.96875
rewards/train/score/mean,213,9.9375
rewards/train/score/mean,214,9.8125
rewards/train/score/mean,215,7.046875
rewards/train/score/mean,216,6.78125
rewards/train/score/mean,217,1.0625
rewards/train/score/mean,218,9.3125
rewards/train/score/mean,219,7.9375
rewards/train/score/mean,220,8.9375
rewards/train/score/mean,221,6.28125
rewards/train/score/mean,222,7.796875
rewards/train/score/mean,223,10.0
rewards/train/score/mean,224,4.0
rewards/train/score/mean,225,3.25
rewards/train/score/mean,226,9.34375
rewards/train/score/mean,227,3.78125
rewards/train/score/mean,228,9.3125
rewards/train/score/mean,229,9.125
rewards/train/score/mean,230,1.6875
rewards/train/score/mean,231,9.65625
rewards/train/score/mean,232,4.65625
rewards/train/score/mean,233,0.6875
rewards/train/score/mean,234,2.75
rewards/train/score/mean,235,4.0625
rewards/train/score/mean,236,9.3125
rewards/train/score/mean,237,5.0
rewards/train/score/mean,238,9.34375
rewards/train/score/mean,239,10.0
rewards/train/score/mean,240,9.75
rewards/train/score/mean,241,0.4375
rewards/train/score/mean,242,6.203125
rewards/train/score/mean,243,9.65625
rewards/train/score/mean,244,8.34375
rewards/train/score/mean,245,10.0
rewards/train/score/mean,246,9.75
rewards/train/score/mean,247,7.5
rewards/train/score/mean,248,5.1875
rewards/train/score/mean,249,4.90625
rewards/train/score/mean,250,8.96875
rewards/train/score/mean,251,2.84375
rewards/train/score/mean,252,4.3125
rewards/train/score/mean,253,10.0
rewards/train/score/mean,254,9.65625
rewards/train/score/mean,255,4.59375
rewards/train/score/mean,256,5.375
rewards/train/score/mean,257,8.28125
rewards/train/score/mean,258,5.0
rewards/train/score/mean,259,5.0
rewards/train/score/mean,260,5.078125
rewards/train/score/mean,261,9.9375
rewards/train/score/mean,262,5.90625
rewards/train/score/mean,263,10.0
rewards/train/score/mean,264,10.0
rewards/train/score/mean,265,4.53125
rewards/train/score/mean,266,6.375
rewards/train/score/mean,267,2.5
rewards/train/score/mean,268,9.296875
rewards/train/score/mean,269,6.25
rewards/train/score/mean,270,5.484375
rewards/train/score/mean,271,6.375
rewards/train/score/mean,272,8.359375
rewards/train/score/mean,273,4.65625
rewards/train/score/mean,274,10.0
rewards/train/score/mean,275,3.6875
rewards/train/score/mean,276,10.0
rewards/train/score/mean,277,4.65625
rewards/train/score/mean,278,8.28125
rewards/train/score/mean,279,4.5
rewards/train/score/mean,280,9.046875
rewards/train/score/mean,281,10.0
rewards/train/score/mean,282,5.0625
rewards/train/score/mean,283,4.53125
rewards/train/score/mean,284,2.046875
rewards/train/score/mean,285,5.90625
rewards/train/score/mean,286,0.21875
rewards/train/score/mean,287,4.65625
rewards/train/score/mean,288,9.84375
rewards/train/score/mean,289,9.3125
rewards/train/score/mean,290,9.65625
rewards/train/score/mean,291,4.921875
rewards/train/score/mean,292,4.84375
rewards/train/score/mean,293,6.5625
rewards/train/score/mean,294,9.65625
rewards/train/score/mean,295,9.0625
rewards/train/score/mean,296,6.25
rewards/train/score/mean,297,8.28125
rewards/train/score/mean,298,4.5625
rewards/train/score/mean,299,9.65625
rewards/train/score/mean,300,4.53125
rewards/train/score/mean,301,7.421875
rewards/train/score/mean,302,8.90625
rewards/train/score/mean,303,8.65625
rewards/train/score/mean,304,10.0
rewards/train/score/mean,305,2.9375
rewards/train/score/mean,306,5.75
rewards/train/score/mean,307,5.5
rewards/train/score/mean,308,4.984375
rewards/train/score/mean,309,9.65625
rewards/train/score/mean,310,3.59375
rewards/train/score/mean,311,7.25
rewards/train/score/mean,312,3.5625
rewards/train/score/mean,313,6.125
rewards/train/score/mean,314,5.53125
rewards/train/score/mean,315,10.0
rewards/train/score/mean,316,10.0
rewards/train/score/mean,317,4.5
rewards/train/score/mean,318,4.5
rewards/train/score/mean,319,8.96875
rewards/train/score/mean,320,8.6875
rewards/train/score/mean,321,5.5
rewards/train/score/mean,322,10.0
rewards/train/score/mean,323,4.515625
rewards/train/score/mean,324,8.515625
rewards/train/score/mean,325,4.40625
rewards/train/score/mean,326,9.21875
rewards/train/score/mean,327,4.65625
rewards/train/score/mean,328,4.84375
rewards/train/score/mean,329,7.78125
rewards/train/score/mean,330,7.59375
rewards/train/score/mean,331,8.28125
rewards/train/score/mean,332,8.96875
rewards/train/score/mean,333,6.59375
rewards/train/score/mean,334,5.53125
rewards/train/score/mean,335,4.84375
rewards/train/score/mean,336,8.265625
rewards/train/score/mean,337,0.3125
rewards/train/score/mean,338,5.15625
rewards/train/score/mean,339,4.5
rewards/train/score/mean,340,10.0
rewards/train/score/mean,341,8.0625
rewards/train/score/mean,342,7.96875
rewards/train/score/mean,343,9.15625
rewards/train/score/mean,344,10.0
rewards/train/score/mean,345,4.84375
rewards/train/score/mean,346,10.0
rewards/train/score/mean,347,10.0
rewards/train/score/mean,348,3.859375
rewards/train/score/mean,349,10.0
rewards/train/score/mean,350,3.375
rewards/train/score/mean,351,2.984375
rewards/train/score/mean,352,4.609375
rewards/train/score/mean,353,5.53125
rewards/train/score/mean,354,4.328125
rewards/train/score/mean,355,3.875
rewards/train/score/mean,356,5.421875
rewards/train/score/mean,357,5.1875
rewards/train/score/mean,358,4.84375
rewards/train/score/mean,359,7.25
rewards/train/score/mean,360,5.125
rewards/train/score/mean,361,9.65625
rewards/train/score/mean,362,10.0
rewards/train/score/mean,363,6.5625
rewards/train/score/mean,364,10.0
rewards/train/score/mean,365,6.5625
rewards/train/score/mean,366,9.3125
rewards/train/score/mean,367,4.421875
rewards/train/score/mean,368,6.96875
rewards/train/score/mean,369,10.0
rewards/train/score/mean,370,10.0
rewards/train/score/mean,371,6.09375
rewards/train/score/mean,372,4.8125
rewards/train/score/mean,373,9.46875
rewards/train/score/mean,374,3.140625
rewards/train/score/mean,375,10.0
rewards/train/score/mean,376,10.0
rewards/train/score/mean,377,10.0
rewards/train/score/mean,378,7.25
rewards/train/score/mean,379,9.3125
rewards/train/score/mean,380,4.84375
rewards/train/score/mean,381,8.96875
rewards/train/score/mean,382,10.0
rewards/train/score/mean,383,9.34375
rewards/train/score/mean,384,10.0
rewards/train/score/mean,385,7.5
rewards/train/score/mean,386,9.0
rewards/train/score/mean,387,10.0
rewards/train/score/mean,388,9.3125
rewards/train/score/mean,389,8.625
rewards/train/score/mean,390,4.96875
rewards/train/score/mean,391,9.65625
rewards/train/score/mean,392,4.625
rewards/train/score/mean,393,9.65625
rewards/train/score/mean,394,10.0
rewards/train/score/mean,395,10.0
rewards/train/score/mean,396,2.15625
rewards/train/score/mean,397,9.734375
rewards/train/score/mean,398,6.40625
rewards/train/score/mean,399,3.65625
rewards/train/score/mean,400,1.9375
rewards/train/score/mean,401,7.71875
rewards/train/score/mean,402,10.0
rewards/train/score/mean,403,8.171875
rewards/train/score/mean,404,6.53125
rewards/train/score/mean,405,5.0625
rewards/train/score/mean,406,4.0
rewards/train/score/mean,407,4.734375
rewards/train/score/mean,408,9.5
rewards/train/score/mean,409,9.65625
rewards/train/score/mean,410,8.6875
rewards/train/score/mean,411,8.6875
rewards/train/score/mean,412,8.703125
rewards/train/score/mean,413,8.15625
rewards/train/score/mean,414,5.703125
rewards/train/score/mean,415,10.0
rewards/train/score/mean,416,8.90625
rewards/train/score/mean,417,6.703125
rewards/train/score/mean,418,7.9375
rewards/train/score/mean,419,10.0
rewards/train/score/mean,420,8.796875
rewards/train/score/mean,421,6.765625
rewards/train/score/mean,422,10.0
rewards/train/score/mean,423,6.4375
rewards/train/score/mean,424,4.53125
rewards/train/score/mean,425,6.984375
rewards/train/score/mean,426,7.453125
rewards/train/score/mean,427,5.53125
rewards/train/score/mean,428,6.625
rewards/train/score/mean,429,4.734375
rewards/train/score/mean,430,8.359375
rewards/train/score/mean,431,4.5
rewards/train/score/mean,432,8.703125
rewards/train/score/mean,433,8.625
rewards/train/score/mean,434,9.65625
rewards/train/score/mean,435,5.734375
rewards/train/score/mean,436,8.28125
rewards/train/score/mean,437,10.0
rewards/train/score/mean,438,3.59375
rewards/train/score/mean,439,6.375
rewards/train/score/mean,440,9.65625
rewards/train/score/mean,441,4.0
rewards/train/score/mean,442,5.875
rewards/train/score/mean,443,4.921875
rewards/train/score/mean,444,6.90625
rewards/train/score/mean,445,9.3125
rewards/train/score/mean,446,4.859375
rewards/train/score/mean,447,8.359375
rewards/train/score/mean,448,10.0
rewards/train/score/mean,449,8.96875
rewards/train/score/mean,450,5.1875
rewards/train/score/mean,451,3.171875
rewards/train/score/mean,452,4.84375
rewards/train/score/mean,453,1.21875
rewards/train/score/mean,454,8.3125
rewards/train/score/mean,455,10.0
rewards/train/score/mean,456,4.1875
rewards/train/score/mean,457,9.65625
rewards/train/score/mean,458,4.5
rewards/train/score/mean,459,5.96875
rewards/train/score/mean,460,10.0
rewards/train/score/mean,461,2.921875
rewards/train/score/mean,462,7.328125
rewards/train/score/mean,463,9.0
rewards/train/score/mean,464,5.0
rewards/train/score/mean,465,6.078125
rewards/train/score/mean,466,2.640625
rewards/train/score/mean,467,5.21875
rewards/train/score/mean,468,4.9375
rewards/train/score/mean,469,-0.5
rewards/train/score/mean,470,8.53125
rewards/train/score/mean,471,10.0
rewards/train/score/mean,472,1.6875
rewards/train/score/mean,473,5.03125
rewards/train/score/mean,474,10.0
rewards/train/score/mean,475,6.59375
rewards/train/score/mean,476,5.53125
rewards/train/score/mean,477,3.84375
rewards/train/score/mean,478,6.5625
rewards/train/score/mean,479,10.0
rewards/train/score/mean,480,10.0
rewards/train/score/mean,481,3.65625
rewards/train/score/mean,482,8.25
rewards/train/score/mean,483,6.84375
rewards/train/score/mean,484,7.96875
rewards/train/score/mean,485,5.1875
rewards/train/score/mean,486,5.90625
rewards/train/score/mean,487,9.34375
rewards/train/score/mean,488,10.0
rewards/train/score/mean,489,5.734375
rewards/train/score/mean,490,10.0
rewards/train/score/mean,491,9.3125
rewards/train/score/mean,492,3.5
rewards/train/score/mean,493,7.59375
rewards/train/score/mean,494,7.40625
rewards/train/score/mean,495,4.71875
rewards/train/score/mean,496,10.0
rewards/train/score/mean,497,6.21875
rewards/train/score/mean,498,9.34375
rewards/train/score/mean,499,10.0
rewards/train/score/mean,500,9.65625
rewards/train/score/mean,501,10.0
rewards/train/score/mean,502,5.9375
rewards/train/score/mean,503,7.25
rewards/train/score/mean,504,6.21875
rewards/train/score/mean,505,10.0
rewards/train/score/mean,506,5.71875
rewards/train/score/mean,507,6.40625
rewards/train/score/mean,508,10.0
rewards/train/score/mean,509,9.1875
rewards/train/score/mean,510,9.3125
rewards/train/score/mean,511,10.0
rewards/train/score/mean,512,8.28125
rewards/train/score/mean,513,8.625
rewards/train/score/mean,514,9.34375
rewards/train/score/mean,515,10.0
rewards/train/score/mean,516,2.75
rewards/train/score/mean,517,0.28125
rewards/train/score/mean,518,10.0
rewards/train/score/mean,519,10.0
rewards/train/score/mean,520,6.25
rewards/train/score/mean,521,10.0
rewards/train/score/mean,522,9.34375
rewards/train/score/mean,523,10.0
rewards/train/score/mean,524,10.0
rewards/train/score/mean,525,6.296875
rewards/train/score/mean,526,9.734375
rewards/train/score/mean,527,10.0
rewards/train/score/mean,528,7.8125
rewards/train/score/mean,529,8.96875
rewards/train/score/mean,530,4.78125
rewards/train/score/mean,531,8.34375
rewards/train/score/mean,532,5.09375
rewards/train/score/mean,533,7.875
rewards/train/score/mean,534,8.3125
rewards/train/score/mean,535,9.46875
rewards/train/score/mean,536,3.90625
rewards/train/score/mean,537,10.0
rewards/train/score/mean,538,0.1875
rewards/train/score/mean,539,7.203125
rewards/train/score/mean,540,8.96875
rewards/train/score/mean,541,8.28125
rewards/train/score/mean,542,9.65625
rewards/train/score/mean,543,6.625
rewards/train/score/mean,544,6.21875
rewards/train/score/mean,545,5.046875
rewards/train/score/mean,546,3.046875
rewards/train/score/mean,547,4.6875
rewards/train/score/mean,548,9.65625
rewards/train/score/mean,549,10.0
rewards/train/score/mean,550,4.96875
rewards/train/score/mean,551,7.328125
rewards/train/score/mean,552,10.0
rewards/train/score/mean,553,4.5
rewards/train/score/mean,554,10.0
rewards/train/score/mean,555,10.0
rewards/train/score/mean,556,8.625
rewards/train/score/mean,557,9.65625
rewards/train/score/mean,558,10.0
rewards/train/score/mean,559,8.96875
rewards/train/score/mean,560,10.0
rewards/train/score/mean,561,9.75
rewards/train/score/mean,562,7.9375
rewards/train/score/mean,563,8.09375
rewards/train/score/mean,564,10.0
rewards/train/score/mean,565,9.140625
rewards/train/score/mean,566,10.0
rewards/train/score/mean,567,6.046875
rewards/train/score/mean,568,6.6875
rewards/train/score/mean,569,8.96875
rewards/train/score/mean,570,10.0
rewards/train/score/mean,571,6.84375
rewards/train/score/mean,572,0.75
rewards/train/score/mean,573,9.65625
rewards/train/score/mean,574,10.0
rewards/train/score/mean,575,9.0
rewards/train/score/mean,576,10.0
rewards/train/score/mean,577,7.40625
rewards/train/score/mean,578,5.28125
rewards/train/score/mean,579,4.625
rewards/train/score/mean,580,4.6875
rewards/train/score/mean,581,10.0
rewards/train/score/mean,582,8.078125
rewards/train/score/mean,583,9.65625
rewards/train/score/mean,584,4.03125
rewards/train/score/mean,585,10.0
rewards/train/score/mean,586,0.84375
rewards/train/score/mean,587,10.0
rewards/train/score/mean,588,4.875
rewards/train/score/mean,589,9.34375
rewards/train/score/mean,590,7.59375
rewards/train/score/mean,591,7.953125
rewards/train/score/mean,592,4.78125
rewards/train/score/mean,593,7.34375
rewards/train/score/mean,594,8.625
rewards/train/score/mean,595,5.625
rewards/train/score/mean,596,7.25
rewards/train/score/mean,597,9.21875
rewards/train/score/mean,598,9.65625
rewards/train/score/mean,599,10.0
rewards/train/score/mean,600,4.59375
rewards/train/score/mean,601,7.59375
rewards/train/score/mean,602,9.75
rewards/train/score/mean,603,7.59375
rewards/train/score/mean,604,10.0
rewards/train/score/mean,605,2.3125
rewards/train/score/mean,606,10.0
rewards/train/score/mean,607,5.5625
rewards/train/score/mean,608,10.0
rewards/train/score/mean,609,2.8125
rewards/train/score/mean,610,10.0
rewards/train/score/mean,611,9.3125
rewards/train/score/mean,612,5.703125
rewards/train/score/mean,613,7.65625
rewards/train/score/mean,614,8.40625
rewards/train/score/mean,615,10.0
rewards/train/score/mean,616,3.375
rewards/train/score/mean,617,6.90625
rewards/train/score/mean,618,8.65625
rewards/train/score/mean,619,9.34375
rewards/train/score/mean,620,10.0
rewards/train/score/mean,621,3.46875
rewards/train/score/mean,622,4.953125
rewards/train/score/mean,623,10.0
rewards/train/score/mean,624,9.3125
rewards/train/score/mean,625,10.0
rewards/train/score/mean,626,6.53125
rewards/train/score/mean,627,4.265625
rewards/train/score/mean,628,3.890625
rewards/train/score/mean,629,10.0
rewards/train/score/mean,630,2.46875
rewards/train/score/mean,631,7.0
rewards/train/score/mean,632,3.65625
rewards/train/score/mean,633,10.0
rewards/train/score/mean,634,4.1875
rewards/train/score/mean,635,10.0
rewards/train/score/mean,636,9.40625
rewards/train/score/mean,637,9.5625
rewards/train/score/mean,638,4.53125
rewards/train/score/mean,639,5.1875
rewards/train/score/mean,640,8.53125
rewards/train/score/mean,641,8.3125
rewards/train/score/mean,642,8.75
rewards/train/score/mean,643,5.28125
rewards/train/score/mean,644,10.0
rewards/train/score/mean,645,6.5625
rewards/train/score/mean,646,5.9375
rewards/train/score/mean,647,9.3125
rewards/train/score/mean,648,9.5
rewards/train/score/mean,649,1.46875
rewards/train/score/mean,650,6.375
rewards/train/score/mean,651,7.34375
rewards/train/score/mean,652,10.0
rewards/train/score/mean,653,5.59375
rewards/train/score/mean,654,4.71875
rewards/train/score/mean,655,6.765625
rewards/train/score/mean,656,9.3125
rewards/train/score/mean,657,3.25
rewards/train/score/mean,658,5.34375
rewards/train/score/mean,659,4.34375
rewards/train/score/mean,660,8.28125
rewards/train/score/mean,661,8.40625
rewards/train/score/mean,662,8.625
rewards/train/score/mean,663,4.5
rewards/train/score/mean,664,4.875
rewards/train/score/mean,665,4.28125
rewards/train/score/mean,666,3.5625
rewards/train/score/mean,667,10.0
rewards/train/score/mean,668,4.28125
rewards/train/score/mean,669,5.21875
rewards/train/score/mean,670,6.21875
rewards/train/score/mean,671,5.4375
rewards/train/score/mean,672,6.71875
rewards/train/score/mean,673,10.0
rewards/train/score/mean,674,9.3125
rewards/train/score/mean,675,5.3125
rewards/train/score/mean,676,9.0
rewards/train/score/mean,677,9.65625
rewards/train/score/mean,678,10.0
rewards/train/score/max,1,1.0
rewards/train/score/max,2,1.0
rewards/train/score/max,3,2.0
rewards/train/score/max,4,9.0
rewards/train/score/max,5,-0.5
rewards/train/score/max,6,1.0
rewards/train/score/max,7,1.0
rewards/train/score/max,8,1.0
rewards/train/score/max,9,1.0
rewards/train/score/max,10,4.0
rewards/train/score/max,11,-0.5
rewards/train/score/max,12,1.0
rewards/train/score/max,13,1.0
rewards/train/score/max,14,9.0
rewards/train/score/max,15,1.0
rewards/train/score/max,16,1.0
rewards/train/score/max,17,2.0
rewards/train/score/max,18,2.0
rewards/train/score/max,19,5.0
rewards/train/score/max,20,1.0
rewards/train/score/max,21,1.0
rewards/train/score/max,22,1.0
rewards/train/score/max,23,1.0
rewards/train/score/max,24,2.0
rewards/train/score/max,25,1.0
rewards/train/score/max,26,0.0
rewards/train/score/max,27,1.0
rewards/train/score/max,28,1.0
rewards/train/score/max,29,-0.5
rewards/train/score/max,30,1.0
rewards/train/score/max,31,1.0
rewards/train/score/max,32,1.0
rewards/train/score/max,33,-0.5
rewards/train/score/max,34,1.0
rewards/train/score/max,35,4.5
rewards/train/score/max,36,1.0
rewards/train/score/max,37,4.5
rewards/train/score/max,38,5.0
rewards/train/score/max,39,2.0
rewards/train/score/max,40,3.5
rewards/train/score/max,41,1.0
rewards/train/score/max,42,1.0
rewards/train/score/max,43,1.5
rewards/train/score/max,44,1.0
rewards/train/score/max,45,-0.5
rewards/train/score/max,46,1.0
rewards/train/score/max,47,4.5
rewards/train/score/max,48,10.0
rewards/train/score/max,49,5.0
rewards/train/score/max,50,1.0
rewards/train/score/max,51,9.0
rewards/train/score/max,52,10.0
rewards/train/score/max,53,1.0
rewards/train/score/max,54,5.0
rewards/train/score/max,55,3.5
rewards/train/score/max,56,1.0
rewards/train/score/max,57,10.0
rewards/train/score/max,58,10.0
rewards/train/score/max,59,3.5
rewards/train/score/max,60,9.0
rewards/train/score/max,61,10.0
rewards/train/score/max,62,2.0
rewards/train/score/max,63,10.0
rewards/train/score/max,64,9.0
rewards/train/score/max,65,1.0
rewards/train/score/max,66,1.0
rewards/train/score/max,67,7.5
rewards/train/score/max,68,1.0
rewards/train/score/max,69,1.0
rewards/train/score/max,70,9.0
rewards/train/score/max,71,3.5
rewards/train/score/max,72,4.5
rewards/train/score/max,73,9.0
rewards/train/score/max,74,10.0
rewards/train/score/max,75,5.0
rewards/train/score/max,76,9.0
rewards/train/score/max,77,9.0
rewards/train/score/max,78,9.0
rewards/train/score/max,79,4.5
rewards/train/score/max,80,9.0
rewards/train/score/max,81,1.0
rewards/train/score/max,82,9.0
rewards/train/score/max,83,9.0
rewards/train/score/max,84,3.0
rewards/train/score/max,85,10.0
rewards/train/score/max,86,4.0
rewards/train/score/max,87,10.0
rewards/train/score/max,88,10.0
rewards/train/score/max,89,6.5
rewards/train/score/max,90,7.5
rewards/train/score/max,91,4.5
rewards/train/score/max,92,10.0
rewards/train/score/max,93,9.0
rewards/train/score/max,94,10.0
rewards/train/score/max,95,10.0
rewards/train/score/max,96,4.5
rewards/train/score/max,97,9.0
rewards/train/score/max,98,10.0
rewards/train/score/max,99,10.0
rewards/train/score/max,100,9.0
rewards/train/score/max,101,9.0
rewards/train/score/max,102,10.0
rewards/train/score/max,103,9.0
rewards/train/score/max,104,10.0
rewards/train/score/max,105,4.75
rewards/train/score/max,106,10.0
rewards/train/score/max,107,10.0
rewards/train/score/max,108,10.0
rewards/train/score/max,109,9.0
rewards/train/score/max,110,10.0
rewards/train/score/max,111,9.0
rewards/train/score/max,112,9.0
rewards/train/score/max,113,10.0
rewards/train/score/max,114,10.0
rewards/train/score/max,115,10.0
rewards/train/score/max,116,4.0
rewards/train/score/max,117,9.0
rewards/train/score/max,118,10.0
rewards/train/score/max,119,10.0
rewards/train/score/max,120,10.0
rewards/train/score/max,121,10.0
rewards/train/score/max,122,5.75
rewards/train/score/max,123,10.0
rewards/train/score/max,124,7.5
rewards/train/score/max,125,10.0
rewards/train/score/max,126,10.0
rewards/train/score/max,127,10.0
rewards/train/score/max,128,10.0
rewards/train/score/max,129,10.0
rewards/train/score/max,130,5.0
rewards/train/score/max,131,10.0
rewards/train/score/max,132,10.0
rewards/train/score/max,133,6.0
rewards/train/score/max,134,10.0
rewards/train/score/max,135,9.0
rewards/train/score/max,136,6.0
rewards/train/score/max,137,10.0
rewards/train/score/max,138,10.0
rewards/train/score/max,139,10.0
rewards/train/score/max,140,10.0
rewards/train/score/max,141,10.0
rewards/train/score/max,142,6.0
rewards/train/score/max,143,10.0
rewards/train/score/max,144,10.0
rewards/train/score/max,145,10.0
rewards/train/score/max,146,10.0
rewards/train/score/max,147,10.0
rewards/train/score/max,148,9.0
rewards/train/score/max,149,10.0
rewards/train/score/max,150,4.5
rewards/train/score/max,151,10.0
rewards/train/score/max,152,10.0
rewards/train/score/max,153,10.0
rewards/train/score/max,154,10.0
rewards/train/score/max,155,10.0
rewards/train/score/max,156,10.0
rewards/train/score/max,157,10.0
rewards/train/score/max,158,10.0
rewards/train/score/max,159,10.0
rewards/train/score/max,160,10.0
rewards/train/score/max,161,10.0
rewards/train/score/max,162,4.5
rewards/train/score/max,163,10.0
rewards/train/score/max,164,10.0
rewards/train/score/max,165,10.0
rewards/train/score/max,166,10.0
rewards/train/score/max,167,10.0
rewards/train/score/max,168,10.0
rewards/train/score/max,169,10.0
rewards/train/score/max,170,10.0
rewards/train/score/max,171,10.0
rewards/train/score/max,172,10.0
rewards/train/score/max,173,10.0
rewards/train/score/max,174,5.75
rewards/train/score/max,175,10.0
rewards/train/score/max,176,10.0
rewards/train/score/max,177,10.0
rewards/train/score/max,178,10.0
rewards/train/score/max,179,10.0
rewards/train/score/max,180,10.0
rewards/train/score/max,181,10.0
rewards/train/score/max,182,10.0
rewards/train/score/max,183,10.0
rewards/train/score/max,184,4.5
rewards/train/score/max,185,10.0
rewards/train/score/max,186,10.0
rewards/train/score/max,187,6.0
rewards/train/score/max,188,5.75
rewards/train/score/max,189,4.5
rewards/train/score/max,190,4.5
rewards/train/score/max,191,10.0
rewards/train/score/max,192,10.0
rewards/train/score/max,193,10.0
rewards/train/score/max,194,10.0
rewards/train/score/max,195,10.0
rewards/train/score/max,196,10.0
rewards/train/score/max,197,10.0
rewards/train/score/max,198,10.0
rewards/train/score/max,199,10.0
rewards/train/score/max,200,10.0
rewards/train/score/max,201,10.0
rewards/train/score/max,202,4.5
rewards/train/score/max,203,10.0
rewards/train/score/max,204,10.0
rewards/train/score/max,205,10.0
rewards/train/score/max,206,10.0
rewards/train/score/max,207,10.0
rewards/train/score/max,208,10.0
rewards/train/score/max,209,10.0
rewards/train/score/max,210,10.0
rewards/train/score/max,211,10.0
rewards/train/score/max,212,10.0
rewards/train/score/max,213,10.0
rewards/train/score/max,214,10.0
rewards/train/score/max,215,10.0
rewards/train/score/max,216,10.0
rewards/train/score/max,217,10.0
rewards/train/score/max,218,10.0
rewards/train/score/max,219,10.0
rewards/train/score/max,220,10.0
rewards/train/score/max,221,10.0
rewards/train/score/max,222,10.0
rewards/train/score/max,223,10.0
rewards/train/score/max,224,4.5
rewards/train/score/max,225,4.5
rewards/train/score/max,226,10.0
rewards/train/score/max,227,10.0
rewards/train/score/max,228,10.0
rewards/train/score/max,229,10.0
rewards/train/score/max,230,4.5
rewards/train/score/max,231,10.0
rewards/train/score/max,232,5.75
rewards/train/score/max,233,4.5
rewards/train/score/max,234,4.5
rewards/train/score/max,235,10.0
rewards/train/score/max,236,10.0
rewards/train/score/max,237,5.0
rewards/train/score/max,238,10.0
rewards/train/score/max,239,10.0
rewards/train/score/max,240,10.0
rewards/train/score/max,241,4.5
rewards/train/score/max,242,10.0
rewards/train/score/max,243,10.0
rewards/train/score/max,244,10.0
rewards/train/score/max,245,10.0
rewards/train/score/max,246,10.0
rewards/train/score/max,247,10.0
rewards/train/score/max,248,10.0
rewards/train/score/max,249,10.0
rewards/train/score/max,250,10.0
rewards/train/score/max,251,6.0
rewards/train/score/max,252,10.0
rewards/train/score/max,253,10.0
rewards/train/score/max,254,10.0
rewards/train/score/max,255,10.0
rewards/train/score/max,256,7.5
rewards/train/score/max,257,10.0
rewards/train/score/max,258,5.0
rewards/train/score/max,259,10.0
rewards/train/score/max,260,7.5
rewards/train/score/max,261,10.0
rewards/train/score/max,262,10.0
rewards/train/score/max,263,10.0
rewards/train/score/max,264,10.0
rewards/train/score/max,265,5.0
rewards/train/score/max,266,10.0
rewards/train/score/max,267,7.5
rewards/train/score/max,268,10.0
rewards/train/score/max,269,10.0
rewards/train/score/max,270,6.0
rewards/train/score/max,271,7.5
rewards/train/score/max,272,10.0
rewards/train/score/max,273,7.5
rewards/train/score/max,274,10.0
rewards/train/score/max,275,4.5
rewards/train/score/max,276,10.0
rewards/train/score/max,277,10.0
rewards/train/score/max,278,10.0
rewards/train/score/max,279,6.0
rewards/train/score/max,280,10.0
rewards/train/score/max,281,10.0
rewards/train/score/max,282,10.0
rewards/train/score/max,283,10.0
rewards/train/score/max,284,6.0
rewards/train/score/max,285,10.0
rewards/train/score/max,286,10.0
rewards/train/score/max,287,10.0
rewards/train/score/max,288,10.0
rewards/train/score/max,289,10.0
rewards/train/score/max,290,10.0
rewards/train/score/max,291,10.0
rewards/train/score/max,292,10.0
rewards/train/score/max,293,10.0
rewards/train/score/max,294,10.0
rewards/train/score/max,295,10.0
rewards/train/score/max,296,10.0
rewards/train/score/max,297,10.0
rewards/train/score/max,298,10.0
rewards/train/score/max,299,10.0
rewards/train/score/max,300,10.0
rewards/train/score/max,301,10.0
rewards/train/score/max,302,10.0
rewards/train/score/max,303,10.0
rewards/train/score/max,304,10.0
rewards/train/score/max,305,4.5
rewards/train/score/max,306,10.0
rewards/train/score/max,307,10.0
rewards/train/score/max,308,6.0
rewards/train/score/max,309,10.0
rewards/train/score/max,310,10.0
rewards/train/score/max,311,10.0
rewards/train/score/max,312,4.5
rewards/train/score/max,313,10.0
rewards/train/score/max,314,10.0
rewards/train/score/max,315,10.0
rewards/train/score/max,316,10.0
rewards/train/score/max,317,4.5
rewards/train/score/max,318,4.5
rewards/train/score/max,319,10.0
rewards/train/score/max,320,10.0
rewards/train/score/max,321,10.0
rewards/train/score/max,322,10.0
rewards/train/score/max,323,6.0
rewards/train/score/max,324,10.0
rewards/train/score/max,325,10.0
rewards/train/score/max,326,10.0
rewards/train/score/max,327,5.75
rewards/train/score/max,328,10.0
rewards/train/score/max,329,10.0
rewards/train/score/max,330,10.0
rewards/train/score/max,331,10.0
rewards/train/score/max,332,10.0
rewards/train/score/max,333,10.0
rewards/train/score/max,334,10.0
rewards/train/score/max,335,10.0
rewards/train/score/max,336,10.0
rewards/train/score/max,337,4.5
rewards/train/score/max,338,6.0
rewards/train/score/max,339,4.5
rewards/train/score/max,340,10.0
rewards/train/score/max,341,10.0
rewards/train/score/max,342,10.0
rewards/train/score/max,343,10.0
rewards/train/score/max,344,10.0
rewards/train/score/max,345,10.0
rewards/train/score/max,346,10.0
rewards/train/score/max,347,10.0
rewards/train/score/max,348,5.75
rewards/train/score/max,349,10.0
rewards/train/score/max,350,4.5
rewards/train/score/max,351,10.0
rewards/train/score/max,352,10.0
rewards/train/score/max,353,10.0
rewards/train/score/max,354,7.5
rewards/train/score/max,355,4.5
rewards/train/score/max,356,6.0
rewards/train/score/max,357,10.0
rewards/train/score/max,358,10.0
rewards/train/score/max,359,10.0
rewards/train/score/max,360,10.0
rewards/train/score/max,361,10.0
rewards/train/score/max,362,10.0
rewards/train/score/max,363,10.0
rewards/train/score/max,364,10.0
rewards/train/score/max,365,10.0
rewards/train/score/max,366,10.0
rewards/train/score/max,367,5.75
rewards/train/score/max,368,10.0
rewards/train/score/max,369,10.0
rewards/train/score/max,370,10.0
rewards/train/score/max,371,10.0
rewards/train/score/max,372,6.0
rewards/train/score/max,373,10.0
rewards/train/score/max,374,5.75
rewards/train/score/max,375,10.0
rewards/train/score/max,376,10.0
rewards/train/score/max,377,10.0
rewards/train/score/max,378,10.0
rewards/train/score/max,379,10.0
rewards/train/score/max,380,10.0
rewards/train/score/max,381,10.0
rewards/train/score/max,382,10.0
rewards/train/score/max,383,10.0
rewards/train/score/max,384,10.0
rewards/train/score/max,385,10.0
rewards/train/score/max,386,10.0
rewards/train/score/max,387,10.0
rewards/train/score/max,388,10.0
rewards/train/score/max,389,10.0
rewards/train/score/max,390,10.0
rewards/train/score/max,391,10.0
rewards/train/score/max,392,6.0
rewards/train/score/max,393,10.0
rewards/train/score/max,394,10.0
rewards/train/score/max,395,10.0
rewards/train/score/max,396,10.0
rewards/train/score/max,397,10.0
rewards/train/score/max,398,10.0
rewards/train/score/max,399,10.0
rewards/train/score/max,400,4.5
rewards/train/score/max,401,10.0
rewards/train/score/max,402,10.0
rewards/train/score/max,403,10.0
rewards/train/score/max,404,10.0
rewards/train/score/max,405,6.0
rewards/train/score/max,406,10.0
rewards/train/score/max,407,10.0
rewards/train/score/max,408,10.0
rewards/train/score/max,409,10.0
rewards/train/score/max,410,10.0
rewards/train/score/max,411,10.0
rewards/train/score/max,412,10.0
rewards/train/score/max,413,10.0
rewards/train/score/max,414,10.0
rewards/train/score/max,415,10.0
rewards/train/score/max,416,10.0
rewards/train/score/max,417,10.0
rewards/train/score/max,418,10.0
rewards/train/score/max,419,10.0
rewards/train/score/max,420,10.0
rewards/train/score/max,421,10.0
rewards/train/score/max,422,10.0
rewards/train/score/max,423,10.0
rewards/train/score/max,424,5.0
rewards/train/score/max,425,10.0
rewards/train/score/max,426,10.0
rewards/train/score/max,427,10.0
rewards/train/score/max,428,10.0
rewards/train/score/max,429,5.75
rewards/train/score/max,430,10.0
rewards/train/score/max,431,4.5
rewards/train/score/max,432,10.0
rewards/train/score/max,433,10.0
rewards/train/score/max,434,10.0
rewards/train/score/max,435,10.0
rewards/train/score/max,436,10.0
rewards/train/score/max,437,10.0
rewards/train/score/max,438,10.0
rewards/train/score/max,439,10.0
rewards/train/score/max,440,10.0
rewards/train/score/max,441,4.5
rewards/train/score/max,442,10.0
rewards/train/score/max,443,10.0
rewards/train/score/max,444,10.0
rewards/train/score/max,445,10.0
rewards/train/score/max,446,10.0
rewards/train/score/max,447,10.0
rewards/train/score/max,448,10.0
rewards/train/score/max,449,10.0
rewards/train/score/max,450,10.0
rewards/train/score/max,451,10.0
rewards/train/score/max,452,10.0
rewards/train/score/max,453,10.0
rewards/train/score/max,454,10.0
rewards/train/score/max,455,10.0
rewards/train/score/max,456,4.5
rewards/train/score/max,457,10.0
rewards/train/score/max,458,4.5
rewards/train/score/max,459,10.0
rewards/train/score/max,460,10.0
rewards/train/score/max,461,6.0
rewards/train/score/max,462,10.0
rewards/train/score/max,463,10.0
rewards/train/score/max,464,5.0
rewards/train/score/max,465,10.0
rewards/train/score/max,466,10.0
rewards/train/score/max,467,10.0
rewards/train/score/max,468,10.0
rewards/train/score/max,469,-0.5
rewards/train/score/max,470,10.0
rewards/train/score/max,471,10.0
rewards/train/score/max,472,4.5
rewards/train/score/max,473,10.0
rewards/train/score/max,474,10.0
rewards/train/score/max,475,10.0
rewards/train/score/max,476,10.0
rewards/train/score/max,477,5.0
rewards/train/score/max,478,10.0
rewards/train/score/max,479,10.0
rewards/train/score/max,480,10.0
rewards/train/score/max,481,10.0
rewards/train/score/max,482,10.0
rewards/train/score/max,483,10.0
rewards/train/score/max,484,10.0
rewards/train/score/max,485,10.0
rewards/train/score/max,486,10.0
rewards/train/score/max,487,10.0
rewards/train/score/max,488,10.0
rewards/train/score/max,489,10.0
rewards/train/score/max,490,10.0
rewards/train/score/max,491,10.0
rewards/train/score/max,492,6.0
rewards/train/score/max,493,10.0
rewards/train/score/max,494,10.0
rewards/train/score/max,495,10.0
rewards/train/score/max,496,10.0
rewards/train/score/max,497,10.0
rewards/train/score/max,498,10.0
rewards/train/score/max,499,10.0
rewards/train/score/max,500,10.0
rewards/train/score/max,501,10.0
rewards/train/score/max,502,10.0
rewards/train/score/max,503,10.0
rewards/train/score/max,504,10.0
rewards/train/score/max,505,10.0
rewards/train/score/max,506,10.0
rewards/train/score/max,507,10.0
rewards/train/score/max,508,10.0
rewards/train/score/max,509,10.0
rewards/train/score/max,510,10.0
rewards/train/score/max,511,10.0
rewards/train/score/max,512,10.0
rewards/train/score/max,513,10.0
rewards/train/score/max,514,10.0
rewards/train/score/max,515,10.0
rewards/train/score/max,516,4.5
rewards/train/score/max,517,4.5
rewards/train/score/max,518,10.0
rewards/train/score/max,519,10.0
rewards/train/score/max,520,10.0
rewards/train/score/max,521,10.0
rewards/train/score/max,522,10.0
rewards/train/score/max,523,10.0
rewards/train/score/max,524,10.0
rewards/train/score/max,525,10.0
rewards/train/score/max,526,10.0
rewards/train/score/max,527,10.0
rewards/train/score/max,528,10.0
rewards/train/score/max,529,10.0
rewards/train/score/max,530,6.0
rewards/train/score/max,531,10.0
rewards/train/score/max,532,10.0
rewards/train/score/max,533,10.0
rewards/train/score/max,534,10.0
rewards/train/score/max,535,10.0
rewards/train/score/max,536,10.0
rewards/train/score/max,537,10.0
rewards/train/score/max,538,5.0
rewards/train/score/max,539,10.0
rewards/train/score/max,540,10.0
rewards/train/score/max,541,10.0
rewards/train/score/max,542,10.0
rewards/train/score/max,543,10.0
rewards/train/score/max,544,10.0
rewards/train/score/max,545,6.0
rewards/train/score/max,546,10.0
rewards/train/score/max,547,6.0
rewards/train/score/max,548,10.0
rewards/train/score/max,549,10.0
rewards/train/score/max,550,10.0
rewards/train/score/max,551,10.0
rewards/train/score/max,552,10.0
rewards/train/score/max,553,4.5
rewards/train/score/max,554,10.0
rewards/train/score/max,555,10.0
rewards/train/score/max,556,10.0
rewards/train/score/max,557,10.0
rewards/train/score/max,558,10.0
rewards/train/score/max,559,10.0
rewards/train/score/max,560,10.0
rewards/train/score/max,561,10.0
rewards/train/score/max,562,10.0
rewards/train/score/max,563,10.0
rewards/train/score/max,564,10.0
rewards/train/score/max,565,10.0
rewards/train/score/max,566,10.0
rewards/train/score/max,567,10.0
rewards/train/score/max,568,10.0
rewards/train/score/max,569,10.0
rewards/train/score/max,570,10.0
rewards/train/score/max,571,10.0
rewards/train/score/max,572,4.5
rewards/train/score/max,573,10.0
rewards/train/score/max,574,10.0
rewards/train/score/max,575,10.0
rewards/train/score/max,576,10.0
rewards/train/score/max,577,10.0
rewards/train/score/max,578,10.0
rewards/train/score/max,579,10.0
rewards/train/score/max,580,10.0
rewards/train/score/max,581,10.0
rewards/train/score/max,582,10.0
rewards/train/score/max,583,10.0
rewards/train/score/max,584,10.0
rewards/train/score/max,585,10.0
rewards/train/score/max,586,10.0
rewards/train/score/max,587,10.0
rewards/train/score/max,588,10.0
rewards/train/score/max,589,10.0
rewards/train/score/max,590,10.0
rewards/train/score/max,591,10.0
rewards/train/score/max,592,7.5
rewards/train/score/max,593,10.0
rewards/train/score/max,594,10.0
rewards/train/score/max,595,10.0
rewards/train/score/max,596,10.0
rewards/train/score/max,597,10.0
rewards/train/score/max,598,10.0
rewards/train/score/max,599,10.0
rewards/train/score/max,600,6.0
rewards/train/score/max,601,10.0
rewards/train/score/max,602,10.0
rewards/train/score/max,603,10.0
rewards/train/score/max,604,10.0
rewards/train/score/max,605,4.5
rewards/train/score/max,606,10.0
rewards/train/score/max,607,10.0
rewards/train/score/max,608,10.0
rewards/train/score/max,609,10.0
rewards/train/score/max,610,10.0
rewards/train/score/max,611,10.0
rewards/train/score/max,612,10.0
rewards/train/score/max,613,10.0
rewards/train/score/max,614,10.0
rewards/train/score/max,615,10.0
rewards/train/score/max,616,4.5
rewards/train/score/max,617,10.0
rewards/train/score/max,618,10.0
rewards/train/score/max,619,10.0
rewards/train/score/max,620,10.0
rewards/train/score/max,621,10.0
rewards/train/score/max,622,10.0
rewards/train/score/max,623,10.0
rewards/train/score/max,624,10.0
rewards/train/score/max,625,10.0
rewards/train/score/max,626,10.0
rewards/train/score/max,627,5.75
rewards/train/score/max,628,10.0
rewards/train/score/max,629,10.0
rewards/train/score/max,630,5.0
rewards/train/score/max,631,10.0
rewards/train/score/max,632,10.0
rewards/train/score/max,633,10.0
rewards/train/score/max,634,4.5
rewards/train/score/max,635,10.0
rewards/train/score/max,636,10.0
rewards/train/score/max,637,10.0
rewards/train/score/max,638,10.0
rewards/train/score/max,639,10.0
rewards/train/score/max,640,10.0
rewards/train/score/max,641,10.0
rewards/train/score/max,642,10.0
rewards/train/score/max,643,10.0
rewards/train/score/max,644,10.0
rewards/train/score/max,645,10.0
rewards/train/score/max,646,10.0
rewards/train/score/max,647,10.0
rewards/train/score/max,648,10.0
rewards/train/score/max,649,10.0
rewards/train/score/max,650,10.0
rewards/train/score/max,651,10.0
rewards/train/score/max,652,10.0
rewards/train/score/max,653,10.0
rewards/train/score/max,654,10.0
rewards/train/score/max,655,7.5
rewards/train/score/max,656,10.0
rewards/train/score/max,657,4.5
rewards/train/score/max,658,10.0
rewards/train/score/max,659,10.0
rewards/train/score/max,660,10.0
rewards/train/score/max,661,10.0
rewards/train/score/max,662,10.0
rewards/train/score/max,663,4.5
rewards/train/score/max,664,10.0
rewards/train/score/max,665,10.0
rewards/train/score/max,666,4.5
rewards/train/score/max,667,10.0
rewards/train/score/max,668,6.0
rewards/train/score/max,669,10.0
rewards/train/score/max,670,10.0
rewards/train/score/max,671,6.0
rewards/train/score/max,672,10.0
rewards/train/score/max,673,10.0
rewards/train/score/max,674,10.0
rewards/train/score/max,675,10.0
rewards/train/score/max,676,10.0
rewards/train/score/max,677,10.0
rewards/train/score/max,678,10.0
rewards/train/score/min,1,1.0
rewards/train/score/min,2,-2.5
rewards/train/score/min,3,-0.5
rewards/train/score/min,4,-1.5
rewards/train/score/min,5,-1.5
rewards/train/score/min,6,-2.5
rewards/train/score/min,7,-0.5
rewards/train/score/min,8,-1.5
rewards/train/score/min,9,0.0
rewards/train/score/min,10,-0.5
rewards/train/score/min,11,-2.5
rewards/train/score/min,12,-1.5
rewards/train/score/min,13,-1.5
rewards/train/score/min,14,-1.5
rewards/train/score/min,15,-2.5
rewards/train/score/min,16,-2.5
rewards/train/score/min,17,-2.5
rewards/train/score/min,18,-1.5
rewards/train/score/min,19,-2.5
rewards/train/score/min,20,-1.5
rewards/train/score/min,21,1.0
rewards/train/score/min,22,-2.5
rewards/train/score/min,23,-2.5
rewards/train/score/min,24,-1.5
rewards/train/score/min,25,1.0
rewards/train/score/min,26,-1.5
rewards/train/score/min,27,-1.5
rewards/train/score/min,28,-2.5
rewards/train/score/min,29,-2.5
rewards/train/score/min,30,-2.5
rewards/train/score/min,31,-2.5
rewards/train/score/min,32,-2.5
rewards/train/score/min,33,-2.5
rewards/train/score/min,34,-2.5
rewards/train/score/min,35,-2.5
rewards/train/score/min,36,1.0
rewards/train/score/min,37,-1.5
rewards/train/score/min,38,-2.5
rewards/train/score/min,39,1.0
rewards/train/score/min,40,-2.5
rewards/train/score/min,41,-2.5
rewards/train/score/min,42,-0.5
rewards/train/score/min,43,-2.5
rewards/train/score/min,44,-2.5
rewards/train/score/min,45,-2.5
rewards/train/score/min,46,1.0
rewards/train/score/min,47,-0.5
rewards/train/score/min,48,1.0
rewards/train/score/min,49,-2.5
rewards/train/score/min,50,-2.5
rewards/train/score/min,51,-2.5
rewards/train/score/min,52,1.0
rewards/train/score/min,53,-0.5
rewards/train/score/min,54,3.5
rewards/train/score/min,55,-2.5
rewards/train/score/min,56,0.0
rewards/train/score/min,57,1.0
rewards/train/score/min,58,-0.5
rewards/train/score/min,59,-2.5
rewards/train/score/min,60,-2.5
rewards/train/score/min,61,0.0
rewards/train/score/min,62,0.0
rewards/train/score/min,63,-0.5
rewards/train/score/min,64,-0.5
rewards/train/score/min,65,-2.5
rewards/train/score/min,66,-2.5
rewards/train/score/min,67,-0.5
rewards/train/score/min,68,-1.5
rewards/train/score/min,69,-2.5
rewards/train/score/min,70,-0.5
rewards/train/score/min,71,-2.5
rewards/train/score/min,72,-1.5
rewards/train/score/min,73,-1.5
rewards/train/score/min,74,3.0
rewards/train/score/min,75,4.0
rewards/train/score/min,76,-2.5
rewards/train/score/min,77,3.5
rewards/train/score/min,78,0.5
rewards/train/score/min,79,3.5
rewards/train/score/min,80,-1.5
rewards/train/score/min,81,-0.5
rewards/train/score/min,82,-2.5
rewards/train/score/min,83,-1.5
rewards/train/score/min,84,-2.5
rewards/train/score/min,85,-0.5
rewards/train/score/min,86,4.0
rewards/train/score/min,87,-0.5
rewards/train/score/min,88,1.5
rewards/train/score/min,89,3.5
rewards/train/score/min,90,1.0
rewards/train/score/min,91,-1.5
rewards/train/score/min,92,9.0
rewards/train/score/min,93,3.5
rewards/train/score/min,94,0.5
rewards/train/score/min,95,3.0
rewards/train/score/min,96,-1.5
rewards/train/score/min,97,-1.5
rewards/train/score/min,98,-1.5
rewards/train/score/min,99,1.5
rewards/train/score/min,100,-1.5
rewards/train/score/min,101,1.0
rewards/train/score/min,102,3.0
rewards/train/score/min,103,-1.5
rewards/train/score/min,104,3.5
rewards/train/score/min,105,3.5
rewards/train/score/min,106,3.5
rewards/train/score/min,107,0.5
rewards/train/score/min,108,-0.5
rewards/train/score/min,109,-1.5
rewards/train/score/min,110,1.5
rewards/train/score/min,111,3.5
rewards/train/score/min,112,-1.5
rewards/train/score/min,113,4.75
rewards/train/score/min,114,3.0
rewards/train/score/min,115,3.0
rewards/train/score/min,116,0.5
rewards/train/score/min,117,1.0
rewards/train/score/min,118,0.5
rewards/train/score/min,119,10.0
rewards/train/score/min,120,9.0
rewards/train/score/min,121,1.5
rewards/train/score/min,122,4.5
rewards/train/score/min,123,-1.5
rewards/train/score/min,124,0.5
rewards/train/score/min,125,-0.5
rewards/train/score/min,126,10.0
rewards/train/score/min,127,-0.5
rewards/train/score/min,128,4.5
rewards/train/score/min,129,4.5
rewards/train/score/min,130,-1.5
rewards/train/score/min,131,-0.5
rewards/train/score/min,132,-0.5
rewards/train/score/min,133,-0.5
rewards/train/score/min,134,0.5
rewards/train/score/min,135,-1.5
rewards/train/score/min,136,3.0
rewards/train/score/min,137,2.0
rewards/train/score/min,138,0.5
rewards/train/score/min,139,-0.5
rewards/train/score/min,140,1.5
rewards/train/score/min,141,-0.5
rewards/train/score/min,142,-0.5
rewards/train/score/min,143,0.5
rewards/train/score/min,144,10.0
rewards/train/score/min,145,1.5
rewards/train/score/min,146,10.0
rewards/train/score/min,147,-0.5
rewards/train/score/min,148,-1.5
rewards/train/score/min,149,4.5
rewards/train/score/min,150,1.5
rewards/train/score/min,151,-1.5
rewards/train/score/min,152,4.5
rewards/train/score/min,153,9.0
rewards/train/score/min,154,-0.5
rewards/train/score/min,155,-0.5
rewards/train/score/min,156,-0.5
rewards/train/score/min,157,-0.5
rewards/train/score/min,158,4.5
rewards/train/score/min,159,4.5
rewards/train/score/min,160,4.5
rewards/train/score/min,161,4.5
rewards/train/score/min,162,-0.5
rewards/train/score/min,163,4.5
rewards/train/score/min,164,-0.5
rewards/train/score/min,165,0.5
rewards/train/score/min,166,1.5
rewards/train/score/min,167,0.5
rewards/train/score/min,168,10.0
rewards/train/score/min,169,3.0
rewards/train/score/min,170,3.0
rewards/train/score/min,171,4.5
rewards/train/score/min,172,10.0
rewards/train/score/min,173,4.5
rewards/train/score/min,174,4.5
rewards/train/score/min,175,4.5
rewards/train/score/min,176,2.0
rewards/train/score/min,177,-0.5
rewards/train/score/min,178,-0.5
rewards/train/score/min,179,10.0
rewards/train/score/min,180,1.5
rewards/train/score/min,181,-0.5
rewards/train/score/min,182,-0.5
rewards/train/score/min,183,10.0
rewards/train/score/min,184,-0.5
rewards/train/score/min,185,4.5
rewards/train/score/min,186,3.0
rewards/train/score/min,187,1.5
rewards/train/score/min,188,-0.5
rewards/train/score/min,189,-0.5
rewards/train/score/min,190,-0.5
rewards/train/score/min,191,10.0
rewards/train/score/min,192,-0.5
rewards/train/score/min,193,3.5
rewards/train/score/min,194,6.0
rewards/train/score/min,195,4.5
rewards/train/score/min,196,4.5
rewards/train/score/min,197,5.75
rewards/train/score/min,198,4.5
rewards/train/score/min,199,1.5
rewards/train/score/min,200,3.0
rewards/train/score/min,201,4.5
rewards/train/score/min,202,-0.5
rewards/train/score/min,203,4.5
rewards/train/score/min,204,4.5
rewards/train/score/min,205,4.5
rewards/train/score/min,206,-0.5
rewards/train/score/min,207,4.5
rewards/train/score/min,208,10.0
rewards/train/score/min,209,4.5
rewards/train/score/min,210,10.0
rewards/train/score/min,211,10.0
rewards/train/score/min,212,4.5
rewards/train/score/min,213,9.0
rewards/train/score/min,214,9.0
rewards/train/score/min,215,4.5
rewards/train/score/min,216,-0.5
rewards/train/score/min,217,-0.5
rewards/train/score/min,218,4.5
rewards/train/score/min,219,4.5
rewards/train/score/min,220,5.75
rewards/train/score/min,221,-0.5
rewards/train/score/min,222,4.5
rewards/train/score/min,223,10.0
rewards/train/score/min,224,-0.5
rewards/train/score/min,225,-0.5
rewards/train/score/min,226,4.5
rewards/train/score/min,227,-0.5
rewards/train/score/min,228,4.5
rewards/train/score/min,229,1.5
rewards/train/score/min,230,-0.5
rewards/train/score/min,231,4.5
rewards/train/score/min,232,-0.5
rewards/train/score/min,233,-0.5
rewards/train/score/min,234,-0.5
rewards/train/score/min,235,-0.5
rewards/train/score/min,236,4.5
rewards/train/score/min,237,5.0
rewards/train/score/min,238,-0.5
rewards/train/score/min,239,10.0
rewards/train/score/min,240,6.0
rewards/train/score/min,241,-0.5
rewards/train/score/min,242,3.0
rewards/train/score/min,243,4.5
rewards/train/score/min,244,-0.5
rewards/train/score/min,245,10.0
rewards/train/score/min,246,6.0
rewards/train/score/min,247,-0.5
rewards/train/score/min,248,4.5
rewards/train/score/min,249,-0.5
rewards/train/score/min,250,4.5
rewards/train/score/min,251,-0.5
rewards/train/score/min,252,-0.5
rewards/train/score/min,253,10.0
rewards/train/score/min,254,4.5
rewards/train/score/min,255,-0.5
rewards/train/score/min,256,0.5
rewards/train/score/min,257,4.5
rewards/train/score/min,258,5.0
rewards/train/score/min,259,4.5
rewards/train/score/min,260,4.5
rewards/train/score/min,261,9.0
rewards/train/score/min,262,-0.5
rewards/train/score/min,263,10.0
rewards/train/score/min,264,10.0
rewards/train/score/min,265,4.5
rewards/train/score/min,266,1.5
rewards/train/score/min,267,-0.5
rewards/train/score/min,268,3.0
rewards/train/score/min,269,4.5
rewards/train/score/min,270,4.5
rewards/train/score/min,271,4.5
rewards/train/score/min,272,4.5
rewards/train/score/min,273,-0.5
rewards/train/score/min,274,10.0
rewards/train/score/min,275,-0.5
rewards/train/score/min,276,10.0
rewards/train/score/min,277,-0.5
rewards/train/score/min,278,4.5
rewards/train/score/min,279,1.5
rewards/train/score/min,280,4.5
rewards/train/score/min,281,10.0
rewards/train/score/min,282,-0.5
rewards/train/score/min,283,-0.5
rewards/train/score/min,284,-0.5
rewards/train/score/min,285,-0.5
rewards/train/score/min,286,-0.5
rewards/train/score/min,287,-0.5
rewards/train/score/min,288,7.5
rewards/train/score/min,289,4.5
rewards/train/score/min,290,4.5
rewards/train/score/min,291,4.5
rewards/train/score/min,292,4.5
rewards/train/score/min,293,4.5
rewards/train/score/min,294,4.5
rewards/train/score/min,295,4.5
rewards/train/score/min,296,-0.5
rewards/train/score/min,297,4.5
rewards/train/score/min,298,-0.5
rewards/train/score/min,299,4.5
rewards/train/score/min,300,-0.5
rewards/train/score/min,301,4.5
rewards/train/score/min,302,-0.5
rewards/train/score/min,303,-0.5
rewards/train/score/min,304,10.0
rewards/train/score/min,305,-0.5
rewards/train/score/min,306,4.5
rewards/train/score/min,307,-0.5
rewards/train/score/min,308,-0.5
rewards/train/score/min,309,4.5
rewards/train/score/min,310,-0.5
rewards/train/score/min,311,4.5
rewards/train/score/min,312,-0.5
rewards/train/score/min,313,1.0
rewards/train/score/min,314,4.5
rewards/train/score/min,315,10.0
rewards/train/score/min,316,10.0
rewards/train/score/min,317,4.5
rewards/train/score/min,318,4.5
rewards/train/score/min,319,4.5
rewards/train/score/min,320,-0.5
rewards/train/score/min,321,4.0
rewards/train/score/min,322,10.0
rewards/train/score/min,323,-0.5
rewards/train/score/min,324,1.5
rewards/train/score/min,325,-0.5
rewards/train/score/min,326,3.0
rewards/train/score/min,327,4.5
rewards/train/score/min,328,4.5
rewards/train/score/min,329,4.5
rewards/train/score/min,330,4.5
rewards/train/score/min,331,4.5
rewards/train/score/min,332,4.5
rewards/train/score/min,333,-0.5
rewards/train/score/min,334,4.5
rewards/train/score/min,335,4.5
rewards/train/score/min,336,4.5
rewards/train/score/min,337,-0.5
rewards/train/score/min,338,4.5
rewards/train/score/min,339,4.5
rewards/train/score/min,340,10.0
rewards/train/score/min,341,4.5
rewards/train/score/min,342,-0.5
rewards/train/score/min,343,4.5
rewards/train/score/min,344,10.0
rewards/train/score/min,345,4.5
rewards/train/score/min,346,10.0
rewards/train/score/min,347,10.0
rewards/train/score/min,348,-0.5
rewards/train/score/min,349,10.0
rewards/train/score/min,350,-0.5
rewards/train/score/min,351,-0.5
rewards/train/score/min,352,-0.5
rewards/train/score/min,353,4.5
rewards/train/score/min,354,-0.5
rewards/train/score/min,355,-0.5
rewards/train/score/min,356,4.5
rewards/train/score/min,357,4.5
rewards/train/score/min,358,-0.5
rewards/train/score/min,359,4.5
rewards/train/score/min,360,-0.5
rewards/train/score/min,361,4.5
rewards/train/score/min,362,10.0
rewards/train/score/min,363,4.5
rewards/train/score/min,364,10.0
rewards/train/score/min,365,4.5
rewards/train/score/min,366,4.5
rewards/train/score/min,367,-0.5
rewards/train/score/min,368,-0.5
rewards/train/score/min,369,10.0
rewards/train/score/min,370,10.0
rewards/train/score/min,371,4.5
rewards/train/score/min,372,4.5
rewards/train/score/min,373,1.5
rewards/train/score/min,374,-0.5
rewards/train/score/min,375,10.0
rewards/train/score/min,376,10.0
rewards/train/score/min,377,10.0
rewards/train/score/min,378,4.5
rewards/train/score/min,379,3.0
rewards/train/score/min,380,4.5
rewards/train/score/min,381,4.5
rewards/train/score/min,382,10.0
rewards/train/score/min,383,-0.5
rewards/train/score/min,384,10.0
rewards/train/score/min,385,6.0
rewards/train/score/min,386,-0.5
rewards/train/score/min,387,10.0
rewards/train/score/min,388,4.5
rewards/train/score/min,389,4.5
rewards/train/score/min,390,-0.5
rewards/train/score/min,391,4.5
rewards/train/score/min,392,-0.5
rewards/train/score/min,393,4.5
rewards/train/score/min,394,10.0
rewards/train/score/min,395,10.0
rewards/train/score/min,396,-0.5
rewards/train/score/min,397,5.75
rewards/train/score/min,398,4.5
rewards/train/score/min,399,-0.5
rewards/train/score/min,400,-0.5
rewards/train/score/min,401,-0.5
rewards/train/score/min,402,10.0
rewards/train/score/min,403,4.5
rewards/train/score/min,404,1.5
rewards/train/score/min,405,4.5
rewards/train/score/min,406,-0.5
rewards/train/score/min,407,-0.5
rewards/train/score/min,408,6.0
rewards/train/score/min,409,4.5
rewards/train/score/min,410,-0.5
rewards/train/score/min,411,5.75
rewards/train/score/min,412,4.5
rewards/train/score/min,413,-0.5
rewards/train/score/min,414,4.5
rewards/train/score/min,415,10.0
rewards/train/score/min,416,3.0
rewards/train/score/min,417,4.5
rewards/train/score/min,418,4.5
rewards/train/score/min,419,10.0
rewards/train/score/min,420,4.5
rewards/train/score/min,421,4.5
rewards/train/score/min,422,10.0
rewards/train/score/min,423,4.5
rewards/train/score/min,424,4.5
rewards/train/score/min,425,4.5
rewards/train/score/min,426,4.5
rewards/train/score/min,427,4.5
rewards/train/score/min,428,-0.5
rewards/train/score/min,429,4.5
rewards/train/score/min,430,4.5
rewards/train/score/min,431,4.5
rewards/train/score/min,432,4.5
rewards/train/score/min,433,4.5
rewards/train/score/min,434,4.5
rewards/train/score/min,435,4.5
rewards/train/score/min,436,4.5
rewards/train/score/min,437,10.0
rewards/train/score/min,438,-0.5
rewards/train/score/min,439,4.5
rewards/train/score/min,440,4.5
rewards/train/score/min,441,-0.5
rewards/train/score/min,442,4.5
rewards/train/score/min,443,4.5
rewards/train/score/min,444,4.5
rewards/train/score/min,445,4.5
rewards/train/score/min,446,-0.5
rewards/train/score/min,447,4.5
rewards/train/score/min,448,10.0
rewards/train/score/min,449,4.5
rewards/train/score/min,450,4.5
rewards/train/score/min,451,-0.5
rewards/train/score/min,452,4.5
rewards/train/score/min,453,-0.5
rewards/train/score/min,454,4.5
rewards/train/score/min,455,10.0
rewards/train/score/min,456,-0.5
rewards/train/score/min,457,4.5
rewards/train/score/min,458,4.5
rewards/train/score/min,459,-0.5
rewards/train/score/min,460,10.0
rewards/train/score/min,461,-0.5
rewards/train/score/min,462,4.5
rewards/train/score/min,463,-0.5
rewards/train/score/min,464,5.0
rewards/train/score/min,465,1.5
rewards/train/score/min,466,-0.5
rewards/train/score/min,467,-0.5
rewards/train/score/min,468,4.5
rewards/train/score/min,469,-0.5
rewards/train/score/min,470,4.5
rewards/train/score/min,471,10.0
rewards/train/score/min,472,-0.5
rewards/train/score/min,473,-0.5
rewards/train/score/min,474,10.0
rewards/train/score/min,475,-0.5
rewards/train/score/min,476,4.5
rewards/train/score/min,477,-0.5
rewards/train/score/min,478,4.5
rewards/train/score/min,479,10.0
rewards/train/score/min,480,10.0
rewards/train/score/min,481,-0.5
rewards/train/score/min,482,4.5
rewards/train/score/min,483,-0.5
rewards/train/score/min,484,-0.5
rewards/train/score/min,485,4.5
rewards/train/score/min,486,-0.5
rewards/train/score/min,487,-0.5
rewards/train/score/min,488,10.0
rewards/train/score/min,489,-0.5
rewards/train/score/min,490,10.0
rewards/train/score/min,491,4.5
rewards/train/score/min,492,-0.5
rewards/train/score/min,493,4.5
rewards/train/score/min,494,-0.5
rewards/train/score/min,495,-0.5
rewards/train/score/min,496,10.0
rewards/train/score/min,497,-0.5
rewards/train/score/min,498,-0.5
rewards/train/score/min,499,10.0
rewards/train/score/min,500,4.5
rewards/train/score/min,501,10.0
rewards/train/score/min,502,-0.5
rewards/train/score/min,503,-0.5
rewards/train/score/min,504,4.5
rewards/train/score/min,505,10.0
rewards/train/score/min,506,-0.5
rewards/train/score/min,507,-0.5
rewards/train/score/min,508,10.0
rewards/train/score/min,509,4.5
rewards/train/score/min,510,4.5
rewards/train/score/min,511,10.0
rewards/train/score/min,512,4.5
rewards/train/score/min,513,4.5
rewards/train/score/min,514,-0.5
rewards/train/score/min,515,10.0
rewards/train/score/min,516,-0.5
rewards/train/score/min,517,-0.5
rewards/train/score/min,518,10.0
rewards/train/score/min,519,10.0
rewards/train/score/min,520,-0.5
rewards/train/score/min,521,10.0
rewards/train/score/min,522,-0.5
rewards/train/score/min,523,10.0
rewards/train/score/min,524,10.0
rewards/train/score/min,525,4.5
rewards/train/score/min,526,5.75
rewards/train/score/min,527,10.0
rewards/train/score/min,528,-0.5
rewards/train/score/min,529,4.5
rewards/train/score/min,530,4.5
rewards/train/score/min,531,-0.5
rewards/train/score/min,532,-0.5
rewards/train/score/min,533,-0.5
rewards/train/score/min,534,4.5
rewards/train/score/min,535,5.75
rewards/train/score/min,536,-0.5
rewards/train/score/min,537,10.0
rewards/train/score/min,538,-0.5
rewards/train/score/min,539,-0.5
rewards/train/score/min,540,0.5
rewards/train/score/min,541,4.5
rewards/train/score/min,542,4.5
rewards/train/score/min,543,-0.5
rewards/train/score/min,544,4.5
rewards/train/score/min,545,3.5
rewards/train/score/min,546,-0.5
rewards/train/score/min,547,-0.5
rewards/train/score/min,548,4.5
rewards/train/score/min,549,10.0
rewards/train/score/min,550,-0.5
rewards/train/score/min,551,4.5
rewards/train/score/min,552,10.0
rewards/train/score/min,553,4.5
rewards/train/score/min,554,10.0
rewards/train/score/min,555,10.0
rewards/train/score/min,556,4.5
rewards/train/score/min,557,4.5
rewards/train/score/min,558,10.0
rewards/train/score/min,559,4.5
rewards/train/score/min,560,10.0
rewards/train/score/min,561,6.0
rewards/train/score/min,562,4.5
rewards/train/score/min,563,-0.5
rewards/train/score/min,564,10.0
rewards/train/score/min,565,4.5
rewards/train/score/min,566,10.0
rewards/train/score/min,567,4.5
rewards/train/score/min,568,-0.5
rewards/train/score/min,569,4.5
rewards/train/score/min,570,10.0
rewards/train/score/min,571,4.5
rewards/train/score/min,572,-0.5
rewards/train/score/min,573,4.5
rewards/train/score/min,574,10.0
rewards/train/score/min,575,-0.5
rewards/train/score/min,576,10.0
rewards/train/score/min,577,0.5
rewards/train/score/min,578,4.5
rewards/train/score/min,579,0.5
rewards/train/score/min,580,-0.5
rewards/train/score/min,581,10.0
rewards/train/score/min,582,-0.5
rewards/train/score/min,583,4.5
rewards/train/score/min,584,-0.5
rewards/train/score/min,585,10.0
rewards/train/score/min,586,-0.5
rewards/train/score/min,587,10.0
rewards/train/score/min,588,-0.5
rewards/train/score/min,589,-0.5
rewards/train/score/min,590,4.5
rewards/train/score/min,591,-0.5
rewards/train/score/min,592,-0.5
rewards/train/score/min,593,-0.5
rewards/train/score/min,594,4.5
rewards/train/score/min,595,-0.5
rewards/train/score/min,596,4.5
rewards/train/score/min,597,7.5
rewards/train/score/min,598,4.5
rewards/train/score/min,599,10.0
rewards/train/score/min,600,4.5
rewards/train/score/min,601,-0.5
rewards/train/score/min,602,6.0
rewards/train/score/min,603,-0.5
rewards/train/score/min,604,10.0
rewards/train/score/min,605,-0.5
rewards/train/score/min,606,10.0
rewards/train/score/min,607,-0.5
rewards/train/score/min,608,10.0
rewards/train/score/min,609,-0.5
rewards/train/score/min,610,10.0
rewards/train/score/min,611,4.5
rewards/train/score/min,612,4.5
rewards/train/score/min,613,-0.5
rewards/train/score/min,614,-0.5
rewards/train/score/min,615,10.0
rewards/train/score/min,616,-0.5
rewards/train/score/min,617,4.5
rewards/train/score/min,618,-0.5
rewards/train/score/min,619,-0.5
rewards/train/score/min,620,10.0
rewards/train/score/min,621,-0.5
rewards/train/score/min,622,-0.5
rewards/train/score/min,623,10.0
rewards/train/score/min,624,4.5
rewards/train/score/min,625,10.0
rewards/train/score/min,626,-0.5
rewards/train/score/min,627,-0.5
rewards/train/score/min,628,-0.5
rewards/train/score/min,629,10.0
rewards/train/score/min,630,-0.5
rewards/train/score/min,631,-0.5
rewards/train/score/min,632,-0.5
rewards/train/score/min,633,10.0
rewards/train/score/min,634,-0.5
rewards/train/score/min,635,10.0
rewards/train/score/min,636,4.5
rewards/train/score/min,637,3.0
rewards/train/score/min,638,-0.5
rewards/train/score/min,639,4.5
rewards/train/score/min,640,4.5
rewards/train/score/min,641,-0.5
rewards/train/score/min,642,6.0
rewards/train/score/min,643,-0.5
rewards/train/score/min,644,10.0
rewards/train/score/min,645,4.5
rewards/train/score/min,646,-0.5
rewards/train/score/min,647,4.5
rewards/train/score/min,648,6.0
rewards/train/score/min,649,-2.5
rewards/train/score/min,650,-0.5
rewards/train/score/min,651,5.75
rewards/train/score/min,652,10.0
rewards/train/score/min,653,-0.5
rewards/train/score/min,654,-0.5
rewards/train/score/min,655,4.5
rewards/train/score/min,656,4.5
rewards/train/score/min,657,-0.5
rewards/train/score/min,658,-0.5
rewards/train/score/min,659,-0.5
rewards/train/score/min,660,4.5
rewards/train/score/min,661,-0.5
rewards/train/score/min,662,4.5
rewards/train/score/min,663,4.5
rewards/train/score/min,664,-0.5
rewards/train/score/min,665,-0.5
rewards/train/score/min,666,-0.5
rewards/train/score/min,667,10.0
rewards/train/score/min,668,-0.5
rewards/train/score/min,669,-0.5
rewards/train/score/min,670,4.5
rewards/train/score/min,671,4.5
rewards/train/score/min,672,-0.5
rewards/train/score/min,673,10.0
rewards/train/score/min,674,4.5
rewards/train/score/min,675,-0.5
rewards/train/score/min,676,-0.5
rewards/train/score/min,677,4.5
rewards/train/score/min,678,10.0
completions/train/mean_length,1,130.9375
completions/train/mean_length,2,361.9375
completions/train/mean_length,3,168.25
completions/train/mean_length,4,100.9375
completions/train/mean_length,5,99.4375
completions/train/mean_length,6,473.75
completions/train/mean_length,7,176.25
completions/train/mean_length,8,118.25
completions/train/mean_length,9,115.0625
completions/train/mean_length,10,123.0
completions/train/mean_length,11,465.9375
completions/train/mean_length,12,246.3125
completions/train/mean_length,13,189.0
completions/train/mean_length,14,93.1875
completions/train/mean_length,15,253.125
completions/train/mean_length,16,246.5625
completions/train/mean_length,17,383.4375
completions/train/mean_length,18,219.5
completions/train/mean_length,19,155.9375
completions/train/mean_length,20,54.9375
completions/train/mean_length,21,211.125
completions/train/mean_length,22,371.1875
completions/train/mean_length,23,434.125
completions/train/mean_length,24,141.4375
completions/train/mean_length,25,235.4375
completions/train/mean_length,26,83.1875
completions/train/mean_length,27,196.375
completions/train/mean_length,28,512.0
completions/train/mean_length,29,589.875
completions/train/mean_length,30,278.3125
completions/train/mean_length,31,191.8125
completions/train/mean_length,32,235.875
completions/train/mean_length,33,226.5
completions/train/mean_length,34,427.625
completions/train/mean_length,35,505.9375
completions/train/mean_length,36,190.125
completions/train/mean_length,37,119.0
completions/train/mean_length,38,456.5
completions/train/mean_length,39,167.4375
completions/train/mean_length,40,579.75
completions/train/mean_length,41,166.375
completions/train/mean_length,42,203.625
completions/train/mean_length,43,744.5
completions/train/mean_length,44,262.125
completions/train/mean_length,45,184.5
completions/train/mean_length,46,216.6875
completions/train/mean_length,47,288.125
completions/train/mean_length,48,154.3125
completions/train/mean_length,49,478.75
completions/train/mean_length,50,250.4375
completions/train/mean_length,51,292.125
completions/train/mean_length,52,170.5625
completions/train/mean_length,53,119.8125
completions/train/mean_length,54,156.375
completions/train/mean_length,55,301.75
completions/train/mean_length,56,92.3125
completions/train/mean_length,57,137.5
completions/train/mean_length,58,280.3125
completions/train/mean_length,59,418.75
completions/train/mean_length,60,290.0625
completions/train/mean_length,61,94.8125
completions/train/mean_length,62,141.5
completions/train/mean_length,63,124.3125
completions/train/mean_length,64,113.8125
completions/train/mean_length,65,413.9375
completions/train/mean_length,66,328.5625
completions/train/mean_length,67,148.5
completions/train/mean_length,68,157.3125
completions/train/mean_length,69,234.3125
completions/train/mean_length,70,265.3125
completions/train/mean_length,71,635.25
completions/train/mean_length,72,89.9375
completions/train/mean_length,73,263.8125
completions/train/mean_length,74,133.3125
completions/train/mean_length,75,143.5
completions/train/mean_length,76,391.9375
completions/train/mean_length,77,122.0
completions/train/mean_length,78,158.0625
completions/train/mean_length,79,107.3125
completions/train/mean_length,80,275.0625
completions/train/mean_length,81,229.875
completions/train/mean_length,82,478.6875
completions/train/mean_length,83,114.125
completions/train/mean_length,84,471.1875
completions/train/mean_length,85,107.625
completions/train/mean_length,86,101.875
completions/train/mean_length,87,142.125
completions/train/mean_length,88,154.75
completions/train/mean_length,89,225.9375
completions/train/mean_length,90,160.1875
completions/train/mean_length,91,434.25
completions/train/mean_length,92,158.6875
completions/train/mean_length,93,150.5
completions/train/mean_length,94,196.125
completions/train/mean_length,95,177.3125
completions/train/mean_length,96,652.8125
completions/train/mean_length,97,368.0625
completions/train/mean_length,98,313.6875
completions/train/mean_length,99,159.5625
completions/train/mean_length,100,452.9375
completions/train/mean_length,101,157.0
completions/train/mean_length,102,207.375
completions/train/mean_length,103,351.8125
completions/train/mean_length,104,137.25
completions/train/mean_length,105,150.75
completions/train/mean_length,106,143.125
completions/train/mean_length,107,265.8125
completions/train/mean_length,108,210.375
completions/train/mean_length,109,276.0
completions/train/mean_length,110,126.4375
completions/train/mean_length,111,192.25
completions/train/mean_length,112,478.0
completions/train/mean_length,113,87.6875
completions/train/mean_length,114,196.8125
completions/train/mean_length,115,159.9375
completions/train/mean_length,116,233.0
completions/train/mean_length,117,332.75
completions/train/mean_length,118,197.875
completions/train/mean_length,119,189.75
completions/train/mean_length,120,128.875
completions/train/mean_length,121,143.25
completions/train/mean_length,122,235.75
completions/train/mean_length,123,438.5625
completions/train/mean_length,124,328.9375
completions/train/mean_length,125,273.75
completions/train/mean_length,126,91.125
completions/train/mean_length,127,246.1875
completions/train/mean_length,128,185.0625
completions/train/mean_length,129,200.8125
completions/train/mean_length,130,324.6875
completions/train/mean_length,131,371.625
completions/train/mean_length,132,170.8125
completions/train/mean_length,133,371.5
completions/train/mean_length,134,218.0625
completions/train/mean_length,135,362.3125
completions/train/mean_length,136,176.4375
completions/train/mean_length,137,309.0625
completions/train/mean_length,138,199.125
completions/train/mean_length,139,320.0
completions/train/mean_length,140,148.3125
completions/train/mean_length,141,312.125
completions/train/mean_length,142,306.5625
completions/train/mean_length,143,147.125
completions/train/mean_length,144,121.625
completions/train/mean_length,145,136.25
completions/train/mean_length,146,164.8125
completions/train/mean_length,147,303.75
completions/train/mean_length,148,447.125
completions/train/mean_length,149,178.0625
completions/train/mean_length,150,144.875
completions/train/mean_length,151,356.3125
completions/train/mean_length,152,125.3125
completions/train/mean_length,153,240.125
completions/train/mean_length,154,324.25
completions/train/mean_length,155,236.6875
completions/train/mean_length,156,183.3125
completions/train/mean_length,157,527.3125
completions/train/mean_length,158,206.8125
completions/train/mean_length,159,123.8125
completions/train/mean_length,160,186.9375
completions/train/mean_length,161,211.8125
completions/train/mean_length,162,546.875
completions/train/mean_length,163,151.6875
completions/train/mean_length,164,291.3125
completions/train/mean_length,165,204.625
completions/train/mean_length,166,183.1875
completions/train/mean_length,167,192.625
completions/train/mean_length,168,145.125
completions/train/mean_length,169,145.0625
completions/train/mean_length,170,314.75
completions/train/mean_length,171,165.875
completions/train/mean_length,172,105.875
completions/train/mean_length,173,174.875
completions/train/mean_length,174,244.4375
completions/train/mean_length,175,119.9375
completions/train/mean_length,176,234.6875
completions/train/mean_length,177,289.4375
completions/train/mean_length,178,480.3125
completions/train/mean_length,179,138.875
completions/train/mean_length,180,172.25
completions/train/mean_length,181,278.625
completions/train/mean_length,182,287.5
completions/train/mean_length,183,114.625
completions/train/mean_length,184,394.6875
completions/train/mean_length,185,124.5
completions/train/mean_length,186,222.375
completions/train/mean_length,187,301.4375
completions/train/mean_length,188,291.6875
completions/train/mean_length,189,403.25
completions/train/mean_length,190,286.9375
completions/train/mean_length,191,118.625
completions/train/mean_length,192,503.75
completions/train/mean_length,193,138.25
completions/train/mean_length,194,196.0625
completions/train/mean_length,195,221.0625
completions/train/mean_length,196,162.5
completions/train/mean_length,197,291.625
completions/train/mean_length,198,112.75
completions/train/mean_length,199,150.0
completions/train/mean_length,200,260.75
completions/train/mean_length,201,106.0625
completions/train/mean_length,202,428.5625
completions/train/mean_length,203,152.3125
completions/train/mean_length,204,210.8125
completions/train/mean_length,205,225.375
completions/train/mean_length,206,504.25
completions/train/mean_length,207,155.6875
completions/train/mean_length,208,177.0625
completions/train/mean_length,209,198.375
completions/train/mean_length,210,158.6875
completions/train/mean_length,211,243.625
completions/train/mean_length,212,246.9375
completions/train/mean_length,213,165.6875
completions/train/mean_length,214,171.0625
completions/train/mean_length,215,177.625
completions/train/mean_length,216,258.0625
completions/train/mean_length,217,655.6875
completions/train/mean_length,218,174.0
completions/train/mean_length,219,115.25
completions/train/mean_length,220,223.3125
completions/train/mean_length,221,324.125
completions/train/mean_length,222,232.8125
completions/train/mean_length,223,164.625
completions/train/mean_length,224,287.4375
completions/train/mean_length,225,400.25
completions/train/mean_length,226,180.6875
completions/train/mean_length,227,442.5
completions/train/mean_length,228,219.25
completions/train/mean_length,229,233.0
completions/train/mean_length,230,603.25
completions/train/mean_length,231,124.0625
completions/train/mean_length,232,184.625
completions/train/mean_length,233,650.8125
completions/train/mean_length,234,458.75
completions/train/mean_length,235,465.5625
completions/train/mean_length,236,185.875
completions/train/mean_length,237,137.9375
completions/train/mean_length,238,245.8125
completions/train/mean_length,239,165.9375
completions/train/mean_length,240,165.3125
completions/train/mean_length,241,696.5
completions/train/mean_length,242,203.8125
completions/train/mean_length,243,131.875
completions/train/mean_length,244,273.625
completions/train/mean_length,245,256.5625
completions/train/mean_length,246,217.5625
completions/train/mean_length,247,401.1875
completions/train/mean_length,248,214.1875
completions/train/mean_length,249,272.5
completions/train/mean_length,250,149.0625
completions/train/mean_length,251,442.8125
completions/train/mean_length,252,333.875
completions/train/mean_length,253,132.5
completions/train/mean_length,254,107.0625
completions/train/mean_length,255,338.0625
completions/train/mean_length,256,245.4375
completions/train/mean_length,257,242.8125
completions/train/mean_length,258,176.3125
completions/train/mean_length,259,132.9375
completions/train/mean_length,260,168.1875
completions/train/mean_length,261,210.5
completions/train/mean_length,262,178.6875
completions/train/mean_length,263,297.5625
completions/train/mean_length,264,145.3125
completions/train/mean_length,265,234.9375
completions/train/mean_length,266,314.75
completions/train/mean_length,267,492.0
completions/train/mean_length,268,220.25
completions/train/mean_length,269,146.4375
completions/train/mean_length,270,231.625
completions/train/mean_length,271,161.1875
completions/train/mean_length,272,148.375
completions/train/mean_length,273,353.0625
completions/train/mean_length,274,119.6875
completions/train/mean_length,275,362.0625
completions/train/mean_length,276,367.0
completions/train/mean_length,277,303.1875
completions/train/mean_length,278,413.5625
completions/train/mean_length,279,341.0
completions/train/mean_length,280,167.3125
completions/train/mean_length,281,118.6875
completions/train/mean_length,282,282.8125
completions/train/mean_length,283,198.125
completions/train/mean_length,284,552.4375
completions/train/mean_length,285,365.0
completions/train/mean_length,286,699.0625
completions/train/mean_length,287,358.5
completions/train/mean_length,288,92.4375
completions/train/mean_length,289,217.75
completions/train/mean_length,290,189.625
completions/train/mean_length,291,169.875
completions/train/mean_length,292,275.6875
completions/train/mean_length,293,241.9375
completions/train/mean_length,294,172.125
completions/train/mean_length,295,166.9375
completions/train/mean_length,296,227.6875
completions/train/mean_length,297,220.375
completions/train/mean_length,298,272.9375
completions/train/mean_length,299,211.5625
completions/train/mean_length,300,274.4375
completions/train/mean_length,301,248.125
completions/train/mean_length,302,206.625
completions/train/mean_length,303,198.9375
completions/train/mean_length,304,119.125
completions/train/mean_length,305,377.0625
completions/train/mean_length,306,191.375
completions/train/mean_length,307,376.1875
completions/train/mean_length,308,268.4375
completions/train/mean_length,309,94.1875
completions/train/mean_length,310,506.125
completions/train/mean_length,311,182.75
completions/train/mean_length,312,301.625
completions/train/mean_length,313,99.8125
completions/train/mean_length,314,190.9375
completions/train/mean_length,315,123.625
completions/train/mean_length,316,198.875
completions/train/mean_length,317,241.0625
completions/train/mean_length,318,228.1875
completions/train/mean_length,319,103.6875
completions/train/mean_length,320,281.1875
completions/train/mean_length,321,182.9375
completions/train/mean_length,322,144.6875
completions/train/mean_length,323,320.125
completions/train/mean_length,324,162.3125
completions/train/mean_length,325,440.5
completions/train/mean_length,326,236.375
completions/train/mean_length,327,198.0625
completions/train/mean_length,328,235.0625
completions/train/mean_length,329,113.8125
completions/train/mean_length,330,246.0
completions/train/mean_length,331,140.125
completions/train/mean_length,332,166.3125
completions/train/mean_length,333,271.5
completions/train/mean_length,334,131.375
completions/train/mean_length,335,245.75
completions/train/mean_length,336,276.1875
completions/train/mean_length,337,674.3125
completions/train/mean_length,338,225.9375
completions/train/mean_length,339,186.5
completions/train/mean_length,340,199.0625
completions/train/mean_length,341,186.1875
completions/train/mean_length,342,228.9375
completions/train/mean_length,343,208.0
completions/train/mean_length,344,166.875
completions/train/mean_length,345,138.875
completions/train/mean_length,346,170.9375
completions/train/mean_length,347,146.0
completions/train/mean_length,348,401.25
completions/train/mean_length,349,192.0625
completions/train/mean_length,350,446.25
completions/train/mean_length,351,490.0
completions/train/mean_length,352,181.0
completions/train/mean_length,353,109.625
completions/train/mean_length,354,403.5625
completions/train/mean_length,355,259.6875
completions/train/mean_length,356,213.3125
completions/train/mean_length,357,221.0
completions/train/mean_length,358,343.4375
completions/train/mean_length,359,132.8125
completions/train/mean_length,360,398.0625
completions/train/mean_length,361,135.875
completions/train/mean_length,362,156.625
completions/train/mean_length,363,139.125
completions/train/mean_length,364,113.6875
completions/train/mean_length,365,163.0
completions/train/mean_length,366,152.125
completions/train/mean_length,367,336.75
completions/train/mean_length,368,297.625
completions/train/mean_length,369,198.0
completions/train/mean_length,370,191.75
completions/train/mean_length,371,230.8125
completions/train/mean_length,372,373.1875
completions/train/mean_length,373,143.3125
completions/train/mean_length,374,517.0625
completions/train/mean_length,375,159.625
completions/train/mean_length,376,84.8125
completions/train/mean_length,377,164.8125
completions/train/mean_length,378,214.8125
completions/train/mean_length,379,313.9375
completions/train/mean_length,380,200.875
completions/train/mean_length,381,157.0625
completions/train/mean_length,382,172.1875
completions/train/mean_length,383,318.625
completions/train/mean_length,384,252.5625
completions/train/mean_length,385,277.0625
completions/train/mean_length,386,272.125
completions/train/mean_length,387,157.0
completions/train/mean_length,388,157.9375
completions/train/mean_length,389,257.75
completions/train/mean_length,390,424.0625
completions/train/mean_length,391,152.75
completions/train/mean_length,392,374.1875
completions/train/mean_length,393,169.5625
completions/train/mean_length,394,114.25
completions/train/mean_length,395,123.1875
completions/train/mean_length,396,622.375
completions/train/mean_length,397,199.1875
completions/train/mean_length,398,292.875
completions/train/mean_length,399,444.5
completions/train/mean_length,400,506.8125
completions/train/mean_length,401,442.375
completions/train/mean_length,402,91.8125
completions/train/mean_length,403,271.4375
completions/train/mean_length,404,254.9375
completions/train/mean_length,405,160.125
completions/train/mean_length,406,399.375
completions/train/mean_length,407,463.25
completions/train/mean_length,408,209.8125
completions/train/mean_length,409,113.8125
completions/train/mean_length,410,259.8125
completions/train/mean_length,411,201.375
completions/train/mean_length,412,253.9375
completions/train/mean_length,413,233.375
completions/train/mean_length,414,234.6875
completions/train/mean_length,415,189.3125
completions/train/mean_length,416,183.5
completions/train/mean_length,417,267.1875
completions/train/mean_length,418,205.5625
completions/train/mean_length,419,141.875
completions/train/mean_length,420,254.0625
completions/train/mean_length,421,249.0625
completions/train/mean_length,422,134.0625
completions/train/mean_length,423,156.3125
completions/train/mean_length,424,364.375
completions/train/mean_length,425,112.4375
completions/train/mean_length,426,283.3125
completions/train/mean_length,427,183.1875
completions/train/mean_length,428,376.0
completions/train/mean_length,429,230.4375
completions/train/mean_length,430,149.5
completions/train/mean_length,431,200.3125
completions/train/mean_length,432,187.875
completions/train/mean_length,433,122.4375
completions/train/mean_length,434,168.0
completions/train/mean_length,435,211.4375
completions/train/mean_length,436,283.25
completions/train/mean_length,437,124.4375
completions/train/mean_length,438,372.0
completions/train/mean_length,439,277.5
completions/train/mean_length,440,170.0625
completions/train/mean_length,441,357.3125
completions/train/mean_length,442,284.0
completions/train/mean_length,443,198.0
completions/train/mean_length,444,158.25
completions/train/mean_length,445,281.25
completions/train/mean_length,446,413.625
completions/train/mean_length,447,291.375
completions/train/mean_length,448,178.0625
completions/train/mean_length,449,307.9375
completions/train/mean_length,450,192.6875
completions/train/mean_length,451,548.0
completions/train/mean_length,452,336.125
completions/train/mean_length,453,629.9375
completions/train/mean_length,454,291.3125
completions/train/mean_length,455,175.0625
completions/train/mean_length,456,308.3125
completions/train/mean_length,457,150.5
completions/train/mean_length,458,182.0
completions/train/mean_length,459,318.8125
completions/train/mean_length,460,172.3125
completions/train/mean_length,461,516.375
completions/train/mean_length,462,218.5625
completions/train/mean_length,463,296.1875
completions/train/mean_length,464,287.625
completions/train/mean_length,465,297.75
completions/train/mean_length,466,535.375
completions/train/mean_length,467,352.0625
completions/train/mean_length,468,152.4375
completions/train/mean_length,469,768.0
completions/train/mean_length,470,249.625
completions/train/mean_length,471,201.6875
completions/train/mean_length,472,611.5625
completions/train/mean_length,473,465.5
completions/train/mean_length,474,220.75
completions/train/mean_length,475,147.4375
completions/train/mean_length,476,256.9375
completions/train/mean_length,477,387.0
completions/train/mean_length,478,269.1875
completions/train/mean_length,479,206.75
completions/train/mean_length,480,138.375
completions/train/mean_length,481,449.3125
completions/train/mean_length,482,323.9375
completions/train/mean_length,483,317.5625
completions/train/mean_length,484,404.8125
completions/train/mean_length,485,269.0
completions/train/mean_length,486,278.9375
completions/train/mean_length,487,234.5625
completions/train/mean_length,488,238.5625
completions/train/mean_length,489,339.5625
completions/train/mean_length,490,263.5
completions/train/mean_length,491,197.625
completions/train/mean_length,492,519.3125
completions/train/mean_length,493,242.9375
completions/train/mean_length,494,346.0625
completions/train/mean_length,495,297.875
completions/train/mean_length,496,182.75
completions/train/mean_length,497,345.125
completions/train/mean_length,498,242.3125
completions/train/mean_length,499,241.5625
completions/train/mean_length,500,193.9375
completions/train/mean_length,501,150.75
completions/train/mean_length,502,407.75
completions/train/mean_length,503,405.4375
completions/train/mean_length,504,235.75
completions/train/mean_length,505,203.5625
completions/train/mean_length,506,418.5625
completions/train/mean_length,507,335.375
completions/train/mean_length,508,125.9375
completions/train/mean_length,509,293.1875
completions/train/mean_length,510,206.5625
completions/train/mean_length,511,145.4375
completions/train/mean_length,512,264.3125
completions/train/mean_length,513,261.5625
completions/train/mean_length,514,255.75
completions/train/mean_length,515,164.6875
completions/train/mean_length,516,485.3125
completions/train/mean_length,517,682.6875
completions/train/mean_length,518,309.8125
completions/train/mean_length,519,232.125
completions/train/mean_length,520,356.0
completions/train/mean_length,521,211.9375
completions/train/mean_length,522,253.25
completions/train/mean_length,523,271.5
completions/train/mean_length,524,191.5625
completions/train/mean_length,525,281.5625
completions/train/mean_length,526,176.125
completions/train/mean_length,527,203.0
completions/train/mean_length,528,412.625
completions/train/mean_length,529,194.1875
completions/train/mean_length,530,336.375
completions/train/mean_length,531,234.25
completions/train/mean_length,532,412.375
completions/train/mean_length,533,357.9375
completions/train/mean_length,534,277.0
completions/train/mean_length,535,137.75
completions/train/mean_length,536,469.6875
completions/train/mean_length,537,127.8125
completions/train/mean_length,538,704.9375
completions/train/mean_length,539,366.25
completions/train/mean_length,540,374.375
completions/train/mean_length,541,270.8125
completions/train/mean_length,542,213.9375
completions/train/mean_length,543,384.8125
completions/train/mean_length,544,185.3125
completions/train/mean_length,545,285.75
completions/train/mean_length,546,481.0
completions/train/mean_length,547,349.75
completions/train/mean_length,548,257.9375
completions/train/mean_length,549,278.375
completions/train/mean_length,550,514.4375
completions/train/mean_length,551,214.375
completions/train/mean_length,552,198.3125
completions/train/mean_length,553,215.75
completions/train/mean_length,554,120.25
completions/train/mean_length,555,130.625
completions/train/mean_length,556,305.5
completions/train/mean_length,557,224.25
completions/train/mean_length,558,121.5
completions/train/mean_length,559,250.0625
completions/train/mean_length,560,144.8125
completions/train/mean_length,561,161.25
completions/train/mean_length,562,193.4375
completions/train/mean_length,563,442.5625
completions/train/mean_length,564,277.125
completions/train/mean_length,565,331.5625
completions/train/mean_length,566,175.9375
completions/train/mean_length,567,256.5625
completions/train/mean_length,568,391.0
completions/train/mean_length,569,231.4375
completions/train/mean_length,570,198.125
completions/train/mean_length,571,286.0625
completions/train/mean_length,572,671.6875
completions/train/mean_length,573,133.4375
completions/train/mean_length,574,163.5
completions/train/mean_length,575,237.3125
completions/train/mean_length,576,150.0
completions/train/mean_length,577,457.625
completions/train/mean_length,578,346.5625
completions/train/mean_length,579,346.375
completions/train/mean_length,580,473.625
completions/train/mean_length,581,237.625
completions/train/mean_length,582,377.8125
completions/train/mean_length,583,302.875
completions/train/mean_length,584,521.125
completions/train/mean_length,585,131.5
completions/train/mean_length,586,657.125
completions/train/mean_length,587,322.8125
completions/train/mean_length,588,376.9375
completions/train/mean_length,589,258.125
completions/train/mean_length,590,311.0625
completions/train/mean_length,591,317.1875
completions/train/mean_length,592,381.875
completions/train/mean_length,593,417.25
completions/train/mean_length,594,347.1875
completions/train/mean_length,595,430.1875
completions/train/mean_length,596,234.9375
completions/train/mean_length,597,240.5625
completions/train/mean_length,598,261.0625
completions/train/mean_length,599,272.5
completions/train/mean_length,600,199.8125
completions/train/mean_length,601,347.25
completions/train/mean_length,602,226.0625
completions/train/mean_length,603,431.125
completions/train/mean_length,604,291.9375
completions/train/mean_length,605,566.25
completions/train/mean_length,606,173.5625
completions/train/mean_length,607,297.125
completions/train/mean_length,608,298.875
completions/train/mean_length,609,547.8125
completions/train/mean_length,610,274.3125
completions/train/mean_length,611,329.375
completions/train/mean_length,612,377.4375
completions/train/mean_length,613,369.375
completions/train/mean_length,614,419.125
completions/train/mean_length,615,209.0
completions/train/mean_length,616,388.0625
completions/train/mean_length,617,190.625
completions/train/mean_length,618,343.0625
completions/train/mean_length,619,287.3125
completions/train/mean_length,620,245.8125
completions/train/mean_length,621,597.0
completions/train/mean_length,622,439.0625
completions/train/mean_length,623,228.0
completions/train/mean_length,624,225.6875
completions/train/mean_length,625,193.75
completions/train/mean_length,626,397.375
completions/train/mean_length,627,300.3125
completions/train/mean_length,628,548.625
completions/train/mean_length,629,256.75
completions/train/mean_length,630,543.125
completions/train/mean_length,631,432.125
completions/train/mean_length,632,482.375
completions/train/mean_length,633,329.6875
completions/train/mean_length,634,326.5
completions/train/mean_length,635,195.75
completions/train/mean_length,636,163.0625
completions/train/mean_length,637,397.75
completions/train/mean_length,638,341.5
completions/train/mean_length,639,256.375
completions/train/mean_length,640,280.1875
completions/train/mean_length,641,180.4375
completions/train/mean_length,642,221.3125
completions/train/mean_length,643,350.1875
completions/train/mean_length,644,254.4375
completions/train/mean_length,645,381.5
completions/train/mean_length,646,356.9375
completions/train/mean_length,647,232.0625
completions/train/mean_length,648,267.1875
completions/train/mean_length,649,680.375
completions/train/mean_length,650,453.9375
completions/train/mean_length,651,119.75
completions/train/mean_length,652,142.375
completions/train/mean_length,653,375.6875
completions/train/mean_length,654,422.1875
completions/train/mean_length,655,372.1875
completions/train/mean_length,656,201.5625
completions/train/mean_length,657,374.625
completions/train/mean_length,658,379.6875
completions/train/mean_length,659,471.6875
completions/train/mean_length,660,248.5
completions/train/mean_length,661,434.0
completions/train/mean_length,662,219.75
completions/train/mean_length,663,289.0
completions/train/mean_length,664,204.875
completions/train/mean_length,665,490.0
completions/train/mean_length,666,397.0
completions/train/mean_length,667,191.8125
completions/train/mean_length,668,430.3125
completions/train/mean_length,669,212.875
completions/train/mean_length,670,355.9375
completions/train/mean_length,671,355.4375
completions/train/mean_length,672,409.375
completions/train/mean_length,673,163.9375
completions/train/mean_length,674,232.4375
completions/train/mean_length,675,284.125
completions/train/mean_length,676,290.0625
completions/train/mean_length,677,221.0625
completions/train/mean_length,678,239.25
completions/train/max_length,1,191.0
completions/train/max_length,2,768.0
completions/train/max_length,3,316.0
completions/train/max_length,4,131.0
completions/train/max_length,5,149.0
completions/train/max_length,6,768.0
completions/train/max_length,7,254.0
completions/train/max_length,8,150.0
completions/train/max_length,9,149.0
completions/train/max_length,10,236.0
completions/train/max_length,11,768.0
completions/train/max_length,12,310.0
completions/train/max_length,13,310.0
completions/train/max_length,14,108.0
completions/train/max_length,15,768.0
completions/train/max_length,16,768.0
completions/train/max_length,17,768.0
completions/train/max_length,18,442.0
completions/train/max_length,19,741.0
completions/train/max_length,20,137.0
completions/train/max_length,21,465.0
completions/train/max_length,22,768.0
completions/train/max_length,23,768.0
completions/train/max_length,24,156.0
completions/train/max_length,25,256.0
completions/train/max_length,26,116.0
completions/train/max_length,27,408.0
completions/train/max_length,28,768.0
completions/train/max_length,29,768.0
completions/train/max_length,30,389.0
completions/train/max_length,31,768.0
completions/train/max_length,32,350.0
completions/train/max_length,33,768.0
completions/train/max_length,34,768.0
completions/train/max_length,35,768.0
completions/train/max_length,36,235.0
completions/train/max_length,37,212.0
completions/train/max_length,38,768.0
completions/train/max_length,39,195.0
completions/train/max_length,40,768.0
completions/train/max_length,41,273.0
completions/train/max_length,42,515.0
completions/train/max_length,43,768.0
completions/train/max_length,44,768.0
completions/train/max_length,45,768.0
completions/train/max_length,46,261.0
completions/train/max_length,47,696.0
completions/train/max_length,48,174.0
completions/train/max_length,49,768.0
completions/train/max_length,50,768.0
completions/train/max_length,51,768.0
completions/train/max_length,52,217.0
completions/train/max_length,53,159.0
completions/train/max_length,54,198.0
completions/train/max_length,55,768.0
completions/train/max_length,56,105.0
completions/train/max_length,57,301.0
completions/train/max_length,58,329.0
completions/train/max_length,59,768.0
completions/train/max_length,60,768.0
completions/train/max_length,61,123.0
completions/train/max_length,62,182.0
completions/train/max_length,63,307.0
completions/train/max_length,64,186.0
completions/train/max_length,65,768.0
completions/train/max_length,66,768.0
completions/train/max_length,67,399.0
completions/train/max_length,68,176.0
completions/train/max_length,69,768.0
completions/train/max_length,70,400.0
completions/train/max_length,71,768.0
completions/train/max_length,72,102.0
completions/train/max_length,73,768.0
completions/train/max_length,74,205.0
completions/train/max_length,75,163.0
completions/train/max_length,76,768.0
completions/train/max_length,77,234.0
completions/train/max_length,78,176.0
completions/train/max_length,79,175.0
completions/train/max_length,80,768.0
completions/train/max_length,81,260.0
completions/train/max_length,82,768.0
completions/train/max_length,83,182.0
completions/train/max_length,84,768.0
completions/train/max_length,85,156.0
completions/train/max_length,86,165.0
completions/train/max_length,87,187.0
completions/train/max_length,88,209.0
completions/train/max_length,89,276.0
completions/train/max_length,90,200.0
completions/train/max_length,91,768.0
completions/train/max_length,92,188.0
completions/train/max_length,93,243.0
completions/train/max_length,94,256.0
completions/train/max_length,95,317.0
completions/train/max_length,96,768.0
completions/train/max_length,97,768.0
completions/train/max_length,98,768.0
completions/train/max_length,99,208.0
completions/train/max_length,100,768.0
completions/train/max_length,101,541.0
completions/train/max_length,102,254.0
completions/train/max_length,103,758.0
completions/train/max_length,104,182.0
completions/train/max_length,105,186.0
completions/train/max_length,106,278.0
completions/train/max_length,107,634.0
completions/train/max_length,108,254.0
completions/train/max_length,109,768.0
completions/train/max_length,110,188.0
completions/train/max_length,111,249.0
completions/train/max_length,112,768.0
completions/train/max_length,113,128.0
completions/train/max_length,114,220.0
completions/train/max_length,115,176.0
completions/train/max_length,116,650.0
completions/train/max_length,117,756.0
completions/train/max_length,118,312.0
completions/train/max_length,119,305.0
completions/train/max_length,120,225.0
completions/train/max_length,121,169.0
completions/train/max_length,122,343.0
completions/train/max_length,123,768.0
completions/train/max_length,124,456.0
completions/train/max_length,125,768.0
completions/train/max_length,126,152.0
completions/train/max_length,127,768.0
completions/train/max_length,128,228.0
completions/train/max_length,129,303.0
completions/train/max_length,130,766.0
completions/train/max_length,131,768.0
completions/train/max_length,132,768.0
completions/train/max_length,133,768.0
completions/train/max_length,134,633.0
completions/train/max_length,135,768.0
completions/train/max_length,136,258.0
completions/train/max_length,137,522.0
completions/train/max_length,138,333.0
completions/train/max_length,139,768.0
completions/train/max_length,140,174.0
completions/train/max_length,141,768.0
completions/train/max_length,142,768.0
completions/train/max_length,143,192.0
completions/train/max_length,144,162.0
completions/train/max_length,145,165.0
completions/train/max_length,146,182.0
completions/train/max_length,147,768.0
completions/train/max_length,148,768.0
completions/train/max_length,149,235.0
completions/train/max_length,150,624.0
completions/train/max_length,151,768.0
completions/train/max_length,152,162.0
completions/train/max_length,153,316.0
completions/train/max_length,154,768.0
completions/train/max_length,155,741.0
completions/train/max_length,156,768.0
completions/train/max_length,157,768.0
completions/train/max_length,158,269.0
completions/train/max_length,159,150.0
completions/train/max_length,160,420.0
completions/train/max_length,161,318.0
completions/train/max_length,162,768.0
completions/train/max_length,163,330.0
completions/train/max_length,164,768.0
completions/train/max_length,165,255.0
completions/train/max_length,166,384.0
completions/train/max_length,167,318.0
completions/train/max_length,168,208.0
completions/train/max_length,169,194.0
completions/train/max_length,170,388.0
completions/train/max_length,171,219.0
completions/train/max_length,172,123.0
completions/train/max_length,173,244.0
completions/train/max_length,174,479.0
completions/train/max_length,175,150.0
completions/train/max_length,176,389.0
completions/train/max_length,177,768.0
completions/train/max_length,178,768.0
completions/train/max_length,179,157.0
completions/train/max_length,180,216.0
completions/train/max_length,181,768.0
completions/train/max_length,182,768.0
completions/train/max_length,183,140.0
completions/train/max_length,184,768.0
completions/train/max_length,185,144.0
completions/train/max_length,186,678.0
completions/train/max_length,187,561.0
completions/train/max_length,188,645.0
completions/train/max_length,189,768.0
completions/train/max_length,190,768.0
completions/train/max_length,191,174.0
completions/train/max_length,192,768.0
completions/train/max_length,193,192.0
completions/train/max_length,194,271.0
completions/train/max_length,195,258.0
completions/train/max_length,196,382.0
completions/train/max_length,197,370.0
completions/train/max_length,198,254.0
completions/train/max_length,199,254.0
completions/train/max_length,200,345.0
completions/train/max_length,201,139.0
completions/train/max_length,202,768.0
completions/train/max_length,203,187.0
completions/train/max_length,204,244.0
completions/train/max_length,205,292.0
completions/train/max_length,206,768.0
completions/train/max_length,207,216.0
completions/train/max_length,208,233.0
completions/train/max_length,209,300.0
completions/train/max_length,210,198.0
completions/train/max_length,211,277.0
completions/train/max_length,212,334.0
completions/train/max_length,213,177.0
completions/train/max_length,214,245.0
completions/train/max_length,215,205.0
completions/train/max_length,216,768.0
completions/train/max_length,217,768.0
completions/train/max_length,218,200.0
completions/train/max_length,219,146.0
completions/train/max_length,220,248.0
completions/train/max_length,221,768.0
completions/train/max_length,222,270.0
completions/train/max_length,223,195.0
completions/train/max_length,224,768.0
completions/train/max_length,225,768.0
completions/train/max_length,226,286.0
completions/train/max_length,227,768.0
completions/train/max_length,228,335.0
completions/train/max_length,229,293.0
completions/train/max_length,230,768.0
completions/train/max_length,231,164.0
completions/train/max_length,232,768.0
completions/train/max_length,233,768.0
completions/train/max_length,234,768.0
completions/train/max_length,235,768.0
completions/train/max_length,236,255.0
completions/train/max_length,237,152.0
completions/train/max_length,238,555.0
completions/train/max_length,239,258.0
completions/train/max_length,240,249.0
completions/train/max_length,241,768.0
completions/train/max_length,242,383.0
completions/train/max_length,243,174.0
completions/train/max_length,244,768.0
completions/train/max_length,245,276.0
completions/train/max_length,246,258.0
completions/train/max_length,247,768.0
completions/train/max_length,248,251.0
completions/train/max_length,249,768.0
completions/train/max_length,250,256.0
completions/train/max_length,251,768.0
completions/train/max_length,252,768.0
completions/train/max_length,253,148.0
completions/train/max_length,254,131.0
completions/train/max_length,255,768.0
completions/train/max_length,256,288.0
completions/train/max_length,257,434.0
completions/train/max_length,258,276.0
completions/train/max_length,259,193.0
completions/train/max_length,260,194.0
completions/train/max_length,261,236.0
completions/train/max_length,262,768.0
completions/train/max_length,263,354.0
completions/train/max_length,264,161.0
completions/train/max_length,265,443.0
completions/train/max_length,266,713.0
completions/train/max_length,267,768.0
completions/train/max_length,268,284.0
completions/train/max_length,269,184.0
completions/train/max_length,270,355.0
completions/train/max_length,271,209.0
completions/train/max_length,272,196.0
completions/train/max_length,273,768.0
completions/train/max_length,274,154.0
completions/train/max_length,275,768.0
completions/train/max_length,276,413.0
completions/train/max_length,277,768.0
completions/train/max_length,278,518.0
completions/train/max_length,279,374.0
completions/train/max_length,280,496.0
completions/train/max_length,281,140.0
completions/train/max_length,282,768.0
completions/train/max_length,283,768.0
completions/train/max_length,284,768.0
completions/train/max_length,285,768.0
completions/train/max_length,286,768.0
completions/train/max_length,287,768.0
completions/train/max_length,288,126.0
completions/train/max_length,289,405.0
completions/train/max_length,290,293.0
completions/train/max_length,291,250.0
completions/train/max_length,292,357.0
completions/train/max_length,293,308.0
completions/train/max_length,294,195.0
completions/train/max_length,295,204.0
completions/train/max_length,296,659.0
completions/train/max_length,297,300.0
completions/train/max_length,298,768.0
completions/train/max_length,299,240.0
completions/train/max_length,300,768.0
completions/train/max_length,301,381.0
completions/train/max_length,302,768.0
completions/train/max_length,303,768.0
completions/train/max_length,304,189.0
completions/train/max_length,305,768.0
completions/train/max_length,306,242.0
completions/train/max_length,307,768.0
completions/train/max_length,308,768.0
completions/train/max_length,309,115.0
completions/train/max_length,310,768.0
completions/train/max_length,311,220.0
completions/train/max_length,312,768.0
completions/train/max_length,313,147.0
completions/train/max_length,314,414.0
completions/train/max_length,315,188.0
completions/train/max_length,316,261.0
completions/train/max_length,317,366.0
completions/train/max_length,318,275.0
completions/train/max_length,319,124.0
completions/train/max_length,320,768.0
completions/train/max_length,321,259.0
completions/train/max_length,322,229.0
completions/train/max_length,323,768.0
completions/train/max_length,324,547.0
completions/train/max_length,325,768.0
completions/train/max_length,326,273.0
completions/train/max_length,327,290.0
completions/train/max_length,328,439.0
completions/train/max_length,329,171.0
completions/train/max_length,330,462.0
completions/train/max_length,331,163.0
completions/train/max_length,332,286.0
completions/train/max_length,333,768.0
completions/train/max_length,334,172.0
completions/train/max_length,335,389.0
completions/train/max_length,336,365.0
completions/train/max_length,337,768.0
completions/train/max_length,338,363.0
completions/train/max_length,339,374.0
completions/train/max_length,340,247.0
completions/train/max_length,341,257.0
completions/train/max_length,342,768.0
completions/train/max_length,343,271.0
completions/train/max_length,344,201.0
completions/train/max_length,345,200.0
completions/train/max_length,346,225.0
completions/train/max_length,347,160.0
completions/train/max_length,348,768.0
completions/train/max_length,349,234.0
completions/train/max_length,350,768.0
completions/train/max_length,351,768.0
completions/train/max_length,352,768.0
completions/train/max_length,353,141.0
completions/train/max_length,354,768.0
completions/train/max_length,355,768.0
completions/train/max_length,356,334.0
completions/train/max_length,357,604.0
completions/train/max_length,358,768.0
completions/train/max_length,359,198.0
completions/train/max_length,360,768.0
completions/train/max_length,361,195.0
completions/train/max_length,362,182.0
completions/train/max_length,363,181.0
completions/train/max_length,364,132.0
completions/train/max_length,365,201.0
completions/train/max_length,366,190.0
completions/train/max_length,367,768.0
completions/train/max_length,368,768.0
completions/train/max_length,369,227.0
completions/train/max_length,370,237.0
completions/train/max_length,371,322.0
completions/train/max_length,372,540.0
completions/train/max_length,373,167.0
completions/train/max_length,374,768.0
completions/train/max_length,375,191.0
completions/train/max_length,376,123.0
completions/train/max_length,377,268.0
completions/train/max_length,378,271.0
completions/train/max_length,379,394.0
completions/train/max_length,380,324.0
completions/train/max_length,381,234.0
completions/train/max_length,382,212.0
completions/train/max_length,383,495.0
completions/train/max_length,384,312.0
completions/train/max_length,385,355.0
completions/train/max_length,386,768.0
completions/train/max_length,387,184.0
completions/train/max_length,388,234.0
completions/train/max_length,389,366.0
completions/train/max_length,390,768.0
completions/train/max_length,391,168.0
completions/train/max_length,392,768.0
completions/train/max_length,393,232.0
completions/train/max_length,394,162.0
completions/train/max_length,395,161.0
completions/train/max_length,396,768.0
completions/train/max_length,397,225.0
completions/train/max_length,398,358.0
completions/train/max_length,399,768.0
completions/train/max_length,400,768.0
completions/train/max_length,401,768.0
completions/train/max_length,402,124.0
completions/train/max_length,403,421.0
completions/train/max_length,404,570.0
completions/train/max_length,405,208.0
completions/train/max_length,406,768.0
completions/train/max_length,407,768.0
completions/train/max_length,408,277.0
completions/train/max_length,409,141.0
completions/train/max_length,410,768.0
completions/train/max_length,411,251.0
completions/train/max_length,412,530.0
completions/train/max_length,413,768.0
completions/train/max_length,414,425.0
completions/train/max_length,415,281.0
completions/train/max_length,416,690.0
completions/train/max_length,417,449.0
completions/train/max_length,418,274.0
completions/train/max_length,419,308.0
completions/train/max_length,420,379.0
completions/train/max_length,421,436.0
completions/train/max_length,422,186.0
completions/train/max_length,423,187.0
completions/train/max_length,424,481.0
completions/train/max_length,425,192.0
completions/train/max_length,426,337.0
completions/train/max_length,427,329.0
completions/train/max_length,428,768.0
completions/train/max_length,429,381.0
completions/train/max_length,430,226.0
completions/train/max_length,431,275.0
completions/train/max_length,432,253.0
completions/train/max_length,433,165.0
completions/train/max_length,434,219.0
completions/train/max_length,435,256.0
completions/train/max_length,436,596.0
completions/train/max_length,437,211.0
completions/train/max_length,438,768.0
completions/train/max_length,439,381.0
completions/train/max_length,440,278.0
completions/train/max_length,441,768.0
completions/train/max_length,442,664.0
completions/train/max_length,443,356.0
completions/train/max_length,444,226.0
completions/train/max_length,445,339.0
completions/train/max_length,446,768.0
completions/train/max_length,447,634.0
completions/train/max_length,448,279.0
completions/train/max_length,449,391.0
completions/train/max_length,450,270.0
completions/train/max_length,451,768.0
completions/train/max_length,452,395.0
completions/train/max_length,453,768.0
completions/train/max_length,454,403.0
completions/train/max_length,455,187.0
completions/train/max_length,456,768.0
completions/train/max_length,457,197.0
completions/train/max_length,458,284.0
completions/train/max_length,459,768.0
completions/train/max_length,460,212.0
completions/train/max_length,461,768.0
completions/train/max_length,462,308.0
completions/train/max_length,463,768.0
completions/train/max_length,464,483.0
completions/train/max_length,465,628.0
completions/train/max_length,466,768.0
completions/train/max_length,467,768.0
completions/train/max_length,468,466.0
completions/train/max_length,469,768.0
completions/train/max_length,470,308.0
completions/train/max_length,471,239.0
completions/train/max_length,472,768.0
completions/train/max_length,473,768.0
completions/train/max_length,474,341.0
completions/train/max_length,475,768.0
completions/train/max_length,476,351.0
completions/train/max_length,477,768.0
completions/train/max_length,478,373.0
completions/train/max_length,479,277.0
completions/train/max_length,480,171.0
completions/train/max_length,481,768.0
completions/train/max_length,482,385.0
completions/train/max_length,483,663.0
completions/train/max_length,484,768.0
completions/train/max_length,485,504.0
completions/train/max_length,486,653.0
completions/train/max_length,487,589.0
completions/train/max_length,488,259.0
completions/train/max_length,489,768.0
completions/train/max_length,490,417.0
completions/train/max_length,491,352.0
completions/train/max_length,492,768.0
completions/train/max_length,493,453.0
completions/train/max_length,494,768.0
completions/train/max_length,495,768.0
completions/train/max_length,496,196.0
completions/train/max_length,497,768.0
completions/train/max_length,498,768.0
completions/train/max_length,499,263.0
completions/train/max_length,500,267.0
completions/train/max_length,501,177.0
completions/train/max_length,502,768.0
completions/train/max_length,503,768.0
completions/train/max_length,504,366.0
completions/train/max_length,505,224.0
completions/train/max_length,506,768.0
completions/train/max_length,507,768.0
completions/train/max_length,508,162.0
completions/train/max_length,509,329.0
completions/train/max_length,510,252.0
completions/train/max_length,511,185.0
completions/train/max_length,512,367.0
completions/train/max_length,513,387.0
completions/train/max_length,514,768.0
completions/train/max_length,515,217.0
completions/train/max_length,516,768.0
completions/train/max_length,517,768.0
completions/train/max_length,518,449.0
completions/train/max_length,519,357.0
completions/train/max_length,520,768.0
completions/train/max_length,521,247.0
completions/train/max_length,522,768.0
completions/train/max_length,523,390.0
completions/train/max_length,524,211.0
completions/train/max_length,525,373.0
completions/train/max_length,526,236.0
completions/train/max_length,527,335.0
completions/train/max_length,528,768.0
completions/train/max_length,529,255.0
completions/train/max_length,530,402.0
completions/train/max_length,531,768.0
completions/train/max_length,532,768.0
completions/train/max_length,533,570.0
completions/train/max_length,534,456.0
completions/train/max_length,535,199.0
completions/train/max_length,536,768.0
completions/train/max_length,537,140.0
completions/train/max_length,538,768.0
completions/train/max_length,539,768.0
completions/train/max_length,540,644.0
completions/train/max_length,541,583.0
completions/train/max_length,542,365.0
completions/train/max_length,543,705.0
completions/train/max_length,544,249.0
completions/train/max_length,545,518.0
completions/train/max_length,546,768.0
completions/train/max_length,547,768.0
completions/train/max_length,548,307.0
completions/train/max_length,549,397.0
completions/train/max_length,550,768.0
completions/train/max_length,551,351.0
completions/train/max_length,552,272.0
completions/train/max_length,553,267.0
completions/train/max_length,554,175.0
completions/train/max_length,555,254.0
completions/train/max_length,556,422.0
completions/train/max_length,557,472.0
completions/train/max_length,558,145.0
completions/train/max_length,559,356.0
completions/train/max_length,560,242.0
completions/train/max_length,561,182.0
completions/train/max_length,562,257.0
completions/train/max_length,563,768.0
completions/train/max_length,564,321.0
completions/train/max_length,565,467.0
completions/train/max_length,566,199.0
completions/train/max_length,567,360.0
completions/train/max_length,568,768.0
completions/train/max_length,569,381.0
completions/train/max_length,570,269.0
completions/train/max_length,571,372.0
completions/train/max_length,572,768.0
completions/train/max_length,573,207.0
completions/train/max_length,574,208.0
completions/train/max_length,575,768.0
completions/train/max_length,576,226.0
completions/train/max_length,577,768.0
completions/train/max_length,578,602.0
completions/train/max_length,579,590.0
completions/train/max_length,580,768.0
completions/train/max_length,581,293.0
completions/train/max_length,582,768.0
completions/train/max_length,583,394.0
completions/train/max_length,584,768.0
completions/train/max_length,585,304.0
completions/train/max_length,586,768.0
completions/train/max_length,587,360.0
completions/train/max_length,588,768.0
completions/train/max_length,589,768.0
completions/train/max_length,590,473.0
completions/train/max_length,591,768.0
completions/train/max_length,592,768.0
completions/train/max_length,593,768.0
completions/train/max_length,594,420.0
completions/train/max_length,595,768.0
completions/train/max_length,596,283.0
completions/train/max_length,597,284.0
completions/train/max_length,598,396.0
completions/train/max_length,599,339.0
completions/train/max_length,600,651.0
completions/train/max_length,601,768.0
completions/train/max_length,602,337.0
completions/train/max_length,603,768.0
completions/train/max_length,604,317.0
completions/train/max_length,605,768.0
completions/train/max_length,606,186.0
completions/train/max_length,607,742.0
completions/train/max_length,608,338.0
completions/train/max_length,609,768.0
completions/train/max_length,610,324.0
completions/train/max_length,611,423.0
completions/train/max_length,612,535.0
completions/train/max_length,613,768.0
completions/train/max_length,614,670.0
completions/train/max_length,615,257.0
completions/train/max_length,616,768.0
completions/train/max_length,617,436.0
completions/train/max_length,618,768.0
completions/train/max_length,619,768.0
completions/train/max_length,620,278.0
completions/train/max_length,621,768.0
completions/train/max_length,622,768.0
completions/train/max_length,623,238.0
completions/train/max_length,624,408.0
completions/train/max_length,625,214.0
completions/train/max_length,626,768.0
completions/train/max_length,627,768.0
completions/train/max_length,628,768.0
completions/train/max_length,629,415.0
completions/train/max_length,630,768.0
completions/train/max_length,631,768.0
completions/train/max_length,632,768.0
completions/train/max_length,633,375.0
completions/train/max_length,634,768.0
completions/train/max_length,635,254.0
completions/train/max_length,636,210.0
completions/train/max_length,637,582.0
completions/train/max_length,638,768.0
completions/train/max_length,639,561.0
completions/train/max_length,640,488.0
completions/train/max_length,641,768.0
completions/train/max_length,642,467.0
completions/train/max_length,643,768.0
completions/train/max_length,644,318.0
completions/train/max_length,645,676.0
completions/train/max_length,646,768.0
completions/train/max_length,647,349.0
completions/train/max_length,648,282.0
completions/train/max_length,649,768.0
completions/train/max_length,650,768.0
completions/train/max_length,651,211.0
completions/train/max_length,652,179.0
completions/train/max_length,653,768.0
completions/train/max_length,654,768.0
completions/train/max_length,655,455.0
completions/train/max_length,656,390.0
completions/train/max_length,657,768.0
completions/train/max_length,658,768.0
completions/train/max_length,659,768.0
completions/train/max_length,660,524.0
completions/train/max_length,661,768.0
completions/train/max_length,662,284.0
completions/train/max_length,663,445.0
completions/train/max_length,664,768.0
completions/train/max_length,665,768.0
completions/train/max_length,666,768.0
completions/train/max_length,667,227.0
completions/train/max_length,668,768.0
completions/train/max_length,669,768.0
completions/train/max_length,670,585.0
completions/train/max_length,671,479.0
completions/train/max_length,672,768.0
completions/train/max_length,673,194.0
completions/train/max_length,674,262.0
completions/train/max_length,675,768.0
completions/train/max_length,676,768.0
completions/train/max_length,677,301.0
completions/train/max_length,678,371.0
completions/train/min_length,1,79.0
completions/train/min_length,2,106.0
completions/train/min_length,3,110.0
completions/train/min_length,4,80.0
completions/train/min_length,5,56.0
completions/train/min_length,6,244.0
completions/train/min_length,7,91.0
completions/train/min_length,8,90.0
completions/train/min_length,9,89.0
completions/train/min_length,10,87.0
completions/train/min_length,11,145.0
completions/train/min_length,12,207.0
completions/train/min_length,13,103.0
completions/train/min_length,14,43.0
completions/train/min_length,15,148.0
completions/train/min_length,16,113.0
completions/train/min_length,17,226.0
completions/train/min_length,18,154.0
completions/train/min_length,19,46.0
completions/train/min_length,20,39.0
completions/train/min_length,21,130.0
completions/train/min_length,22,201.0
completions/train/min_length,23,180.0
completions/train/min_length,24,121.0
completions/train/min_length,25,218.0
completions/train/min_length,26,64.0
completions/train/min_length,27,130.0
completions/train/min_length,28,140.0
completions/train/min_length,29,186.0
completions/train/min_length,30,72.0
completions/train/min_length,31,100.0
completions/train/min_length,32,127.0
completions/train/min_length,33,115.0
completions/train/min_length,34,156.0
completions/train/min_length,35,132.0
completions/train/min_length,36,116.0
completions/train/min_length,37,85.0
completions/train/min_length,38,275.0
completions/train/min_length,39,155.0
completions/train/min_length,40,74.0
completions/train/min_length,41,97.0
completions/train/min_length,42,115.0
completions/train/min_length,43,392.0
completions/train/min_length,44,82.0
completions/train/min_length,45,67.0
completions/train/min_length,46,178.0
completions/train/min_length,47,124.0
completions/train/min_length,48,137.0
completions/train/min_length,49,238.0
completions/train/min_length,50,107.0
completions/train/min_length,51,170.0
completions/train/min_length,52,102.0
completions/train/min_length,53,73.0
completions/train/min_length,54,115.0
completions/train/min_length,55,130.0
completions/train/min_length,56,71.0
completions/train/min_length,57,105.0
completions/train/min_length,58,223.0
completions/train/min_length,59,108.0
completions/train/min_length,60,83.0
completions/train/min_length,61,60.0
completions/train/min_length,62,84.0
completions/train/min_length,63,94.0
completions/train/min_length,64,93.0
completions/train/min_length,65,167.0
completions/train/min_length,66,84.0
completions/train/min_length,67,83.0
completions/train/min_length,68,49.0
completions/train/min_length,69,136.0
completions/train/min_length,70,100.0
completions/train/min_length,71,240.0
completions/train/min_length,72,79.0
completions/train/min_length,73,122.0
completions/train/min_length,74,88.0
completions/train/min_length,75,107.0
completions/train/min_length,76,99.0
completions/train/min_length,77,80.0
completions/train/min_length,78,141.0
completions/train/min_length,79,89.0
completions/train/min_length,80,121.0
completions/train/min_length,81,106.0
completions/train/min_length,82,178.0
completions/train/min_length,83,82.0
completions/train/min_length,84,173.0
completions/train/min_length,85,64.0
completions/train/min_length,86,64.0
completions/train/min_length,87,113.0
completions/train/min_length,88,116.0
completions/train/min_length,89,122.0
completions/train/min_length,90,113.0
completions/train/min_length,91,206.0
completions/train/min_length,92,151.0
completions/train/min_length,93,105.0
completions/train/min_length,94,113.0
completions/train/min_length,95,148.0
completions/train/min_length,96,96.0
completions/train/min_length,97,143.0
completions/train/min_length,98,147.0
completions/train/min_length,99,130.0
completions/train/min_length,100,137.0
completions/train/min_length,101,97.0
completions/train/min_length,102,153.0
completions/train/min_length,103,160.0
completions/train/min_length,104,76.0
completions/train/min_length,105,104.0
completions/train/min_length,106,96.0
completions/train/min_length,107,118.0
completions/train/min_length,108,162.0
completions/train/min_length,109,150.0
completions/train/min_length,110,88.0
completions/train/min_length,111,139.0
completions/train/min_length,112,310.0
completions/train/min_length,113,63.0
completions/train/min_length,114,178.0
completions/train/min_length,115,141.0
completions/train/min_length,116,94.0
completions/train/min_length,117,244.0
completions/train/min_length,118,116.0
completions/train/min_length,119,163.0
completions/train/min_length,120,116.0
completions/train/min_length,121,107.0
completions/train/min_length,122,169.0
completions/train/min_length,123,97.0
completions/train/min_length,124,225.0
completions/train/min_length,125,110.0
completions/train/min_length,126,75.0
completions/train/min_length,127,110.0
completions/train/min_length,128,152.0
completions/train/min_length,129,148.0
completions/train/min_length,130,130.0
completions/train/min_length,131,218.0
completions/train/min_length,132,95.0
completions/train/min_length,133,281.0
completions/train/min_length,134,114.0
completions/train/min_length,135,141.0
completions/train/min_length,136,99.0
completions/train/min_length,137,265.0
completions/train/min_length,138,109.0
completions/train/min_length,139,147.0
completions/train/min_length,140,96.0
completions/train/min_length,141,191.0
completions/train/min_length,142,139.0
completions/train/min_length,143,109.0
completions/train/min_length,144,94.0
completions/train/min_length,145,89.0
completions/train/min_length,146,138.0
completions/train/min_length,147,161.0
completions/train/min_length,148,118.0
completions/train/min_length,149,83.0
completions/train/min_length,150,81.0
completions/train/min_length,151,183.0
completions/train/min_length,152,89.0
completions/train/min_length,153,186.0
completions/train/min_length,154,150.0
completions/train/min_length,155,118.0
completions/train/min_length,156,114.0
completions/train/min_length,157,131.0
completions/train/min_length,158,112.0
completions/train/min_length,159,77.0
completions/train/min_length,160,94.0
completions/train/min_length,161,141.0
completions/train/min_length,162,114.0
completions/train/min_length,163,65.0
completions/train/min_length,164,90.0
completions/train/min_length,165,158.0
completions/train/min_length,166,93.0
completions/train/min_length,167,104.0
completions/train/min_length,168,123.0
completions/train/min_length,169,128.0
completions/train/min_length,170,247.0
completions/train/min_length,171,119.0
completions/train/min_length,172,91.0
completions/train/min_length,173,99.0
completions/train/min_length,174,179.0
completions/train/min_length,175,98.0
completions/train/min_length,176,161.0
completions/train/min_length,177,184.0
completions/train/min_length,178,305.0
completions/train/min_length,179,122.0
completions/train/min_length,180,114.0
completions/train/min_length,181,190.0
completions/train/min_length,182,145.0
completions/train/min_length,183,80.0
completions/train/min_length,184,142.0
completions/train/min_length,185,98.0
completions/train/min_length,186,132.0
completions/train/min_length,187,207.0
completions/train/min_length,188,159.0
completions/train/min_length,189,169.0
completions/train/min_length,190,175.0
completions/train/min_length,191,99.0
completions/train/min_length,192,271.0
completions/train/min_length,193,105.0
completions/train/min_length,194,113.0
completions/train/min_length,195,176.0
completions/train/min_length,196,110.0
completions/train/min_length,197,248.0
completions/train/min_length,198,80.0
completions/train/min_length,199,88.0
completions/train/min_length,200,217.0
completions/train/min_length,201,91.0
completions/train/min_length,202,130.0
completions/train/min_length,203,126.0
completions/train/min_length,204,178.0
completions/train/min_length,205,155.0
completions/train/min_length,206,185.0
completions/train/min_length,207,106.0
completions/train/min_length,208,131.0
completions/train/min_length,209,105.0
completions/train/min_length,210,135.0
completions/train/min_length,211,217.0
completions/train/min_length,212,187.0
completions/train/min_length,213,145.0
completions/train/min_length,214,132.0
completions/train/min_length,215,150.0
completions/train/min_length,216,135.0
completions/train/min_length,217,155.0
completions/train/min_length,218,152.0
completions/train/min_length,219,75.0
completions/train/min_length,220,196.0
completions/train/min_length,221,106.0
completions/train/min_length,222,157.0
completions/train/min_length,223,139.0
completions/train/min_length,224,179.0
completions/train/min_length,225,201.0
completions/train/min_length,226,101.0
completions/train/min_length,227,110.0
completions/train/min_length,228,176.0
completions/train/min_length,229,202.0
completions/train/min_length,230,334.0
completions/train/min_length,231,82.0
completions/train/min_length,232,102.0
completions/train/min_length,233,154.0
completions/train/min_length,234,195.0
completions/train/min_length,235,260.0
completions/train/min_length,236,154.0
completions/train/min_length,237,115.0
completions/train/min_length,238,135.0
completions/train/min_length,239,99.0
completions/train/min_length,240,125.0
completions/train/min_length,241,375.0
completions/train/min_length,242,139.0
completions/train/min_length,243,100.0
completions/train/min_length,244,107.0
completions/train/min_length,245,205.0
completions/train/min_length,246,189.0
completions/train/min_length,247,257.0
completions/train/min_length,248,180.0
completions/train/min_length,249,148.0
completions/train/min_length,250,96.0
completions/train/min_length,251,190.0
completions/train/min_length,252,130.0
completions/train/min_length,253,117.0
completions/train/min_length,254,89.0
completions/train/min_length,255,141.0
completions/train/min_length,256,135.0
completions/train/min_length,257,141.0
completions/train/min_length,258,93.0
completions/train/min_length,259,106.0
completions/train/min_length,260,131.0
completions/train/min_length,261,171.0
completions/train/min_length,262,75.0
completions/train/min_length,263,241.0
completions/train/min_length,264,124.0
completions/train/min_length,265,150.0
completions/train/min_length,266,205.0
completions/train/min_length,267,237.0
completions/train/min_length,268,158.0
completions/train/min_length,269,106.0
completions/train/min_length,270,185.0
completions/train/min_length,271,130.0
completions/train/min_length,272,109.0
completions/train/min_length,273,182.0
completions/train/min_length,274,97.0
completions/train/min_length,275,215.0
completions/train/min_length,276,320.0
completions/train/min_length,277,132.0
completions/train/min_length,278,325.0
completions/train/min_length,279,299.0
completions/train/min_length,280,98.0
completions/train/min_length,281,100.0
completions/train/min_length,282,139.0
completions/train/min_length,283,116.0
completions/train/min_length,284,238.0
completions/train/min_length,285,222.0
completions/train/min_length,286,148.0
completions/train/min_length,287,215.0
completions/train/min_length,288,78.0
completions/train/min_length,289,106.0
completions/train/min_length,290,139.0
completions/train/min_length,291,75.0
completions/train/min_length,292,238.0
completions/train/min_length,293,158.0
completions/train/min_length,294,126.0
completions/train/min_length,295,136.0
completions/train/min_length,296,159.0
completions/train/min_length,297,161.0
completions/train/min_length,298,118.0
completions/train/min_length,299,183.0
completions/train/min_length,300,199.0
completions/train/min_length,301,159.0
completions/train/min_length,302,82.0
completions/train/min_length,303,110.0
completions/train/min_length,304,101.0
completions/train/min_length,305,94.0
completions/train/min_length,306,130.0
completions/train/min_length,307,176.0
completions/train/min_length,308,88.0
completions/train/min_length,309,84.0
completions/train/min_length,310,268.0
completions/train/min_length,311,142.0
completions/train/min_length,312,151.0
completions/train/min_length,313,78.0
completions/train/min_length,314,136.0
completions/train/min_length,315,84.0
completions/train/min_length,316,155.0
completions/train/min_length,317,203.0
completions/train/min_length,318,166.0
completions/train/min_length,319,91.0
completions/train/min_length,320,157.0
completions/train/min_length,321,101.0
completions/train/min_length,322,97.0
completions/train/min_length,323,229.0
completions/train/min_length,324,102.0
completions/train/min_length,325,186.0
completions/train/min_length,326,154.0
completions/train/min_length,327,153.0
completions/train/min_length,328,118.0
completions/train/min_length,329,100.0
completions/train/min_length,330,124.0
completions/train/min_length,331,109.0
completions/train/min_length,332,99.0
completions/train/min_length,333,148.0
completions/train/min_length,334,73.0
completions/train/min_length,335,180.0
completions/train/min_length,336,182.0
completions/train/min_length,337,277.0
completions/train/min_length,338,178.0
completions/train/min_length,339,105.0
completions/train/min_length,340,161.0
completions/train/min_length,341,84.0
completions/train/min_length,342,135.0
completions/train/min_length,343,153.0
completions/train/min_length,344,146.0
completions/train/min_length,345,109.0
completions/train/min_length,346,138.0
completions/train/min_length,347,125.0
completions/train/min_length,348,215.0
completions/train/min_length,349,163.0
completions/train/min_length,350,306.0
completions/train/min_length,351,179.0
completions/train/min_length,352,91.0
completions/train/min_length,353,80.0
completions/train/min_length,354,221.0
completions/train/min_length,355,150.0
completions/train/min_length,356,174.0
completions/train/min_length,357,97.0
completions/train/min_length,358,190.0
completions/train/min_length,359,102.0
completions/train/min_length,360,163.0
completions/train/min_length,361,106.0
completions/train/min_length,362,132.0
completions/train/min_length,363,95.0
completions/train/min_length,364,99.0
completions/train/min_length,365,149.0
completions/train/min_length,366,128.0
completions/train/min_length,367,209.0
completions/train/min_length,368,180.0
completions/train/min_length,369,182.0
completions/train/min_length,370,136.0
completions/train/min_length,371,168.0
completions/train/min_length,372,219.0
completions/train/min_length,373,120.0
completions/train/min_length,374,225.0
completions/train/min_length,375,135.0
completions/train/min_length,376,72.0
completions/train/min_length,377,109.0
completions/train/min_length,378,148.0
completions/train/min_length,379,191.0
completions/train/min_length,380,123.0
completions/train/min_length,381,101.0
completions/train/min_length,382,100.0
completions/train/min_length,383,253.0
completions/train/min_length,384,212.0
completions/train/min_length,385,211.0
completions/train/min_length,386,171.0
completions/train/min_length,387,106.0
completions/train/min_length,388,123.0
completions/train/min_length,389,190.0
completions/train/min_length,390,234.0
completions/train/min_length,391,136.0
completions/train/min_length,392,221.0
completions/train/min_length,393,101.0
completions/train/min_length,394,95.0
completions/train/min_length,395,98.0
completions/train/min_length,396,284.0
completions/train/min_length,397,175.0
completions/train/min_length,398,161.0
completions/train/min_length,399,171.0
completions/train/min_length,400,145.0
completions/train/min_length,401,305.0
completions/train/min_length,402,75.0
completions/train/min_length,403,202.0
completions/train/min_length,404,176.0
completions/train/min_length,405,136.0
completions/train/min_length,406,235.0
completions/train/min_length,407,261.0
completions/train/min_length,408,110.0
completions/train/min_length,409,85.0
completions/train/min_length,410,172.0
completions/train/min_length,411,114.0
completions/train/min_length,412,173.0
completions/train/min_length,413,107.0
completions/train/min_length,414,190.0
completions/train/min_length,415,170.0
completions/train/min_length,416,91.0
completions/train/min_length,417,216.0
completions/train/min_length,418,161.0
completions/train/min_length,419,120.0
completions/train/min_length,420,189.0
completions/train/min_length,421,162.0
completions/train/min_length,422,91.0
completions/train/min_length,423,77.0
completions/train/min_length,424,294.0
completions/train/min_length,425,81.0
completions/train/min_length,426,200.0
completions/train/min_length,427,55.0
completions/train/min_length,428,253.0
completions/train/min_length,429,155.0
completions/train/min_length,430,114.0
completions/train/min_length,431,134.0
completions/train/min_length,432,145.0
completions/train/min_length,433,77.0
completions/train/min_length,434,152.0
completions/train/min_length,435,130.0
completions/train/min_length,436,134.0
completions/train/min_length,437,75.0
completions/train/min_length,438,135.0
completions/train/min_length,439,195.0
completions/train/min_length,440,140.0
completions/train/min_length,441,241.0
completions/train/min_length,442,156.0
completions/train/min_length,443,146.0
completions/train/min_length,444,123.0
completions/train/min_length,445,206.0
completions/train/min_length,446,188.0
completions/train/min_length,447,172.0
completions/train/min_length,448,144.0
completions/train/min_length,449,206.0
completions/train/min_length,450,147.0
completions/train/min_length,451,254.0
completions/train/min_length,452,260.0
completions/train/min_length,453,186.0
completions/train/min_length,454,218.0
completions/train/min_length,455,167.0
completions/train/min_length,456,170.0
completions/train/min_length,457,97.0
completions/train/min_length,458,132.0
completions/train/min_length,459,161.0
completions/train/min_length,460,139.0
completions/train/min_length,461,229.0
completions/train/min_length,462,170.0
completions/train/min_length,463,187.0
completions/train/min_length,464,178.0
completions/train/min_length,465,214.0
completions/train/min_length,466,138.0
completions/train/min_length,467,172.0
completions/train/min_length,468,86.0
completions/train/min_length,469,768.0
completions/train/min_length,470,179.0
completions/train/min_length,471,115.0
completions/train/min_length,472,278.0
completions/train/min_length,473,194.0
completions/train/min_length,474,174.0
completions/train/min_length,475,78.0
completions/train/min_length,476,168.0
completions/train/min_length,477,191.0
completions/train/min_length,478,185.0
completions/train/min_length,479,158.0
completions/train/min_length,480,110.0
completions/train/min_length,481,157.0
completions/train/min_length,482,241.0
completions/train/min_length,483,162.0
completions/train/min_length,484,235.0
completions/train/min_length,485,188.0
completions/train/min_length,486,165.0
completions/train/min_length,487,144.0
completions/train/min_length,488,216.0
completions/train/min_length,489,226.0
completions/train/min_length,490,144.0
completions/train/min_length,491,172.0
completions/train/min_length,492,253.0
completions/train/min_length,493,155.0
completions/train/min_length,494,156.0
completions/train/min_length,495,143.0
completions/train/min_length,496,164.0
completions/train/min_length,497,162.0
completions/train/min_length,498,173.0
completions/train/min_length,499,170.0
completions/train/min_length,500,148.0
completions/train/min_length,501,134.0
completions/train/min_length,502,258.0
completions/train/min_length,503,221.0
completions/train/min_length,504,155.0
completions/train/min_length,505,187.0
completions/train/min_length,506,164.0
completions/train/min_length,507,250.0
completions/train/min_length,508,101.0
completions/train/min_length,509,245.0
completions/train/min_length,510,170.0
completions/train/min_length,511,112.0
completions/train/min_length,512,163.0
completions/train/min_length,513,195.0
completions/train/min_length,514,194.0
completions/train/min_length,515,127.0
completions/train/min_length,516,238.0
completions/train/min_length,517,351.0
completions/train/min_length,518,178.0
completions/train/min_length,519,202.0
completions/train/min_length,520,236.0
completions/train/min_length,521,158.0
completions/train/min_length,522,174.0
completions/train/min_length,523,201.0
completions/train/min_length,524,134.0
completions/train/min_length,525,196.0
completions/train/min_length,526,132.0
completions/train/min_length,527,156.0
completions/train/min_length,528,307.0
completions/train/min_length,529,160.0
completions/train/min_length,530,251.0
completions/train/min_length,531,166.0
completions/train/min_length,532,200.0
completions/train/min_length,533,173.0
completions/train/min_length,534,177.0
completions/train/min_length,535,100.0
completions/train/min_length,536,223.0
completions/train/min_length,537,115.0
completions/train/min_length,538,215.0
completions/train/min_length,539,131.0
completions/train/min_length,540,275.0
completions/train/min_length,541,181.0
completions/train/min_length,542,171.0
completions/train/min_length,543,237.0
completions/train/min_length,544,142.0
completions/train/min_length,545,159.0
completions/train/min_length,546,175.0
completions/train/min_length,547,240.0
completions/train/min_length,548,194.0
completions/train/min_length,549,217.0
completions/train/min_length,550,294.0
completions/train/min_length,551,123.0
completions/train/min_length,552,147.0
completions/train/min_length,553,145.0
completions/train/min_length,554,93.0
completions/train/min_length,555,106.0
completions/train/min_length,556,238.0
completions/train/min_length,557,161.0
completions/train/min_length,558,88.0
completions/train/min_length,559,175.0
completions/train/min_length,560,124.0
completions/train/min_length,561,141.0
completions/train/min_length,562,135.0
completions/train/min_length,563,334.0
completions/train/min_length,564,224.0
completions/train/min_length,565,218.0
completions/train/min_length,566,164.0
completions/train/min_length,567,162.0
completions/train/min_length,568,160.0
completions/train/min_length,569,166.0
completions/train/min_length,570,104.0
completions/train/min_length,571,182.0
completions/train/min_length,572,343.0
completions/train/min_length,573,92.0
completions/train/min_length,574,138.0
completions/train/min_length,575,133.0
completions/train/min_length,576,107.0
completions/train/min_length,577,320.0
completions/train/min_length,578,139.0
completions/train/min_length,579,252.0
completions/train/min_length,580,241.0
completions/train/min_length,581,190.0
completions/train/min_length,582,260.0
completions/train/min_length,583,221.0
completions/train/min_length,584,267.0
completions/train/min_length,585,101.0
completions/train/min_length,586,266.0
completions/train/min_length,587,288.0
completions/train/min_length,588,164.0
completions/train/min_length,589,184.0
completions/train/min_length,590,256.0
completions/train/min_length,591,150.0
completions/train/min_length,592,216.0
completions/train/min_length,593,196.0
completions/train/min_length,594,218.0
completions/train/min_length,595,217.0
completions/train/min_length,596,198.0
completions/train/min_length,597,179.0
completions/train/min_length,598,219.0
completions/train/min_length,599,225.0
completions/train/min_length,600,123.0
completions/train/min_length,601,256.0
completions/train/min_length,602,149.0
completions/train/min_length,603,229.0
completions/train/min_length,604,244.0
completions/train/min_length,605,223.0
completions/train/min_length,606,138.0
completions/train/min_length,607,175.0
completions/train/min_length,608,264.0
completions/train/min_length,609,216.0
completions/train/min_length,610,225.0
completions/train/min_length,611,284.0
completions/train/min_length,612,285.0
completions/train/min_length,613,244.0
completions/train/min_length,614,297.0
completions/train/min_length,615,166.0
completions/train/min_length,616,180.0
completions/train/min_length,617,109.0
completions/train/min_length,618,266.0
completions/train/min_length,619,216.0
completions/train/min_length,620,208.0
completions/train/min_length,621,270.0
completions/train/min_length,622,202.0
completions/train/min_length,623,210.0
completions/train/min_length,624,150.0
completions/train/min_length,625,183.0
completions/train/min_length,626,233.0
completions/train/min_length,627,160.0
completions/train/min_length,628,206.0
completions/train/min_length,629,213.0
completions/train/min_length,630,259.0
completions/train/min_length,631,262.0
completions/train/min_length,632,145.0
completions/train/min_length,633,277.0
completions/train/min_length,634,192.0
completions/train/min_length,635,134.0
completions/train/min_length,636,120.0
completions/train/min_length,637,308.0
completions/train/min_length,638,243.0
completions/train/min_length,639,204.0
completions/train/min_length,640,163.0
completions/train/min_length,641,124.0
completions/train/min_length,642,84.0
completions/train/min_length,643,144.0
completions/train/min_length,644,196.0
completions/train/min_length,645,294.0
completions/train/min_length,646,229.0
completions/train/min_length,647,176.0
completions/train/min_length,648,256.0
completions/train/min_length,649,480.0
completions/train/min_length,650,231.0
completions/train/min_length,651,65.0
completions/train/min_length,652,130.0
completions/train/min_length,653,233.0
completions/train/min_length,654,224.0
completions/train/min_length,655,249.0
completions/train/min_length,656,134.0
completions/train/min_length,657,173.0
completions/train/min_length,658,177.0
completions/train/min_length,659,253.0
completions/train/min_length,660,143.0
completions/train/min_length,661,261.0
completions/train/min_length,662,180.0
completions/train/min_length,663,250.0
completions/train/min_length,664,132.0
completions/train/min_length,665,209.0
completions/train/min_length,666,216.0
completions/train/min_length,667,169.0
completions/train/min_length,668,247.0
completions/train/min_length,669,113.0
completions/train/min_length,670,243.0
completions/train/min_length,671,249.0
completions/train/min_length,672,201.0
completions/train/min_length,673,146.0
completions/train/min_length,674,156.0
completions/train/min_length,675,124.0
completions/train/min_length,676,197.0
completions/train/min_length,677,190.0
completions/train/min_length,678,146.0
actor/train/loss,2,-0.0006930025992915034
actor/train/loss,3,-3.2019917853176594e-05
actor/train/loss,4,0.0002233637496829033
actor/train/loss,5,-0.00010651163756847382
actor/train/loss,6,0.00019982270896434784
actor/train/loss,7,8.77511192811653e-05
actor/train/loss,8,3.30323055095505e-05
actor/train/loss,9,-0.00017300269973929971
actor/train/loss,10,-7.922259828774258e-05
actor/train/loss,11,-0.00012652299483306706
actor/train/loss,12,-7.178213854786009e-05
actor/train/loss,13,-1.7961998310056515e-05
actor/train/loss,14,-0.0002686032676137984
actor/train/loss,15,-6.391957867890596e-05
actor/train/loss,16,-3.4038781450362876e-05
actor/train/loss,17,0.0001707198389340192
actor/train/loss,18,-1.872663233370986e-05
actor/train/loss,19,0.00019333507225383073
actor/train/loss,20,0.0001365164789604023
actor/train/loss,21,-0.0002956322277896106
actor/train/loss,22,0.00022060403716750443
actor/train/loss,23,-3.058469883399084e-05
actor/train/loss,24,-6.133413262432441e-05
actor/train/loss,25,0.0014314237050712109
actor/train/loss,26,-4.0741368138697e-05
actor/train/loss,27,-0.0003909879887942225
actor/train/loss,28,-0.0001925521792145446
actor/train/loss,29,0.00020299873722251505
actor/train/loss,30,-4.8139023419935256e-05
actor/train/loss,31,7.100293441908434e-05
actor/train/loss,32,0.0013967615086585283
actor/train/loss,33,0.00016203355335164815
actor/train/loss,34,0.00029262734460644424
actor/train/loss,35,6.61704470985569e-05
actor/train/loss,36,-7.931249274406582e-05
actor/train/loss,37,-0.00012468981731217355
actor/train/loss,38,0.000880950246937573
actor/train/loss,39,-5.88570510444697e-05
actor/train/loss,40,0.0004194568609818816
actor/train/loss,41,-5.531123679247685e-05
actor/train/loss,42,-0.00013379826850723475
actor/train/loss,43,-1.2712715943052899e-05
actor/train/loss,44,5.6398337619611993e-05
actor/train/loss,45,-1.3064872291579377e-05
actor/train/loss,46,0.0003467593342065811
actor/train/loss,47,-0.0001255025708815083
actor/train/loss,48,-0.00020908931037411094
actor/train/loss,49,0.0015279777580872178
actor/train/loss,50,0.00025838572764769197
actor/train/loss,51,4.8604520998196676e-05
actor/train/loss,52,5.4894502682145685e-05
actor/train/loss,53,1.6764888641773723e-05
actor/train/loss,54,0.00021467670740094036
actor/train/loss,55,0.00033112906385213137
actor/train/loss,56,0.00025189167354255915
actor/train/loss,57,0.0024304422549903393
actor/train/loss,58,1.604575663805008e-05
actor/train/loss,59,0.0001589579478604719
actor/train/loss,60,6.678052886854857e-05
actor/train/loss,61,8.418135985266417e-05
actor/train/loss,62,0.0010317901615053415
actor/train/loss,63,0.00032639814889989793
actor/train/loss,64,0.0019522516522556543
actor/train/loss,65,0.003958874382078648
actor/train/loss,66,0.00018502479360904545
actor/train/loss,67,0.0008988248300738633
actor/train/loss,68,0.0016026770463213325
actor/train/loss,69,1.6386778952437453e-05
actor/train/loss,70,0.00016922045324463397
actor/train/loss,71,0.0007827588706277311
actor/train/loss,72,0.002034371253103018
actor/train/loss,73,0.0031270934268832207
actor/train/loss,74,0.0005868282169103622
actor/train/loss,75,0.0017204841133207083
actor/train/loss,76,0.01188053097575903
actor/train/loss,77,0.003673402825370431
actor/train/loss,78,0.003024359932169318
actor/train/loss,79,0.002414032118394971
actor/train/loss,80,0.006046262104064226
actor/train/loss,81,0.0026986142620444298
actor/train/loss,82,0.0007850378751754761
actor/train/loss,83,0.0007428443059325218
actor/train/loss,84,0.005733342841267586
actor/train/loss,85,0.0009913574904203415
actor/train/loss,86,0.0026245098561048508
actor/train/loss,87,0.012759593315422535
actor/train/loss,88,0.002162728924304247
actor/train/loss,89,0.0038945144042372704
actor/train/loss,90,0.0009900128934532404
actor/train/loss,91,0.007492161821573973
actor/train/loss,92,0.00260232319124043
actor/train/loss,93,0.0032097604125738144
actor/train/loss,94,0.004147354047745466
actor/train/loss,95,0.0022167109418660402
actor/train/loss,96,0.004461176693439484
actor/train/loss,97,0.0014250510139390826
actor/train/loss,98,0.0017664169427007437
actor/train/loss,99,0.0011734988074749708
actor/train/loss,100,0.0019542407244443893
actor/train/loss,101,0.001449325936846435
actor/train/loss,102,0.0056232488714158535
actor/train/loss,103,0.0024889030028134584
actor/train/loss,104,0.0014358635526150465
actor/train/loss,105,0.003521059174090624
actor/train/loss,106,0.0004419212054926902
actor/train/loss,107,0.003837892320007086
actor/train/loss,108,0.002819064538925886
actor/train/loss,109,0.002764842938631773
actor/train/loss,110,0.00336018786765635
actor/train/loss,111,0.0030530691146850586
actor/train/loss,112,0.0024405557196587324
actor/train/loss,113,0.000771157443523407
actor/train/loss,114,0.009387957863509655
actor/train/loss,115,0.002565843751654029
actor/train/loss,116,0.0019105743849650025
actor/train/loss,117,0.001801761332899332
actor/train/loss,118,0.000398735428461805
actor/train/loss,119,0.004041634500026703
actor/train/loss,120,0.004140916746109724
actor/train/loss,121,0.0047753420658409595
actor/train/loss,122,0.0041000498458743095
actor/train/loss,123,0.0037594405002892017
actor/train/loss,124,0.0027496435213834047
actor/train/loss,125,0.001519290148280561
actor/train/loss,126,0.004557397216558456
actor/train/loss,127,0.009177125059068203
actor/train/loss,128,0.0030290670692920685
actor/train/loss,129,0.002933468669652939
actor/train/loss,130,0.004002932924777269
actor/train/loss,131,0.0006505335913971066
actor/train/loss,132,0.002679538680240512
actor/train/loss,133,0.008806322701275349
actor/train/loss,134,0.0016645502764731646
actor/train/loss,135,0.004957947414368391
actor/train/loss,136,0.005525778979063034
actor/train/loss,137,0.005571675021201372
actor/train/loss,138,0.0034454939886927605
actor/train/loss,139,0.0038424767553806305
actor/train/loss,140,0.0016656579682603478
actor/train/loss,141,0.0031130462884902954
actor/train/loss,142,0.003175348974764347
actor/train/loss,143,0.002156975446268916
actor/train/loss,144,0.006779827177524567
actor/train/loss,145,0.00336178089492023
actor/train/loss,146,0.004402597900480032
actor/train/loss,147,0.004486027639359236
actor/train/loss,148,0.002769927028566599
actor/train/loss,149,0.001068013720214367
actor/train/loss,150,0.004197967238724232
actor/train/loss,151,0.005832827650010586
actor/train/loss,152,0.002333954907953739
actor/train/loss,153,0.0065444037318229675
actor/train/loss,154,0.007225395645946264
actor/train/loss,155,0.003621272277086973
actor/train/loss,156,0.00374081009067595
actor/train/loss,157,0.00467032240703702
actor/train/loss,158,0.0038941900711506605
actor/train/loss,159,0.003584859659895301
actor/train/loss,160,0.010330158285796642
actor/train/loss,161,0.006617097649723291
actor/train/loss,162,0.0036624190397560596
actor/train/loss,163,0.004797058179974556
actor/train/loss,164,0.007893125526607037
actor/train/loss,165,0.002630055183544755
actor/train/loss,166,0.004122122190892696
actor/train/loss,167,0.005013736896216869
actor/train/loss,168,0.005655359476804733
actor/train/loss,169,0.004393063485622406
actor/train/loss,170,0.004882500972598791
actor/train/loss,171,0.003755711717531085
actor/train/loss,172,0.005066361743956804
actor/train/loss,173,0.011943493038415909
actor/train/loss,174,0.005736770108342171
actor/train/loss,175,0.004450357984751463
actor/train/loss,176,0.007344149984419346
actor/train/loss,177,0.005162580870091915
actor/train/loss,178,0.0030621166806668043
actor/train/loss,179,0.0024971673265099525
actor/train/loss,180,0.005249268375337124
actor/train/loss,181,0.00976528599858284
actor/train/loss,182,0.0041146352887153625
actor/train/loss,183,0.00400024838745594
actor/train/loss,184,0.010653478093445301
actor/train/loss,185,0.006258269771933556
actor/train/loss,186,0.00369466794654727
actor/train/loss,187,0.008771718479692936
actor/train/loss,188,0.004483002703636885
actor/train/loss,189,0.0032978092785924673
actor/train/loss,190,0.004851298872381449
actor/train/loss,191,0.0043014283291995525
actor/train/loss,192,0.0074263568967580795
actor/train/loss,193,0.0009737297659739852
actor/train/loss,194,0.005251848138868809
actor/train/loss,195,0.00740016857162118
actor/train/loss,196,0.0038579690735787153
actor/train/loss,197,0.007506168447434902
actor/train/loss,198,0.007108893245458603
actor/train/loss,199,0.006201182492077351
actor/train/loss,200,0.006789438426494598
actor/train/loss,201,0.003199493745341897
actor/train/loss,202,0.010833951644599438
actor/train/loss,203,0.004419789649546146
actor/train/loss,204,0.008049539290368557
actor/train/loss,205,0.004455501213669777
actor/train/loss,206,0.0067579722963273525
actor/train/loss,207,0.0035466249100863934
actor/train/loss,208,0.00383200915530324
actor/train/loss,209,0.005341262556612492
actor/train/loss,210,0.0068681929260492325
actor/train/loss,211,0.007181855384260416
actor/train/loss,212,0.0014550378546118736
actor/train/loss,213,0.004571247845888138
actor/train/loss,214,0.004526767414063215
actor/train/loss,215,0.008149183355271816
actor/train/loss,216,0.004952338524162769
actor/train/loss,217,0.005030384287238121
actor/train/loss,218,0.0009115238208323717
actor/train/loss,219,0.003093450330197811
actor/train/loss,220,0.012552653439342976
actor/train/loss,221,0.0070226965472102165
actor/train/loss,222,0.004361167550086975
actor/train/loss,223,0.004593961406499147
actor/train/loss,224,0.005946438759565353
actor/train/loss,225,0.006177111528813839
actor/train/loss,226,0.005742780398577452
actor/train/loss,227,0.006791834719479084
actor/train/loss,228,0.004466755781322718
actor/train/loss,229,0.004345305729657412
actor/train/loss,230,0.00321143283508718
actor/train/loss,231,0.0014356260653585196
actor/train/loss,232,0.010281959548592567
actor/train/loss,233,0.005513206124305725
actor/train/loss,234,0.0015205474337562919
actor/train/loss,235,0.0022345525212585926
actor/train/loss,236,0.0033646055962890387
actor/train/loss,237,0.008608845993876457
actor/train/loss,238,0.00469507509842515
actor/train/loss,239,0.004330269526690245
actor/train/loss,240,0.006368641275912523
actor/train/loss,241,0.009182452224195004
actor/train/loss,242,0.0009041351731866598
actor/train/loss,243,0.0049058678559958935
actor/train/loss,244,0.007685627788305283
actor/train/loss,245,0.0037676396314054728
actor/train/loss,246,0.0022021133918315172
actor/train/loss,247,0.0027984660118818283
actor/train/loss,248,0.0019299151608720422
actor/train/loss,249,0.002822807990014553
actor/train/loss,250,0.005286473780870438
actor/train/loss,251,0.005559665150940418
actor/train/loss,252,0.001440853113308549
actor/train/loss,253,0.0056223440915346146
actor/train/loss,254,0.006147629115730524
actor/train/loss,255,0.016837667673826218
actor/train/loss,256,0.0035865427926182747
actor/train/loss,257,0.0024012632202357054
actor/train/loss,258,0.009082670323550701
actor/train/loss,259,0.007881281897425652
actor/train/loss,260,0.003491336712613702
actor/train/loss,261,0.008042254485189915
actor/train/loss,262,0.004848768934607506
actor/train/loss,263,0.006586593110114336
actor/train/loss,264,0.006034864112734795
actor/train/loss,265,0.009604964405298233
actor/train/loss,266,0.007986658252775669
actor/train/loss,267,0.007858159020543098
actor/train/loss,268,0.002397127915173769
actor/train/loss,269,0.007669549901038408
actor/train/loss,270,0.00615799892693758
actor/train/loss,271,0.00737785454839468
actor/train/loss,272,0.008584718219935894
actor/train/loss,273,0.009104753844439983
actor/train/loss,274,0.0034512728452682495
actor/train/loss,275,0.010036639869213104
actor/train/loss,276,0.0038016450125724077
actor/train/loss,277,0.0026806360110640526
actor/train/loss,278,0.004715322516858578
actor/train/loss,279,0.0011340765049681067
actor/train/loss,280,0.0047214450314641
actor/train/loss,281,0.010386106558144093
actor/train/loss,282,0.013818887062370777
actor/train/loss,283,0.00679327268153429
actor/train/loss,284,0.008039694279432297
actor/train/loss,285,0.00430340925231576
actor/train/loss,286,0.005697940941900015
actor/train/loss,287,0.002018868690356612
actor/train/loss,288,0.0035042192321270704
actor/train/loss,289,0.014291695319116116
actor/train/loss,290,0.008874695748090744
actor/train/loss,291,0.010262957774102688
actor/train/loss,292,0.010292228311300278
actor/train/loss,293,0.007846666499972343
actor/train/loss,294,0.006518608424812555
actor/train/loss,295,0.012720875442028046
actor/train/loss,296,0.009576068259775639
actor/train/loss,297,0.005847254302352667
actor/train/loss,298,0.005289409309625626
actor/train/loss,299,0.010812700726091862
actor/train/loss,300,0.012260823510587215
actor/train/loss,301,0.004764175973832607
actor/train/loss,302,0.007939975708723068
actor/train/loss,303,0.015182381495833397
actor/train/loss,304,0.007519948296248913
actor/train/loss,305,0.012990783900022507
actor/train/loss,306,0.0075508952140808105
actor/train/loss,307,0.015225997194647789
actor/train/loss,308,0.005353870335966349
actor/train/loss,309,0.009991808794438839
actor/train/loss,310,0.012698473408818245
actor/train/loss,311,0.0036720745265483856
actor/train/loss,312,0.00887701939791441
actor/train/loss,313,0.00872866716235876
actor/train/loss,314,0.01118874829262495
actor/train/loss,315,0.009062259458005428
actor/train/loss,316,0.011802734807133675
actor/train/loss,317,0.00895283930003643
actor/train/loss,318,0.005699641536921263
actor/train/loss,319,0.005993489641696215
actor/train/loss,320,0.01540924608707428
actor/train/loss,321,0.005706221796572208
actor/train/loss,322,0.006698303855955601
actor/train/loss,323,0.011812795884907246
actor/train/loss,324,0.0038495499175041914
actor/train/loss,325,0.006674446631222963
actor/train/loss,326,0.0042855460196733475
actor/train/loss,327,0.004453234374523163
actor/train/loss,328,0.005798012018203735
actor/train/loss,329,0.00826330203562975
actor/train/loss,330,0.007479529362171888
actor/train/loss,331,0.007529179099947214
actor/train/loss,332,0.013519948348402977
actor/train/loss,333,0.00854883436113596
actor/train/loss,334,0.011059384793043137
actor/train/loss,335,0.013712667860090733
actor/train/loss,336,0.007989033125340939
actor/train/loss,337,0.005126938223838806
actor/train/loss,338,0.001792909111827612
actor/train/loss,339,0.011320277117192745
actor/train/loss,340,0.013285798951983452
actor/train/loss,341,0.0051852441392838955
actor/train/loss,342,0.006548132281750441
actor/train/loss,343,0.011557155288755894
actor/train/loss,344,0.008555952459573746
actor/train/loss,345,0.011392118409276009
actor/train/loss,346,0.00968199409544468
actor/train/loss,347,0.005723994690924883
actor/train/loss,348,0.006835916079580784
actor/train/loss,349,0.004476719535887241
actor/train/loss,350,0.005820175167173147
actor/train/loss,351,0.005405761301517487
actor/train/loss,352,0.006020104978233576
actor/train/loss,353,0.012153306975960732
actor/train/loss,354,0.016445817425847054
actor/train/loss,355,0.003859245916828513
actor/train/loss,356,0.006088662426918745
actor/train/loss,357,0.007178234402090311
actor/train/loss,358,0.008041121996939182
actor/train/loss,359,0.007645194418728352
actor/train/loss,360,0.006460183300077915
actor/train/loss,361,0.008856283500790596
actor/train/loss,362,0.012381679378449917
actor/train/loss,363,0.012864517979323864
actor/train/loss,364,0.015329934656620026
actor/train/loss,365,0.02526205964386463
actor/train/loss,366,0.01355133019387722
actor/train/loss,367,0.011871268041431904
actor/train/loss,368,0.009820404462516308
actor/train/loss,369,0.00655569601804018
actor/train/loss,370,0.0055619943886995316
actor/train/loss,371,0.008446408435702324
actor/train/loss,372,0.005954261403530836
actor/train/loss,373,0.005737834610044956
actor/train/loss,374,0.014052578248083591
actor/train/loss,375,0.00398553442209959
actor/train/loss,376,0.008883843198418617
actor/train/loss,377,0.016038969159126282
actor/train/loss,378,0.009489234536886215
actor/train/loss,379,0.010123897343873978
actor/train/loss,380,0.005381642375141382
actor/train/loss,381,0.01224737148731947
actor/train/loss,382,0.009183204732835293
actor/train/loss,383,0.011442018672823906
actor/train/loss,384,0.00503303250297904
actor/train/loss,385,0.004370271228253841
actor/train/loss,386,0.00587267242372036
actor/train/loss,387,0.0057689230889081955
actor/train/loss,388,0.012199172750115395
actor/train/loss,389,0.012848639860749245
actor/train/loss,390,0.01109311543405056
actor/train/loss,391,0.004490738268941641
actor/train/loss,392,0.005065081175416708
actor/train/loss,393,0.006326364818960428
actor/train/loss,394,0.010126318782567978
actor/train/loss,395,0.01785551942884922
actor/train/loss,396,0.012436998076736927
actor/train/loss,397,0.005183729343116283
actor/train/loss,398,0.007413557264953852
actor/train/loss,399,0.00574701651930809
actor/train/loss,400,0.00559431966394186
actor/train/loss,401,0.007398337125778198
actor/train/loss,402,0.0054594893008470535
actor/train/loss,403,0.015561413019895554
actor/train/loss,404,0.007294445764273405
actor/train/loss,405,0.008572119288146496
actor/train/loss,406,0.010363871231675148
actor/train/loss,407,0.009175915271043777
actor/train/loss,408,0.006570960860699415
actor/train/loss,409,0.006542249117046595
actor/train/loss,410,0.013361255638301373
actor/train/loss,411,0.00823462288826704
actor/train/loss,412,0.00820864737033844
actor/train/loss,413,0.009257517755031586
actor/train/loss,414,0.0069337766617536545
actor/train/loss,415,0.01098664104938507
actor/train/loss,416,0.009071390144526958
actor/train/loss,417,0.016550462692975998
actor/train/loss,418,0.007387213408946991
actor/train/loss,419,0.011148436926305294
actor/train/loss,420,0.011376568116247654
actor/train/loss,421,0.006854008883237839
actor/train/loss,422,0.007387900725007057
actor/train/loss,423,0.00853712111711502
actor/train/loss,424,0.011242884211242199
actor/train/loss,425,0.009236179292201996
actor/train/loss,426,0.016896286979317665
actor/train/loss,427,0.00593818724155426
actor/train/loss,428,0.01377524621784687
actor/train/loss,429,0.007794161327183247
actor/train/loss,430,0.008867431432008743
actor/train/loss,431,0.012285081669688225
actor/train/loss,432,0.011769048869609833
actor/train/loss,433,0.00928717665374279
actor/train/loss,434,0.012820341624319553
actor/train/loss,435,0.0041485680267214775
actor/train/loss,436,0.013262266293168068
actor/train/loss,437,0.011673539876937866
actor/train/loss,438,0.014471499249339104
actor/train/loss,439,0.013080518692731857
actor/train/loss,440,0.010099183768033981
actor/train/loss,441,0.007055263966321945
actor/train/loss,442,0.0067857131361961365
actor/train/loss,443,0.01112635899335146
actor/train/loss,444,0.013364247046411037
actor/train/loss,445,0.01236574724316597
actor/train/loss,446,0.008663601242005825
actor/train/loss,447,0.007949029095470905
actor/train/loss,448,0.009806095622479916
actor/train/loss,449,0.010078179650008678
actor/train/loss,450,0.010933401994407177
actor/train/loss,451,0.01668138988316059
actor/train/loss,452,0.0049039931036531925
actor/train/loss,453,0.007641313597559929
actor/train/loss,454,0.0037288132589310408
actor/train/loss,455,0.006460919044911861
actor/train/loss,456,0.018292000517249107
actor/train/loss,457,0.008284978568553925
actor/train/loss,458,0.0084821917116642
actor/train/loss,459,0.012819440104067326
actor/train/loss,460,0.011790715157985687
actor/train/loss,461,0.007877503521740437
actor/train/loss,462,0.005417709704488516
actor/train/loss,463,0.009009121917188168
actor/train/loss,464,0.005083457101136446
actor/train/loss,465,0.015565759502351284
actor/train/loss,466,0.009244145825505257
actor/train/loss,467,0.007802831474691629
actor/train/loss,468,0.007924564182758331
actor/train/loss,469,0.010631845332682133
actor/train/loss,470,0.0012431410141289234
actor/train/loss,471,0.00823629554361105
actor/train/loss,472,0.007596210110932589
actor/train/loss,473,0.004619902465492487
actor/train/loss,474,0.005966013763099909
actor/train/loss,475,0.005682636518031359
actor/train/loss,476,0.01761334203183651
actor/train/loss,477,0.011399739421904087
actor/train/loss,478,0.008833671920001507
actor/train/loss,479,0.008921831846237183
actor/train/loss,480,0.011024774983525276
actor/train/loss,481,0.02171206846833229
actor/train/loss,482,0.00676484452560544
actor/train/loss,483,0.0048470706678926945
actor/train/loss,484,0.008161385543644428
actor/train/loss,485,0.005865732207894325
actor/train/loss,486,0.014259036630392075
actor/train/loss,487,0.010503252036869526
actor/train/loss,488,0.010847714729607105
actor/train/loss,489,0.006674009375274181
actor/train/loss,490,0.00911943893879652
actor/train/loss,491,0.008895319886505604
actor/train/loss,492,0.0053828004747629166
actor/train/loss,493,0.009720800444483757
actor/train/loss,494,0.010397837497293949
actor/train/loss,495,0.008137916214764118
actor/train/loss,496,0.008932044729590416
actor/train/loss,497,0.012959805317223072
actor/train/loss,498,0.00994908157736063
actor/train/loss,499,0.008444457314908504
actor/train/loss,500,0.006622808054089546
actor/train/loss,501,0.011506284587085247
actor/train/loss,502,0.0168186966329813
actor/train/loss,503,0.00555236404761672
actor/train/loss,504,0.006049522664397955
actor/train/loss,505,0.0075618550181388855
actor/train/loss,506,0.006667885463684797
actor/train/loss,507,0.008170193992555141
actor/train/loss,508,0.0059245494194328785
actor/train/loss,509,0.022999143227934837
actor/train/loss,510,0.004539058543741703
actor/train/loss,511,0.010156008414924145
actor/train/loss,512,0.013220961205661297
actor/train/loss,513,0.010900373570621014
actor/train/loss,514,0.008592135272920132
actor/train/loss,515,0.005357802379876375
actor/train/loss,516,0.016976015642285347
actor/train/loss,517,0.01001841388642788
actor/train/loss,518,0.004306467715650797
actor/train/loss,519,0.005095344036817551
actor/train/loss,520,0.00527614401653409
actor/train/loss,521,0.008850382640957832
actor/train/loss,522,0.007235958240926266
actor/train/loss,523,0.008704466745257378
actor/train/loss,524,0.005941508803516626
actor/train/loss,525,0.005207750014960766
actor/train/loss,526,0.015158713795244694
actor/train/loss,527,0.00807121954858303
actor/train/loss,528,0.011048180982470512
actor/train/loss,529,0.006030432879924774
actor/train/loss,530,0.013544229790568352
actor/train/loss,531,0.009676774963736534
actor/train/loss,532,0.009467892348766327
actor/train/loss,533,0.005661523900926113
actor/train/loss,534,0.009894621558487415
actor/train/loss,535,0.009264731779694557
actor/train/loss,536,0.012128218077123165
actor/train/loss,537,0.007762881461530924
actor/train/loss,538,0.0276010911911726
actor/train/loss,539,0.006079812068492174
actor/train/loss,540,0.010047049261629581
actor/train/loss,541,0.008399119600653648
actor/train/loss,542,0.014115204103291035
actor/train/loss,543,0.009933327324688435
actor/train/loss,544,0.008228409104049206
actor/train/loss,545,0.016790742054581642
actor/train/loss,546,0.014839135110378265
actor/train/loss,547,0.014068063348531723
actor/train/loss,548,0.01059037633240223
actor/train/loss,549,0.007635210640728474
actor/train/loss,550,0.008265889249742031
actor/train/loss,551,0.0066936747170984745
actor/train/loss,552,0.014545253477990627
actor/train/loss,553,0.016894053667783737
actor/train/loss,554,0.012771856039762497
actor/train/loss,555,0.010909898206591606
actor/train/loss,556,0.006248073652386665
actor/train/loss,557,0.008889319375157356
actor/train/loss,558,0.013340200297534466
actor/train/loss,559,0.01578160747885704
actor/train/loss,560,0.015606642700731754
actor/train/loss,561,0.015727084130048752
actor/train/loss,562,0.012631586752831936
actor/train/loss,563,0.01192882377654314
actor/train/loss,564,0.004876371938735247
actor/train/loss,565,0.006361206527799368
actor/train/loss,566,0.0053469277918338776
actor/train/loss,567,0.006637898739427328
actor/train/loss,568,0.012769849970936775
actor/train/loss,569,0.006098528858274221
actor/train/loss,570,0.00989973358809948
actor/train/loss,571,0.013613023795187473
actor/train/loss,572,0.00872465968132019
actor/train/loss,573,0.005862493999302387
actor/train/loss,574,0.019797559827566147
actor/train/loss,575,0.013384191319346428
actor/train/loss,576,0.013475537300109863
actor/train/loss,577,0.018948949873447418
actor/train/loss,578,0.005362406373023987
actor/train/loss,579,0.010337363928556442
actor/train/loss,580,0.008268715813755989
actor/train/loss,581,0.006914827041327953
actor/train/loss,582,0.014029699377715588
actor/train/loss,583,0.003213927149772644
actor/train/loss,584,0.006077400408685207
actor/train/loss,585,0.007665906101465225
actor/train/loss,586,0.014791850931942463
actor/train/loss,587,0.006353074684739113
actor/train/loss,588,0.006493685767054558
actor/train/loss,589,0.007892999798059464
actor/train/loss,590,0.0061330487951636314
actor/train/loss,591,0.011543977074325085
actor/train/loss,592,0.015343348495662212
actor/train/loss,593,0.010335901752114296
actor/train/loss,594,0.011513397097587585
actor/train/loss,595,0.0066962772980332375
actor/train/loss,596,0.007071278057992458
actor/train/loss,597,0.008106807246804237
actor/train/loss,598,0.00724914763122797
actor/train/loss,599,0.008924893103539944
actor/train/loss,600,0.00639148335903883
actor/train/loss,601,0.02017323672771454
actor/train/loss,602,0.00657084584236145
actor/train/loss,603,0.008252224884927273
actor/train/loss,604,0.004723966121673584
actor/train/loss,605,0.0051077804528176785
actor/train/loss,606,0.007810542359948158
actor/train/loss,607,0.01364046148955822
actor/train/loss,608,0.010175458155572414
actor/train/loss,609,0.005958412773907185
actor/train/loss,610,0.0052048503421247005
actor/train/loss,611,0.009450019337236881
actor/train/loss,612,0.009295115247368813
actor/train/loss,613,0.008437727577984333
actor/train/loss,614,0.007547316607087851
actor/train/loss,615,0.009963363409042358
actor/train/loss,616,0.010591087862849236
actor/train/loss,617,0.01277900394052267
actor/train/loss,618,0.019473128020763397
actor/train/loss,619,0.006177653558552265
actor/train/loss,620,0.006373095791786909
actor/train/loss,621,0.008809891529381275
actor/train/loss,622,0.00567760830745101
actor/train/loss,623,0.009039371274411678
actor/train/loss,624,0.003962865564972162
actor/train/loss,625,0.01358241867274046
actor/train/loss,626,0.010616512969136238
actor/train/loss,627,0.009385709650814533
actor/train/loss,628,0.011852952651679516
actor/train/loss,629,0.008448182605206966
actor/train/loss,630,0.004455879330635071
actor/train/loss,631,0.00448965048417449
actor/train/loss,632,0.005972044542431831
actor/train/loss,633,0.007554254494607449
actor/train/loss,634,0.004737141542136669
actor/train/loss,635,0.007648858241736889
actor/train/loss,636,0.01058926060795784
actor/train/loss,637,0.02144644968211651
actor/train/loss,638,0.007383670192211866
actor/train/loss,639,0.005464931484311819
actor/train/loss,640,0.008200165815651417
actor/train/loss,641,0.011515235528349876
actor/train/loss,642,0.016415122896432877
actor/train/loss,643,0.015792623162269592
actor/train/loss,644,0.013115844689309597
actor/train/loss,645,0.00573885440826416
actor/train/loss,646,0.00903663132339716
actor/train/loss,647,0.008851327002048492
actor/train/loss,648,0.012613143771886826
actor/train/loss,649,0.0032894061878323555
actor/train/loss,650,0.0035851383581757545
actor/train/loss,651,0.00622925627976656
actor/train/loss,652,0.013729036785662174
actor/train/loss,653,0.019615061581134796
actor/train/loss,654,0.010614063590765
actor/train/loss,655,0.01266176626086235
actor/train/loss,656,0.006346814334392548
actor/train/loss,657,0.012539689429104328
actor/train/loss,658,0.021519480273127556
actor/train/loss,659,0.009071293286979198
actor/train/loss,660,0.00924040749669075
actor/train/loss,661,0.01715553179383278
actor/train/loss,662,0.011366954073309898
actor/train/loss,663,0.008877100422978401
actor/train/loss,664,0.00675170635804534
actor/train/loss,665,0.014606191776692867
actor/train/loss,666,0.009987417608499527
actor/train/loss,667,0.007350549567490816
actor/train/loss,668,0.01025231834501028
actor/train/loss,669,0.009710726328194141
actor/train/loss,670,0.021151302382349968
actor/train/loss,671,0.008193633519113064
actor/train/loss,672,0.012989857234060764
actor/train/loss,673,0.007117713335901499
actor/train/loss,674,0.010168025270104408
actor/train/loss,675,0.010970208793878555
actor/train/loss,676,0.014986428432166576
actor/train/loss,677,0.013275410048663616
actor/train/loss,678,0.008570495061576366
actor/train/perplexity,2,0.9993072748184204
actor/train/perplexity,3,0.9999679327011108
actor/train/perplexity,4,1.0002233982086182
actor/train/perplexity,5,0.9998934864997864
actor/train/perplexity,6,1.0001999139785767
actor/train/perplexity,7,1.0000877380371094
actor/train/perplexity,8,1.0000330209732056
actor/train/perplexity,9,0.9998270273208618
actor/train/perplexity,10,0.9999207854270935
actor/train/perplexity,11,0.9998734593391418
actor/train/perplexity,12,0.9999282360076904
actor/train/perplexity,13,0.9999820590019226
actor/train/perplexity,14,0.9997314214706421
actor/train/perplexity,15,0.9999361038208008
actor/train/perplexity,16,0.999966025352478
actor/train/perplexity,17,1.0001707077026367
actor/train/perplexity,18,0.9999812841415405
actor/train/perplexity,19,1.0001933574676514
actor/train/perplexity,20,1.0001364946365356
actor/train/perplexity,21,0.9997044205665588
actor/train/perplexity,22,1.0002206563949585
actor/train/perplexity,23,0.999969482421875
actor/train/perplexity,24,0.9999386668205261
actor/train/perplexity,25,1.0014324188232422
actor/train/perplexity,26,0.9999592304229736
actor/train/perplexity,27,0.9996091723442078
actor/train/perplexity,28,0.9998074769973755
actor/train/perplexity,29,1.000203013420105
actor/train/perplexity,30,0.9999518394470215
actor/train/perplexity,31,1.0000710487365723
actor/train/perplexity,32,1.001397728919983
actor/train/perplexity,33,1.000162124633789
actor/train/perplexity,34,1.0002926588058472
actor/train/perplexity,35,1.0000661611557007
actor/train/perplexity,36,0.9999207258224487
actor/train/perplexity,37,0.9998753070831299
actor/train/perplexity,38,1.000881314277649
actor/train/perplexity,39,0.9999411702156067
actor/train/perplexity,40,1.0004194974899292
actor/train/perplexity,41,0.9999447464942932
actor/train/perplexity,42,0.9998661875724792
actor/train/perplexity,43,0.9999873042106628
actor/train/perplexity,44,1.0000563859939575
actor/train/perplexity,45,0.9999869465827942
actor/train/perplexity,46,1.0003467798233032
actor/train/perplexity,47,0.999874472618103
actor/train/perplexity,48,0.9997909069061279
actor/train/perplexity,49,1.0015290975570679
actor/train/perplexity,50,1.000258445739746
actor/train/perplexity,51,1.0000486373901367
actor/train/perplexity,52,1.000054955482483
actor/train/perplexity,53,1.0000168085098267
actor/train/perplexity,54,1.000214695930481
actor/train/perplexity,55,1.000331163406372
actor/train/perplexity,56,1.0002520084381104
actor/train/perplexity,57,1.0024334192276
actor/train/perplexity,58,1.0000160932540894
actor/train/perplexity,59,1.0001590251922607
actor/train/perplexity,60,1.000066876411438
actor/train/perplexity,61,1.0000842809677124
actor/train/perplexity,62,1.0010323524475098
actor/train/perplexity,63,1.00032639503479
actor/train/perplexity,64,1.001954197883606
actor/train/perplexity,65,1.0039668083190918
actor/train/perplexity,66,1.0001851320266724
actor/train/perplexity,67,1.0008991956710815
actor/train/perplexity,68,1.0016039609909058
actor/train/perplexity,69,1.000016450881958
actor/train/perplexity,70,1.000169277191162
actor/train/perplexity,71,1.000783085823059
actor/train/perplexity,72,1.002036452293396
actor/train/perplexity,73,1.0031321048736572
actor/train/perplexity,74,1.000586986541748
actor/train/perplexity,75,1.001721978187561
actor/train/perplexity,76,1.0119513273239136
actor/train/perplexity,77,1.0036801099777222
actor/train/perplexity,78,1.0030289888381958
actor/train/perplexity,79,1.002416968345642
actor/train/perplexity,80,1.0060646533966064
actor/train/perplexity,81,1.002702236175537
actor/train/perplexity,82,1.0007853507995605
actor/train/perplexity,83,1.0007431507110596
actor/train/perplexity,84,1.0057498216629028
actor/train/perplexity,85,1.000991940498352
actor/train/perplexity,86,1.002627968788147
actor/train/perplexity,87,1.0128413438796997
actor/train/perplexity,88,1.0021650791168213
actor/train/perplexity,89,1.0039020776748657
actor/train/perplexity,90,1.0009905099868774
actor/train/perplexity,91,1.007520318031311
actor/train/perplexity,92,1.002605676651001
actor/train/perplexity,93,1.003214955329895
actor/train/perplexity,94,1.0041559934616089
actor/train/perplexity,95,1.0022192001342773
actor/train/perplexity,96,1.0044711828231812
actor/train/perplexity,97,1.001426100730896
actor/train/perplexity,98,1.0017679929733276
actor/train/perplexity,99,1.0011742115020752
actor/train/perplexity,100,1.0019562244415283
actor/train/perplexity,101,1.0014503002166748
actor/train/perplexity,102,1.0056390762329102
actor/train/perplexity,103,1.002492070198059
actor/train/perplexity,104,1.0014368295669556
actor/train/perplexity,105,1.003527283668518
actor/train/perplexity,106,1.0004420280456543
actor/train/perplexity,107,1.00384521484375
actor/train/perplexity,108,1.002822995185852
actor/train/perplexity,109,1.0027687549591064
actor/train/perplexity,110,1.0033658742904663
actor/train/perplexity,111,1.0030577182769775
actor/train/perplexity,112,1.002443552017212
actor/train/perplexity,113,1.000771403312683
actor/train/perplexity,114,1.0094321966171265
actor/train/perplexity,115,1.0025691986083984
actor/train/perplexity,116,1.0019123554229736
actor/train/perplexity,117,1.0018033981323242
actor/train/perplexity,118,1.0003987550735474
actor/train/perplexity,119,1.0040497779846191
actor/train/perplexity,120,1.0041495561599731
actor/train/perplexity,121,1.004786729812622
actor/train/perplexity,122,1.0041085481643677
actor/train/perplexity,123,1.0037665367126465
actor/train/perplexity,124,1.0027533769607544
actor/train/perplexity,125,1.0015203952789307
actor/train/perplexity,126,1.0045677423477173
actor/train/perplexity,127,1.0092192888259888
actor/train/perplexity,128,1.0030337572097778
actor/train/perplexity,129,1.0029376745224
actor/train/perplexity,130,1.0040109157562256
actor/train/perplexity,131,1.0006506443023682
actor/train/perplexity,132,1.002683162689209
actor/train/perplexity,133,1.008845329284668
actor/train/perplexity,134,1.0016659498214722
actor/train/perplexity,135,1.0049703121185303
actor/train/perplexity,136,1.0055409669876099
actor/train/perplexity,137,1.0055872201919556
actor/train/perplexity,138,1.0034513473510742
actor/train/perplexity,139,1.0038498640060425
actor/train/perplexity,140,1.0016670227050781
actor/train/perplexity,141,1.0031179189682007
actor/train/perplexity,142,1.0031803846359253
actor/train/perplexity,143,1.0021593570709229
actor/train/perplexity,144,1.0068027973175049
actor/train/perplexity,145,1.00336754322052
actor/train/perplexity,146,1.004412293434143
actor/train/perplexity,147,1.0044959783554077
actor/train/perplexity,148,1.0027737617492676
actor/train/perplexity,149,1.0010685920715332
actor/train/perplexity,150,1.004206895828247
actor/train/perplexity,151,1.005849838256836
actor/train/perplexity,152,1.0023367404937744
actor/train/perplexity,153,1.006565809249878
actor/train/perplexity,154,1.007251501083374
actor/train/perplexity,155,1.0036277770996094
actor/train/perplexity,156,1.003747820854187
actor/train/perplexity,157,1.0046812295913696
actor/train/perplexity,158,1.003901720046997
actor/train/perplexity,159,1.0035912990570068
actor/train/perplexity,160,1.0103837251663208
actor/train/perplexity,161,1.0066391229629517
actor/train/perplexity,162,1.003669023513794
actor/train/perplexity,163,1.0048085451126099
actor/train/perplexity,164,1.0079243183135986
actor/train/perplexity,165,1.0026335716247559
actor/train/perplexity,166,1.0041306018829346
actor/train/perplexity,167,1.0050263404846191
actor/train/perplexity,168,1.0056713819503784
actor/train/perplexity,169,1.004402756690979
actor/train/perplexity,170,1.0048943758010864
actor/train/perplexity,171,1.0037627220153809
actor/train/perplexity,172,1.0050791501998901
actor/train/perplexity,173,1.0120151042938232
actor/train/perplexity,174,1.0057532787322998
actor/train/perplexity,175,1.004460334777832
actor/train/perplexity,176,1.007371187210083
actor/train/perplexity,177,1.0051759481430054
actor/train/perplexity,178,1.0030667781829834
actor/train/perplexity,179,1.002500295639038
actor/train/perplexity,180,1.005263090133667
actor/train/perplexity,181,1.0098130702972412
actor/train/perplexity,182,1.0041232109069824
actor/train/perplexity,183,1.004008173942566
actor/train/perplexity,184,1.01071035861969
actor/train/perplexity,185,1.0062779188156128
actor/train/perplexity,186,1.0037014484405518
actor/train/perplexity,187,1.0088104009628296
actor/train/perplexity,188,1.004492998123169
actor/train/perplexity,189,1.0033032894134521
actor/train/perplexity,190,1.0048630237579346
actor/train/perplexity,191,1.0043107271194458
actor/train/perplexity,192,1.0074540376663208
actor/train/perplexity,193,1.000974178314209
actor/train/perplexity,194,1.0052655935287476
actor/train/perplexity,195,1.0074275732040405
actor/train/perplexity,196,1.0038654804229736
actor/train/perplexity,197,1.0075345039367676
actor/train/perplexity,198,1.007134199142456
actor/train/perplexity,199,1.0062204599380493
actor/train/perplexity,200,1.006812572479248
actor/train/perplexity,201,1.003204584121704
actor/train/perplexity,202,1.0108928680419922
actor/train/perplexity,203,1.004429578781128
actor/train/perplexity,204,1.0080820322036743
actor/train/perplexity,205,1.0044654607772827
actor/train/perplexity,206,1.0067808628082275
actor/train/perplexity,207,1.0035529136657715
actor/train/perplexity,208,1.0038392543792725
actor/train/perplexity,209,1.0053555965423584
actor/train/perplexity,210,1.0068918466567993
actor/train/perplexity,211,1.0072077512741089
actor/train/perplexity,212,1.0014561414718628
actor/train/perplexity,213,1.0045816898345947
actor/train/perplexity,214,1.0045369863510132
actor/train/perplexity,215,1.0081825256347656
actor/train/perplexity,216,1.0049647092819214
actor/train/perplexity,217,1.0050430297851562
actor/train/perplexity,218,1.0009119510650635
actor/train/perplexity,219,1.0030982494354248
actor/train/perplexity,220,1.0126317739486694
actor/train/perplexity,221,1.007047414779663
actor/train/perplexity,222,1.0043706893920898
actor/train/perplexity,223,1.0046045780181885
actor/train/perplexity,224,1.0059641599655151
actor/train/perplexity,225,1.0061962604522705
actor/train/perplexity,226,1.005759358406067
actor/train/perplexity,227,1.006814956665039
actor/train/perplexity,228,1.00447678565979
actor/train/perplexity,229,1.00435471534729
actor/train/perplexity,230,1.0032166242599487
actor/train/perplexity,231,1.001436710357666
actor/train/perplexity,232,1.0103349685668945
actor/train/perplexity,233,1.005528450012207
actor/train/perplexity,234,1.0015217065811157
actor/train/perplexity,235,1.00223708152771
actor/train/perplexity,236,1.0033702850341797
actor/train/perplexity,237,1.008646011352539
actor/train/perplexity,238,1.0047060251235962
actor/train/perplexity,239,1.004339575767517
actor/train/perplexity,240,1.0063890218734741
actor/train/perplexity,241,1.009224772453308
actor/train/perplexity,242,1.0009045600891113
actor/train/perplexity,243,1.0049179792404175
actor/train/perplexity,244,1.0077152252197266
actor/train/perplexity,245,1.0037747621536255
actor/train/perplexity,246,1.0022045373916626
actor/train/perplexity,247,1.0028024911880493
actor/train/perplexity,248,1.0019317865371704
actor/train/perplexity,249,1.0028268098831177
actor/train/perplexity,250,1.0053004026412964
actor/train/perplexity,251,1.0055750608444214
actor/train/perplexity,252,1.0014418363571167
actor/train/perplexity,253,1.0056381225585938
actor/train/perplexity,254,1.0061665773391724
actor/train/perplexity,255,1.0169801712036133
actor/train/perplexity,256,1.0035929679870605
actor/train/perplexity,257,1.0024040937423706
actor/train/perplexity,258,1.0091239213943481
actor/train/perplexity,259,1.0079123973846436
actor/train/perplexity,260,1.0034974813461304
actor/train/perplexity,261,1.0080746412277222
actor/train/perplexity,262,1.004860520362854
actor/train/perplexity,263,1.006608247756958
actor/train/perplexity,264,1.00605309009552
actor/train/perplexity,265,1.0096511840820312
actor/train/perplexity,266,1.0080187320709229
actor/train/perplexity,267,1.0078891515731812
actor/train/perplexity,268,1.0024000406265259
actor/train/perplexity,269,1.0076990127563477
actor/train/perplexity,270,1.0061769485473633
actor/train/perplexity,271,1.007405161857605
actor/train/perplexity,272,1.0086216926574707
actor/train/perplexity,273,1.0091463327407837
actor/train/perplexity,274,1.0034573078155518
actor/train/perplexity,275,1.0100871324539185
actor/train/perplexity,276,1.003808856010437
actor/train/perplexity,277,1.002684235572815
actor/train/perplexity,278,1.004726529121399
actor/train/perplexity,279,1.0011346340179443
actor/train/perplexity,280,1.004732608795166
actor/train/perplexity,281,1.0104402303695679
actor/train/perplexity,282,1.0139148235321045
actor/train/perplexity,283,1.0068162679672241
actor/train/perplexity,284,1.008072018623352
actor/train/perplexity,285,1.0043126344680786
actor/train/perplexity,286,1.0057141780853271
actor/train/perplexity,287,1.0020209550857544
actor/train/perplexity,288,1.0035103559494019
actor/train/perplexity,289,1.0143942832946777
actor/train/perplexity,290,1.0089141130447388
actor/train/perplexity,291,1.0103157758712769
actor/train/perplexity,292,1.0103453397750854
actor/train/perplexity,293,1.0078775882720947
actor/train/perplexity,294,1.0065399408340454
actor/train/perplexity,295,1.012802243232727
actor/train/perplexity,296,1.0096219778060913
actor/train/perplexity,297,1.0058643817901611
actor/train/perplexity,298,1.0053035020828247
actor/train/perplexity,299,1.010871410369873
actor/train/perplexity,300,1.0123363733291626
actor/train/perplexity,301,1.0047755241394043
actor/train/perplexity,302,1.0079716444015503
actor/train/perplexity,303,1.0152982473373413
actor/train/perplexity,304,1.0075483322143555
actor/train/perplexity,305,1.0130754709243774
actor/train/perplexity,306,1.0075795650482178
actor/train/perplexity,307,1.0153424739837646
actor/train/perplexity,308,1.0053682327270508
actor/train/perplexity,309,1.0100418329238892
actor/train/perplexity,310,1.0127794742584229
actor/train/perplexity,311,1.003678798675537
actor/train/perplexity,312,1.0089166164398193
actor/train/perplexity,313,1.0087668895721436
actor/train/perplexity,314,1.0112515687942505
actor/train/perplexity,315,1.0091034173965454
actor/train/perplexity,316,1.01187264919281
actor/train/perplexity,317,1.0089930295944214
actor/train/perplexity,318,1.0057159662246704
actor/train/perplexity,319,1.0060114860534668
actor/train/perplexity,320,1.0155285596847534
actor/train/perplexity,321,1.0057225227355957
actor/train/perplexity,322,1.0067209005355835
actor/train/perplexity,323,1.0118829011917114
actor/train/perplexity,324,1.003856897354126
actor/train/perplexity,325,1.0066968202590942
actor/train/perplexity,326,1.004294753074646
actor/train/perplexity,327,1.0044631958007812
actor/train/perplexity,328,1.0058149099349976
actor/train/perplexity,329,1.0082975625991821
actor/train/perplexity,330,1.007507562637329
actor/train/perplexity,331,1.0075576305389404
actor/train/perplexity,332,1.0136116743087769
actor/train/perplexity,333,1.0085855722427368
actor/train/perplexity,334,1.0111207962036133
actor/train/perplexity,335,1.0138070583343506
actor/train/perplexity,336,1.0080209970474243
actor/train/perplexity,337,1.0051400661468506
actor/train/perplexity,338,1.001794457435608
actor/train/perplexity,339,1.0113846063613892
actor/train/perplexity,340,1.0133743286132812
actor/train/perplexity,341,1.0051987171173096
actor/train/perplexity,342,1.0065696239471436
actor/train/perplexity,343,1.0116242170333862
actor/train/perplexity,344,1.0085926055908203
actor/train/perplexity,345,1.0114572048187256
actor/train/perplexity,346,1.0097291469573975
actor/train/perplexity,347,1.0057405233383179
actor/train/perplexity,348,1.006859302520752
actor/train/perplexity,349,1.0044867992401123
actor/train/perplexity,350,1.0058372020721436
actor/train/perplexity,351,1.005420446395874
actor/train/perplexity,352,1.0060383081436157
actor/train/perplexity,353,1.0122275352478027
actor/train/perplexity,354,1.0165817737579346
actor/train/perplexity,355,1.0038667917251587
actor/train/perplexity,356,1.0061073303222656
actor/train/perplexity,357,1.0072039365768433
actor/train/perplexity,358,1.0080735683441162
actor/train/perplexity,359,1.0076744556427002
actor/train/perplexity,360,1.0064810514450073
actor/train/perplexity,361,1.0088956356048584
actor/train/perplexity,362,1.0124586820602417
actor/train/perplexity,363,1.012947678565979
actor/train/perplexity,364,1.015447974205017
actor/train/perplexity,365,1.0255838632583618
actor/train/perplexity,366,1.013643503189087
actor/train/perplexity,367,1.011941909790039
actor/train/perplexity,368,1.009868860244751
actor/train/perplexity,369,1.0065771341323853
actor/train/perplexity,370,1.005577564239502
actor/train/perplexity,371,1.0084820985794067
actor/train/perplexity,372,1.0059720277786255
actor/train/perplexity,373,1.0057542324066162
actor/train/perplexity,374,1.014151692390442
actor/train/perplexity,375,1.0039935111999512
actor/train/perplexity,376,1.0089234113693237
actor/train/perplexity,377,1.0161683559417725
actor/train/perplexity,378,1.0095343589782715
actor/train/perplexity,379,1.010175347328186
actor/train/perplexity,380,1.0053962469100952
actor/train/perplexity,381,1.0123226642608643
actor/train/perplexity,382,1.0092254877090454
actor/train/perplexity,383,1.0115077495574951
actor/train/perplexity,384,1.005045771598816
actor/train/perplexity,385,1.0043798685073853
actor/train/perplexity,386,1.005889892578125
actor/train/perplexity,387,1.005785584449768
actor/train/perplexity,388,1.012273907661438
actor/train/perplexity,389,1.0129314661026
actor/train/perplexity,390,1.0111548900604248
actor/train/perplexity,391,1.0045007467269897
actor/train/perplexity,392,1.0050779581069946
actor/train/perplexity,393,1.006346344947815
actor/train/perplexity,394,1.010177731513977
actor/train/perplexity,395,1.0180158615112305
actor/train/perplexity,396,1.012514591217041
actor/train/perplexity,397,1.0051971673965454
actor/train/perplexity,398,1.0074410438537598
actor/train/perplexity,399,1.0057635307312012
actor/train/perplexity,400,1.0056099891662598
actor/train/perplexity,401,1.0074257850646973
actor/train/perplexity,402,1.0054744482040405
actor/train/perplexity,403,1.0156831741333008
actor/train/perplexity,404,1.0073211193084717
actor/train/perplexity,405,1.0086089372634888
actor/train/perplexity,406,1.0104176998138428
actor/train/perplexity,407,1.0092182159423828
actor/train/perplexity,408,1.0065926313400269
actor/train/perplexity,409,1.006563663482666
actor/train/perplexity,410,1.0134509801864624
actor/train/perplexity,411,1.0082687139511108
actor/train/perplexity,412,1.0082424879074097
actor/train/perplexity,413,1.0093005895614624
actor/train/perplexity,414,1.0069578886032104
actor/train/perplexity,415,1.0110472440719604
actor/train/perplexity,416,1.0091127157211304
actor/train/perplexity,417,1.0166881084442139
actor/train/perplexity,418,1.0074145793914795
actor/train/perplexity,419,1.0112107992172241
actor/train/perplexity,420,1.0114415884017944
actor/train/perplexity,421,1.0068775415420532
actor/train/perplexity,422,1.0074151754379272
actor/train/perplexity,423,1.0085736513137817
actor/train/perplexity,424,1.0113062858581543
actor/train/perplexity,425,1.0092790126800537
actor/train/perplexity,426,1.0170397758483887
actor/train/perplexity,427,1.0059558153152466
actor/train/perplexity,428,1.0138705968856812
actor/train/perplexity,429,1.0078245401382446
actor/train/perplexity,430,1.0089068412780762
actor/train/perplexity,431,1.0123608112335205
actor/train/perplexity,432,1.0118385553359985
actor/train/perplexity,433,1.00933039188385
actor/train/perplexity,434,1.012902855873108
actor/train/perplexity,435,1.0041571855545044
actor/train/perplexity,436,1.0133506059646606
actor/train/perplexity,437,1.0117419958114624
actor/train/perplexity,438,1.01457679271698
actor/train/perplexity,439,1.0131664276123047
actor/train/perplexity,440,1.01015043258667
actor/train/perplexity,441,1.0070801973342896
actor/train/perplexity,442,1.0068087577819824
actor/train/perplexity,443,1.0111885070800781
actor/train/perplexity,444,1.0134539604187012
actor/train/perplexity,445,1.0124425888061523
actor/train/perplexity,446,1.0087013244628906
actor/train/perplexity,447,1.0079807043075562
actor/train/perplexity,448,1.0098543167114258
actor/train/perplexity,449,1.0101292133331299
actor/train/perplexity,450,1.0109933614730835
actor/train/perplexity,451,1.0168213844299316
actor/train/perplexity,452,1.0049159526824951
actor/train/perplexity,453,1.0076706409454346
actor/train/perplexity,454,1.003735899925232
actor/train/perplexity,455,1.0064818859100342
actor/train/perplexity,456,1.0184603929519653
actor/train/perplexity,457,1.00831937789917
actor/train/perplexity,458,1.0085183382034302
actor/train/perplexity,459,1.012902021408081
actor/train/perplexity,460,1.0118604898452759
actor/train/perplexity,461,1.0079087018966675
actor/train/perplexity,462,1.0054324865341187
actor/train/perplexity,463,1.0090497732162476
actor/train/perplexity,464,1.005096435546875
actor/train/perplexity,465,1.0156874656677246
actor/train/perplexity,466,1.0092869997024536
actor/train/perplexity,467,1.007833480834961
actor/train/perplexity,468,1.0079560279846191
actor/train/perplexity,469,1.0106886625289917
actor/train/perplexity,470,1.0012439489364624
actor/train/perplexity,471,1.0082703828811646
actor/train/perplexity,472,1.0076251029968262
actor/train/perplexity,473,1.0046305656433105
actor/train/perplexity,474,1.005983829498291
actor/train/perplexity,475,1.005698800086975
actor/train/perplexity,476,1.0177693367004395
actor/train/perplexity,477,1.0114649534225464
actor/train/perplexity,478,1.0088727474212646
actor/train/perplexity,479,1.0089616775512695
actor/train/perplexity,480,1.0110857486724854
actor/train/perplexity,481,1.0219494104385376
actor/train/perplexity,482,1.006787896156311
actor/train/perplexity,483,1.0048588514328003
actor/train/perplexity,484,1.0081946849822998
actor/train/perplexity,485,1.005882978439331
actor/train/perplexity,486,1.0143612623214722
actor/train/perplexity,487,1.0105586051940918
actor/train/perplexity,488,1.01090669631958
actor/train/perplexity,489,1.006696343421936
actor/train/perplexity,490,1.0091612339019775
actor/train/perplexity,491,1.0089350938796997
actor/train/perplexity,492,1.0053973197937012
actor/train/perplexity,493,1.0097681283950806
actor/train/perplexity,494,1.010452151298523
actor/train/perplexity,495,1.0081712007522583
actor/train/perplexity,496,1.0089720487594604
actor/train/perplexity,497,1.0130441188812256
actor/train/perplexity,498,1.0099987983703613
actor/train/perplexity,499,1.0084803104400635
actor/train/perplexity,500,1.00664484500885
actor/train/perplexity,501,1.0115728378295898
actor/train/perplexity,502,1.016960859298706
actor/train/perplexity,503,1.0055679082870483
actor/train/perplexity,504,1.0060678720474243
actor/train/perplexity,505,1.0075905323028564
actor/train/perplexity,506,1.006690263748169
actor/train/perplexity,507,1.0082036256790161
actor/train/perplexity,508,1.0059421062469482
actor/train/perplexity,509,1.0232657194137573
actor/train/perplexity,510,1.004549264907837
actor/train/perplexity,511,1.0102077722549438
actor/train/perplexity,512,1.0133087635040283
actor/train/perplexity,513,1.0109599828720093
actor/train/perplexity,514,1.0086292028427124
actor/train/perplexity,515,1.005372166633606
actor/train/perplexity,516,1.0171209573745728
actor/train/perplexity,517,1.0100687742233276
actor/train/perplexity,518,1.004315733909607
actor/train/perplexity,519,1.00510835647583
actor/train/perplexity,520,1.005290150642395
actor/train/perplexity,521,1.0088895559310913
actor/train/perplexity,522,1.0072622299194336
actor/train/perplexity,523,1.0087424516677856
actor/train/perplexity,524,1.005959153175354
actor/train/perplexity,525,1.0052213668823242
actor/train/perplexity,526,1.015274167060852
actor/train/perplexity,527,1.008103847503662
actor/train/perplexity,528,1.011109471321106
actor/train/perplexity,529,1.0060486793518066
actor/train/perplexity,530,1.0136363506317139
actor/train/perplexity,531,1.0097237825393677
actor/train/perplexity,532,1.0095129013061523
actor/train/perplexity,533,1.005677580833435
actor/train/perplexity,534,1.0099437236785889
actor/train/perplexity,535,1.009307861328125
actor/train/perplexity,536,1.0122021436691284
actor/train/perplexity,537,1.0077930688858032
actor/train/perplexity,538,1.0279855728149414
actor/train/perplexity,539,1.0060983896255493
actor/train/perplexity,540,1.0100977420806885
actor/train/perplexity,541,1.008434534072876
actor/train/perplexity,542,1.0142152309417725
actor/train/perplexity,543,1.0099828243255615
actor/train/perplexity,544,1.0082623958587646
actor/train/perplexity,545,1.016932487487793
actor/train/perplexity,546,1.0149497985839844
actor/train/perplexity,547,1.0141675472259521
actor/train/perplexity,548,1.0106465816497803
actor/train/perplexity,549,1.0076645612716675
actor/train/perplexity,550,1.0083001852035522
actor/train/perplexity,551,1.0067161321640015
actor/train/perplexity,552,1.0146515369415283
actor/train/perplexity,553,1.0170375108718872
actor/train/perplexity,554,1.0128538608551025
actor/train/perplexity,555,1.010969638824463
actor/train/perplexity,556,1.0062675476074219
actor/train/perplexity,557,1.008928894996643
actor/train/perplexity,558,1.0134296417236328
actor/train/perplexity,559,1.015906810760498
actor/train/perplexity,560,1.0157290697097778
actor/train/perplexity,561,1.015851378440857
actor/train/perplexity,562,1.012711763381958
actor/train/perplexity,563,1.0120002031326294
actor/train/perplexity,564,1.0048882961273193
actor/train/perplexity,565,1.0063813924789429
actor/train/perplexity,566,1.0053611993789673
actor/train/perplexity,567,1.006659984588623
actor/train/perplexity,568,1.0128517150878906
actor/train/perplexity,569,1.0061171054840088
actor/train/perplexity,570,1.0099488496780396
actor/train/perplexity,571,1.013706088066101
actor/train/perplexity,572,1.0087627172470093
actor/train/perplexity,573,1.0058796405792236
actor/train/perplexity,574,1.019994854927063
actor/train/perplexity,575,1.0134741067886353
actor/train/perplexity,576,1.0135667324066162
actor/train/perplexity,577,1.0191296339035034
actor/train/perplexity,578,1.0053768157958984
actor/train/perplexity,579,1.0103909969329834
actor/train/perplexity,580,1.008302927017212
actor/train/perplexity,581,1.0069388151168823
actor/train/perplexity,582,1.014128565788269
actor/train/perplexity,583,1.0032190084457397
actor/train/perplexity,584,1.0060958862304688
actor/train/perplexity,585,1.0076953172683716
actor/train/perplexity,586,1.0149017572402954
actor/train/perplexity,587,1.0063732862472534
actor/train/perplexity,588,1.0065147876739502
actor/train/perplexity,589,1.007924199104309
actor/train/perplexity,590,1.0061519145965576
actor/train/perplexity,591,1.0116108655929565
actor/train/perplexity,592,1.0154616832733154
actor/train/perplexity,593,1.0103894472122192
actor/train/perplexity,594,1.0115798711776733
actor/train/perplexity,595,1.006718635559082
actor/train/perplexity,596,1.007096290588379
actor/train/perplexity,597,1.008139729499817
actor/train/perplexity,598,1.0072754621505737
actor/train/perplexity,599,1.0089647769927979
actor/train/perplexity,600,1.0064119100570679
actor/train/perplexity,601,1.0203781127929688
actor/train/perplexity,602,1.0065925121307373
actor/train/perplexity,603,1.008286476135254
actor/train/perplexity,604,1.0047351121902466
actor/train/perplexity,605,1.005120873451233
actor/train/perplexity,606,1.0078411102294922
actor/train/perplexity,607,1.013733983039856
actor/train/perplexity,608,1.0102274417877197
actor/train/perplexity,609,1.0059762001037598
actor/train/perplexity,610,1.0052183866500854
actor/train/perplexity,611,1.0094947814941406
actor/train/perplexity,612,1.0093384981155396
actor/train/perplexity,613,1.0084733963012695
actor/train/perplexity,614,1.0075758695602417
actor/train/perplexity,615,1.0100131034851074
actor/train/perplexity,616,1.0106474161148071
actor/train/perplexity,617,1.0128610134124756
actor/train/perplexity,618,1.0196640491485596
actor/train/perplexity,619,1.0061968564987183
actor/train/perplexity,620,1.0063934326171875
actor/train/perplexity,621,1.008848786354065
actor/train/perplexity,622,1.0056936740875244
actor/train/perplexity,623,1.0090802907943726
actor/train/perplexity,624,1.003970742225647
actor/train/perplexity,625,1.0136750936508179
actor/train/perplexity,626,1.0106730461120605
actor/train/perplexity,627,1.009429931640625
actor/train/perplexity,628,1.0119234323501587
actor/train/perplexity,629,1.00848388671875
actor/train/perplexity,630,1.0044658184051514
actor/train/perplexity,631,1.0044997930526733
actor/train/perplexity,632,1.005989909172058
actor/train/perplexity,633,1.0075829029083252
actor/train/perplexity,634,1.0047483444213867
actor/train/perplexity,635,1.0076781511306763
actor/train/perplexity,636,1.0106455087661743
actor/train/perplexity,637,1.02167809009552
actor/train/perplexity,638,1.007411003112793
actor/train/perplexity,639,1.0054798126220703
actor/train/perplexity,640,1.008233904838562
actor/train/perplexity,641,1.0115818977355957
actor/train/perplexity,642,1.0165505409240723
actor/train/perplexity,643,1.0159180164337158
actor/train/perplexity,644,1.01320219039917
actor/train/perplexity,645,1.0057554244995117
actor/train/perplexity,646,1.009077548980713
actor/train/perplexity,647,1.0088905096054077
actor/train/perplexity,648,1.0126930475234985
actor/train/perplexity,649,1.003294825553894
actor/train/perplexity,650,1.0035916566848755
actor/train/perplexity,651,1.0062485933303833
actor/train/perplexity,652,1.0138237476348877
actor/train/perplexity,653,1.0198086500167847
actor/train/perplexity,654,1.0106706619262695
actor/train/perplexity,655,1.012742280960083
actor/train/perplexity,656,1.0063669681549072
actor/train/perplexity,657,1.0126186609268188
actor/train/perplexity,658,1.0217527151107788
actor/train/perplexity,659,1.0091125965118408
actor/train/perplexity,660,1.0092833042144775
actor/train/perplexity,661,1.0173035860061646
actor/train/perplexity,662,1.0114318132400513
actor/train/perplexity,663,1.0089166164398193
actor/train/perplexity,664,1.0067745447158813
actor/train/perplexity,665,1.0147134065628052
actor/train/perplexity,666,1.0100375413894653
actor/train/perplexity,667,1.0073776245117188
actor/train/perplexity,668,1.0103050470352173
actor/train/perplexity,669,1.0097581148147583
actor/train/perplexity,670,1.0213764905929565
actor/train/perplexity,671,1.0082273483276367
actor/train/perplexity,672,1.0130746364593506
actor/train/perplexity,673,1.0071430206298828
actor/train/perplexity,674,1.010219931602478
actor/train/perplexity,675,1.011030673980713
actor/train/perplexity,676,1.0150991678237915
actor/train/perplexity,677,1.0133639574050903
actor/train/perplexity,678,1.008607268333435
actor/train/grad_norm,2,1.4140625
actor/train/grad_norm,3,1.1640625
actor/train/grad_norm,4,3.1875
actor/train/grad_norm,5,4.5
actor/train/grad_norm,6,4.53125
actor/train/grad_norm,7,1.5234375
actor/train/grad_norm,8,8.25
actor/train/grad_norm,9,7.8125
actor/train/grad_norm,10,4.75
actor/train/grad_norm,11,8.0625
actor/train/grad_norm,12,2.390625
actor/train/grad_norm,13,1.59375
actor/train/grad_norm,14,3.375
actor/train/grad_norm,15,15.875
actor/train/grad_norm,16,1.5078125
actor/train/grad_norm,17,1.765625
actor/train/grad_norm,18,1.0390625
actor/train/grad_norm,19,3.15625
actor/train/grad_norm,20,10.5625
actor/train/grad_norm,21,13.0
actor/train/grad_norm,22,0.2080078125
actor/train/grad_norm,23,0.9921875
actor/train/grad_norm,24,1.1796875
actor/train/grad_norm,25,7.4375
actor/train/grad_norm,26,0.06884765625
actor/train/grad_norm,27,4.5
actor/train/grad_norm,28,4.21875
actor/train/grad_norm,29,10.5625
actor/train/grad_norm,30,2.25
actor/train/grad_norm,31,1.5234375
actor/train/grad_norm,32,2.640625
actor/train/grad_norm,33,2.0
actor/train/grad_norm,34,1.5625
actor/train/grad_norm,35,1.8046875
actor/train/grad_norm,36,4.875
actor/train/grad_norm,37,0.39453125
actor/train/grad_norm,38,4.3125
actor/train/grad_norm,39,3.578125
actor/train/grad_norm,40,4.59375
actor/train/grad_norm,41,2.671875
actor/train/grad_norm,42,2.84375
actor/train/grad_norm,43,2.703125
actor/train/grad_norm,44,2.171875
actor/train/grad_norm,45,2.109375
actor/train/grad_norm,46,4.90625
actor/train/grad_norm,47,0.1083984375
actor/train/grad_norm,48,3.078125
actor/train/grad_norm,49,9.0625
actor/train/grad_norm,50,3.328125
actor/train/grad_norm,51,1.7265625
actor/train/grad_norm,52,4.15625
actor/train/grad_norm,53,2.578125
actor/train/grad_norm,54,3.078125
actor/train/grad_norm,55,2.484375
actor/train/grad_norm,56,2.578125
actor/train/grad_norm,57,6.625
actor/train/grad_norm,58,4.875
actor/train/grad_norm,59,2.53125
actor/train/grad_norm,60,2.421875
actor/train/grad_norm,61,3.234375
actor/train/grad_norm,62,10.625
actor/train/grad_norm,63,3.296875
actor/train/grad_norm,64,6.84375
actor/train/grad_norm,65,6.15625
actor/train/grad_norm,66,1.421875
actor/train/grad_norm,67,4.3125
actor/train/grad_norm,68,4.03125
actor/train/grad_norm,69,3.953125
actor/train/grad_norm,70,1.6328125
actor/train/grad_norm,71,3.515625
actor/train/grad_norm,72,7.03125
actor/train/grad_norm,73,15.8125
actor/train/grad_norm,74,2.046875
actor/train/grad_norm,75,3.109375
actor/train/grad_norm,76,6.25
actor/train/grad_norm,77,5.0625
actor/train/grad_norm,78,4.59375
actor/train/grad_norm,79,4.03125
actor/train/grad_norm,80,12.3125
actor/train/grad_norm,81,1.6640625
actor/train/grad_norm,82,4.625
actor/train/grad_norm,83,2.484375
actor/train/grad_norm,84,10.0
actor/train/grad_norm,85,2.421875
actor/train/grad_norm,86,9.1875
actor/train/grad_norm,87,0.1982421875
actor/train/grad_norm,88,4.28125
actor/train/grad_norm,89,3.875
actor/train/grad_norm,90,2.640625
actor/train/grad_norm,91,5.46875
actor/train/grad_norm,92,1.453125
actor/train/grad_norm,93,5.5625
actor/train/grad_norm,94,3.1875
actor/train/grad_norm,95,2.890625
actor/train/grad_norm,96,2.65625
actor/train/grad_norm,97,3.1875
actor/train/grad_norm,98,1.1484375
actor/train/grad_norm,99,1.65625
actor/train/grad_norm,100,4.28125
actor/train/grad_norm,101,2.515625
actor/train/grad_norm,102,3.3125
actor/train/grad_norm,103,1.828125
actor/train/grad_norm,104,1.4765625
actor/train/grad_norm,105,6.375
actor/train/grad_norm,106,3.0
actor/train/grad_norm,107,3.40625
actor/train/grad_norm,108,2.390625
actor/train/grad_norm,109,2.296875
actor/train/grad_norm,110,1.9921875
actor/train/grad_norm,111,4.65625
actor/train/grad_norm,112,2.5
actor/train/grad_norm,113,1.28125
actor/train/grad_norm,114,12.4375
actor/train/grad_norm,115,1.6015625
actor/train/grad_norm,116,2.796875
actor/train/grad_norm,117,1.828125
actor/train/grad_norm,118,1.5234375
actor/train/grad_norm,119,3.421875
actor/train/grad_norm,120,0.1396484375
actor/train/grad_norm,121,9.0625
actor/train/grad_norm,122,2.921875
actor/train/grad_norm,123,2.484375
actor/train/grad_norm,124,1.5390625
actor/train/grad_norm,125,0.98046875
actor/train/grad_norm,126,1.703125
actor/train/grad_norm,127,0.2734375
actor/train/grad_norm,128,1.8046875
actor/train/grad_norm,129,2.21875
actor/train/grad_norm,130,1.8203125
actor/train/grad_norm,131,1.53125
actor/train/grad_norm,132,1.4296875
actor/train/grad_norm,133,2.640625
actor/train/grad_norm,134,2.515625
actor/train/grad_norm,135,2.828125
actor/train/grad_norm,136,1.1484375
actor/train/grad_norm,137,4.40625
actor/train/grad_norm,138,1.6640625
actor/train/grad_norm,139,2.375
actor/train/grad_norm,140,1.7265625
actor/train/grad_norm,141,2.984375
actor/train/grad_norm,142,2.015625
actor/train/grad_norm,143,1.8046875
actor/train/grad_norm,144,3.84375
actor/train/grad_norm,145,0.16796875
actor/train/grad_norm,146,5.3125
actor/train/grad_norm,147,0.326171875
actor/train/grad_norm,148,1.25
actor/train/grad_norm,149,1.65625
actor/train/grad_norm,150,4.46875
actor/train/grad_norm,151,1.421875
actor/train/grad_norm,152,1.5078125
actor/train/grad_norm,153,3.234375
actor/train/grad_norm,154,3.90625
actor/train/grad_norm,155,1.578125
actor/train/grad_norm,156,1.5546875
actor/train/grad_norm,157,0.77734375
actor/train/grad_norm,158,1.96875
actor/train/grad_norm,159,2.84375
actor/train/grad_norm,160,3.8125
actor/train/grad_norm,161,3.328125
actor/train/grad_norm,162,2.234375
actor/train/grad_norm,163,2.03125
actor/train/grad_norm,164,2.921875
actor/train/grad_norm,165,2.46875
actor/train/grad_norm,166,1.75
actor/train/grad_norm,167,1.953125
actor/train/grad_norm,168,3.046875
actor/train/grad_norm,169,0.1630859375
actor/train/grad_norm,170,2.703125
actor/train/grad_norm,171,1.5625
actor/train/grad_norm,172,6.53125
actor/train/grad_norm,173,0.2099609375
actor/train/grad_norm,174,2.296875
actor/train/grad_norm,175,1.84375
actor/train/grad_norm,176,2.3125
actor/train/grad_norm,177,1.28125
actor/train/grad_norm,178,1.5234375
actor/train/grad_norm,179,1.265625
actor/train/grad_norm,180,0.2265625
actor/train/grad_norm,181,3.21875
actor/train/grad_norm,182,1.8046875
actor/train/grad_norm,183,1.890625
actor/train/grad_norm,184,0.1953125
actor/train/grad_norm,185,1.578125
actor/train/grad_norm,186,1.9765625
actor/train/grad_norm,187,1.296875
actor/train/grad_norm,188,0.984375
actor/train/grad_norm,189,2.25
actor/train/grad_norm,190,1.234375
actor/train/grad_norm,191,1.9296875
actor/train/grad_norm,192,0.17578125
actor/train/grad_norm,193,1.203125
actor/train/grad_norm,194,2.65625
actor/train/grad_norm,195,2.390625
actor/train/grad_norm,196,1.7265625
actor/train/grad_norm,197,2.375
actor/train/grad_norm,198,1.4609375
actor/train/grad_norm,199,3.5625
actor/train/grad_norm,200,2.59375
actor/train/grad_norm,201,1.6484375
actor/train/grad_norm,202,3.390625
actor/train/grad_norm,203,2.0625
actor/train/grad_norm,204,2.109375
actor/train/grad_norm,205,3.734375
actor/train/grad_norm,206,1.640625
actor/train/grad_norm,207,1.0234375
actor/train/grad_norm,208,2.21875
actor/train/grad_norm,209,0.134765625
actor/train/grad_norm,210,2.578125
actor/train/grad_norm,211,0.2451171875
actor/train/grad_norm,212,0.212890625
actor/train/grad_norm,213,1.4375
actor/train/grad_norm,214,3.09375
actor/train/grad_norm,215,4.34375
actor/train/grad_norm,216,6.375
actor/train/grad_norm,217,2.171875
actor/train/grad_norm,218,2.171875
actor/train/grad_norm,219,4.1875
actor/train/grad_norm,220,3.296875
actor/train/grad_norm,221,4.59375
actor/train/grad_norm,222,1.6328125
actor/train/grad_norm,223,2.625
actor/train/grad_norm,224,0.408203125
actor/train/grad_norm,225,1.21875
actor/train/grad_norm,226,1.5546875
actor/train/grad_norm,227,2.953125
actor/train/grad_norm,228,1.6171875
actor/train/grad_norm,229,1.5234375
actor/train/grad_norm,230,2.171875
actor/train/grad_norm,231,1.28125
actor/train/grad_norm,232,3.4375
actor/train/grad_norm,233,1.5703125
actor/train/grad_norm,234,2.609375
actor/train/grad_norm,235,1.4375
actor/train/grad_norm,236,1.2421875
actor/train/grad_norm,237,2.765625
actor/train/grad_norm,238,0.318359375
actor/train/grad_norm,239,1.078125
actor/train/grad_norm,240,0.15234375
actor/train/grad_norm,241,3.84375
actor/train/grad_norm,242,1.4375
actor/train/grad_norm,243,2.46875
actor/train/grad_norm,244,1.3515625
actor/train/grad_norm,245,1.15625
actor/train/grad_norm,246,0.08251953125
actor/train/grad_norm,247,1.6875
actor/train/grad_norm,248,0.953125
actor/train/grad_norm,249,1.890625
actor/train/grad_norm,250,2.109375
actor/train/grad_norm,251,3.671875
actor/train/grad_norm,252,1.3125
actor/train/grad_norm,253,1.1875
actor/train/grad_norm,254,0.13671875
actor/train/grad_norm,255,3.078125
actor/train/grad_norm,256,1.796875
actor/train/grad_norm,257,2.875
actor/train/grad_norm,258,2.234375
actor/train/grad_norm,259,0.1689453125
actor/train/grad_norm,260,2.21875
actor/train/grad_norm,261,7.21875
actor/train/grad_norm,262,2.015625
actor/train/grad_norm,263,8.625
actor/train/grad_norm,264,0.10791015625
actor/train/grad_norm,265,0.1455078125
actor/train/grad_norm,266,8.375
actor/train/grad_norm,267,1.90625
actor/train/grad_norm,268,1.7578125
actor/train/grad_norm,269,2.125
actor/train/grad_norm,270,3.234375
actor/train/grad_norm,271,2.4375
actor/train/grad_norm,272,2.921875
actor/train/grad_norm,273,2.171875
actor/train/grad_norm,274,1.40625
actor/train/grad_norm,275,0.158203125
actor/train/grad_norm,276,1.171875
actor/train/grad_norm,277,0.06787109375
actor/train/grad_norm,278,1.2734375
actor/train/grad_norm,279,1.0703125
actor/train/grad_norm,280,1.7578125
actor/train/grad_norm,281,1.828125
actor/train/grad_norm,282,0.19140625
actor/train/grad_norm,283,1.328125
actor/train/grad_norm,284,1.5859375
actor/train/grad_norm,285,1.5859375
actor/train/grad_norm,286,1.7265625
actor/train/grad_norm,287,3.0
actor/train/grad_norm,288,4.34375
actor/train/grad_norm,289,2.875
actor/train/grad_norm,290,2.34375
actor/train/grad_norm,291,3.9375
actor/train/grad_norm,292,2.390625
actor/train/grad_norm,293,1.953125
actor/train/grad_norm,294,1.734375
actor/train/grad_norm,295,1.6796875
actor/train/grad_norm,296,2.578125
actor/train/grad_norm,297,2.265625
actor/train/grad_norm,298,2.484375
actor/train/grad_norm,299,2.609375
actor/train/grad_norm,300,1.90625
actor/train/grad_norm,301,1.21875
actor/train/grad_norm,302,1.9765625
actor/train/grad_norm,303,1.40625
actor/train/grad_norm,304,1.8125
actor/train/grad_norm,305,0.205078125
actor/train/grad_norm,306,1.4921875
actor/train/grad_norm,307,2.703125
actor/train/grad_norm,308,1.265625
actor/train/grad_norm,309,1.171875
actor/train/grad_norm,310,2.875
actor/train/grad_norm,311,1.296875
actor/train/grad_norm,312,2.625
actor/train/grad_norm,313,1.265625
actor/train/grad_norm,314,11.875
actor/train/grad_norm,315,2.078125
actor/train/grad_norm,316,0.23828125
actor/train/grad_norm,317,0.1259765625
actor/train/grad_norm,318,0.16015625
actor/train/grad_norm,319,0.1650390625
actor/train/grad_norm,320,3.53125
actor/train/grad_norm,321,1.5546875
actor/train/grad_norm,322,2.046875
actor/train/grad_norm,323,0.2236328125
actor/train/grad_norm,324,1.671875
actor/train/grad_norm,325,2.609375
actor/train/grad_norm,326,2.015625
actor/train/grad_norm,327,1.3984375
actor/train/grad_norm,328,2.15625
actor/train/grad_norm,329,2.421875
actor/train/grad_norm,330,2.859375
actor/train/grad_norm,331,2.40625
actor/train/grad_norm,332,2.5
actor/train/grad_norm,333,2.546875
actor/train/grad_norm,334,1.9140625
actor/train/grad_norm,335,3.109375
actor/train/grad_norm,336,2.3125
actor/train/grad_norm,337,2.828125
actor/train/grad_norm,338,1.390625
actor/train/grad_norm,339,2.359375
actor/train/grad_norm,340,0.275390625
actor/train/grad_norm,341,0.18359375
actor/train/grad_norm,342,2.703125
actor/train/grad_norm,343,1.8671875
actor/train/grad_norm,344,2.4375
actor/train/grad_norm,345,0.236328125
actor/train/grad_norm,346,2.921875
actor/train/grad_norm,347,0.134765625
actor/train/grad_norm,348,0.17578125
actor/train/grad_norm,349,1.2734375
actor/train/grad_norm,350,0.10693359375
actor/train/grad_norm,351,1.6328125
actor/train/grad_norm,352,1.4140625
actor/train/grad_norm,353,2.5
actor/train/grad_norm,354,2.8125
actor/train/grad_norm,355,0.95703125
actor/train/grad_norm,356,0.984375
actor/train/grad_norm,357,2.828125
actor/train/grad_norm,358,2.5
actor/train/grad_norm,359,1.1953125
actor/train/grad_norm,360,2.359375
actor/train/grad_norm,361,1.5078125
actor/train/grad_norm,362,2.75
actor/train/grad_norm,363,0.1533203125
actor/train/grad_norm,364,3.265625
actor/train/grad_norm,365,0.22265625
actor/train/grad_norm,366,1.9140625
actor/train/grad_norm,367,2.125
actor/train/grad_norm,368,0.93359375
actor/train/grad_norm,369,2.015625
actor/train/grad_norm,370,0.1474609375
actor/train/grad_norm,371,0.158203125
actor/train/grad_norm,372,1.296875
actor/train/grad_norm,373,1.609375
actor/train/grad_norm,374,3.578125
actor/train/grad_norm,375,1.1953125
actor/train/grad_norm,376,0.158203125
actor/train/grad_norm,377,0.1865234375
actor/train/grad_norm,378,0.10791015625
actor/train/grad_norm,379,3.703125
actor/train/grad_norm,380,1.0703125
actor/train/grad_norm,381,1.484375
actor/train/grad_norm,382,2.921875
actor/train/grad_norm,383,0.1650390625
actor/train/grad_norm,384,1.1796875
actor/train/grad_norm,385,0.1396484375
actor/train/grad_norm,386,4.03125
actor/train/grad_norm,387,1.3046875
actor/train/grad_norm,388,0.1318359375
actor/train/grad_norm,389,2.953125
actor/train/grad_norm,390,1.984375
actor/train/grad_norm,391,0.984375
actor/train/grad_norm,392,2.015625
actor/train/grad_norm,393,1.1875
actor/train/grad_norm,394,1.25
actor/train/grad_norm,395,0.1982421875
actor/train/grad_norm,396,0.1708984375
actor/train/grad_norm,397,0.9453125
actor/train/grad_norm,398,2.015625
actor/train/grad_norm,399,1.1953125
actor/train/grad_norm,400,1.671875
actor/train/grad_norm,401,1.828125
actor/train/grad_norm,402,1.1328125
actor/train/grad_norm,403,0.212890625
actor/train/grad_norm,404,1.59375
actor/train/grad_norm,405,1.5703125
actor/train/grad_norm,406,3.1875
actor/train/grad_norm,407,1.3203125
actor/train/grad_norm,408,1.109375
actor/train/grad_norm,409,1.453125
actor/train/grad_norm,410,2.3125
actor/train/grad_norm,411,0.98046875
actor/train/grad_norm,412,2.03125
actor/train/grad_norm,413,2.890625
actor/train/grad_norm,414,1.8125
actor/train/grad_norm,415,1.9609375
actor/train/grad_norm,416,0.09619140625
actor/train/grad_norm,417,2.515625
actor/train/grad_norm,418,2.734375
actor/train/grad_norm,419,2.796875
actor/train/grad_norm,420,0.1923828125
actor/train/grad_norm,421,1.984375
actor/train/grad_norm,422,2.125
actor/train/grad_norm,423,0.1689453125
actor/train/grad_norm,424,1.8359375
actor/train/grad_norm,425,2.34375
actor/train/grad_norm,426,3.703125
actor/train/grad_norm,427,2.015625
actor/train/grad_norm,428,2.25
actor/train/grad_norm,429,1.1796875
actor/train/grad_norm,430,1.734375
actor/train/grad_norm,431,2.71875
actor/train/grad_norm,432,0.1630859375
actor/train/grad_norm,433,2.75
actor/train/grad_norm,434,2.71875
actor/train/grad_norm,435,1.015625
actor/train/grad_norm,436,1.7734375
actor/train/grad_norm,437,1.3984375
actor/train/grad_norm,438,0.208984375
actor/train/grad_norm,439,1.4765625
actor/train/grad_norm,440,2.171875
actor/train/grad_norm,441,2.796875
actor/train/grad_norm,442,1.7734375
actor/train/grad_norm,443,2.3125
actor/train/grad_norm,444,1.7734375
actor/train/grad_norm,445,3.015625
actor/train/grad_norm,446,1.2109375
actor/train/grad_norm,447,2.21875
actor/train/grad_norm,448,1.8984375
actor/train/grad_norm,449,0.1572265625
actor/train/grad_norm,450,1.828125
actor/train/grad_norm,451,2.65625
actor/train/grad_norm,452,0.89453125
actor/train/grad_norm,453,1.1328125
actor/train/grad_norm,454,1.921875
actor/train/grad_norm,455,1.578125
actor/train/grad_norm,456,0.107421875
actor/train/grad_norm,457,1.1171875
actor/train/grad_norm,458,2.0
actor/train/grad_norm,459,0.1884765625
actor/train/grad_norm,460,1.7734375
actor/train/grad_norm,461,0.09521484375
actor/train/grad_norm,462,1.8046875
actor/train/grad_norm,463,1.640625
actor/train/grad_norm,464,1.703125
actor/train/grad_norm,465,0.1748046875
actor/train/grad_norm,466,1.6875
actor/train/grad_norm,467,1.4453125
actor/train/grad_norm,468,1.8046875
actor/train/grad_norm,469,2.140625
actor/train/grad_norm,470,0.06640625
actor/train/grad_norm,471,2.296875
actor/train/grad_norm,472,0.10498046875
actor/train/grad_norm,473,1.265625
actor/train/grad_norm,474,1.4140625
actor/train/grad_norm,475,0.154296875
actor/train/grad_norm,476,4.09375
actor/train/grad_norm,477,2.171875
actor/train/grad_norm,478,1.078125
actor/train/grad_norm,479,2.25
actor/train/grad_norm,480,0.12353515625
actor/train/grad_norm,481,0.1962890625
actor/train/grad_norm,482,1.0390625
actor/train/grad_norm,483,2.1875
actor/train/grad_norm,484,1.59375
actor/train/grad_norm,485,1.4296875
actor/train/grad_norm,486,2.125
actor/train/grad_norm,487,2.015625
actor/train/grad_norm,488,0.94921875
actor/train/grad_norm,489,0.0751953125
actor/train/grad_norm,490,1.2890625
actor/train/grad_norm,491,0.11669921875
actor/train/grad_norm,492,1.2265625
actor/train/grad_norm,493,1.234375
actor/train/grad_norm,494,1.515625
actor/train/grad_norm,495,1.203125
actor/train/grad_norm,496,1.3828125
actor/train/grad_norm,497,0.1328125
actor/train/grad_norm,498,1.578125
actor/train/grad_norm,499,0.78515625
actor/train/grad_norm,500,0.1943359375
actor/train/grad_norm,501,2.015625
actor/train/grad_norm,502,0.2158203125
actor/train/grad_norm,503,1.1796875
actor/train/grad_norm,504,1.359375
actor/train/grad_norm,505,1.703125
actor/train/grad_norm,506,0.08935546875
actor/train/grad_norm,507,1.3828125
actor/train/grad_norm,508,2.0
actor/train/grad_norm,509,0.17578125
actor/train/grad_norm,510,1.2734375
actor/train/grad_norm,511,2.09375
actor/train/grad_norm,512,0.193359375
actor/train/grad_norm,513,2.796875
actor/train/grad_norm,514,2.203125
actor/train/grad_norm,515,0.78125
actor/train/grad_norm,516,0.1318359375
actor/train/grad_norm,517,1.28125
actor/train/grad_norm,518,2.390625
actor/train/grad_norm,519,0.1103515625
actor/train/grad_norm,520,0.1298828125
actor/train/grad_norm,521,1.671875
actor/train/grad_norm,522,0.2578125
actor/train/grad_norm,523,1.0234375
actor/train/grad_norm,524,0.07177734375
actor/train/grad_norm,525,0.1240234375
actor/train/grad_norm,526,2.078125
actor/train/grad_norm,527,2.0
actor/train/grad_norm,528,0.138671875
actor/train/grad_norm,529,1.390625
actor/train/grad_norm,530,2.65625
actor/train/grad_norm,531,1.2578125
actor/train/grad_norm,532,1.7421875
actor/train/grad_norm,533,1.703125
actor/train/grad_norm,534,1.6875
actor/train/grad_norm,535,1.5390625
actor/train/grad_norm,536,2.828125
actor/train/grad_norm,537,1.109375
actor/train/grad_norm,538,0.2392578125
actor/train/grad_norm,539,1.15625
actor/train/grad_norm,540,1.484375
actor/train/grad_norm,541,0.89453125
actor/train/grad_norm,542,1.8984375
actor/train/grad_norm,543,1.390625
actor/train/grad_norm,544,1.390625
actor/train/grad_norm,545,2.171875
actor/train/grad_norm,546,2.953125
actor/train/grad_norm,547,1.3984375
actor/train/grad_norm,548,1.4140625
actor/train/grad_norm,549,1.9453125
actor/train/grad_norm,550,0.1533203125
actor/train/grad_norm,551,1.5234375
actor/train/grad_norm,552,2.578125
actor/train/grad_norm,553,0.1953125
actor/train/grad_norm,554,0.1806640625
actor/train/grad_norm,555,0.1962890625
actor/train/grad_norm,556,0.11279296875
actor/train/grad_norm,557,2.0625
actor/train/grad_norm,558,1.9375
actor/train/grad_norm,559,0.2236328125
actor/train/grad_norm,560,2.0
actor/train/grad_norm,561,0.171875
actor/train/grad_norm,562,3.6875
actor/train/grad_norm,563,2.390625
actor/train/grad_norm,564,1.03125
actor/train/grad_norm,565,0.08837890625
actor/train/grad_norm,566,1.7265625
actor/train/grad_norm,567,0.0732421875
actor/train/grad_norm,568,2.03125
actor/train/grad_norm,569,1.3359375
actor/train/grad_norm,570,1.9453125
actor/train/grad_norm,571,0.1884765625
actor/train/grad_norm,572,1.5390625
actor/train/grad_norm,573,1.9921875
actor/train/grad_norm,574,2.65625
actor/train/grad_norm,575,0.1943359375
actor/train/grad_norm,576,1.2421875
actor/train/grad_norm,577,0.23828125
actor/train/grad_norm,578,0.75
actor/train/grad_norm,579,1.5703125
actor/train/grad_norm,580,1.3515625
actor/train/grad_norm,581,1.359375
actor/train/grad_norm,582,0.125
actor/train/grad_norm,583,0.9453125
actor/train/grad_norm,584,0.65234375
actor/train/grad_norm,585,1.2109375
actor/train/grad_norm,586,0.21484375
actor/train/grad_norm,587,1.6171875
actor/train/grad_norm,588,0.08984375
actor/train/grad_norm,589,1.15625
actor/train/grad_norm,590,0.84375
actor/train/grad_norm,591,1.828125
actor/train/grad_norm,592,1.265625
actor/train/grad_norm,593,1.65625
actor/train/grad_norm,594,1.1953125
actor/train/grad_norm,595,1.390625
actor/train/grad_norm,596,1.0390625
actor/train/grad_norm,597,1.6484375
actor/train/grad_norm,598,1.2265625
actor/train/grad_norm,599,7.5
actor/train/grad_norm,600,0.0791015625
actor/train/grad_norm,601,1.2578125
actor/train/grad_norm,602,0.953125
actor/train/grad_norm,603,1.53125
actor/train/grad_norm,604,0.9296875
actor/train/grad_norm,605,0.054931640625
actor/train/grad_norm,606,1.0390625
actor/train/grad_norm,607,0.09033203125
actor/train/grad_norm,608,1.2265625
actor/train/grad_norm,609,0.06298828125
actor/train/grad_norm,610,0.94921875
actor/train/grad_norm,611,0.12451171875
actor/train/grad_norm,612,0.93359375
actor/train/grad_norm,613,1.3203125
actor/train/grad_norm,614,1.28125
actor/train/grad_norm,615,1.1328125
actor/train/grad_norm,616,0.1767578125
actor/train/grad_norm,617,0.8671875
actor/train/grad_norm,618,3.359375
actor/train/grad_norm,619,1.1953125
actor/train/grad_norm,620,1.0625
actor/train/grad_norm,621,0.10546875
actor/train/grad_norm,622,1.2734375
actor/train/grad_norm,623,2.03125
actor/train/grad_norm,624,0.08984375
actor/train/grad_norm,625,1.390625
actor/train/grad_norm,626,0.08935546875
actor/train/grad_norm,627,1.046875
actor/train/grad_norm,628,1.5234375
actor/train/grad_norm,629,1.25
actor/train/grad_norm,630,0.11181640625
actor/train/grad_norm,631,0.9765625
actor/train/grad_norm,632,1.1953125
actor/train/grad_norm,633,2.515625
actor/train/grad_norm,634,0.06201171875
actor/train/grad_norm,635,2.578125
actor/train/grad_norm,636,0.1328125
actor/train/grad_norm,637,2.015625
actor/train/grad_norm,638,0.8046875
actor/train/grad_norm,639,0.96484375
actor/train/grad_norm,640,1.421875
actor/train/grad_norm,641,1.6015625
actor/train/grad_norm,642,2.28125
actor/train/grad_norm,643,7.0
actor/train/grad_norm,644,1.375
actor/train/grad_norm,645,0.11474609375
actor/train/grad_norm,646,1.5546875
actor/train/grad_norm,647,1.3125
actor/train/grad_norm,648,1.4765625
actor/train/grad_norm,649,2.4375
actor/train/grad_norm,650,1.265625
actor/train/grad_norm,651,0.96875
actor/train/grad_norm,652,2.46875
actor/train/grad_norm,653,0.1796875
actor/train/grad_norm,654,0.89453125
actor/train/grad_norm,655,1.203125
actor/train/grad_norm,656,1.40625
actor/train/grad_norm,657,1.328125
actor/train/grad_norm,658,1.09375
actor/train/grad_norm,659,1.4140625
actor/train/grad_norm,660,1.15625
actor/train/grad_norm,661,2.078125
actor/train/grad_norm,662,1.1796875
actor/train/grad_norm,663,1.3828125
actor/train/grad_norm,664,0.12353515625
actor/train/grad_norm,665,2.484375
actor/train/grad_norm,666,1.109375
actor/train/grad_norm,667,1.21875
actor/train/grad_norm,668,0.1171875
actor/train/grad_norm,669,1.0625
actor/train/grad_norm,670,1.328125
actor/train/grad_norm,671,1.34375
actor/train/grad_norm,672,1.9375
actor/train/grad_norm,673,1.84375
actor/train/grad_norm,674,0.10546875
actor/train/grad_norm,675,1.578125
actor/train/grad_norm,676,2.3125
actor/train/grad_norm,677,1.0859375
actor/train/grad_norm,678,1.609375
actor/train/kl,2,-0.007149985525757074
actor/train/kl,3,0.0002054920478258282
actor/train/kl,4,0.0032680584117770195
actor/train/kl,5,-0.0021523230243474245
actor/train/kl,6,0.0014453051844611764
actor/train/kl,7,0.0009200851200148463
actor/train/kl,8,0.00012332835467532277
actor/train/kl,9,-0.0028102099895477295
actor/train/kl,10,-0.0009063045145012438
actor/train/kl,11,-0.0014349620323628187
actor/train/kl,12,-0.0005142377922311425
actor/train/kl,13,-0.00016530387802049518
actor/train/kl,14,-0.004114378709346056
actor/train/kl,15,-0.001930794445797801
actor/train/kl,16,-0.0011680193711072206
actor/train/kl,17,0.0021473269443958998
actor/train/kl,18,0.00010419129102956504
actor/train/kl,19,0.002246000338345766
actor/train/kl,20,0.0009482030291110277
actor/train/kl,21,-0.0020751452539116144
actor/train/kl,22,0.00253490312024951
actor/train/kl,23,-0.00043250920134596527
actor/train/kl,24,-0.0008933042990975082
actor/train/kl,25,0.017736084759235382
actor/train/kl,26,-0.0005116944666951895
actor/train/kl,27,-0.00555443437770009
actor/train/kl,28,-0.002474726177752018
actor/train/kl,29,0.003313800785690546
actor/train/kl,30,0.0008860905654728413
actor/train/kl,31,0.0013098915806040168
actor/train/kl,32,0.0132595868781209
actor/train/kl,33,0.0018623772775754333
actor/train/kl,34,0.002911424031481147
actor/train/kl,35,0.00023078557569533587
actor/train/kl,36,-0.0006534114363603294
actor/train/kl,37,-0.0011557542020455003
actor/train/kl,38,0.011033122427761555
actor/train/kl,39,-0.0005152016528882086
actor/train/kl,40,0.005178641993552446
actor/train/kl,41,-0.0008550200727768242
actor/train/kl,42,-0.001468593254685402
actor/train/kl,43,0.0002255430881632492
actor/train/kl,44,0.0004235843080095947
actor/train/kl,45,0.0014826011611148715
actor/train/kl,46,0.0030991851817816496
actor/train/kl,47,-0.0016812356188893318
actor/train/kl,48,-0.0028318536933511496
actor/train/kl,49,0.019235478714108467
actor/train/kl,50,0.0034511873964220285
actor/train/kl,51,-0.0002637058205436915
actor/train/kl,52,0.001172359217889607
actor/train/kl,53,-0.00024177339219022542
actor/train/kl,54,0.0032410311978310347
actor/train/kl,55,0.004008253570646048
actor/train/kl,56,0.0014615260297432542
actor/train/kl,57,0.02904794178903103
actor/train/kl,58,-0.0008749389671720564
actor/train/kl,59,0.002329156966879964
actor/train/kl,60,0.00017464594566263258
actor/train/kl,61,0.000838805572129786
actor/train/kl,62,0.013022540137171745
actor/train/kl,63,0.004249964375048876
actor/train/kl,64,0.021126698702573776
actor/train/kl,65,0.04839800298213959
actor/train/kl,66,0.001266784267500043
actor/train/kl,67,0.008491160348057747
actor/train/kl,68,0.017905069515109062
actor/train/kl,69,0.0002443967678118497
actor/train/kl,70,0.001556636649183929
actor/train/kl,71,0.007680671755224466
actor/train/kl,72,0.020310698077082634
actor/train/kl,73,0.03912854194641113
actor/train/kl,74,0.006023987662047148
actor/train/kl,75,0.020284177735447884
actor/train/kl,76,0.14731675386428833
actor/train/kl,77,0.02735198847949505
actor/train/kl,78,0.034876499325037
actor/train/kl,79,0.029958494007587433
actor/train/kl,80,0.07405319809913635
actor/train/kl,81,0.024146337062120438
actor/train/kl,82,0.009955964982509613
actor/train/kl,83,0.006872153375297785
actor/train/kl,84,0.0659509003162384
actor/train/kl,85,0.009157141670584679
actor/train/kl,86,0.030173735693097115
actor/train/kl,87,0.15172019600868225
actor/train/kl,88,0.02851203829050064
actor/train/kl,89,0.04695164039731026
actor/train/kl,90,0.011624581180512905
actor/train/kl,91,0.09614545851945877
actor/train/kl,92,0.026859376579523087
actor/train/kl,93,0.04012451320886612
actor/train/kl,94,0.05096769705414772
actor/train/kl,95,0.02689061500132084
actor/train/kl,96,0.05415523797273636
actor/train/kl,97,0.010930432006716728
actor/train/kl,98,0.018097514286637306
actor/train/kl,99,0.014182459563016891
actor/train/kl,100,0.02403881587088108
actor/train/kl,101,0.01216132752597332
actor/train/kl,102,0.05917319655418396
actor/train/kl,103,0.032448384910821915
actor/train/kl,104,0.01562407799065113
actor/train/kl,105,0.043573297560214996
actor/train/kl,106,0.005392081569880247
actor/train/kl,107,0.0460260771214962
actor/train/kl,108,0.028788499534130096
actor/train/kl,109,0.03427079692482948
actor/train/kl,110,0.036798764020204544
actor/train/kl,111,0.036669980734586716
actor/train/kl,112,0.03012515977025032
actor/train/kl,113,0.009037230163812637
actor/train/kl,114,0.11315709352493286
actor/train/kl,115,0.03202129155397415
actor/train/kl,116,0.02409057505428791
actor/train/kl,117,0.01779894344508648
actor/train/kl,118,0.004383752588182688
actor/train/kl,119,0.04608680307865143
actor/train/kl,120,0.0505819246172905
actor/train/kl,121,0.060015421360731125
actor/train/kl,122,0.050643064081668854
actor/train/kl,123,0.04625985398888588
actor/train/kl,124,0.021448461338877678
actor/train/kl,125,0.018867306411266327
actor/train/kl,126,0.03714674338698387
actor/train/kl,127,0.11122778058052063
actor/train/kl,128,0.032057035714387894
actor/train/kl,129,0.03683020547032356
actor/train/kl,130,0.04965142533183098
actor/train/kl,131,0.00577809801325202
actor/train/kl,132,0.027674956247210503
actor/train/kl,133,0.08301626890897751
actor/train/kl,134,0.019110949710011482
actor/train/kl,135,0.05410701408982277
actor/train/kl,136,0.04967964068055153
actor/train/kl,137,0.06567315757274628
actor/train/kl,138,0.04156525805592537
actor/train/kl,139,0.04467419162392616
actor/train/kl,140,0.015569254755973816
actor/train/kl,141,0.03783535584807396
actor/train/kl,142,0.03392452001571655
actor/train/kl,143,0.020248347893357277
actor/train/kl,144,0.08136191219091415
actor/train/kl,145,0.04017021134495735
actor/train/kl,146,0.05375298857688904
actor/train/kl,147,0.056714899837970734
actor/train/kl,148,0.026855632662773132
actor/train/kl,149,0.009420556016266346
actor/train/kl,150,0.05250116437673569
actor/train/kl,151,0.06045311316847801
actor/train/kl,152,0.02243465930223465
actor/train/kl,153,0.0814049169421196
actor/train/kl,154,0.0886010155081749
actor/train/kl,155,0.04030384495854378
actor/train/kl,156,0.03881145641207695
actor/train/kl,157,0.047758497297763824
actor/train/kl,158,0.030075957998633385
actor/train/kl,159,0.04306809604167938
actor/train/kl,160,0.12649144232273102
actor/train/kl,161,0.07381878793239594
actor/train/kl,162,0.04481375962495804
actor/train/kl,163,0.035419363528490067
actor/train/kl,164,0.0860317125916481
actor/train/kl,165,0.027076955884695053
actor/train/kl,166,0.05169941857457161
actor/train/kl,167,0.0594196543097496
actor/train/kl,168,0.06342635303735733
actor/train/kl,169,0.05156874284148216
actor/train/kl,170,0.0596487931907177
actor/train/kl,171,0.046383876353502274
actor/train/kl,172,0.06278209388256073
actor/train/kl,173,0.14846737682819366
actor/train/kl,174,0.06801862269639969
actor/train/kl,175,0.05071929842233658
actor/train/kl,176,0.08996447920799255
actor/train/kl,177,0.06157974153757095
actor/train/kl,178,0.030218709260225296
actor/train/kl,179,0.027882607653737068
actor/train/kl,180,0.06633177399635315
actor/train/kl,181,0.11779206991195679
actor/train/kl,182,0.046911902725696564
actor/train/kl,183,0.03955235704779625
actor/train/kl,184,0.13119769096374512
actor/train/kl,185,0.05377478897571564
actor/train/kl,186,0.04573078081011772
actor/train/kl,187,0.09761776775121689
actor/train/kl,188,0.054082173854112625
actor/train/kl,189,0.03744819015264511
actor/train/kl,190,0.04638585075736046
actor/train/kl,191,0.043745774775743484
actor/train/kl,192,0.09100321680307388
actor/train/kl,193,0.010117236524820328
actor/train/kl,194,0.06647384166717529
actor/train/kl,195,0.08871258050203323
actor/train/kl,196,0.048199478536844254
actor/train/kl,197,0.08534875512123108
actor/train/kl,198,0.0885029211640358
actor/train/kl,199,0.07437209784984589
actor/train/kl,200,0.08083821833133698
actor/train/kl,201,0.039886970072984695
actor/train/kl,202,0.13534629344940186
actor/train/kl,203,0.033453889191150665
actor/train/kl,204,0.09861519932746887
actor/train/kl,205,0.05562702566385269
actor/train/kl,206,0.08128775656223297
actor/train/kl,207,0.036051806062459946
actor/train/kl,208,0.046060968190431595
actor/train/kl,209,0.0654713436961174
actor/train/kl,210,0.08152703195810318
actor/train/kl,211,0.09036543220281601
actor/train/kl,212,0.018017444759607315
actor/train/kl,213,0.056832753121852875
actor/train/kl,214,0.0566052608191967
actor/train/kl,215,0.0978078693151474
actor/train/kl,216,0.06184213608503342
actor/train/kl,217,0.04790806770324707
actor/train/kl,218,0.009437437169253826
actor/train/kl,219,0.038373302668333054
actor/train/kl,220,0.1592717170715332
actor/train/kl,221,0.08738298714160919
actor/train/kl,222,0.0385691300034523
actor/train/kl,223,0.05620705336332321
actor/train/kl,224,0.07504884153604507
actor/train/kl,225,0.06900761276483536
actor/train/kl,226,0.05891672149300575
actor/train/kl,227,0.08495491743087769
actor/train/kl,228,0.03862728923559189
actor/train/kl,229,0.0532539002597332
actor/train/kl,230,0.04023034870624542
actor/train/kl,231,0.016119468957185745
actor/train/kl,232,0.1261768490076065
actor/train/kl,233,0.05570204183459282
actor/train/kl,234,0.012836105190217495
actor/train/kl,235,0.021962840110063553
actor/train/kl,236,0.037990354001522064
actor/train/kl,237,0.10563160479068756
actor/train/kl,238,0.05895710736513138
actor/train/kl,239,0.05147082731127739
actor/train/kl,240,0.07704512774944305
actor/train/kl,241,0.11450900882482529
actor/train/kl,242,0.010552696883678436
actor/train/kl,243,0.05914536118507385
actor/train/kl,244,0.09366952627897263
actor/train/kl,245,0.03686027228832245
actor/train/kl,246,0.02733553573489189
actor/train/kl,247,0.035387881100177765
actor/train/kl,248,0.01930493861436844
actor/train/kl,249,0.03492635488510132
actor/train/kl,250,0.048787981271743774
actor/train/kl,251,0.06772629916667938
actor/train/kl,252,0.012575322762131691
actor/train/kl,253,0.05604269355535507
actor/train/kl,254,0.07599607110023499
actor/train/kl,255,0.20869359374046326
actor/train/kl,256,0.03395392745733261
actor/train/kl,257,0.031230323016643524
actor/train/kl,258,0.10356802493333817
actor/train/kl,259,0.0931701809167862
actor/train/kl,260,0.044458288699388504
actor/train/kl,261,0.10154329240322113
actor/train/kl,262,0.05943720415234566
actor/train/kl,263,0.06106792762875557
actor/train/kl,264,0.0742558017373085
actor/train/kl,265,0.12030626088380814
actor/train/kl,266,0.09432033449411392
actor/train/kl,267,0.09082968533039093
actor/train/kl,268,0.023337261751294136
actor/train/kl,269,0.0932147204875946
actor/train/kl,270,0.0756891667842865
actor/train/kl,271,0.09054142236709595
actor/train/kl,272,0.10651779174804688
actor/train/kl,273,0.11014362424612045
actor/train/kl,274,0.033506810665130615
actor/train/kl,275,0.12518680095672607
actor/train/kl,276,0.0401037335395813
actor/train/kl,277,0.03360563516616821
actor/train/kl,278,0.05043165013194084
actor/train/kl,279,0.013799105770885944
actor/train/kl,280,0.05877291038632393
actor/train/kl,281,0.11964961141347885
actor/train/kl,282,0.17299124598503113
actor/train/kl,283,0.07119894027709961
actor/train/kl,284,0.08714354038238525
actor/train/kl,285,0.038827113807201385
actor/train/kl,286,0.06512302905321121
actor/train/kl,287,0.020207468420267105
actor/train/kl,288,0.040712155401706696
actor/train/kl,289,0.17724759876728058
actor/train/kl,290,0.10262124985456467
actor/train/kl,291,0.1261225938796997
actor/train/kl,292,0.10958624631166458
actor/train/kl,293,0.09672294557094574
actor/train/kl,294,0.07738041132688522
actor/train/kl,295,0.15831083059310913
actor/train/kl,296,0.1178869679570198
actor/train/kl,297,0.06741432100534439
actor/train/kl,298,0.06437496095895767
actor/train/kl,299,0.10186070948839188
actor/train/kl,300,0.15368007123470306
actor/train/kl,301,0.055874019861221313
actor/train/kl,302,0.0971892774105072
actor/train/kl,303,0.13857705891132355
actor/train/kl,304,0.08093657344579697
actor/train/kl,305,0.15856388211250305
actor/train/kl,306,0.05464351177215576
actor/train/kl,307,0.18067516386508942
actor/train/kl,308,0.052258118987083435
actor/train/kl,309,0.09945652633905411
actor/train/kl,310,0.15781566500663757
actor/train/kl,311,0.038211334496736526
actor/train/kl,312,0.11110661923885345
actor/train/kl,313,0.07869754731655121
actor/train/kl,314,0.14061339199543
actor/train/kl,315,0.10954124480485916
actor/train/kl,316,0.12998752295970917
actor/train/kl,317,0.10966905206441879
actor/train/kl,318,0.07074204832315445
actor/train/kl,319,0.07541242241859436
actor/train/kl,320,0.19151514768600464
actor/train/kl,321,0.05321447178721428
actor/train/kl,322,0.08363259583711624
actor/train/kl,323,0.13463301956653595
actor/train/kl,324,0.04426831007003784
actor/train/kl,325,0.07270639389753342
actor/train/kl,326,0.03705992549657822
actor/train/kl,327,0.05624809488654137
actor/train/kl,328,0.07184676826000214
actor/train/kl,329,0.09693555533885956
actor/train/kl,330,0.09313233196735382
actor/train/kl,331,0.0890808179974556
actor/train/kl,332,0.16806425154209137
actor/train/kl,333,0.1031353548169136
actor/train/kl,334,0.12285534292459488
actor/train/kl,335,0.1662643700838089
actor/train/kl,336,0.09962868690490723
actor/train/kl,337,0.06413033604621887
actor/train/kl,338,0.020770171657204628
actor/train/kl,339,0.14076563715934753
actor/train/kl,340,0.15708285570144653
actor/train/kl,341,0.06327369809150696
actor/train/kl,342,0.07030003517866135
actor/train/kl,343,0.12497252970933914
actor/train/kl,344,0.10554869472980499
actor/train/kl,345,0.1419006884098053
actor/train/kl,346,0.11784417927265167
actor/train/kl,347,0.06930510699748993
actor/train/kl,348,0.08519420027732849
actor/train/kl,349,0.048184797167778015
actor/train/kl,350,0.07425609230995178
actor/train/kl,351,0.06137702986598015
actor/train/kl,352,0.05333245173096657
actor/train/kl,353,0.11863555014133453
actor/train/kl,354,0.2072717547416687
actor/train/kl,355,0.04225877299904823
actor/train/kl,356,0.05835854634642601
actor/train/kl,357,0.09089174121618271
actor/train/kl,358,0.09303359687328339
actor/train/kl,359,0.08486803621053696
actor/train/kl,360,0.08115223795175552
actor/train/kl,361,0.06644303351640701
actor/train/kl,362,0.15634821355342865
actor/train/kl,363,0.16132435202598572
actor/train/kl,364,0.18835224211215973
actor/train/kl,365,0.3093473017215729
actor/train/kl,366,0.16696833074092865
actor/train/kl,367,0.1490713506937027
actor/train/kl,368,0.11280833184719086
actor/train/kl,369,0.06658563762903214
actor/train/kl,370,0.06948083639144897
actor/train/kl,371,0.10288165509700775
actor/train/kl,372,0.0747583732008934
actor/train/kl,373,0.07336005568504333
actor/train/kl,374,0.17559906840324402
actor/train/kl,375,0.0436595119535923
actor/train/kl,376,0.11139636486768723
actor/train/kl,377,0.19814619421958923
actor/train/kl,378,0.10931643098592758
actor/train/kl,379,0.1255551427602768
actor/train/kl,380,0.0666210949420929
actor/train/kl,381,0.1509639322757721
actor/train/kl,382,0.1151033341884613
actor/train/kl,383,0.14352142810821533
actor/train/kl,384,0.06262196600437164
actor/train/kl,385,0.055762212723493576
actor/train/kl,386,0.07041236013174057
actor/train/kl,387,0.0627056211233139
actor/train/kl,388,0.1524277925491333
actor/train/kl,389,0.15640056133270264
actor/train/kl,390,0.13672003149986267
actor/train/kl,391,0.04943074658513069
actor/train/kl,392,0.062426768243312836
actor/train/kl,393,0.07120446860790253
actor/train/kl,394,0.1247873529791832
actor/train/kl,395,0.21893931925296783
actor/train/kl,396,0.1566983163356781
actor/train/kl,397,0.05342290177941322
actor/train/kl,398,0.09215765446424484
actor/train/kl,399,0.07213965058326721
actor/train/kl,400,0.052515167742967606
actor/train/kl,401,0.05395175516605377
actor/train/kl,402,0.06148488074541092
actor/train/kl,403,0.1927890181541443
actor/train/kl,404,0.09121769666671753
actor/train/kl,405,0.09722062945365906
actor/train/kl,406,0.1298939287662506
actor/train/kl,407,0.10071422159671783
actor/train/kl,408,0.07656169682741165
actor/train/kl,409,0.07938256114721298
actor/train/kl,410,0.16372649371623993
actor/train/kl,411,0.08675134927034378
actor/train/kl,412,0.09213569760322571
actor/train/kl,413,0.11361264437437057
actor/train/kl,414,0.07731272280216217
actor/train/kl,415,0.1359870582818985
actor/train/kl,416,0.11480001360177994
actor/train/kl,417,0.1672985553741455
actor/train/kl,418,0.09450062364339828
actor/train/kl,419,0.13939885795116425
actor/train/kl,420,0.14121805131435394
actor/train/kl,421,0.0845881849527359
actor/train/kl,422,0.09106777608394623
actor/train/kl,423,0.10270171612501144
actor/train/kl,424,0.14043080806732178
actor/train/kl,425,0.11310215294361115
actor/train/kl,426,0.20333755016326904
actor/train/kl,427,0.0707060694694519
actor/train/kl,428,0.15234771370887756
actor/train/kl,429,0.08611681312322617
actor/train/kl,430,0.1074322909116745
actor/train/kl,431,0.15128107368946075
actor/train/kl,432,0.14679741859436035
actor/train/kl,433,0.11460637301206589
actor/train/kl,434,0.15808342397212982
actor/train/kl,435,0.05288955941796303
actor/train/kl,436,0.16439057886600494
actor/train/kl,437,0.12899228930473328
actor/train/kl,438,0.162323996424675
actor/train/kl,439,0.12243860214948654
actor/train/kl,440,0.1224646270275116
actor/train/kl,441,0.09225649386644363
actor/train/kl,442,0.08094669133424759
actor/train/kl,443,0.13132867217063904
actor/train/kl,444,0.1673402339220047
actor/train/kl,445,0.15472178161144257
actor/train/kl,446,0.10778512060642242
actor/train/kl,447,0.0918641909956932
actor/train/kl,448,0.12080525606870651
actor/train/kl,449,0.12385743856430054
actor/train/kl,450,0.13522869348526
actor/train/kl,451,0.208966463804245
actor/train/kl,452,0.04884995520114899
actor/train/kl,453,0.09331388771533966
actor/train/kl,454,0.031708426773548126
actor/train/kl,455,0.07930245995521545
actor/train/kl,456,0.22816915810108185
actor/train/kl,457,0.09693846106529236
actor/train/kl,458,0.10312297940254211
actor/train/kl,459,0.16409054398536682
actor/train/kl,460,0.1256651133298874
actor/train/kl,461,0.09854236990213394
actor/train/kl,462,0.0637713074684143
actor/train/kl,463,0.1153063103556633
actor/train/kl,464,0.06034589186310768
actor/train/kl,465,0.1902426779270172
actor/train/kl,466,0.10837734490633011
actor/train/kl,467,0.07822977751493454
actor/train/kl,468,0.09356941282749176
actor/train/kl,469,0.12820984423160553
actor/train/kl,470,0.015539264306426048
actor/train/kl,471,0.10335119813680649
actor/train/kl,472,0.09649839252233505
actor/train/kl,473,0.05322542041540146
actor/train/kl,474,0.06639676541090012
actor/train/kl,475,0.07592016458511353
actor/train/kl,476,0.1615172177553177
actor/train/kl,477,0.13823257386684418
actor/train/kl,478,0.09605120867490768
actor/train/kl,479,0.11006303131580353
actor/train/kl,480,0.13570888340473175
actor/train/kl,481,0.27055320143699646
actor/train/kl,482,0.06702675670385361
actor/train/kl,483,0.05899579077959061
actor/train/kl,484,0.09072236716747284
actor/train/kl,485,0.06742130219936371
actor/train/kl,486,0.1738910973072052
actor/train/kl,487,0.11936258524656296
actor/train/kl,488,0.13016574084758759
actor/train/kl,489,0.08342555165290833
actor/train/kl,490,0.10246575623750687
actor/train/kl,491,0.11153389513492584
actor/train/kl,492,0.06679253280162811
actor/train/kl,493,0.10574844479560852
actor/train/kl,494,0.12875540554523468
actor/train/kl,495,0.08205506950616837
actor/train/kl,496,0.09914648532867432
actor/train/kl,497,0.16133247315883636
actor/train/kl,498,0.10703377425670624
actor/train/kl,499,0.09851735085248947
actor/train/kl,500,0.08109346777200699
actor/train/kl,501,0.14028844237327576
actor/train/kl,502,0.2107945829629898
actor/train/kl,503,0.06664495915174484
actor/train/kl,504,0.06784255802631378
actor/train/kl,505,0.0916590690612793
actor/train/kl,506,0.08337917178869247
actor/train/kl,507,0.08607720583677292
actor/train/kl,508,0.06989170610904694
actor/train/kl,509,0.28695130348205566
actor/train/kl,510,0.05637611076235771
actor/train/kl,511,0.12735189497470856
actor/train/kl,512,0.16716060042381287
actor/train/kl,513,0.13189412653446198
actor/train/kl,514,0.10518151521682739
actor/train/kl,515,0.06662124395370483
actor/train/kl,516,0.21652813255786896
actor/train/kl,517,0.1043836921453476
actor/train/kl,518,0.05051330476999283
actor/train/kl,519,0.05678886920213699
actor/train/kl,520,0.06570130586624146
actor/train/kl,521,0.10522590577602386
actor/train/kl,522,0.09047537297010422
actor/train/kl,523,0.09633763879537582
actor/train/kl,524,0.07397857308387756
actor/train/kl,525,0.06412948668003082
actor/train/kl,526,0.1860598623752594
actor/train/kl,527,0.09989876300096512
actor/train/kl,528,0.13226871192455292
actor/train/kl,529,0.07150213420391083
actor/train/kl,530,0.16800139844417572
actor/train/kl,531,0.12070435285568237
actor/train/kl,532,0.11019214987754822
actor/train/kl,533,0.06425684690475464
actor/train/kl,534,0.1165880486369133
actor/train/kl,535,0.1136789545416832
actor/train/kl,536,0.15263284742832184
actor/train/kl,537,0.0846833810210228
actor/train/kl,538,0.3447873592376709
actor/train/kl,539,0.07144363224506378
actor/train/kl,540,0.11600218713283539
actor/train/kl,541,0.09996318072080612
actor/train/kl,542,0.17311930656433105
actor/train/kl,543,0.12034221738576889
actor/train/kl,544,0.09935613721609116
actor/train/kl,545,0.21097597479820251
actor/train/kl,546,0.18639227747917175
actor/train/kl,547,0.13749808073043823
actor/train/kl,548,0.12345748394727707
actor/train/kl,549,0.09500262886285782
actor/train/kl,550,0.10211042314767838
actor/train/kl,551,0.07820482552051544
actor/train/kl,552,0.17139379680156708
actor/train/kl,553,0.21089789271354675
actor/train/kl,554,0.1595674604177475
actor/train/kl,555,0.13865871727466583
actor/train/kl,556,0.08145180344581604
actor/train/kl,557,0.10986830294132233
actor/train/kl,558,0.15897147357463837
actor/train/kl,559,0.20033101737499237
actor/train/kl,560,0.19463682174682617
actor/train/kl,561,0.1956152766942978
actor/train/kl,562,0.15979622304439545
actor/train/kl,563,0.14497637748718262
actor/train/kl,564,0.060634829103946686
actor/train/kl,565,0.0792878121137619
actor/train/kl,566,0.06470591574907303
actor/train/kl,567,0.08296319842338562
actor/train/kl,568,0.15931463241577148
actor/train/kl,569,0.0670393705368042
actor/train/kl,570,0.1188063994050026
actor/train/kl,571,0.1641937643289566
actor/train/kl,572,0.10868027806282043
actor/train/kl,573,0.06753889471292496
actor/train/kl,574,0.24786324799060822
actor/train/kl,575,0.1638885885477066
actor/train/kl,576,0.14285404980182648
actor/train/kl,577,0.2337225377559662
actor/train/kl,578,0.06477557122707367
actor/train/kl,579,0.10989999026060104
actor/train/kl,580,0.10542896389961243
actor/train/kl,581,0.08036669343709946
actor/train/kl,582,0.174001082777977
actor/train/kl,583,0.038303863257169724
actor/train/kl,584,0.07454141974449158
actor/train/kl,585,0.08135972172021866
actor/train/kl,586,0.1841636598110199
actor/train/kl,587,0.07904893904924393
actor/train/kl,588,0.08078976720571518
actor/train/kl,589,0.083219513297081
actor/train/kl,590,0.0724281296133995
actor/train/kl,591,0.1438951939344406
actor/train/kl,592,0.15618549287319183
actor/train/kl,593,0.11842037737369537
actor/train/kl,594,0.1343129724264145
actor/train/kl,595,0.08270567655563354
actor/train/kl,596,0.0797065794467926
actor/train/kl,597,0.10216374695301056
actor/train/kl,598,0.08952770382165909
actor/train/kl,599,0.11141278594732285
actor/train/kl,600,0.08088485151529312
actor/train/kl,601,0.21916894614696503
actor/train/kl,602,0.0789838656783104
actor/train/kl,603,0.10210219770669937
actor/train/kl,604,0.054466262459754944
actor/train/kl,605,0.06415127962827682
actor/train/kl,606,0.08453509956598282
actor/train/kl,607,0.17293713986873627
actor/train/kl,608,0.11851933598518372
actor/train/kl,609,0.07468728721141815
actor/train/kl,610,0.05559506639838219
actor/train/kl,611,0.11864472180604935
actor/train/kl,612,0.11620748788118362
actor/train/kl,613,0.10626708716154099
actor/train/kl,614,0.0895807221531868
actor/train/kl,615,0.12284090369939804
actor/train/kl,616,0.130780428647995
actor/train/kl,617,0.13250982761383057
actor/train/kl,618,0.22306057810783386
actor/train/kl,619,0.07505679130554199
actor/train/kl,620,0.07583971321582794
actor/train/kl,621,0.10990264266729355
actor/train/kl,622,0.0629199892282486
actor/train/kl,623,0.09267992526292801
actor/train/kl,624,0.04926680028438568
actor/train/kl,625,0.1588166505098343
actor/train/kl,626,0.1333189159631729
actor/train/kl,627,0.10926678776741028
actor/train/kl,628,0.13513436913490295
actor/train/kl,629,0.09630924463272095
actor/train/kl,630,0.0593411810696125
actor/train/kl,631,0.05287858098745346
actor/train/kl,632,0.07210775464773178
actor/train/kl,633,0.07644800841808319
actor/train/kl,634,0.0598800890147686
actor/train/kl,635,0.09421329200267792
actor/train/kl,636,0.12511283159255981
actor/train/kl,637,0.26119527220726013
actor/train/kl,638,0.09077352285385132
actor/train/kl,639,0.06781257688999176
actor/train/kl,640,0.0995592251420021
actor/train/kl,641,0.14550137519836426
actor/train/kl,642,0.1825292557477951
actor/train/kl,643,0.18479353189468384
actor/train/kl,644,0.14883601665496826
actor/train/kl,645,0.07119771838188171
actor/train/kl,646,0.11093863844871521
actor/train/kl,647,0.10265298932790756
actor/train/kl,648,0.15227612853050232
actor/train/kl,649,0.04142220690846443
actor/train/kl,650,0.04339258372783661
actor/train/kl,651,0.06706023961305618
actor/train/kl,652,0.17529380321502686
actor/train/kl,653,0.2434621900320053
actor/train/kl,654,0.1250159591436386
actor/train/kl,655,0.142560675740242
actor/train/kl,656,0.0796114057302475
actor/train/kl,657,0.14684844017028809
actor/train/kl,658,0.1952802836894989
actor/train/kl,659,0.10066531598567963
actor/train/kl,660,0.10375341773033142
actor/train/kl,661,0.19659613072872162
actor/train/kl,662,0.13671912252902985
actor/train/kl,663,0.11130452901124954
actor/train/kl,664,0.08625151962041855
actor/train/kl,665,0.16078130900859833
actor/train/kl,666,0.11352013051509857
actor/train/kl,667,0.08838491141796112
actor/train/kl,668,0.13070546090602875
actor/train/kl,669,0.11254437267780304
actor/train/kl,670,0.21276596188545227
actor/train/kl,671,0.09956128150224686
actor/train/kl,672,0.1641216278076172
actor/train/kl,673,0.07754272222518921
actor/train/kl,674,0.12936151027679443
actor/train/kl,675,0.13632194697856903
actor/train/kl,676,0.17060962319374084
actor/train/kl,677,0.14830780029296875
actor/train/kl,678,0.10894639790058136
actor/train/pg_clipfrac,2,0.0
actor/train/pg_clipfrac,3,0.0
actor/train/pg_clipfrac,4,0.0
actor/train/pg_clipfrac,5,0.0
actor/train/pg_clipfrac,6,0.0
actor/train/pg_clipfrac,7,0.0
actor/train/pg_clipfrac,8,0.0
actor/train/pg_clipfrac,9,0.0
actor/train/pg_clipfrac,10,0.0
actor/train/pg_clipfrac,11,0.0
actor/train/pg_clipfrac,12,0.0
actor/train/pg_clipfrac,13,0.0
actor/train/pg_clipfrac,14,0.0
actor/train/pg_clipfrac,15,0.0
actor/train/pg_clipfrac,16,0.0
actor/train/pg_clipfrac,17,0.0
actor/train/pg_clipfrac,18,0.0
actor/train/pg_clipfrac,19,0.0
actor/train/pg_clipfrac,20,0.0
actor/train/pg_clipfrac,21,0.0
actor/train/pg_clipfrac,22,0.0
actor/train/pg_clipfrac,23,0.0
actor/train/pg_clipfrac,24,0.0
actor/train/pg_clipfrac,25,0.0
actor/train/pg_clipfrac,26,0.0
actor/train/pg_clipfrac,27,0.0
actor/train/pg_clipfrac,28,0.0
actor/train/pg_clipfrac,29,0.0
actor/train/pg_clipfrac,30,0.0
actor/train/pg_clipfrac,31,0.0
actor/train/pg_clipfrac,32,0.0
actor/train/pg_clipfrac,33,0.0
actor/train/pg_clipfrac,34,0.0
actor/train/pg_clipfrac,35,0.0
actor/train/pg_clipfrac,36,0.0
actor/train/pg_clipfrac,37,0.0
actor/train/pg_clipfrac,38,0.0
actor/train/pg_clipfrac,39,0.0
actor/train/pg_clipfrac,40,0.0
actor/train/pg_clipfrac,41,0.0
actor/train/pg_clipfrac,42,0.0
actor/train/pg_clipfrac,43,0.0
actor/train/pg_clipfrac,44,0.0
actor/train/pg_clipfrac,45,0.0
actor/train/pg_clipfrac,46,0.0
actor/train/pg_clipfrac,47,0.0
actor/train/pg_clipfrac,48,0.0
actor/train/pg_clipfrac,49,0.0
actor/train/pg_clipfrac,50,0.0
actor/train/pg_clipfrac,51,0.0
actor/train/pg_clipfrac,52,0.0
actor/train/pg_clipfrac,53,0.0
actor/train/pg_clipfrac,54,0.0
actor/train/pg_clipfrac,55,0.0
actor/train/pg_clipfrac,56,0.0
actor/train/pg_clipfrac,57,0.0
actor/train/pg_clipfrac,58,0.0
actor/train/pg_clipfrac,59,0.0
actor/train/pg_clipfrac,60,0.0
actor/train/pg_clipfrac,61,0.0
actor/train/pg_clipfrac,62,0.0
actor/train/pg_clipfrac,63,0.0
actor/train/pg_clipfrac,64,0.0
actor/train/pg_clipfrac,65,0.0
actor/train/pg_clipfrac,66,0.0
actor/train/pg_clipfrac,67,0.0
actor/train/pg_clipfrac,68,0.0
actor/train/pg_clipfrac,69,0.0
actor/train/pg_clipfrac,70,0.0
actor/train/pg_clipfrac,71,0.0
actor/train/pg_clipfrac,72,0.0
actor/train/pg_clipfrac,73,0.0
actor/train/pg_clipfrac,74,0.0
actor/train/pg_clipfrac,75,0.0
actor/train/pg_clipfrac,76,0.0
actor/train/pg_clipfrac,77,0.0
actor/train/pg_clipfrac,78,0.0
actor/train/pg_clipfrac,79,0.0
actor/train/pg_clipfrac,80,0.0
actor/train/pg_clipfrac,81,0.0
actor/train/pg_clipfrac,82,0.0
actor/train/pg_clipfrac,83,0.0
actor/train/pg_clipfrac,84,0.0
actor/train/pg_clipfrac,85,0.0
actor/train/pg_clipfrac,86,0.0
actor/train/pg_clipfrac,87,0.0
actor/train/pg_clipfrac,88,0.0
actor/train/pg_clipfrac,89,0.0
actor/train/pg_clipfrac,90,0.0
actor/train/pg_clipfrac,91,0.0
actor/train/pg_clipfrac,92,0.0
actor/train/pg_clipfrac,93,0.0
actor/train/pg_clipfrac,94,0.0
actor/train/pg_clipfrac,95,0.0
actor/train/pg_clipfrac,96,0.0
actor/train/pg_clipfrac,97,0.0
actor/train/pg_clipfrac,98,0.0
actor/train/pg_clipfrac,99,0.0
actor/train/pg_clipfrac,100,0.0
actor/train/pg_clipfrac,101,0.0
actor/train/pg_clipfrac,102,0.0
actor/train/pg_clipfrac,103,0.0
actor/train/pg_clipfrac,104,0.0
actor/train/pg_clipfrac,105,0.0
actor/train/pg_clipfrac,106,0.0
actor/train/pg_clipfrac,107,0.0
actor/train/pg_clipfrac,108,0.0
actor/train/pg_clipfrac,109,0.0
actor/train/pg_clipfrac,110,0.0
actor/train/pg_clipfrac,111,0.0
actor/train/pg_clipfrac,112,0.0
actor/train/pg_clipfrac,113,0.0
actor/train/pg_clipfrac,114,0.0
actor/train/pg_clipfrac,115,0.0
actor/train/pg_clipfrac,116,0.0
actor/train/pg_clipfrac,117,0.0
actor/train/pg_clipfrac,118,0.0
actor/train/pg_clipfrac,119,0.0
actor/train/pg_clipfrac,120,0.0
actor/train/pg_clipfrac,121,0.0
actor/train/pg_clipfrac,122,0.0
actor/train/pg_clipfrac,123,0.0
actor/train/pg_clipfrac,124,0.0
actor/train/pg_clipfrac,125,0.0
actor/train/pg_clipfrac,126,0.0
actor/train/pg_clipfrac,127,0.0
actor/train/pg_clipfrac,128,0.0
actor/train/pg_clipfrac,129,0.0
actor/train/pg_clipfrac,130,0.0
actor/train/pg_clipfrac,131,0.0
actor/train/pg_clipfrac,132,0.0
actor/train/pg_clipfrac,133,0.0
actor/train/pg_clipfrac,134,0.0
actor/train/pg_clipfrac,135,0.0
actor/train/pg_clipfrac,136,0.0
actor/train/pg_clipfrac,137,0.0
actor/train/pg_clipfrac,138,0.0
actor/train/pg_clipfrac,139,0.0
actor/train/pg_clipfrac,140,0.0
actor/train/pg_clipfrac,141,0.0
actor/train/pg_clipfrac,142,0.0
actor/train/pg_clipfrac,143,0.0
actor/train/pg_clipfrac,144,0.0
actor/train/pg_clipfrac,145,0.0
actor/train/pg_clipfrac,146,0.0
actor/train/pg_clipfrac,147,0.0
actor/train/pg_clipfrac,148,0.0
actor/train/pg_clipfrac,149,0.0
actor/train/pg_clipfrac,150,0.0
actor/train/pg_clipfrac,151,0.0
actor/train/pg_clipfrac,152,0.0
actor/train/pg_clipfrac,153,0.0
actor/train/pg_clipfrac,154,0.0
actor/train/pg_clipfrac,155,0.0
actor/train/pg_clipfrac,156,0.0
actor/train/pg_clipfrac,157,0.0
actor/train/pg_clipfrac,158,0.0
actor/train/pg_clipfrac,159,0.0
actor/train/pg_clipfrac,160,0.0
actor/train/pg_clipfrac,161,0.0
actor/train/pg_clipfrac,162,0.0
actor/train/pg_clipfrac,163,0.0
actor/train/pg_clipfrac,164,0.0
actor/train/pg_clipfrac,165,0.0
actor/train/pg_clipfrac,166,0.0
actor/train/pg_clipfrac,167,0.0
actor/train/pg_clipfrac,168,0.0
actor/train/pg_clipfrac,169,0.0
actor/train/pg_clipfrac,170,0.0
actor/train/pg_clipfrac,171,0.0
actor/train/pg_clipfrac,172,0.0
actor/train/pg_clipfrac,173,0.0
actor/train/pg_clipfrac,174,0.0
actor/train/pg_clipfrac,175,0.0
actor/train/pg_clipfrac,176,0.0
actor/train/pg_clipfrac,177,0.0
actor/train/pg_clipfrac,178,0.0
actor/train/pg_clipfrac,179,0.0
actor/train/pg_clipfrac,180,0.0
actor/train/pg_clipfrac,181,0.0
actor/train/pg_clipfrac,182,0.0
actor/train/pg_clipfrac,183,0.0
actor/train/pg_clipfrac,184,0.0
actor/train/pg_clipfrac,185,0.0
actor/train/pg_clipfrac,186,0.0
actor/train/pg_clipfrac,187,0.0
actor/train/pg_clipfrac,188,0.0
actor/train/pg_clipfrac,189,0.0
actor/train/pg_clipfrac,190,0.0
actor/train/pg_clipfrac,191,0.0
actor/train/pg_clipfrac,192,0.0
actor/train/pg_clipfrac,193,0.0
actor/train/pg_clipfrac,194,0.0
actor/train/pg_clipfrac,195,0.0
actor/train/pg_clipfrac,196,0.0
actor/train/pg_clipfrac,197,0.0
actor/train/pg_clipfrac,198,0.0
actor/train/pg_clipfrac,199,0.0
actor/train/pg_clipfrac,200,0.0
actor/train/pg_clipfrac,201,0.0
actor/train/pg_clipfrac,202,0.0
actor/train/pg_clipfrac,203,0.0
actor/train/pg_clipfrac,204,0.0
actor/train/pg_clipfrac,205,0.0
actor/train/pg_clipfrac,206,0.0
actor/train/pg_clipfrac,207,0.0
actor/train/pg_clipfrac,208,0.0
actor/train/pg_clipfrac,209,0.0
actor/train/pg_clipfrac,210,0.0
actor/train/pg_clipfrac,211,0.0
actor/train/pg_clipfrac,212,0.0
actor/train/pg_clipfrac,213,0.0
actor/train/pg_clipfrac,214,0.0
actor/train/pg_clipfrac,215,0.0
actor/train/pg_clipfrac,216,0.0
actor/train/pg_clipfrac,217,0.0
actor/train/pg_clipfrac,218,0.0
actor/train/pg_clipfrac,219,0.0
actor/train/pg_clipfrac,220,0.0
actor/train/pg_clipfrac,221,0.0
actor/train/pg_clipfrac,222,0.0
actor/train/pg_clipfrac,223,0.0
actor/train/pg_clipfrac,224,0.0
actor/train/pg_clipfrac,225,0.0
actor/train/pg_clipfrac,226,0.0
actor/train/pg_clipfrac,227,0.0
actor/train/pg_clipfrac,228,0.0
actor/train/pg_clipfrac,229,0.0
actor/train/pg_clipfrac,230,0.0
actor/train/pg_clipfrac,231,0.0
actor/train/pg_clipfrac,232,0.0
actor/train/pg_clipfrac,233,0.0
actor/train/pg_clipfrac,234,0.0
actor/train/pg_clipfrac,235,0.0
actor/train/pg_clipfrac,236,0.0
actor/train/pg_clipfrac,237,0.0
actor/train/pg_clipfrac,238,0.0
actor/train/pg_clipfrac,239,0.0
actor/train/pg_clipfrac,240,0.0
actor/train/pg_clipfrac,241,0.0
actor/train/pg_clipfrac,242,0.0
actor/train/pg_clipfrac,243,0.0
actor/train/pg_clipfrac,244,0.0
actor/train/pg_clipfrac,245,0.0
actor/train/pg_clipfrac,246,0.0
actor/train/pg_clipfrac,247,0.0
actor/train/pg_clipfrac,248,0.0
actor/train/pg_clipfrac,249,0.0
actor/train/pg_clipfrac,250,0.0
actor/train/pg_clipfrac,251,0.0
actor/train/pg_clipfrac,252,0.0
actor/train/pg_clipfrac,253,0.0
actor/train/pg_clipfrac,254,0.0
actor/train/pg_clipfrac,255,0.0
actor/train/pg_clipfrac,256,0.0
actor/train/pg_clipfrac,257,0.0
actor/train/pg_clipfrac,258,0.0
actor/train/pg_clipfrac,259,0.0
actor/train/pg_clipfrac,260,0.0
actor/train/pg_clipfrac,261,0.0
actor/train/pg_clipfrac,262,0.0
actor/train/pg_clipfrac,263,0.0
actor/train/pg_clipfrac,264,0.0
actor/train/pg_clipfrac,265,0.0
actor/train/pg_clipfrac,266,0.0
actor/train/pg_clipfrac,267,0.0
actor/train/pg_clipfrac,268,0.0
actor/train/pg_clipfrac,269,0.0
actor/train/pg_clipfrac,270,0.0
actor/train/pg_clipfrac,271,0.0
actor/train/pg_clipfrac,272,0.0
actor/train/pg_clipfrac,273,0.0
actor/train/pg_clipfrac,274,0.0
actor/train/pg_clipfrac,275,0.0
actor/train/pg_clipfrac,276,0.0
actor/train/pg_clipfrac,277,0.0
actor/train/pg_clipfrac,278,0.0
actor/train/pg_clipfrac,279,0.0
actor/train/pg_clipfrac,280,0.0
actor/train/pg_clipfrac,281,0.0
actor/train/pg_clipfrac,282,0.0
actor/train/pg_clipfrac,283,0.0
actor/train/pg_clipfrac,284,0.0
actor/train/pg_clipfrac,285,0.0
actor/train/pg_clipfrac,286,0.0
actor/train/pg_clipfrac,287,0.0
actor/train/pg_clipfrac,288,0.0
actor/train/pg_clipfrac,289,0.0
actor/train/pg_clipfrac,290,0.0
actor/train/pg_clipfrac,291,0.0
actor/train/pg_clipfrac,292,0.0
actor/train/pg_clipfrac,293,0.0
actor/train/pg_clipfrac,294,0.0
actor/train/pg_clipfrac,295,0.0
actor/train/pg_clipfrac,296,0.0
actor/train/pg_clipfrac,297,0.0
actor/train/pg_clipfrac,298,0.0
actor/train/pg_clipfrac,299,0.0
actor/train/pg_clipfrac,300,0.0
actor/train/pg_clipfrac,301,0.0
actor/train/pg_clipfrac,302,0.0
actor/train/pg_clipfrac,303,0.0
actor/train/pg_clipfrac,304,0.0
actor/train/pg_clipfrac,305,0.0
actor/train/pg_clipfrac,306,0.0
actor/train/pg_clipfrac,307,0.0
actor/train/pg_clipfrac,308,0.0
actor/train/pg_clipfrac,309,0.0
actor/train/pg_clipfrac,310,0.0
actor/train/pg_clipfrac,311,0.0
actor/train/pg_clipfrac,312,0.0
actor/train/pg_clipfrac,313,0.0
actor/train/pg_clipfrac,314,0.0
actor/train/pg_clipfrac,315,0.0
actor/train/pg_clipfrac,316,0.0
actor/train/pg_clipfrac,317,0.0
actor/train/pg_clipfrac,318,0.0
actor/train/pg_clipfrac,319,0.0
actor/train/pg_clipfrac,320,0.0
actor/train/pg_clipfrac,321,0.0
actor/train/pg_clipfrac,322,0.0
actor/train/pg_clipfrac,323,0.0
actor/train/pg_clipfrac,324,0.0
actor/train/pg_clipfrac,325,0.0
actor/train/pg_clipfrac,326,0.0
actor/train/pg_clipfrac,327,0.0
actor/train/pg_clipfrac,328,0.0
actor/train/pg_clipfrac,329,0.0
actor/train/pg_clipfrac,330,0.0
actor/train/pg_clipfrac,331,0.0
actor/train/pg_clipfrac,332,0.0
actor/train/pg_clipfrac,333,0.0
actor/train/pg_clipfrac,334,0.0
actor/train/pg_clipfrac,335,0.0
actor/train/pg_clipfrac,336,0.0
actor/train/pg_clipfrac,337,0.0
actor/train/pg_clipfrac,338,0.0
actor/train/pg_clipfrac,339,0.0
actor/train/pg_clipfrac,340,0.0
actor/train/pg_clipfrac,341,0.0
actor/train/pg_clipfrac,342,0.0
actor/train/pg_clipfrac,343,0.0
actor/train/pg_clipfrac,344,0.0
actor/train/pg_clipfrac,345,0.0
actor/train/pg_clipfrac,346,0.0
actor/train/pg_clipfrac,347,0.0
actor/train/pg_clipfrac,348,0.0
actor/train/pg_clipfrac,349,0.0
actor/train/pg_clipfrac,350,0.0
actor/train/pg_clipfrac,351,0.0
actor/train/pg_clipfrac,352,0.0
actor/train/pg_clipfrac,353,0.0
actor/train/pg_clipfrac,354,0.0
actor/train/pg_clipfrac,355,0.0
actor/train/pg_clipfrac,356,0.0
actor/train/pg_clipfrac,357,0.0
actor/train/pg_clipfrac,358,0.0
actor/train/pg_clipfrac,359,0.0
actor/train/pg_clipfrac,360,0.0
actor/train/pg_clipfrac,361,0.0
actor/train/pg_clipfrac,362,0.0
actor/train/pg_clipfrac,363,0.0
actor/train/pg_clipfrac,364,0.0
actor/train/pg_clipfrac,365,0.0
actor/train/pg_clipfrac,366,0.0
actor/train/pg_clipfrac,367,0.0
actor/train/pg_clipfrac,368,0.0
actor/train/pg_clipfrac,369,0.0
actor/train/pg_clipfrac,370,0.0
actor/train/pg_clipfrac,371,0.0
actor/train/pg_clipfrac,372,0.0
actor/train/pg_clipfrac,373,0.0
actor/train/pg_clipfrac,374,0.0
actor/train/pg_clipfrac,375,0.0
actor/train/pg_clipfrac,376,0.0
actor/train/pg_clipfrac,377,0.0
actor/train/pg_clipfrac,378,0.0
actor/train/pg_clipfrac,379,0.0
actor/train/pg_clipfrac,380,0.0
actor/train/pg_clipfrac,381,0.0
actor/train/pg_clipfrac,382,0.0
actor/train/pg_clipfrac,383,0.0
actor/train/pg_clipfrac,384,0.0
actor/train/pg_clipfrac,385,0.0
actor/train/pg_clipfrac,386,0.0
actor/train/pg_clipfrac,387,0.0
actor/train/pg_clipfrac,388,0.0
actor/train/pg_clipfrac,389,0.0
actor/train/pg_clipfrac,390,0.0
actor/train/pg_clipfrac,391,0.0
actor/train/pg_clipfrac,392,0.0
actor/train/pg_clipfrac,393,0.0
actor/train/pg_clipfrac,394,0.0
actor/train/pg_clipfrac,395,0.0
actor/train/pg_clipfrac,396,0.0
actor/train/pg_clipfrac,397,0.0
actor/train/pg_clipfrac,398,0.0
actor/train/pg_clipfrac,399,0.0
actor/train/pg_clipfrac,400,0.0
actor/train/pg_clipfrac,401,0.0
actor/train/pg_clipfrac,402,0.0
actor/train/pg_clipfrac,403,0.0
actor/train/pg_clipfrac,404,0.0
actor/train/pg_clipfrac,405,0.0
actor/train/pg_clipfrac,406,0.0
actor/train/pg_clipfrac,407,0.0
actor/train/pg_clipfrac,408,0.0
actor/train/pg_clipfrac,409,0.0
actor/train/pg_clipfrac,410,0.0
actor/train/pg_clipfrac,411,0.0
actor/train/pg_clipfrac,412,0.0
actor/train/pg_clipfrac,413,0.0
actor/train/pg_clipfrac,414,0.0
actor/train/pg_clipfrac,415,0.0
actor/train/pg_clipfrac,416,0.0
actor/train/pg_clipfrac,417,0.0
actor/train/pg_clipfrac,418,0.0
actor/train/pg_clipfrac,419,0.0
actor/train/pg_clipfrac,420,0.0
actor/train/pg_clipfrac,421,0.0
actor/train/pg_clipfrac,422,0.0
actor/train/pg_clipfrac,423,0.0
actor/train/pg_clipfrac,424,0.0
actor/train/pg_clipfrac,425,0.0
actor/train/pg_clipfrac,426,0.0
actor/train/pg_clipfrac,427,0.0
actor/train/pg_clipfrac,428,0.0
actor/train/pg_clipfrac,429,0.0
actor/train/pg_clipfrac,430,0.0
actor/train/pg_clipfrac,431,0.0
actor/train/pg_clipfrac,432,0.0
actor/train/pg_clipfrac,433,0.0
actor/train/pg_clipfrac,434,0.0
actor/train/pg_clipfrac,435,0.0
actor/train/pg_clipfrac,436,0.0
actor/train/pg_clipfrac,437,0.0
actor/train/pg_clipfrac,438,0.0
actor/train/pg_clipfrac,439,0.0
actor/train/pg_clipfrac,440,0.0
actor/train/pg_clipfrac,441,0.0
actor/train/pg_clipfrac,442,0.0
actor/train/pg_clipfrac,443,0.0
actor/train/pg_clipfrac,444,0.0
actor/train/pg_clipfrac,445,0.0
actor/train/pg_clipfrac,446,0.0
actor/train/pg_clipfrac,447,0.0
actor/train/pg_clipfrac,448,0.0
actor/train/pg_clipfrac,449,0.0
actor/train/pg_clipfrac,450,0.0
actor/train/pg_clipfrac,451,0.0
actor/train/pg_clipfrac,452,0.0
actor/train/pg_clipfrac,453,0.0
actor/train/pg_clipfrac,454,0.0
actor/train/pg_clipfrac,455,0.0
actor/train/pg_clipfrac,456,0.0
actor/train/pg_clipfrac,457,0.0
actor/train/pg_clipfrac,458,0.0
actor/train/pg_clipfrac,459,0.0
actor/train/pg_clipfrac,460,0.0
actor/train/pg_clipfrac,461,0.0
actor/train/pg_clipfrac,462,0.0
actor/train/pg_clipfrac,463,0.0
actor/train/pg_clipfrac,464,0.0
actor/train/pg_clipfrac,465,0.0
actor/train/pg_clipfrac,466,0.0
actor/train/pg_clipfrac,467,0.0
actor/train/pg_clipfrac,468,0.0
actor/train/pg_clipfrac,469,0.0
actor/train/pg_clipfrac,470,0.0
actor/train/pg_clipfrac,471,0.0
actor/train/pg_clipfrac,472,0.0
actor/train/pg_clipfrac,473,0.0
actor/train/pg_clipfrac,474,0.0
actor/train/pg_clipfrac,475,0.0
actor/train/pg_clipfrac,476,0.0
actor/train/pg_clipfrac,477,0.0
actor/train/pg_clipfrac,478,0.0
actor/train/pg_clipfrac,479,0.0
actor/train/pg_clipfrac,480,0.0
actor/train/pg_clipfrac,481,0.0
actor/train/pg_clipfrac,482,0.0
actor/train/pg_clipfrac,483,0.0
actor/train/pg_clipfrac,484,0.0
actor/train/pg_clipfrac,485,0.0
actor/train/pg_clipfrac,486,0.0
actor/train/pg_clipfrac,487,0.0
actor/train/pg_clipfrac,488,0.0
actor/train/pg_clipfrac,489,0.0
actor/train/pg_clipfrac,490,0.0
actor/train/pg_clipfrac,491,0.0
actor/train/pg_clipfrac,492,0.0
actor/train/pg_clipfrac,493,0.0
actor/train/pg_clipfrac,494,0.0
actor/train/pg_clipfrac,495,0.0
actor/train/pg_clipfrac,496,0.0
actor/train/pg_clipfrac,497,0.0
actor/train/pg_clipfrac,498,0.0
actor/train/pg_clipfrac,499,0.0
actor/train/pg_clipfrac,500,0.0
actor/train/pg_clipfrac,501,0.0
actor/train/pg_clipfrac,502,0.0
actor/train/pg_clipfrac,503,0.0
actor/train/pg_clipfrac,504,0.0
actor/train/pg_clipfrac,505,0.0
actor/train/pg_clipfrac,506,0.0
actor/train/pg_clipfrac,507,0.0
actor/train/pg_clipfrac,508,0.0
actor/train/pg_clipfrac,509,0.0
actor/train/pg_clipfrac,510,0.0
actor/train/pg_clipfrac,511,0.0
actor/train/pg_clipfrac,512,0.0
actor/train/pg_clipfrac,513,0.0
actor/train/pg_clipfrac,514,0.0
actor/train/pg_clipfrac,515,0.0
actor/train/pg_clipfrac,516,0.0
actor/train/pg_clipfrac,517,0.0
actor/train/pg_clipfrac,518,0.0
actor/train/pg_clipfrac,519,0.0
actor/train/pg_clipfrac,520,0.0
actor/train/pg_clipfrac,521,0.0
actor/train/pg_clipfrac,522,0.0
actor/train/pg_clipfrac,523,0.0
actor/train/pg_clipfrac,524,0.0
actor/train/pg_clipfrac,525,0.0
actor/train/pg_clipfrac,526,0.0
actor/train/pg_clipfrac,527,0.0
actor/train/pg_clipfrac,528,0.0
actor/train/pg_clipfrac,529,0.0
actor/train/pg_clipfrac,530,0.0
actor/train/pg_clipfrac,531,0.0
actor/train/pg_clipfrac,532,0.0
actor/train/pg_clipfrac,533,0.0
actor/train/pg_clipfrac,534,0.0
actor/train/pg_clipfrac,535,0.0
actor/train/pg_clipfrac,536,0.0
actor/train/pg_clipfrac,537,0.0
actor/train/pg_clipfrac,538,0.0
actor/train/pg_clipfrac,539,0.0
actor/train/pg_clipfrac,540,0.0
actor/train/pg_clipfrac,541,0.0
actor/train/pg_clipfrac,542,0.0
actor/train/pg_clipfrac,543,0.0
actor/train/pg_clipfrac,544,0.0
actor/train/pg_clipfrac,545,0.0
actor/train/pg_clipfrac,546,0.0
actor/train/pg_clipfrac,547,0.0
actor/train/pg_clipfrac,548,0.0
actor/train/pg_clipfrac,549,0.0
actor/train/pg_clipfrac,550,0.0
actor/train/pg_clipfrac,551,0.0
actor/train/pg_clipfrac,552,0.0
actor/train/pg_clipfrac,553,0.0
actor/train/pg_clipfrac,554,0.0
actor/train/pg_clipfrac,555,0.0
actor/train/pg_clipfrac,556,0.0
actor/train/pg_clipfrac,557,0.0
actor/train/pg_clipfrac,558,0.0
actor/train/pg_clipfrac,559,0.0
actor/train/pg_clipfrac,560,0.0
actor/train/pg_clipfrac,561,0.0
actor/train/pg_clipfrac,562,0.0
actor/train/pg_clipfrac,563,0.0
actor/train/pg_clipfrac,564,0.0
actor/train/pg_clipfrac,565,0.0
actor/train/pg_clipfrac,566,0.0
actor/train/pg_clipfrac,567,0.0
actor/train/pg_clipfrac,568,0.0
actor/train/pg_clipfrac,569,0.0
actor/train/pg_clipfrac,570,0.0
actor/train/pg_clipfrac,571,0.0
actor/train/pg_clipfrac,572,0.0
actor/train/pg_clipfrac,573,0.0
actor/train/pg_clipfrac,574,0.0
actor/train/pg_clipfrac,575,0.0
actor/train/pg_clipfrac,576,0.0
actor/train/pg_clipfrac,577,0.0
actor/train/pg_clipfrac,578,0.0
actor/train/pg_clipfrac,579,0.0
actor/train/pg_clipfrac,580,0.0
actor/train/pg_clipfrac,581,0.0
actor/train/pg_clipfrac,582,0.0
actor/train/pg_clipfrac,583,0.0
actor/train/pg_clipfrac,584,0.0
actor/train/pg_clipfrac,585,0.0
actor/train/pg_clipfrac,586,0.0
actor/train/pg_clipfrac,587,0.0
actor/train/pg_clipfrac,588,0.0
actor/train/pg_clipfrac,589,0.0
actor/train/pg_clipfrac,590,0.0
actor/train/pg_clipfrac,591,0.0
actor/train/pg_clipfrac,592,0.0
actor/train/pg_clipfrac,593,0.0
actor/train/pg_clipfrac,594,0.0
actor/train/pg_clipfrac,595,0.0
actor/train/pg_clipfrac,596,0.0
actor/train/pg_clipfrac,597,0.0
actor/train/pg_clipfrac,598,0.0
actor/train/pg_clipfrac,599,0.0
actor/train/pg_clipfrac,600,0.0
actor/train/pg_clipfrac,601,0.0
actor/train/pg_clipfrac,602,0.0
actor/train/pg_clipfrac,603,0.0
actor/train/pg_clipfrac,604,0.0
actor/train/pg_clipfrac,605,0.0
actor/train/pg_clipfrac,606,0.0
actor/train/pg_clipfrac,607,0.0
actor/train/pg_clipfrac,608,0.0
actor/train/pg_clipfrac,609,0.0
actor/train/pg_clipfrac,610,0.0
actor/train/pg_clipfrac,611,0.0
actor/train/pg_clipfrac,612,0.0
actor/train/pg_clipfrac,613,0.0
actor/train/pg_clipfrac,614,0.0
actor/train/pg_clipfrac,615,0.0
actor/train/pg_clipfrac,616,0.0
actor/train/pg_clipfrac,617,0.0
actor/train/pg_clipfrac,618,0.0
actor/train/pg_clipfrac,619,0.0
actor/train/pg_clipfrac,620,0.0
actor/train/pg_clipfrac,621,0.0
actor/train/pg_clipfrac,622,0.0
actor/train/pg_clipfrac,623,0.0
actor/train/pg_clipfrac,624,0.0
actor/train/pg_clipfrac,625,0.0
actor/train/pg_clipfrac,626,0.0
actor/train/pg_clipfrac,627,0.0
actor/train/pg_clipfrac,628,0.0
actor/train/pg_clipfrac,629,0.0
actor/train/pg_clipfrac,630,0.0
actor/train/pg_clipfrac,631,0.0
actor/train/pg_clipfrac,632,0.0
actor/train/pg_clipfrac,633,0.0
actor/train/pg_clipfrac,634,0.0
actor/train/pg_clipfrac,635,0.0
actor/train/pg_clipfrac,636,0.0
actor/train/pg_clipfrac,637,0.0
actor/train/pg_clipfrac,638,0.0
actor/train/pg_clipfrac,639,0.0
actor/train/pg_clipfrac,640,0.0
actor/train/pg_clipfrac,641,0.0
actor/train/pg_clipfrac,642,0.0
actor/train/pg_clipfrac,643,0.0
actor/train/pg_clipfrac,644,0.0
actor/train/pg_clipfrac,645,0.0
actor/train/pg_clipfrac,646,0.0
actor/train/pg_clipfrac,647,0.0
actor/train/pg_clipfrac,648,0.0
actor/train/pg_clipfrac,649,0.0
actor/train/pg_clipfrac,650,0.0
actor/train/pg_clipfrac,651,0.0
actor/train/pg_clipfrac,652,0.0
actor/train/pg_clipfrac,653,0.0
actor/train/pg_clipfrac,654,0.0
actor/train/pg_clipfrac,655,0.0
actor/train/pg_clipfrac,656,0.0
actor/train/pg_clipfrac,657,0.0
actor/train/pg_clipfrac,658,0.0
actor/train/pg_clipfrac,659,0.0
actor/train/pg_clipfrac,660,0.0
actor/train/pg_clipfrac,661,0.0
actor/train/pg_clipfrac,662,0.0
actor/train/pg_clipfrac,663,0.0
actor/train/pg_clipfrac,664,0.0
actor/train/pg_clipfrac,665,0.0
actor/train/pg_clipfrac,666,0.0
actor/train/pg_clipfrac,667,0.0
actor/train/pg_clipfrac,668,0.0
actor/train/pg_clipfrac,669,0.0
actor/train/pg_clipfrac,670,0.0
actor/train/pg_clipfrac,671,0.0
actor/train/pg_clipfrac,672,0.0
actor/train/pg_clipfrac,673,0.0
actor/train/pg_clipfrac,674,0.0
actor/train/pg_clipfrac,675,0.0
actor/train/pg_clipfrac,676,0.0
actor/train/pg_clipfrac,677,0.0
actor/train/pg_clipfrac,678,0.0
actor/eval/loss,64,-7.292874215636402e-05
actor/eval/loss,128,0.0037831163499504328
actor/eval/loss,192,0.004303471185266972
actor/eval/loss,256,0.003260643221437931
actor/eval/loss,320,0.005960187874734402
actor/eval/loss,384,0.010276411660015583
actor/eval/loss,448,0.007640657480806112
actor/eval/loss,512,0.009324511513113976
actor/eval/loss,576,0.011623682454228401
actor/eval/loss,640,0.006205833051353693
actor/eval/perplexity,64,0.9999270439147949
actor/eval/perplexity,128,1.003790259361267
actor/eval/perplexity,192,1.0043127536773682
actor/eval/perplexity,256,1.0032658576965332
actor/eval/perplexity,320,1.0059778690338135
actor/eval/perplexity,384,1.0103293657302856
actor/eval/perplexity,448,1.0076699256896973
actor/eval/perplexity,512,1.0093680620193481
actor/eval/perplexity,576,1.0116914510726929
actor/eval/perplexity,640,1.0062251091003418
actor/eval/kl,64,-0.0007398187881335616
actor/eval/kl,128,0.045499786734580994
actor/eval/kl,192,0.0530344657599926
actor/eval/kl,256,0.032135188579559326
actor/eval/kl,320,0.06666424125432968
actor/eval/kl,384,0.12920647859573364
actor/eval/kl,448,0.08332136273384094
actor/eval/kl,512,0.11504076421260834
actor/eval/kl,576,0.12605628371238708
actor/eval/kl,640,0.0773642435669899
actor/eval/pg_clipfrac,64,0.0
actor/eval/pg_clipfrac,128,0.0
actor/eval/pg_clipfrac,192,0.0
actor/eval/pg_clipfrac,256,0.0
actor/eval/pg_clipfrac,320,0.0
actor/eval/pg_clipfrac,384,0.0
actor/eval/pg_clipfrac,448,0.0
actor/eval/pg_clipfrac,512,0.0
actor/eval/pg_clipfrac,576,0.0
actor/eval/pg_clipfrac,640,0.0
rewards/eval/sum,64,1.8156332969665527
rewards/eval/sum,128,6.1092915534973145
rewards/eval/sum,192,6.866602420806885
rewards/eval/sum,256,7.053350448608398
rewards/eval/sum,320,7.2367143630981445
rewards/eval/sum,384,7.254846096038818
rewards/eval/sum,448,7.286639213562012
rewards/eval/sum,512,7.127423286437988
rewards/eval/sum,576,7.038143157958984
rewards/eval/sum,640,7.2406415939331055
rewards/eval/mean,64,0.4539083242416382
rewards/eval/mean,128,1.5273228883743286
rewards/eval/mean,192,1.7166506052017212
rewards/eval/mean,256,1.7633376121520996
rewards/eval/mean,320,1.8091785907745361
rewards/eval/mean,384,1.8137115240097046
rewards/eval/mean,448,1.821659803390503
rewards/eval/mean,512,1.781855821609497
rewards/eval/mean,576,1.759535789489746
rewards/eval/mean,640,1.8101603984832764
rewards/eval/min,64,-2.5
rewards/eval/min,128,-2.5
rewards/eval/min,192,-2.5
rewards/eval/min,256,-1.5
rewards/eval/min,320,-1.0
rewards/eval/min,384,-1.0
rewards/eval/min,448,-1.0
rewards/eval/min,512,-1.0
rewards/eval/min,576,-1.0
rewards/eval/min,640,-1.0
rewards/eval/max,64,3.0
rewards/eval/max,128,3.0
rewards/eval/max,192,3.0
rewards/eval/max,256,3.0
rewards/eval/max,320,3.0
rewards/eval/max,384,3.0
rewards/eval/max,448,3.0
rewards/eval/max,512,3.0
rewards/eval/max,576,3.0
rewards/eval/max,640,3.0
rewards/eval/match_format_exactly,64,0.8101603984832764
rewards/eval/match_format_exactly,128,2.451036214828491
rewards/eval/match_format_exactly,192,2.6726269721984863
rewards/eval/match_format_exactly,256,2.727774143218994
rewards/eval/match_format_exactly,320,2.8119986057281494
rewards/eval/match_format_exactly,384,2.7904412746429443
rewards/eval/match_format_exactly,448,2.8395721912384033
rewards/eval/match_format_exactly,512,2.6475601196289062
rewards/eval/match_format_exactly,576,2.5843915939331055
rewards/eval/match_format_exactly,640,2.6806483268737793
rewards/eval/match_format_approximately,64,0.06350267678499222
rewards/eval/match_format_approximately,128,1.8612967729568481
rewards/eval/match_format_approximately,192,2.207219362258911
rewards/eval/match_format_approximately,256,2.2765707969665527
rewards/eval/match_format_approximately,320,2.3380682468414307
rewards/eval/match_format_approximately,384,2.330380916595459
rewards/eval/match_format_approximately,448,2.3531084060668945
rewards/eval/match_format_approximately,512,2.179478645324707
rewards/eval/match_format_approximately,576,2.119652509689331
rewards/eval/match_format_approximately,640,2.1985294818878174
rewards/eval/check_answer,64,0.2217998057603836
rewards/eval/check_answer,128,1.0507185459136963
rewards/eval/check_answer,192,1.2099348306655884
rewards/eval/check_answer,256,1.247117280960083
rewards/eval/check_answer,320,1.2747325897216797
rewards/eval/check_answer,384,1.3060661554336548
rewards/eval/check_answer,448,1.2812917232513428
rewards/eval/check_answer,512,1.438836932182312
rewards/eval/check_answer,576,1.4687917232513428
rewards/eval/check_answer,640,1.4886363744735718
rewards/eval/check_numbers,64,0.7201704382896423
rewards/eval/check_numbers,128,0.746239960193634
rewards/eval/check_numbers,192,0.7768215537071228
rewards/eval/check_numbers,256,0.8018883466720581
rewards/eval/check_numbers,320,0.8119150996208191
rewards/eval/check_numbers,384,0.8279578685760498
rewards/eval/check_numbers,448,0.8126671314239502
rewards/eval/check_numbers,512,0.8615474700927734
rewards/eval/check_numbers,576,0.8653075098991394
rewards/eval/check_numbers,640,0.8728275299072266
rewards/eval/score/mean,64,1.8156332969665527
rewards/eval/score/mean,128,6.1092915534973145
rewards/eval/score/mean,192,6.866602420806885
rewards/eval/score/mean,256,7.053350448608398
rewards/eval/score/mean,320,7.2367143630981445
rewards/eval/score/mean,384,7.254846096038818
rewards/eval/score/mean,448,7.286639213562012
rewards/eval/score/mean,512,7.127423286437988
rewards/eval/score/mean,576,7.038143157958984
rewards/eval/score/mean,640,7.2406415939331055
rewards/eval/score/max,64,10.0
rewards/eval/score/max,128,10.0
rewards/eval/score/max,192,10.0
rewards/eval/score/max,256,10.0
rewards/eval/score/max,320,10.0
rewards/eval/score/max,384,10.0
rewards/eval/score/max,448,10.0
rewards/eval/score/max,512,10.0
rewards/eval/score/max,576,10.0
rewards/eval/score/max,640,10.0
rewards/eval/score/min,64,-2.5
rewards/eval/score/min,128,-2.5
rewards/eval/score/min,192,-2.5
rewards/eval/score/min,256,-1.5
rewards/eval/score/min,320,-0.5
rewards/eval/score/min,384,-0.5
rewards/eval/score/min,448,-0.5
rewards/eval/score/min,512,-0.5
rewards/eval/score/min,576,-0.5
rewards/eval/score/min,640,-0.5
completions/eval/mean_length,64,225.38368225097656
completions/eval/mean_length,128,246.2013702392578
completions/eval/mean_length,192,250.54896545410156
completions/eval/mean_length,256,231.52322387695312
completions/eval/mean_length,320,231.77389526367188
completions/eval/mean_length,384,251.10711669921875
completions/eval/mean_length,448,242.37149047851562
completions/eval/mean_length,512,303.3352355957031
completions/eval/mean_length,576,323.36529541015625
completions/eval/mean_length,640,308.8554382324219
completions/eval/max_length,64,768.0
completions/eval/max_length,128,768.0
completions/eval/max_length,192,768.0
completions/eval/max_length,256,768.0
completions/eval/max_length,320,768.0
completions/eval/max_length,384,768.0
completions/eval/max_length,448,768.0
completions/eval/max_length,512,768.0
completions/eval/max_length,576,768.0
completions/eval/max_length,640,768.0
completions/eval/min_length,64,17.0
completions/eval/min_length,128,47.0
completions/eval/min_length,192,46.0
completions/eval/min_length,256,46.0
completions/eval/min_length,320,55.0
completions/eval/min_length,384,58.0
completions/eval/min_length,448,59.0
completions/eval/min_length,512,70.0
completions/eval/min_length,576,73.0
completions/eval/min_length,640,69.0
jax/orbax/write/blocking_gbytes_per_sec,0,0.05286752060055733
jax/orbax/write/blocking_gbytes_per_sec,0,0.21991148591041565
jax/orbax/write/blocking_gbytes_per_sec,0,0.07360906898975372
jax/orbax/write/blocking_gbytes_per_sec,0,0.29338639974594116
jax/checkpoint/write/old_steps_examined_count,0,2.0
jax/checkpoint/write/old_steps_examined_count,0,3.0
jax/orbax/write/gbytes_per_sec,0,0.04734598845243454
jax/orbax/write/gbytes_per_sec,0,0.13382667303085327
jax/orbax/write/gbytes_per_sec,0,0.06401459872722626
jax/orbax/write/gbytes_per_sec,0,0.13674785196781158
jax/orbax/write/gbytes,0,0.0936279296875
jax/orbax/write/gbytes,0,0.3745117485523224
jax/orbax/write/gbytes,0,0.0936279296875
jax/orbax/write/gbytes,0,0.3745117485523224
jax/checkpoint/write/async/commit_future_count,0,4.0
jax/checkpoint/write/async/commit_future_count,0,4.0
